TRACE::2025-04-09.14:08:16::SCWPlatform::Trying to open the hw design at D:/School/UIUC_ECE385_SP25/lab7_2/sdk/mb_lab7_1_wrapper/hw/mb_lab7_1_wrapper.xsa
TRACE::2025-04-09.14:08:16::SCWPlatform::DSA given D:/School/UIUC_ECE385_SP25/lab7_2/sdk/mb_lab7_1_wrapper/hw/mb_lab7_1_wrapper.xsa
TRACE::2025-04-09.14:08:16::SCWPlatform::DSA absoulate path D:/School/UIUC_ECE385_SP25/lab7_2/sdk/mb_lab7_1_wrapper/hw/mb_lab7_1_wrapper.xsa
TRACE::2025-04-09.14:08:16::SCWPlatform::DSA directory D:/School/UIUC_ECE385_SP25/lab7_2/sdk/mb_lab7_1_wrapper/hw
TRACE::2025-04-09.14:08:16::SCWPlatform:: Platform Path D:/School/UIUC_ECE385_SP25/lab7_2/sdk/mb_lab7_1_wrapper/hw/mb_lab7_1_wrapper.xsa
TRACE::2025-04-09.14:08:16::SCWPlatform:: Unique name xilinx:::0.0
TRACE::2025-04-09.14:08:16::SCWPlatform::Do not have an existing db opened. 
TRACE::2025-04-09.14:08:16::SCWPlatform::Opened new HwDB with name mb_lab7_1_wrapper_0
TRACE::2025-04-09.14:08:16::SCWWriter::formatted JSON is {
	"platformName":	"mb_lab7_1_wrapper",
	"sprVersion":	"2.0",
	"mode":	"gui",
	"dsaType":	"Fixed",
	"platformDesc":	"mb_lab7_1_wrapper",
	"platHandOff":	"D:/School/UIUC_ECE385_SP25/lab7_2/mb_lab7_1_wrapper.xsa",
	"platIntHandOff":	"<platformDir>/hw/mb_lab7_1_wrapper.xsa",
	"deviceType":	"FPGA",
	"platIsPrebuiltAutogen":	"false",
	"platIsNoBootBsp":	"false",
	"hasFsblMakeHasChanges":	"false",
	"hasPmufwMakeHasChanges":	"false",
	"platPreBuiltFlag":	false,
	"platformSamplesDir":	""
}
TRACE::2025-04-09.14:08:16::SCWWriter::formatted JSON is {
	"platformName":	"mb_lab7_1_wrapper",
	"sprVersion":	"2.0",
	"mode":	"gui",
	"dsaType":	"Fixed",
	"platformDesc":	"mb_lab7_1_wrapper",
	"platHandOff":	"D:/School/UIUC_ECE385_SP25/lab7_2/mb_lab7_1_wrapper.xsa",
	"platIntHandOff":	"<platformDir>/hw/mb_lab7_1_wrapper.xsa",
	"deviceType":	"FPGA",
	"platIsPrebuiltAutogen":	"false",
	"platIsNoBootBsp":	"false",
	"hasFsblMakeHasChanges":	"false",
	"hasPmufwMakeHasChanges":	"false",
	"platPreBuiltFlag":	false,
	"platformSamplesDir":	"",
	"platActiveSys":	"mb_lab7_1_wrapper",
	"systems":	[{
			"systemName":	"mb_lab7_1_wrapper",
			"systemDesc":	"mb_lab7_1_wrapper",
			"sysIsBootAutoGen":	"true",
			"systemDispName":	"mb_lab7_1_wrapper"
		}]
}
TRACE::2025-04-09.14:08:16::SCWPlatform::Boot application domains not present, creating them
TRACE::2025-04-09.14:08:16::SCWPlatform::Pure FPGA device, no boot application will be created.
TRACE::2025-04-09.14:08:16::SCWWriter::formatted JSON is {
	"platformName":	"mb_lab7_1_wrapper",
	"sprVersion":	"2.0",
	"mode":	"gui",
	"dsaType":	"Fixed",
	"platformDesc":	"mb_lab7_1_wrapper",
	"platHandOff":	"D:/School/UIUC_ECE385_SP25/lab7_2/mb_lab7_1_wrapper.xsa",
	"platIntHandOff":	"<platformDir>/hw/mb_lab7_1_wrapper.xsa",
	"deviceType":	"FPGA",
	"platIsPrebuiltAutogen":	"false",
	"platIsNoBootBsp":	"false",
	"hasFsblMakeHasChanges":	"false",
	"hasPmufwMakeHasChanges":	"false",
	"platPreBuiltFlag":	false,
	"platformSamplesDir":	"",
	"platActiveSys":	"mb_lab7_1_wrapper",
	"systems":	[{
			"systemName":	"mb_lab7_1_wrapper",
			"systemDesc":	"mb_lab7_1_wrapper",
			"sysIsBootAutoGen":	"true",
			"systemDispName":	"mb_lab7_1_wrapper"
		}]
}
TRACE::2025-04-09.14:08:16::SCWWriter::formatted JSON is {
	"platformName":	"mb_lab7_1_wrapper",
	"sprVersion":	"2.0",
	"mode":	"gui",
	"dsaType":	"Fixed",
	"platformDesc":	"mb_lab7_1_wrapper",
	"platHandOff":	"D:/School/UIUC_ECE385_SP25/lab7_2/mb_lab7_1_wrapper.xsa",
	"platIntHandOff":	"<platformDir>/hw/mb_lab7_1_wrapper.xsa",
	"deviceType":	"FPGA",
	"platIsPrebuiltAutogen":	"false",
	"platIsNoBootBsp":	"false",
	"hasFsblMakeHasChanges":	"false",
	"hasPmufwMakeHasChanges":	"false",
	"platPreBuiltFlag":	false,
	"platformSamplesDir":	"",
	"platActiveSys":	"mb_lab7_1_wrapper",
	"systems":	[{
			"systemName":	"mb_lab7_1_wrapper",
			"systemDesc":	"mb_lab7_1_wrapper",
			"sysIsBootAutoGen":	"true",
			"systemDispName":	"mb_lab7_1_wrapper"
		}]
}
TRACE::2025-04-09.14:08:16::SCWPlatform::Trying to open the hw design at D:/School/UIUC_ECE385_SP25/lab7_2/sdk/mb_lab7_1_wrapper/hw/mb_lab7_1_wrapper.xsa
TRACE::2025-04-09.14:08:16::SCWPlatform::DSA given D:/School/UIUC_ECE385_SP25/lab7_2/sdk/mb_lab7_1_wrapper/hw/mb_lab7_1_wrapper.xsa
TRACE::2025-04-09.14:08:16::SCWPlatform::DSA absoulate path D:/School/UIUC_ECE385_SP25/lab7_2/sdk/mb_lab7_1_wrapper/hw/mb_lab7_1_wrapper.xsa
TRACE::2025-04-09.14:08:16::SCWPlatform::DSA directory D:/School/UIUC_ECE385_SP25/lab7_2/sdk/mb_lab7_1_wrapper/hw
TRACE::2025-04-09.14:08:16::SCWPlatform:: Platform Path D:/School/UIUC_ECE385_SP25/lab7_2/sdk/mb_lab7_1_wrapper/hw/mb_lab7_1_wrapper.xsa
TRACE::2025-04-09.14:08:16::SCWPlatform:: Unique name xilinx:::0.0
TRACE::2025-04-09.14:08:16::SCWPlatform::Trying to set the existing hwdb with name mb_lab7_1_wrapper_0
TRACE::2025-04-09.14:08:16::SCWPlatform::Opened existing hwdb mb_lab7_1_wrapper_0
TRACE::2025-04-09.14:08:16::SCWPlatform::Found the Hw Db part of the input DSA
TRACE::2025-04-09.14:08:16::SCWPlatform::Trying to open the hw design at D:/School/UIUC_ECE385_SP25/lab7_2/sdk/mb_lab7_1_wrapper/hw/mb_lab7_1_wrapper.xsa
TRACE::2025-04-09.14:08:16::SCWPlatform::DSA given D:/School/UIUC_ECE385_SP25/lab7_2/sdk/mb_lab7_1_wrapper/hw/mb_lab7_1_wrapper.xsa
TRACE::2025-04-09.14:08:16::SCWPlatform::DSA absoulate path D:/School/UIUC_ECE385_SP25/lab7_2/sdk/mb_lab7_1_wrapper/hw/mb_lab7_1_wrapper.xsa
TRACE::2025-04-09.14:08:16::SCWPlatform::DSA directory D:/School/UIUC_ECE385_SP25/lab7_2/sdk/mb_lab7_1_wrapper/hw
TRACE::2025-04-09.14:08:16::SCWPlatform:: Platform Path D:/School/UIUC_ECE385_SP25/lab7_2/sdk/mb_lab7_1_wrapper/hw/mb_lab7_1_wrapper.xsa
TRACE::2025-04-09.14:08:16::SCWPlatform:: Unique name xilinx:::0.0
TRACE::2025-04-09.14:08:16::SCWPlatform::Trying to set the existing hwdb with name mb_lab7_1_wrapper_0
TRACE::2025-04-09.14:08:16::SCWPlatform::Opened existing hwdb mb_lab7_1_wrapper_0
TRACE::2025-04-09.14:08:16::SCWPlatform::Found the Hw Db part of the input DSA
TRACE::2025-04-09.14:08:16::SCWDomain::checking for install qemu data   : 
TRACE::2025-04-09.14:08:16::SCWPlatform::Trying to open the hw design at D:/School/UIUC_ECE385_SP25/lab7_2/sdk/mb_lab7_1_wrapper/hw/mb_lab7_1_wrapper.xsa
TRACE::2025-04-09.14:08:16::SCWPlatform::DSA given D:/School/UIUC_ECE385_SP25/lab7_2/sdk/mb_lab7_1_wrapper/hw/mb_lab7_1_wrapper.xsa
TRACE::2025-04-09.14:08:16::SCWPlatform::DSA absoulate path D:/School/UIUC_ECE385_SP25/lab7_2/sdk/mb_lab7_1_wrapper/hw/mb_lab7_1_wrapper.xsa
TRACE::2025-04-09.14:08:16::SCWPlatform::DSA directory D:/School/UIUC_ECE385_SP25/lab7_2/sdk/mb_lab7_1_wrapper/hw
TRACE::2025-04-09.14:08:16::SCWPlatform:: Platform Path D:/School/UIUC_ECE385_SP25/lab7_2/sdk/mb_lab7_1_wrapper/hw/mb_lab7_1_wrapper.xsa
TRACE::2025-04-09.14:08:16::SCWPlatform:: Unique name xilinx:::0.0
TRACE::2025-04-09.14:08:16::SCWPlatform::Trying to set the existing hwdb with name mb_lab7_1_wrapper_0
TRACE::2025-04-09.14:08:16::SCWPlatform::Opened existing hwdb mb_lab7_1_wrapper_0
TRACE::2025-04-09.14:08:16::SCWPlatform::Found the Hw Db part of the input DSA
TRACE::2025-04-09.14:08:16::SCWPlatform::Trying to open the hw design at D:/School/UIUC_ECE385_SP25/lab7_2/sdk/mb_lab7_1_wrapper/hw/mb_lab7_1_wrapper.xsa
TRACE::2025-04-09.14:08:16::SCWPlatform::DSA given D:/School/UIUC_ECE385_SP25/lab7_2/sdk/mb_lab7_1_wrapper/hw/mb_lab7_1_wrapper.xsa
TRACE::2025-04-09.14:08:16::SCWPlatform::DSA absoulate path D:/School/UIUC_ECE385_SP25/lab7_2/sdk/mb_lab7_1_wrapper/hw/mb_lab7_1_wrapper.xsa
TRACE::2025-04-09.14:08:16::SCWPlatform::DSA directory D:/School/UIUC_ECE385_SP25/lab7_2/sdk/mb_lab7_1_wrapper/hw
TRACE::2025-04-09.14:08:16::SCWPlatform:: Platform Path D:/School/UIUC_ECE385_SP25/lab7_2/sdk/mb_lab7_1_wrapper/hw/mb_lab7_1_wrapper.xsa
TRACE::2025-04-09.14:08:16::SCWPlatform:: Unique name xilinx:::0.0
TRACE::2025-04-09.14:08:16::SCWPlatform::Trying to set the existing hwdb with name mb_lab7_1_wrapper_0
TRACE::2025-04-09.14:08:16::SCWPlatform::Opened existing hwdb mb_lab7_1_wrapper_0
TRACE::2025-04-09.14:08:16::SCWPlatform::Found the Hw Db part of the input DSA
TRACE::2025-04-09.14:08:16::SCWPlatform::Trying to open the hw design at D:/School/UIUC_ECE385_SP25/lab7_2/sdk/mb_lab7_1_wrapper/hw/mb_lab7_1_wrapper.xsa
TRACE::2025-04-09.14:08:16::SCWPlatform::DSA given D:/School/UIUC_ECE385_SP25/lab7_2/sdk/mb_lab7_1_wrapper/hw/mb_lab7_1_wrapper.xsa
TRACE::2025-04-09.14:08:16::SCWPlatform::DSA absoulate path D:/School/UIUC_ECE385_SP25/lab7_2/sdk/mb_lab7_1_wrapper/hw/mb_lab7_1_wrapper.xsa
TRACE::2025-04-09.14:08:16::SCWPlatform::DSA directory D:/School/UIUC_ECE385_SP25/lab7_2/sdk/mb_lab7_1_wrapper/hw
TRACE::2025-04-09.14:08:16::SCWPlatform:: Platform Path D:/School/UIUC_ECE385_SP25/lab7_2/sdk/mb_lab7_1_wrapper/hw/mb_lab7_1_wrapper.xsa
TRACE::2025-04-09.14:08:16::SCWPlatform:: Unique name xilinx:::0.0
TRACE::2025-04-09.14:08:16::SCWPlatform::Trying to set the existing hwdb with name mb_lab7_1_wrapper_0
TRACE::2025-04-09.14:08:16::SCWPlatform::Opened existing hwdb mb_lab7_1_wrapper_0
TRACE::2025-04-09.14:08:16::SCWPlatform::Found the Hw Db part of the input DSA
TRACE::2025-04-09.14:08:16::SCWMssOS::Checking the sw design at  D:/School/UIUC_ECE385_SP25/lab7_2/sdk/mb_lab7_1_wrapper/microblaze_0/standalone_microblaze_0/bsp/system.mss
TRACE::2025-04-09.14:08:16::SCWMssOS::DEBUG:  swdes dump  
TRACE::2025-04-09.14:08:16::SCWMssOS::No sw design opened at  D:/School/UIUC_ECE385_SP25/lab7_2/sdk/mb_lab7_1_wrapper/microblaze_0/standalone_microblaze_0/bsp/system.mss
TRACE::2025-04-09.14:08:16::SCWMssOS::mss does not exists at D:/School/UIUC_ECE385_SP25/lab7_2/sdk/mb_lab7_1_wrapper/microblaze_0/standalone_microblaze_0/bsp/system.mss
TRACE::2025-04-09.14:08:16::SCWMssOS::Creating sw design at  D:/School/UIUC_ECE385_SP25/lab7_2/sdk/mb_lab7_1_wrapper/microblaze_0/standalone_microblaze_0/bsp/system.mss
TRACE::2025-04-09.14:08:16::SCWMssOS::Adding the swdes entry, created swdb D:/School/UIUC_ECE385_SP25/lab7_2/sdk/mb_lab7_1_wrapper/microblaze_0/standalone_microblaze_0/bsp/system.mss with des name D:/School/UIUC_ECE385_SP25/lab7_2/sdk/mb_lab7_1_wrapper/microblaze_0/standalone_microblaze_0/bsp/system.mss
TRACE::2025-04-09.14:08:16::SCWMssOS::updating the scw layer changes to swdes at   D:/School/UIUC_ECE385_SP25/lab7_2/sdk/mb_lab7_1_wrapper/microblaze_0/standalone_microblaze_0/bsp/system.mss
TRACE::2025-04-09.14:08:16::SCWMssOS::Writing mss at D:/School/UIUC_ECE385_SP25/lab7_2/sdk/mb_lab7_1_wrapper/microblaze_0/standalone_microblaze_0/bsp/system.mss
TRACE::2025-04-09.14:08:16::SCWMssOS::Completed writing the mss file at D:/School/UIUC_ECE385_SP25/lab7_2/sdk/mb_lab7_1_wrapper/microblaze_0/standalone_microblaze_0/bsp
TRACE::2025-04-09.14:08:16::SCWMssOS::Picking up changes from newly written mss file into SCW Layer. 
TRACE::2025-04-09.14:08:16::SCWMssOS::Updated the changes from newly written mss file into SCW Layer. 
TRACE::2025-04-09.14:08:16::SCWMssOS::Completed writing the mss file at D:/School/UIUC_ECE385_SP25/lab7_2/sdk/mb_lab7_1_wrapper/microblaze_0/standalone_microblaze_0/bsp
TRACE::2025-04-09.14:08:16::SCWMssOS::Forcing BSP Sources regeneration.
TRACE::2025-04-09.14:08:19::SCWMssOS::Saving the mss changes D:/School/UIUC_ECE385_SP25/lab7_2/sdk/mb_lab7_1_wrapper/microblaze_0/standalone_microblaze_0/bsp/system.mss
TRACE::2025-04-09.14:08:19::SCWMssOS::Adding the swdes entry, mss present, able to open swdb D:/School/UIUC_ECE385_SP25/lab7_2/sdk/mb_lab7_1_wrapper/microblaze_0/standalone_microblaze_0/bsp/system.mss with des name system
TRACE::2025-04-09.14:08:19::SCWMssOS::Writing the mss file completed D:/School/UIUC_ECE385_SP25/lab7_2/sdk/mb_lab7_1_wrapper/microblaze_0/standalone_microblaze_0/bsp/system.mss
TRACE::2025-04-09.14:08:19::SCWMssOS::Commit changes completed.
TRACE::2025-04-09.14:08:19::SCWPlatform::Trying to open the hw design at D:/School/UIUC_ECE385_SP25/lab7_2/sdk/mb_lab7_1_wrapper/hw/mb_lab7_1_wrapper.xsa
TRACE::2025-04-09.14:08:19::SCWPlatform::DSA given D:/School/UIUC_ECE385_SP25/lab7_2/sdk/mb_lab7_1_wrapper/hw/mb_lab7_1_wrapper.xsa
TRACE::2025-04-09.14:08:19::SCWPlatform::DSA absoulate path D:/School/UIUC_ECE385_SP25/lab7_2/sdk/mb_lab7_1_wrapper/hw/mb_lab7_1_wrapper.xsa
TRACE::2025-04-09.14:08:19::SCWPlatform::DSA directory D:/School/UIUC_ECE385_SP25/lab7_2/sdk/mb_lab7_1_wrapper/hw
TRACE::2025-04-09.14:08:19::SCWPlatform:: Platform Path D:/School/UIUC_ECE385_SP25/lab7_2/sdk/mb_lab7_1_wrapper/hw/mb_lab7_1_wrapper.xsa
TRACE::2025-04-09.14:08:19::SCWPlatform:: Unique name xilinx:::0.0
TRACE::2025-04-09.14:08:19::SCWPlatform::Trying to set the existing hwdb with name mb_lab7_1_wrapper_0
TRACE::2025-04-09.14:08:19::SCWPlatform::Opened existing hwdb mb_lab7_1_wrapper_0
TRACE::2025-04-09.14:08:19::SCWPlatform::Found the Hw Db part of the input DSA
TRACE::2025-04-09.14:08:19::SCWMssOS::Checking the sw design at  D:/School/UIUC_ECE385_SP25/lab7_2/sdk/mb_lab7_1_wrapper/microblaze_0/standalone_microblaze_0/bsp/system.mss
TRACE::2025-04-09.14:08:19::SCWMssOS::DEBUG:  swdes dump  D:/School/UIUC_ECE385_SP25/lab7_2/sdk/mb_lab7_1_wrapper/microblaze_0/standalone_microblaze_0/bsp/system.mss|system||

TRACE::2025-04-09.14:08:19::SCWMssOS::Sw design exists and opened at  D:/School/UIUC_ECE385_SP25/lab7_2/sdk/mb_lab7_1_wrapper/microblaze_0/standalone_microblaze_0/bsp/system.mss
TRACE::2025-04-09.14:08:19::SCWPlatform::Trying to open the hw design at D:/School/UIUC_ECE385_SP25/lab7_2/sdk/mb_lab7_1_wrapper/hw/mb_lab7_1_wrapper.xsa
TRACE::2025-04-09.14:08:19::SCWPlatform::DSA given D:/School/UIUC_ECE385_SP25/lab7_2/sdk/mb_lab7_1_wrapper/hw/mb_lab7_1_wrapper.xsa
TRACE::2025-04-09.14:08:19::SCWPlatform::DSA absoulate path D:/School/UIUC_ECE385_SP25/lab7_2/sdk/mb_lab7_1_wrapper/hw/mb_lab7_1_wrapper.xsa
TRACE::2025-04-09.14:08:19::SCWPlatform::DSA directory D:/School/UIUC_ECE385_SP25/lab7_2/sdk/mb_lab7_1_wrapper/hw
TRACE::2025-04-09.14:08:19::SCWPlatform:: Platform Path D:/School/UIUC_ECE385_SP25/lab7_2/sdk/mb_lab7_1_wrapper/hw/mb_lab7_1_wrapper.xsa
TRACE::2025-04-09.14:08:19::SCWPlatform:: Unique name xilinx:::0.0
TRACE::2025-04-09.14:08:19::SCWPlatform::Trying to set the existing hwdb with name mb_lab7_1_wrapper_0
TRACE::2025-04-09.14:08:19::SCWPlatform::Opened existing hwdb mb_lab7_1_wrapper_0
TRACE::2025-04-09.14:08:19::SCWPlatform::Found the Hw Db part of the input DSA
TRACE::2025-04-09.14:08:19::SCWMssOS::Checking the sw design at  D:/School/UIUC_ECE385_SP25/lab7_2/sdk/mb_lab7_1_wrapper/microblaze_0/standalone_microblaze_0/bsp/system.mss
TRACE::2025-04-09.14:08:19::SCWMssOS::DEBUG:  swdes dump  D:/School/UIUC_ECE385_SP25/lab7_2/sdk/mb_lab7_1_wrapper/microblaze_0/standalone_microblaze_0/bsp/system.mss|system||

TRACE::2025-04-09.14:08:19::SCWMssOS::Sw design exists and opened at  D:/School/UIUC_ECE385_SP25/lab7_2/sdk/mb_lab7_1_wrapper/microblaze_0/standalone_microblaze_0/bsp/system.mss
TRACE::2025-04-09.14:08:19::SCWPlatform::Trying to open the hw design at D:/School/UIUC_ECE385_SP25/lab7_2/sdk/mb_lab7_1_wrapper/hw/mb_lab7_1_wrapper.xsa
TRACE::2025-04-09.14:08:19::SCWPlatform::DSA given D:/School/UIUC_ECE385_SP25/lab7_2/sdk/mb_lab7_1_wrapper/hw/mb_lab7_1_wrapper.xsa
TRACE::2025-04-09.14:08:19::SCWPlatform::DSA absoulate path D:/School/UIUC_ECE385_SP25/lab7_2/sdk/mb_lab7_1_wrapper/hw/mb_lab7_1_wrapper.xsa
TRACE::2025-04-09.14:08:19::SCWPlatform::DSA directory D:/School/UIUC_ECE385_SP25/lab7_2/sdk/mb_lab7_1_wrapper/hw
TRACE::2025-04-09.14:08:19::SCWPlatform:: Platform Path D:/School/UIUC_ECE385_SP25/lab7_2/sdk/mb_lab7_1_wrapper/hw/mb_lab7_1_wrapper.xsa
TRACE::2025-04-09.14:08:19::SCWPlatform:: Unique name xilinx:::0.0
TRACE::2025-04-09.14:08:19::SCWPlatform::Trying to set the existing hwdb with name mb_lab7_1_wrapper_0
TRACE::2025-04-09.14:08:19::SCWPlatform::Opened existing hwdb mb_lab7_1_wrapper_0
TRACE::2025-04-09.14:08:19::SCWPlatform::Found the Hw Db part of the input DSA
TRACE::2025-04-09.14:08:19::SCWMssOS::Checking the sw design at  D:/School/UIUC_ECE385_SP25/lab7_2/sdk/mb_lab7_1_wrapper/microblaze_0/standalone_microblaze_0/bsp/system.mss
TRACE::2025-04-09.14:08:19::SCWMssOS::DEBUG:  swdes dump  D:/School/UIUC_ECE385_SP25/lab7_2/sdk/mb_lab7_1_wrapper/microblaze_0/standalone_microblaze_0/bsp/system.mss|system||

TRACE::2025-04-09.14:08:19::SCWMssOS::Sw design exists and opened at  D:/School/UIUC_ECE385_SP25/lab7_2/sdk/mb_lab7_1_wrapper/microblaze_0/standalone_microblaze_0/bsp/system.mss
TRACE::2025-04-09.14:08:19::SCWWriter::formatted JSON is {
	"platformName":	"mb_lab7_1_wrapper",
	"sprVersion":	"2.0",
	"mode":	"gui",
	"dsaType":	"Fixed",
	"platformDesc":	"mb_lab7_1_wrapper",
	"platHandOff":	"D:/School/UIUC_ECE385_SP25/lab7_2/mb_lab7_1_wrapper.xsa",
	"platIntHandOff":	"<platformDir>/hw/mb_lab7_1_wrapper.xsa",
	"deviceType":	"FPGA",
	"platIsPrebuiltAutogen":	"false",
	"platIsNoBootBsp":	"false",
	"hasFsblMakeHasChanges":	"false",
	"hasPmufwMakeHasChanges":	"false",
	"platPreBuiltFlag":	false,
	"platformSamplesDir":	"",
	"platActiveSys":	"mb_lab7_1_wrapper",
	"systems":	[{
			"systemName":	"mb_lab7_1_wrapper",
			"systemDesc":	"mb_lab7_1_wrapper",
			"sysIsBootAutoGen":	"true",
			"systemDispName":	"mb_lab7_1_wrapper",
			"sysActiveDom":	"standalone_microblaze_0",
			"sysDefaultDom":	"standalone_microblaze_0",
			"domains":	[{
					"domainName":	"standalone_microblaze_0",
					"domainDispName":	"standalone_microblaze_0",
					"domainDesc":	"standalone_microblaze_0",
					"processors":	"microblaze_0",
					"os":	"standalone",
					"sdxOs":	"standalone",
					"debugEnable":	"False",
					"domRuntimes":	["cpp"],
					"swRepo":	"",
					"mssOsVer":	"8.0",
					"mssFile":	"",
					"md5Digest":	"5422c1e5be4ae93f4de8c50507402f2a",
					"compatibleApp":	"hello_world",
					"domType":	"mssDomain",
					"arch":	"32-bit",
					"appSettings":	{
						"appCompilerFlags":	"",
						"appLinkerFlags":	""
					},
					"addedLibs":	[],
					"libOptions":	{
						"libsContainingOptions":	[]
					},
					"prebuiltLibs":	{
						"prebuiltIncPath":	[],
						"prebuiltLibPath":	[]
					},
					"isolation":	{
					}
				}]
		}]
}
LOG::2025-04-09.14:08:19::SCWPlatform::Started generating the artifacts platform mb_lab7_1_wrapper
TRACE::2025-04-09.14:08:19::SCWPlatform::Sanity checking of platform is completed
LOG::2025-04-09.14:08:19::SCWPlatform::Started generating the artifacts for system configuration mb_lab7_1_wrapper
LOG::2025-04-09.14:08:19::SCWSystem::Checking the domain standalone_microblaze_0
LOG::2025-04-09.14:08:19::SCWSystem::Not a boot domain 
LOG::2025-04-09.14:08:19::SCWSystem::Started Processing the domain standalone_microblaze_0
TRACE::2025-04-09.14:08:19::SCWDomain::Generating domain artifcats
TRACE::2025-04-09.14:08:19::SCWMssOS::Generating standalone artifcats
TRACE::2025-04-09.14:08:19::SCWMssOS:: Copying the user libraries. 
TRACE::2025-04-09.14:08:19::SCWPlatform::Trying to open the hw design at D:/School/UIUC_ECE385_SP25/lab7_2/sdk/mb_lab7_1_wrapper/hw/mb_lab7_1_wrapper.xsa
TRACE::2025-04-09.14:08:19::SCWPlatform::DSA given D:/School/UIUC_ECE385_SP25/lab7_2/sdk/mb_lab7_1_wrapper/hw/mb_lab7_1_wrapper.xsa
TRACE::2025-04-09.14:08:19::SCWPlatform::DSA absoulate path D:/School/UIUC_ECE385_SP25/lab7_2/sdk/mb_lab7_1_wrapper/hw/mb_lab7_1_wrapper.xsa
TRACE::2025-04-09.14:08:19::SCWPlatform::DSA directory D:/School/UIUC_ECE385_SP25/lab7_2/sdk/mb_lab7_1_wrapper/hw
TRACE::2025-04-09.14:08:19::SCWPlatform:: Platform Path D:/School/UIUC_ECE385_SP25/lab7_2/sdk/mb_lab7_1_wrapper/hw/mb_lab7_1_wrapper.xsa
TRACE::2025-04-09.14:08:19::SCWPlatform:: Unique name xilinx:::0.0
TRACE::2025-04-09.14:08:19::SCWPlatform::Trying to set the existing hwdb with name mb_lab7_1_wrapper_0
TRACE::2025-04-09.14:08:19::SCWPlatform::Opened existing hwdb mb_lab7_1_wrapper_0
TRACE::2025-04-09.14:08:19::SCWPlatform::Found the Hw Db part of the input DSA
TRACE::2025-04-09.14:08:19::SCWMssOS::Checking the sw design at  D:/School/UIUC_ECE385_SP25/lab7_2/sdk/mb_lab7_1_wrapper/microblaze_0/standalone_microblaze_0/bsp/system.mss
TRACE::2025-04-09.14:08:19::SCWMssOS::DEBUG:  swdes dump  D:/School/UIUC_ECE385_SP25/lab7_2/sdk/mb_lab7_1_wrapper/microblaze_0/standalone_microblaze_0/bsp/system.mss|system||

TRACE::2025-04-09.14:08:19::SCWMssOS::Sw design exists and opened at  D:/School/UIUC_ECE385_SP25/lab7_2/sdk/mb_lab7_1_wrapper/microblaze_0/standalone_microblaze_0/bsp/system.mss
TRACE::2025-04-09.14:08:19::SCWMssOS::Completed writing the mss file at D:/School/UIUC_ECE385_SP25/lab7_2/sdk/mb_lab7_1_wrapper/microblaze_0/standalone_microblaze_0/bsp
TRACE::2025-04-09.14:08:19::SCWMssOS::Mss edits present, copying mssfile into export location D:/School/UIUC_ECE385_SP25/lab7_2/sdk/mb_lab7_1_wrapper/microblaze_0/standalone_microblaze_0/bsp/system.mss
TRACE::2025-04-09.14:08:19::SCWMssOS::bsp generated is upto date with the mss file. Skipping bsp generation.
TRACE::2025-04-09.14:08:19::SCWMssOS::BSP is already built. skipping the bsp build ... 
TRACE::2025-04-09.14:08:19::SCWDomain::Skipping the build for domain :  standalone_microblaze_0
TRACE::2025-04-09.14:08:19::SCWMssOS::skipping the bsp build ... 
TRACE::2025-04-09.14:08:19::SCWMssOS::Copying to export directory.
TRACE::2025-04-09.14:08:19::SCWMssOS:: Checking if to create the Supporting Applications
TRACE::2025-04-09.14:08:19::SCWMssOS:: No Linux domain exists, trying to generate FSBL 
LOG::2025-04-09.14:08:19::SCWSystem::Completed Processing the domain standalone_microblaze_0
LOG::2025-04-09.14:08:19::SCWSystem::Completed Processing the sysconfig mb_lab7_1_wrapper
LOG::2025-04-09.14:08:19::SCWPlatform::Completed generating the artifacts for system configuration mb_lab7_1_wrapper
TRACE::2025-04-09.14:08:19::SCWPlatform::Started preparing the platform 
TRACE::2025-04-09.14:08:19::SCWSystem::Writing the bif file for system config mb_lab7_1_wrapper
TRACE::2025-04-09.14:08:19::SCWSystem::dir created 
TRACE::2025-04-09.14:08:19::SCWSystem::Writing the bif 
TRACE::2025-04-09.14:08:19::SCWPlatform::Started writing the spfm file 
TRACE::2025-04-09.14:08:19::SCWPlatform::Started writing the xpfm file 
TRACE::2025-04-09.14:08:19::SCWPlatform::Completed generating the platform
TRACE::2025-04-09.14:08:19::SCWMssOS::Saving the mss changes D:/School/UIUC_ECE385_SP25/lab7_2/sdk/mb_lab7_1_wrapper/microblaze_0/standalone_microblaze_0/bsp/system.mss
TRACE::2025-04-09.14:08:19::SCWMssOS::Found a swdesign opened with the mssfile.
TRACE::2025-04-09.14:08:19::SCWMssOS::Completed writemss as part of save.
TRACE::2025-04-09.14:08:19::SCWMssOS::Commit changes completed.
TRACE::2025-04-09.14:08:19::SCWPlatform::Trying to open the hw design at D:/School/UIUC_ECE385_SP25/lab7_2/sdk/mb_lab7_1_wrapper/hw/mb_lab7_1_wrapper.xsa
TRACE::2025-04-09.14:08:19::SCWPlatform::DSA given D:/School/UIUC_ECE385_SP25/lab7_2/sdk/mb_lab7_1_wrapper/hw/mb_lab7_1_wrapper.xsa
TRACE::2025-04-09.14:08:19::SCWPlatform::DSA absoulate path D:/School/UIUC_ECE385_SP25/lab7_2/sdk/mb_lab7_1_wrapper/hw/mb_lab7_1_wrapper.xsa
TRACE::2025-04-09.14:08:19::SCWPlatform::DSA directory D:/School/UIUC_ECE385_SP25/lab7_2/sdk/mb_lab7_1_wrapper/hw
TRACE::2025-04-09.14:08:19::SCWPlatform:: Platform Path D:/School/UIUC_ECE385_SP25/lab7_2/sdk/mb_lab7_1_wrapper/hw/mb_lab7_1_wrapper.xsa
TRACE::2025-04-09.14:08:19::SCWPlatform:: Unique name xilinx:::0.0
TRACE::2025-04-09.14:08:19::SCWPlatform::Trying to set the existing hwdb with name mb_lab7_1_wrapper_0
TRACE::2025-04-09.14:08:19::SCWPlatform::Opened existing hwdb mb_lab7_1_wrapper_0
TRACE::2025-04-09.14:08:19::SCWPlatform::Found the Hw Db part of the input DSA
TRACE::2025-04-09.14:08:19::SCWMssOS::Checking the sw design at  D:/School/UIUC_ECE385_SP25/lab7_2/sdk/mb_lab7_1_wrapper/microblaze_0/standalone_microblaze_0/bsp/system.mss
TRACE::2025-04-09.14:08:19::SCWMssOS::DEBUG:  swdes dump  D:/School/UIUC_ECE385_SP25/lab7_2/sdk/mb_lab7_1_wrapper/microblaze_0/standalone_microblaze_0/bsp/system.mss|system||

TRACE::2025-04-09.14:08:19::SCWMssOS::Sw design exists and opened at  D:/School/UIUC_ECE385_SP25/lab7_2/sdk/mb_lab7_1_wrapper/microblaze_0/standalone_microblaze_0/bsp/system.mss
TRACE::2025-04-09.14:08:19::SCWPlatform::Trying to open the hw design at D:/School/UIUC_ECE385_SP25/lab7_2/sdk/mb_lab7_1_wrapper/hw/mb_lab7_1_wrapper.xsa
TRACE::2025-04-09.14:08:19::SCWPlatform::DSA given D:/School/UIUC_ECE385_SP25/lab7_2/sdk/mb_lab7_1_wrapper/hw/mb_lab7_1_wrapper.xsa
TRACE::2025-04-09.14:08:19::SCWPlatform::DSA absoulate path D:/School/UIUC_ECE385_SP25/lab7_2/sdk/mb_lab7_1_wrapper/hw/mb_lab7_1_wrapper.xsa
TRACE::2025-04-09.14:08:19::SCWPlatform::DSA directory D:/School/UIUC_ECE385_SP25/lab7_2/sdk/mb_lab7_1_wrapper/hw
TRACE::2025-04-09.14:08:19::SCWPlatform:: Platform Path D:/School/UIUC_ECE385_SP25/lab7_2/sdk/mb_lab7_1_wrapper/hw/mb_lab7_1_wrapper.xsa
TRACE::2025-04-09.14:08:19::SCWPlatform:: Unique name xilinx:::0.0
TRACE::2025-04-09.14:08:19::SCWPlatform::Trying to set the existing hwdb with name mb_lab7_1_wrapper_0
TRACE::2025-04-09.14:08:19::SCWPlatform::Opened existing hwdb mb_lab7_1_wrapper_0
TRACE::2025-04-09.14:08:19::SCWPlatform::Found the Hw Db part of the input DSA
TRACE::2025-04-09.14:08:19::SCWMssOS::Checking the sw design at  D:/School/UIUC_ECE385_SP25/lab7_2/sdk/mb_lab7_1_wrapper/microblaze_0/standalone_microblaze_0/bsp/system.mss
TRACE::2025-04-09.14:08:19::SCWMssOS::DEBUG:  swdes dump  D:/School/UIUC_ECE385_SP25/lab7_2/sdk/mb_lab7_1_wrapper/microblaze_0/standalone_microblaze_0/bsp/system.mss|system||

TRACE::2025-04-09.14:08:19::SCWMssOS::Sw design exists and opened at  D:/School/UIUC_ECE385_SP25/lab7_2/sdk/mb_lab7_1_wrapper/microblaze_0/standalone_microblaze_0/bsp/system.mss
TRACE::2025-04-09.14:08:19::SCWPlatform::Trying to open the hw design at D:/School/UIUC_ECE385_SP25/lab7_2/sdk/mb_lab7_1_wrapper/hw/mb_lab7_1_wrapper.xsa
TRACE::2025-04-09.14:08:19::SCWPlatform::DSA given D:/School/UIUC_ECE385_SP25/lab7_2/sdk/mb_lab7_1_wrapper/hw/mb_lab7_1_wrapper.xsa
TRACE::2025-04-09.14:08:19::SCWPlatform::DSA absoulate path D:/School/UIUC_ECE385_SP25/lab7_2/sdk/mb_lab7_1_wrapper/hw/mb_lab7_1_wrapper.xsa
TRACE::2025-04-09.14:08:19::SCWPlatform::DSA directory D:/School/UIUC_ECE385_SP25/lab7_2/sdk/mb_lab7_1_wrapper/hw
TRACE::2025-04-09.14:08:19::SCWPlatform:: Platform Path D:/School/UIUC_ECE385_SP25/lab7_2/sdk/mb_lab7_1_wrapper/hw/mb_lab7_1_wrapper.xsa
TRACE::2025-04-09.14:08:19::SCWPlatform:: Unique name xilinx:::0.0
TRACE::2025-04-09.14:08:19::SCWPlatform::Trying to set the existing hwdb with name mb_lab7_1_wrapper_0
TRACE::2025-04-09.14:08:19::SCWPlatform::Opened existing hwdb mb_lab7_1_wrapper_0
TRACE::2025-04-09.14:08:19::SCWPlatform::Found the Hw Db part of the input DSA
TRACE::2025-04-09.14:08:19::SCWMssOS::Checking the sw design at  D:/School/UIUC_ECE385_SP25/lab7_2/sdk/mb_lab7_1_wrapper/microblaze_0/standalone_microblaze_0/bsp/system.mss
TRACE::2025-04-09.14:08:19::SCWMssOS::DEBUG:  swdes dump  D:/School/UIUC_ECE385_SP25/lab7_2/sdk/mb_lab7_1_wrapper/microblaze_0/standalone_microblaze_0/bsp/system.mss|system||

TRACE::2025-04-09.14:08:19::SCWMssOS::Sw design exists and opened at  D:/School/UIUC_ECE385_SP25/lab7_2/sdk/mb_lab7_1_wrapper/microblaze_0/standalone_microblaze_0/bsp/system.mss
TRACE::2025-04-09.14:08:19::SCWWriter::formatted JSON is {
	"platformName":	"mb_lab7_1_wrapper",
	"sprVersion":	"2.0",
	"mode":	"gui",
	"dsaType":	"Fixed",
	"platformDesc":	"mb_lab7_1_wrapper",
	"platHandOff":	"D:/School/UIUC_ECE385_SP25/lab7_2/mb_lab7_1_wrapper.xsa",
	"platIntHandOff":	"<platformDir>/hw/mb_lab7_1_wrapper.xsa",
	"deviceType":	"FPGA",
	"platIsPrebuiltAutogen":	"false",
	"platIsNoBootBsp":	"false",
	"hasFsblMakeHasChanges":	"false",
	"hasPmufwMakeHasChanges":	"false",
	"platPreBuiltFlag":	false,
	"platformSamplesDir":	"",
	"platActiveSys":	"mb_lab7_1_wrapper",
	"systems":	[{
			"systemName":	"mb_lab7_1_wrapper",
			"systemDesc":	"mb_lab7_1_wrapper",
			"sysIsBootAutoGen":	"true",
			"systemDispName":	"mb_lab7_1_wrapper",
			"sysActiveDom":	"standalone_microblaze_0",
			"sysDefaultDom":	"standalone_microblaze_0",
			"domains":	[{
					"domainName":	"standalone_microblaze_0",
					"domainDispName":	"standalone_microblaze_0",
					"domainDesc":	"standalone_microblaze_0",
					"processors":	"microblaze_0",
					"os":	"standalone",
					"sdxOs":	"standalone",
					"debugEnable":	"False",
					"domRuntimes":	["cpp"],
					"swRepo":	"",
					"mssOsVer":	"8.0",
					"mssFile":	"",
					"md5Digest":	"5422c1e5be4ae93f4de8c50507402f2a",
					"compatibleApp":	"hello_world",
					"domType":	"mssDomain",
					"arch":	"32-bit",
					"appSettings":	{
						"appCompilerFlags":	"",
						"appLinkerFlags":	""
					},
					"addedLibs":	[],
					"libOptions":	{
						"libsContainingOptions":	[]
					},
					"prebuiltLibs":	{
						"prebuiltIncPath":	[],
						"prebuiltLibPath":	[]
					},
					"isolation":	{
					}
				}]
		}]
}
KEYINFO::2025-04-09.14:08:19::SCWPlatform::updated the xpfm file.
TRACE::2025-04-09.14:08:19::SCWPlatform::Trying to open the hw design at D:/School/UIUC_ECE385_SP25/lab7_2/sdk/mb_lab7_1_wrapper/hw/mb_lab7_1_wrapper.xsa
TRACE::2025-04-09.14:08:19::SCWPlatform::DSA given D:/School/UIUC_ECE385_SP25/lab7_2/sdk/mb_lab7_1_wrapper/hw/mb_lab7_1_wrapper.xsa
TRACE::2025-04-09.14:08:19::SCWPlatform::DSA absoulate path D:/School/UIUC_ECE385_SP25/lab7_2/sdk/mb_lab7_1_wrapper/hw/mb_lab7_1_wrapper.xsa
TRACE::2025-04-09.14:08:19::SCWPlatform::DSA directory D:/School/UIUC_ECE385_SP25/lab7_2/sdk/mb_lab7_1_wrapper/hw
TRACE::2025-04-09.14:08:19::SCWPlatform:: Platform Path D:/School/UIUC_ECE385_SP25/lab7_2/sdk/mb_lab7_1_wrapper/hw/mb_lab7_1_wrapper.xsa
TRACE::2025-04-09.14:08:19::SCWPlatform:: Unique name xilinx:::0.0
TRACE::2025-04-09.14:08:19::SCWPlatform::Trying to set the existing hwdb with name mb_lab7_1_wrapper_0
TRACE::2025-04-09.14:08:19::SCWPlatform::Opened existing hwdb mb_lab7_1_wrapper_0
TRACE::2025-04-09.14:08:19::SCWPlatform::Found the Hw Db part of the input DSA
TRACE::2025-04-09.14:08:19::SCWMssOS::Checking the sw design at  D:/School/UIUC_ECE385_SP25/lab7_2/sdk/mb_lab7_1_wrapper/microblaze_0/standalone_microblaze_0/bsp/system.mss
TRACE::2025-04-09.14:08:19::SCWMssOS::DEBUG:  swdes dump  D:/School/UIUC_ECE385_SP25/lab7_2/sdk/mb_lab7_1_wrapper/microblaze_0/standalone_microblaze_0/bsp/system.mss|system||

TRACE::2025-04-09.14:08:19::SCWMssOS::Sw design exists and opened at  D:/School/UIUC_ECE385_SP25/lab7_2/sdk/mb_lab7_1_wrapper/microblaze_0/standalone_microblaze_0/bsp/system.mss
TRACE::2025-04-09.14:08:19::SCWMssOS::Saving the mss changes D:/School/UIUC_ECE385_SP25/lab7_2/sdk/mb_lab7_1_wrapper/microblaze_0/standalone_microblaze_0/bsp/system.mss
TRACE::2025-04-09.14:08:19::SCWMssOS::Found a swdesign opened with the mssfile.
TRACE::2025-04-09.14:08:19::SCWMssOS::Completed writemss as part of save.
TRACE::2025-04-09.14:08:19::SCWMssOS::Commit changes completed.
TRACE::2025-04-09.14:08:19::SCWPlatform::Trying to open the hw design at D:/School/UIUC_ECE385_SP25/lab7_2/sdk/mb_lab7_1_wrapper/hw/mb_lab7_1_wrapper.xsa
TRACE::2025-04-09.14:08:19::SCWPlatform::DSA given D:/School/UIUC_ECE385_SP25/lab7_2/sdk/mb_lab7_1_wrapper/hw/mb_lab7_1_wrapper.xsa
TRACE::2025-04-09.14:08:19::SCWPlatform::DSA absoulate path D:/School/UIUC_ECE385_SP25/lab7_2/sdk/mb_lab7_1_wrapper/hw/mb_lab7_1_wrapper.xsa
TRACE::2025-04-09.14:08:19::SCWPlatform::DSA directory D:/School/UIUC_ECE385_SP25/lab7_2/sdk/mb_lab7_1_wrapper/hw
TRACE::2025-04-09.14:08:19::SCWPlatform:: Platform Path D:/School/UIUC_ECE385_SP25/lab7_2/sdk/mb_lab7_1_wrapper/hw/mb_lab7_1_wrapper.xsa
TRACE::2025-04-09.14:08:19::SCWPlatform:: Unique name xilinx:::0.0
TRACE::2025-04-09.14:08:19::SCWPlatform::Trying to set the existing hwdb with name mb_lab7_1_wrapper_0
TRACE::2025-04-09.14:08:19::SCWPlatform::Opened existing hwdb mb_lab7_1_wrapper_0
TRACE::2025-04-09.14:08:19::SCWPlatform::Found the Hw Db part of the input DSA
TRACE::2025-04-09.14:08:19::SCWMssOS::Checking the sw design at  D:/School/UIUC_ECE385_SP25/lab7_2/sdk/mb_lab7_1_wrapper/microblaze_0/standalone_microblaze_0/bsp/system.mss
TRACE::2025-04-09.14:08:19::SCWMssOS::DEBUG:  swdes dump  D:/School/UIUC_ECE385_SP25/lab7_2/sdk/mb_lab7_1_wrapper/microblaze_0/standalone_microblaze_0/bsp/system.mss|system||

TRACE::2025-04-09.14:08:19::SCWMssOS::Sw design exists and opened at  D:/School/UIUC_ECE385_SP25/lab7_2/sdk/mb_lab7_1_wrapper/microblaze_0/standalone_microblaze_0/bsp/system.mss
TRACE::2025-04-09.14:08:19::SCWPlatform::Trying to open the hw design at D:/School/UIUC_ECE385_SP25/lab7_2/sdk/mb_lab7_1_wrapper/hw/mb_lab7_1_wrapper.xsa
TRACE::2025-04-09.14:08:19::SCWPlatform::DSA given D:/School/UIUC_ECE385_SP25/lab7_2/sdk/mb_lab7_1_wrapper/hw/mb_lab7_1_wrapper.xsa
TRACE::2025-04-09.14:08:19::SCWPlatform::DSA absoulate path D:/School/UIUC_ECE385_SP25/lab7_2/sdk/mb_lab7_1_wrapper/hw/mb_lab7_1_wrapper.xsa
TRACE::2025-04-09.14:08:19::SCWPlatform::DSA directory D:/School/UIUC_ECE385_SP25/lab7_2/sdk/mb_lab7_1_wrapper/hw
TRACE::2025-04-09.14:08:19::SCWPlatform:: Platform Path D:/School/UIUC_ECE385_SP25/lab7_2/sdk/mb_lab7_1_wrapper/hw/mb_lab7_1_wrapper.xsa
TRACE::2025-04-09.14:08:19::SCWPlatform:: Unique name xilinx:::0.0
TRACE::2025-04-09.14:08:19::SCWPlatform::Trying to set the existing hwdb with name mb_lab7_1_wrapper_0
TRACE::2025-04-09.14:08:19::SCWPlatform::Opened existing hwdb mb_lab7_1_wrapper_0
TRACE::2025-04-09.14:08:19::SCWPlatform::Found the Hw Db part of the input DSA
TRACE::2025-04-09.14:08:19::SCWMssOS::Checking the sw design at  D:/School/UIUC_ECE385_SP25/lab7_2/sdk/mb_lab7_1_wrapper/microblaze_0/standalone_microblaze_0/bsp/system.mss
TRACE::2025-04-09.14:08:19::SCWMssOS::DEBUG:  swdes dump  D:/School/UIUC_ECE385_SP25/lab7_2/sdk/mb_lab7_1_wrapper/microblaze_0/standalone_microblaze_0/bsp/system.mss|system||

TRACE::2025-04-09.14:08:19::SCWMssOS::Sw design exists and opened at  D:/School/UIUC_ECE385_SP25/lab7_2/sdk/mb_lab7_1_wrapper/microblaze_0/standalone_microblaze_0/bsp/system.mss
TRACE::2025-04-09.14:08:19::SCWPlatform::Trying to open the hw design at D:/School/UIUC_ECE385_SP25/lab7_2/sdk/mb_lab7_1_wrapper/hw/mb_lab7_1_wrapper.xsa
TRACE::2025-04-09.14:08:19::SCWPlatform::DSA given D:/School/UIUC_ECE385_SP25/lab7_2/sdk/mb_lab7_1_wrapper/hw/mb_lab7_1_wrapper.xsa
TRACE::2025-04-09.14:08:19::SCWPlatform::DSA absoulate path D:/School/UIUC_ECE385_SP25/lab7_2/sdk/mb_lab7_1_wrapper/hw/mb_lab7_1_wrapper.xsa
TRACE::2025-04-09.14:08:19::SCWPlatform::DSA directory D:/School/UIUC_ECE385_SP25/lab7_2/sdk/mb_lab7_1_wrapper/hw
TRACE::2025-04-09.14:08:19::SCWPlatform:: Platform Path D:/School/UIUC_ECE385_SP25/lab7_2/sdk/mb_lab7_1_wrapper/hw/mb_lab7_1_wrapper.xsa
TRACE::2025-04-09.14:08:19::SCWPlatform:: Unique name xilinx:::0.0
TRACE::2025-04-09.14:08:19::SCWPlatform::Trying to set the existing hwdb with name mb_lab7_1_wrapper_0
TRACE::2025-04-09.14:08:19::SCWPlatform::Opened existing hwdb mb_lab7_1_wrapper_0
TRACE::2025-04-09.14:08:19::SCWPlatform::Found the Hw Db part of the input DSA
TRACE::2025-04-09.14:08:19::SCWMssOS::Checking the sw design at  D:/School/UIUC_ECE385_SP25/lab7_2/sdk/mb_lab7_1_wrapper/microblaze_0/standalone_microblaze_0/bsp/system.mss
TRACE::2025-04-09.14:08:19::SCWMssOS::DEBUG:  swdes dump  D:/School/UIUC_ECE385_SP25/lab7_2/sdk/mb_lab7_1_wrapper/microblaze_0/standalone_microblaze_0/bsp/system.mss|system||

TRACE::2025-04-09.14:08:19::SCWMssOS::Sw design exists and opened at  D:/School/UIUC_ECE385_SP25/lab7_2/sdk/mb_lab7_1_wrapper/microblaze_0/standalone_microblaze_0/bsp/system.mss
TRACE::2025-04-09.14:08:19::SCWWriter::formatted JSON is {
	"platformName":	"mb_lab7_1_wrapper",
	"sprVersion":	"2.0",
	"mode":	"gui",
	"dsaType":	"Fixed",
	"platformDesc":	"mb_lab7_1_wrapper",
	"platHandOff":	"D:/School/UIUC_ECE385_SP25/lab7_2/mb_lab7_1_wrapper.xsa",
	"platIntHandOff":	"<platformDir>/hw/mb_lab7_1_wrapper.xsa",
	"deviceType":	"FPGA",
	"platIsPrebuiltAutogen":	"false",
	"platIsNoBootBsp":	"false",
	"hasFsblMakeHasChanges":	"false",
	"hasPmufwMakeHasChanges":	"false",
	"platPreBuiltFlag":	false,
	"platformSamplesDir":	"",
	"platActiveSys":	"mb_lab7_1_wrapper",
	"systems":	[{
			"systemName":	"mb_lab7_1_wrapper",
			"systemDesc":	"mb_lab7_1_wrapper",
			"sysIsBootAutoGen":	"true",
			"systemDispName":	"mb_lab7_1_wrapper",
			"sysActiveDom":	"standalone_microblaze_0",
			"sysDefaultDom":	"standalone_microblaze_0",
			"domains":	[{
					"domainName":	"standalone_microblaze_0",
					"domainDispName":	"standalone_microblaze_0",
					"domainDesc":	"standalone_microblaze_0",
					"processors":	"microblaze_0",
					"os":	"standalone",
					"sdxOs":	"standalone",
					"debugEnable":	"False",
					"domRuntimes":	["cpp"],
					"swRepo":	"",
					"mssOsVer":	"8.0",
					"mssFile":	"",
					"md5Digest":	"5422c1e5be4ae93f4de8c50507402f2a",
					"compatibleApp":	"hello_world",
					"domType":	"mssDomain",
					"arch":	"32-bit",
					"appSettings":	{
						"appCompilerFlags":	"",
						"appLinkerFlags":	""
					},
					"addedLibs":	[],
					"libOptions":	{
						"libsContainingOptions":	[]
					},
					"prebuiltLibs":	{
						"prebuiltIncPath":	[],
						"prebuiltLibPath":	[]
					},
					"isolation":	{
					}
				}]
		}]
}
TRACE::2025-04-09.14:08:19::SCWPlatform::Trying to open the hw design at D:/School/UIUC_ECE385_SP25/lab7_2/sdk/mb_lab7_1_wrapper/hw/mb_lab7_1_wrapper.xsa
TRACE::2025-04-09.14:08:19::SCWPlatform::DSA given D:/School/UIUC_ECE385_SP25/lab7_2/sdk/mb_lab7_1_wrapper/hw/mb_lab7_1_wrapper.xsa
TRACE::2025-04-09.14:08:19::SCWPlatform::DSA absoulate path D:/School/UIUC_ECE385_SP25/lab7_2/sdk/mb_lab7_1_wrapper/hw/mb_lab7_1_wrapper.xsa
TRACE::2025-04-09.14:08:19::SCWPlatform::DSA directory D:/School/UIUC_ECE385_SP25/lab7_2/sdk/mb_lab7_1_wrapper/hw
TRACE::2025-04-09.14:08:19::SCWPlatform:: Platform Path D:/School/UIUC_ECE385_SP25/lab7_2/sdk/mb_lab7_1_wrapper/hw/mb_lab7_1_wrapper.xsa
TRACE::2025-04-09.14:08:19::SCWPlatform:: Unique name xilinx:::0.0
TRACE::2025-04-09.14:08:19::SCWPlatform::Trying to set the existing hwdb with name mb_lab7_1_wrapper_0
TRACE::2025-04-09.14:08:19::SCWPlatform::Opened existing hwdb mb_lab7_1_wrapper_0
TRACE::2025-04-09.14:08:19::SCWPlatform::Found the Hw Db part of the input DSA
TRACE::2025-04-09.14:08:19::SCWMssOS::Checking the sw design at  D:/School/UIUC_ECE385_SP25/lab7_2/sdk/mb_lab7_1_wrapper/microblaze_0/standalone_microblaze_0/bsp/system.mss
TRACE::2025-04-09.14:08:19::SCWMssOS::DEBUG:  swdes dump  D:/School/UIUC_ECE385_SP25/lab7_2/sdk/mb_lab7_1_wrapper/microblaze_0/standalone_microblaze_0/bsp/system.mss|system||

TRACE::2025-04-09.14:08:19::SCWMssOS::Sw design exists and opened at  D:/School/UIUC_ECE385_SP25/lab7_2/sdk/mb_lab7_1_wrapper/microblaze_0/standalone_microblaze_0/bsp/system.mss
TRACE::2025-04-09.14:08:19::SCWPlatform::Trying to open the hw design at D:/School/UIUC_ECE385_SP25/lab7_2/sdk/mb_lab7_1_wrapper/hw/mb_lab7_1_wrapper.xsa
TRACE::2025-04-09.14:08:19::SCWPlatform::DSA given D:/School/UIUC_ECE385_SP25/lab7_2/sdk/mb_lab7_1_wrapper/hw/mb_lab7_1_wrapper.xsa
TRACE::2025-04-09.14:08:19::SCWPlatform::DSA absoulate path D:/School/UIUC_ECE385_SP25/lab7_2/sdk/mb_lab7_1_wrapper/hw/mb_lab7_1_wrapper.xsa
TRACE::2025-04-09.14:08:19::SCWPlatform::DSA directory D:/School/UIUC_ECE385_SP25/lab7_2/sdk/mb_lab7_1_wrapper/hw
TRACE::2025-04-09.14:08:19::SCWPlatform:: Platform Path D:/School/UIUC_ECE385_SP25/lab7_2/sdk/mb_lab7_1_wrapper/hw/mb_lab7_1_wrapper.xsa
TRACE::2025-04-09.14:08:19::SCWPlatform:: Unique name xilinx:::0.0
TRACE::2025-04-09.14:08:19::SCWPlatform::Trying to set the existing hwdb with name mb_lab7_1_wrapper_0
TRACE::2025-04-09.14:08:19::SCWPlatform::Opened existing hwdb mb_lab7_1_wrapper_0
TRACE::2025-04-09.14:08:19::SCWPlatform::Found the Hw Db part of the input DSA
TRACE::2025-04-09.14:08:19::SCWMssOS::Checking the sw design at  D:/School/UIUC_ECE385_SP25/lab7_2/sdk/mb_lab7_1_wrapper/microblaze_0/standalone_microblaze_0/bsp/system.mss
TRACE::2025-04-09.14:08:19::SCWMssOS::DEBUG:  swdes dump  D:/School/UIUC_ECE385_SP25/lab7_2/sdk/mb_lab7_1_wrapper/microblaze_0/standalone_microblaze_0/bsp/system.mss|system||

TRACE::2025-04-09.14:08:19::SCWMssOS::Sw design exists and opened at  D:/School/UIUC_ECE385_SP25/lab7_2/sdk/mb_lab7_1_wrapper/microblaze_0/standalone_microblaze_0/bsp/system.mss
TRACE::2025-04-09.14:08:19::SCWMssOS::Saving the mss changes D:/School/UIUC_ECE385_SP25/lab7_2/sdk/mb_lab7_1_wrapper/microblaze_0/standalone_microblaze_0/bsp/system.mss
TRACE::2025-04-09.14:08:19::SCWMssOS::Found a swdesign opened with the mssfile.
TRACE::2025-04-09.14:08:19::SCWMssOS::Completed writemss as part of save.
TRACE::2025-04-09.14:08:19::SCWMssOS::Commit changes completed.
TRACE::2025-04-09.14:08:19::SCWPlatform::Trying to open the hw design at D:/School/UIUC_ECE385_SP25/lab7_2/sdk/mb_lab7_1_wrapper/hw/mb_lab7_1_wrapper.xsa
TRACE::2025-04-09.14:08:19::SCWPlatform::DSA given D:/School/UIUC_ECE385_SP25/lab7_2/sdk/mb_lab7_1_wrapper/hw/mb_lab7_1_wrapper.xsa
TRACE::2025-04-09.14:08:19::SCWPlatform::DSA absoulate path D:/School/UIUC_ECE385_SP25/lab7_2/sdk/mb_lab7_1_wrapper/hw/mb_lab7_1_wrapper.xsa
TRACE::2025-04-09.14:08:19::SCWPlatform::DSA directory D:/School/UIUC_ECE385_SP25/lab7_2/sdk/mb_lab7_1_wrapper/hw
TRACE::2025-04-09.14:08:19::SCWPlatform:: Platform Path D:/School/UIUC_ECE385_SP25/lab7_2/sdk/mb_lab7_1_wrapper/hw/mb_lab7_1_wrapper.xsa
TRACE::2025-04-09.14:08:19::SCWPlatform:: Unique name xilinx:::0.0
TRACE::2025-04-09.14:08:19::SCWPlatform::Trying to set the existing hwdb with name mb_lab7_1_wrapper_0
TRACE::2025-04-09.14:08:19::SCWPlatform::Opened existing hwdb mb_lab7_1_wrapper_0
TRACE::2025-04-09.14:08:19::SCWPlatform::Found the Hw Db part of the input DSA
TRACE::2025-04-09.14:08:19::SCWMssOS::Checking the sw design at  D:/School/UIUC_ECE385_SP25/lab7_2/sdk/mb_lab7_1_wrapper/microblaze_0/standalone_microblaze_0/bsp/system.mss
TRACE::2025-04-09.14:08:19::SCWMssOS::DEBUG:  swdes dump  D:/School/UIUC_ECE385_SP25/lab7_2/sdk/mb_lab7_1_wrapper/microblaze_0/standalone_microblaze_0/bsp/system.mss|system||

TRACE::2025-04-09.14:08:19::SCWMssOS::Sw design exists and opened at  D:/School/UIUC_ECE385_SP25/lab7_2/sdk/mb_lab7_1_wrapper/microblaze_0/standalone_microblaze_0/bsp/system.mss
TRACE::2025-04-09.14:08:19::SCWPlatform::Trying to open the hw design at D:/School/UIUC_ECE385_SP25/lab7_2/sdk/mb_lab7_1_wrapper/hw/mb_lab7_1_wrapper.xsa
TRACE::2025-04-09.14:08:19::SCWPlatform::DSA given D:/School/UIUC_ECE385_SP25/lab7_2/sdk/mb_lab7_1_wrapper/hw/mb_lab7_1_wrapper.xsa
TRACE::2025-04-09.14:08:19::SCWPlatform::DSA absoulate path D:/School/UIUC_ECE385_SP25/lab7_2/sdk/mb_lab7_1_wrapper/hw/mb_lab7_1_wrapper.xsa
TRACE::2025-04-09.14:08:19::SCWPlatform::DSA directory D:/School/UIUC_ECE385_SP25/lab7_2/sdk/mb_lab7_1_wrapper/hw
TRACE::2025-04-09.14:08:19::SCWPlatform:: Platform Path D:/School/UIUC_ECE385_SP25/lab7_2/sdk/mb_lab7_1_wrapper/hw/mb_lab7_1_wrapper.xsa
TRACE::2025-04-09.14:08:19::SCWPlatform:: Unique name xilinx:::0.0
TRACE::2025-04-09.14:08:19::SCWPlatform::Trying to set the existing hwdb with name mb_lab7_1_wrapper_0
TRACE::2025-04-09.14:08:19::SCWPlatform::Opened existing hwdb mb_lab7_1_wrapper_0
TRACE::2025-04-09.14:08:19::SCWPlatform::Found the Hw Db part of the input DSA
TRACE::2025-04-09.14:08:19::SCWMssOS::Checking the sw design at  D:/School/UIUC_ECE385_SP25/lab7_2/sdk/mb_lab7_1_wrapper/microblaze_0/standalone_microblaze_0/bsp/system.mss
TRACE::2025-04-09.14:08:19::SCWMssOS::DEBUG:  swdes dump  D:/School/UIUC_ECE385_SP25/lab7_2/sdk/mb_lab7_1_wrapper/microblaze_0/standalone_microblaze_0/bsp/system.mss|system||

TRACE::2025-04-09.14:08:19::SCWMssOS::Sw design exists and opened at  D:/School/UIUC_ECE385_SP25/lab7_2/sdk/mb_lab7_1_wrapper/microblaze_0/standalone_microblaze_0/bsp/system.mss
TRACE::2025-04-09.14:08:19::SCWPlatform::Trying to open the hw design at D:/School/UIUC_ECE385_SP25/lab7_2/sdk/mb_lab7_1_wrapper/hw/mb_lab7_1_wrapper.xsa
TRACE::2025-04-09.14:08:19::SCWPlatform::DSA given D:/School/UIUC_ECE385_SP25/lab7_2/sdk/mb_lab7_1_wrapper/hw/mb_lab7_1_wrapper.xsa
TRACE::2025-04-09.14:08:19::SCWPlatform::DSA absoulate path D:/School/UIUC_ECE385_SP25/lab7_2/sdk/mb_lab7_1_wrapper/hw/mb_lab7_1_wrapper.xsa
TRACE::2025-04-09.14:08:19::SCWPlatform::DSA directory D:/School/UIUC_ECE385_SP25/lab7_2/sdk/mb_lab7_1_wrapper/hw
TRACE::2025-04-09.14:08:19::SCWPlatform:: Platform Path D:/School/UIUC_ECE385_SP25/lab7_2/sdk/mb_lab7_1_wrapper/hw/mb_lab7_1_wrapper.xsa
TRACE::2025-04-09.14:08:19::SCWPlatform:: Unique name xilinx:::0.0
TRACE::2025-04-09.14:08:19::SCWPlatform::Trying to set the existing hwdb with name mb_lab7_1_wrapper_0
TRACE::2025-04-09.14:08:19::SCWPlatform::Opened existing hwdb mb_lab7_1_wrapper_0
TRACE::2025-04-09.14:08:19::SCWPlatform::Found the Hw Db part of the input DSA
TRACE::2025-04-09.14:08:19::SCWMssOS::Checking the sw design at  D:/School/UIUC_ECE385_SP25/lab7_2/sdk/mb_lab7_1_wrapper/microblaze_0/standalone_microblaze_0/bsp/system.mss
TRACE::2025-04-09.14:08:19::SCWMssOS::DEBUG:  swdes dump  D:/School/UIUC_ECE385_SP25/lab7_2/sdk/mb_lab7_1_wrapper/microblaze_0/standalone_microblaze_0/bsp/system.mss|system||

TRACE::2025-04-09.14:08:19::SCWMssOS::Sw design exists and opened at  D:/School/UIUC_ECE385_SP25/lab7_2/sdk/mb_lab7_1_wrapper/microblaze_0/standalone_microblaze_0/bsp/system.mss
TRACE::2025-04-09.14:08:19::SCWWriter::formatted JSON is {
	"platformName":	"mb_lab7_1_wrapper",
	"sprVersion":	"2.0",
	"mode":	"gui",
	"dsaType":	"Fixed",
	"platformDesc":	"mb_lab7_1_wrapper",
	"platHandOff":	"D:/School/UIUC_ECE385_SP25/lab7_2/mb_lab7_1_wrapper.xsa",
	"platIntHandOff":	"<platformDir>/hw/mb_lab7_1_wrapper.xsa",
	"deviceType":	"FPGA",
	"platIsPrebuiltAutogen":	"false",
	"platIsNoBootBsp":	"false",
	"hasFsblMakeHasChanges":	"false",
	"hasPmufwMakeHasChanges":	"false",
	"platPreBuiltFlag":	false,
	"platformSamplesDir":	"",
	"platActiveSys":	"mb_lab7_1_wrapper",
	"systems":	[{
			"systemName":	"mb_lab7_1_wrapper",
			"systemDesc":	"mb_lab7_1_wrapper",
			"sysIsBootAutoGen":	"true",
			"systemDispName":	"mb_lab7_1_wrapper",
			"sysActiveDom":	"standalone_microblaze_0",
			"sysDefaultDom":	"standalone_microblaze_0",
			"domains":	[{
					"domainName":	"standalone_microblaze_0",
					"domainDispName":	"standalone_microblaze_0",
					"domainDesc":	"standalone_microblaze_0",
					"processors":	"microblaze_0",
					"os":	"standalone",
					"sdxOs":	"standalone",
					"debugEnable":	"False",
					"domRuntimes":	["cpp"],
					"swRepo":	"",
					"mssOsVer":	"8.0",
					"mssFile":	"",
					"md5Digest":	"5422c1e5be4ae93f4de8c50507402f2a",
					"compatibleApp":	"hello_world",
					"domType":	"mssDomain",
					"arch":	"32-bit",
					"appSettings":	{
						"appCompilerFlags":	"",
						"appLinkerFlags":	""
					},
					"addedLibs":	[],
					"libOptions":	{
						"libsContainingOptions":	[]
					},
					"prebuiltLibs":	{
						"prebuiltIncPath":	[],
						"prebuiltLibPath":	[]
					},
					"isolation":	{
					}
				}]
		}]
}
LOG::2025-04-09.14:08:19::SCWPlatform::Started generating the artifacts platform mb_lab7_1_wrapper
TRACE::2025-04-09.14:08:19::SCWPlatform::Sanity checking of platform is completed
LOG::2025-04-09.14:08:19::SCWPlatform::Started generating the artifacts for system configuration mb_lab7_1_wrapper
LOG::2025-04-09.14:08:19::SCWSystem::Started Processing the domain standalone_microblaze_0
TRACE::2025-04-09.14:08:19::SCWDomain::Generating domain artifcats
TRACE::2025-04-09.14:08:19::SCWMssOS::Generating standalone artifcats
TRACE::2025-04-09.14:08:19::SCWMssOS:: Copying the user libraries. 
TRACE::2025-04-09.14:08:19::SCWPlatform::Trying to open the hw design at D:/School/UIUC_ECE385_SP25/lab7_2/sdk/mb_lab7_1_wrapper/hw/mb_lab7_1_wrapper.xsa
TRACE::2025-04-09.14:08:19::SCWPlatform::DSA given D:/School/UIUC_ECE385_SP25/lab7_2/sdk/mb_lab7_1_wrapper/hw/mb_lab7_1_wrapper.xsa
TRACE::2025-04-09.14:08:19::SCWPlatform::DSA absoulate path D:/School/UIUC_ECE385_SP25/lab7_2/sdk/mb_lab7_1_wrapper/hw/mb_lab7_1_wrapper.xsa
TRACE::2025-04-09.14:08:19::SCWPlatform::DSA directory D:/School/UIUC_ECE385_SP25/lab7_2/sdk/mb_lab7_1_wrapper/hw
TRACE::2025-04-09.14:08:19::SCWPlatform:: Platform Path D:/School/UIUC_ECE385_SP25/lab7_2/sdk/mb_lab7_1_wrapper/hw/mb_lab7_1_wrapper.xsa
TRACE::2025-04-09.14:08:19::SCWPlatform:: Unique name xilinx:::0.0
TRACE::2025-04-09.14:08:19::SCWPlatform::Trying to set the existing hwdb with name mb_lab7_1_wrapper_0
TRACE::2025-04-09.14:08:19::SCWPlatform::Opened existing hwdb mb_lab7_1_wrapper_0
TRACE::2025-04-09.14:08:19::SCWPlatform::Found the Hw Db part of the input DSA
TRACE::2025-04-09.14:08:19::SCWMssOS::Checking the sw design at  D:/School/UIUC_ECE385_SP25/lab7_2/sdk/mb_lab7_1_wrapper/microblaze_0/standalone_microblaze_0/bsp/system.mss
TRACE::2025-04-09.14:08:19::SCWMssOS::DEBUG:  swdes dump  D:/School/UIUC_ECE385_SP25/lab7_2/sdk/mb_lab7_1_wrapper/microblaze_0/standalone_microblaze_0/bsp/system.mss|system||

TRACE::2025-04-09.14:08:19::SCWMssOS::Sw design exists and opened at  D:/School/UIUC_ECE385_SP25/lab7_2/sdk/mb_lab7_1_wrapper/microblaze_0/standalone_microblaze_0/bsp/system.mss
TRACE::2025-04-09.14:08:19::SCWMssOS::Completed writing the mss file at D:/School/UIUC_ECE385_SP25/lab7_2/sdk/mb_lab7_1_wrapper/microblaze_0/standalone_microblaze_0/bsp
TRACE::2025-04-09.14:08:19::SCWMssOS::Mss edits present, copying mssfile into export location D:/School/UIUC_ECE385_SP25/lab7_2/sdk/mb_lab7_1_wrapper/microblaze_0/standalone_microblaze_0/bsp/system.mss
TRACE::2025-04-09.14:08:19::SCWMssOS::bsp generated is upto date with the mss file. Skipping bsp generation.
TRACE::2025-04-09.14:08:19::SCWMssOS::BSP is already built. skipping the bsp build ... 
TRACE::2025-04-09.14:08:19::SCWDomain::Building the domain as part of full build :  standalone_microblaze_0
TRACE::2025-04-09.14:08:19::SCWMssOS::skipping the bsp build ... 
TRACE::2025-04-09.14:08:19::SCWMssOS::Copying to export directory.
TRACE::2025-04-09.14:08:19::SCWMssOS:: Checking if to create the Supporting Applications
TRACE::2025-04-09.14:08:19::SCWMssOS:: No Linux domain exists, trying to generate FSBL 
LOG::2025-04-09.14:08:19::SCWSystem::Completed Processing the domain standalone_microblaze_0
LOG::2025-04-09.14:08:19::SCWSystem::Completed Processing the sysconfig mb_lab7_1_wrapper
LOG::2025-04-09.14:08:19::SCWPlatform::Completed generating the artifacts for system configuration mb_lab7_1_wrapper
TRACE::2025-04-09.14:08:19::SCWPlatform::Started preparing the platform 
TRACE::2025-04-09.14:08:19::SCWSystem::Writing the bif file for system config mb_lab7_1_wrapper
TRACE::2025-04-09.14:08:19::SCWSystem::dir created 
TRACE::2025-04-09.14:08:19::SCWSystem::Writing the bif 
TRACE::2025-04-09.14:08:19::SCWPlatform::Started writing the spfm file 
TRACE::2025-04-09.14:08:19::SCWPlatform::Started writing the xpfm file 
TRACE::2025-04-09.14:08:19::SCWPlatform::Completed generating the platform
TRACE::2025-04-09.14:08:19::SCWMssOS::Saving the mss changes D:/School/UIUC_ECE385_SP25/lab7_2/sdk/mb_lab7_1_wrapper/microblaze_0/standalone_microblaze_0/bsp/system.mss
TRACE::2025-04-09.14:08:19::SCWMssOS::Found a swdesign opened with the mssfile.
TRACE::2025-04-09.14:08:19::SCWMssOS::Completed writemss as part of save.
TRACE::2025-04-09.14:08:19::SCWMssOS::Commit changes completed.
TRACE::2025-04-09.14:08:19::SCWPlatform::Trying to open the hw design at D:/School/UIUC_ECE385_SP25/lab7_2/sdk/mb_lab7_1_wrapper/hw/mb_lab7_1_wrapper.xsa
TRACE::2025-04-09.14:08:19::SCWPlatform::DSA given D:/School/UIUC_ECE385_SP25/lab7_2/sdk/mb_lab7_1_wrapper/hw/mb_lab7_1_wrapper.xsa
TRACE::2025-04-09.14:08:19::SCWPlatform::DSA absoulate path D:/School/UIUC_ECE385_SP25/lab7_2/sdk/mb_lab7_1_wrapper/hw/mb_lab7_1_wrapper.xsa
TRACE::2025-04-09.14:08:19::SCWPlatform::DSA directory D:/School/UIUC_ECE385_SP25/lab7_2/sdk/mb_lab7_1_wrapper/hw
TRACE::2025-04-09.14:08:19::SCWPlatform:: Platform Path D:/School/UIUC_ECE385_SP25/lab7_2/sdk/mb_lab7_1_wrapper/hw/mb_lab7_1_wrapper.xsa
TRACE::2025-04-09.14:08:19::SCWPlatform:: Unique name xilinx:::0.0
TRACE::2025-04-09.14:08:19::SCWPlatform::Trying to set the existing hwdb with name mb_lab7_1_wrapper_0
TRACE::2025-04-09.14:08:19::SCWPlatform::Opened existing hwdb mb_lab7_1_wrapper_0
TRACE::2025-04-09.14:08:19::SCWPlatform::Found the Hw Db part of the input DSA
TRACE::2025-04-09.14:08:19::SCWMssOS::Checking the sw design at  D:/School/UIUC_ECE385_SP25/lab7_2/sdk/mb_lab7_1_wrapper/microblaze_0/standalone_microblaze_0/bsp/system.mss
TRACE::2025-04-09.14:08:19::SCWMssOS::DEBUG:  swdes dump  D:/School/UIUC_ECE385_SP25/lab7_2/sdk/mb_lab7_1_wrapper/microblaze_0/standalone_microblaze_0/bsp/system.mss|system||

TRACE::2025-04-09.14:08:19::SCWMssOS::Sw design exists and opened at  D:/School/UIUC_ECE385_SP25/lab7_2/sdk/mb_lab7_1_wrapper/microblaze_0/standalone_microblaze_0/bsp/system.mss
TRACE::2025-04-09.14:08:19::SCWPlatform::Trying to open the hw design at D:/School/UIUC_ECE385_SP25/lab7_2/sdk/mb_lab7_1_wrapper/hw/mb_lab7_1_wrapper.xsa
TRACE::2025-04-09.14:08:19::SCWPlatform::DSA given D:/School/UIUC_ECE385_SP25/lab7_2/sdk/mb_lab7_1_wrapper/hw/mb_lab7_1_wrapper.xsa
TRACE::2025-04-09.14:08:19::SCWPlatform::DSA absoulate path D:/School/UIUC_ECE385_SP25/lab7_2/sdk/mb_lab7_1_wrapper/hw/mb_lab7_1_wrapper.xsa
TRACE::2025-04-09.14:08:19::SCWPlatform::DSA directory D:/School/UIUC_ECE385_SP25/lab7_2/sdk/mb_lab7_1_wrapper/hw
TRACE::2025-04-09.14:08:19::SCWPlatform:: Platform Path D:/School/UIUC_ECE385_SP25/lab7_2/sdk/mb_lab7_1_wrapper/hw/mb_lab7_1_wrapper.xsa
TRACE::2025-04-09.14:08:19::SCWPlatform:: Unique name xilinx:::0.0
TRACE::2025-04-09.14:08:19::SCWPlatform::Trying to set the existing hwdb with name mb_lab7_1_wrapper_0
TRACE::2025-04-09.14:08:19::SCWPlatform::Opened existing hwdb mb_lab7_1_wrapper_0
TRACE::2025-04-09.14:08:19::SCWPlatform::Found the Hw Db part of the input DSA
TRACE::2025-04-09.14:08:19::SCWMssOS::Checking the sw design at  D:/School/UIUC_ECE385_SP25/lab7_2/sdk/mb_lab7_1_wrapper/microblaze_0/standalone_microblaze_0/bsp/system.mss
TRACE::2025-04-09.14:08:19::SCWMssOS::DEBUG:  swdes dump  D:/School/UIUC_ECE385_SP25/lab7_2/sdk/mb_lab7_1_wrapper/microblaze_0/standalone_microblaze_0/bsp/system.mss|system||

TRACE::2025-04-09.14:08:19::SCWMssOS::Sw design exists and opened at  D:/School/UIUC_ECE385_SP25/lab7_2/sdk/mb_lab7_1_wrapper/microblaze_0/standalone_microblaze_0/bsp/system.mss
TRACE::2025-04-09.14:08:19::SCWPlatform::Trying to open the hw design at D:/School/UIUC_ECE385_SP25/lab7_2/sdk/mb_lab7_1_wrapper/hw/mb_lab7_1_wrapper.xsa
TRACE::2025-04-09.14:08:19::SCWPlatform::DSA given D:/School/UIUC_ECE385_SP25/lab7_2/sdk/mb_lab7_1_wrapper/hw/mb_lab7_1_wrapper.xsa
TRACE::2025-04-09.14:08:19::SCWPlatform::DSA absoulate path D:/School/UIUC_ECE385_SP25/lab7_2/sdk/mb_lab7_1_wrapper/hw/mb_lab7_1_wrapper.xsa
TRACE::2025-04-09.14:08:19::SCWPlatform::DSA directory D:/School/UIUC_ECE385_SP25/lab7_2/sdk/mb_lab7_1_wrapper/hw
TRACE::2025-04-09.14:08:19::SCWPlatform:: Platform Path D:/School/UIUC_ECE385_SP25/lab7_2/sdk/mb_lab7_1_wrapper/hw/mb_lab7_1_wrapper.xsa
TRACE::2025-04-09.14:08:19::SCWPlatform:: Unique name xilinx:::0.0
TRACE::2025-04-09.14:08:19::SCWPlatform::Trying to set the existing hwdb with name mb_lab7_1_wrapper_0
TRACE::2025-04-09.14:08:19::SCWPlatform::Opened existing hwdb mb_lab7_1_wrapper_0
TRACE::2025-04-09.14:08:19::SCWPlatform::Found the Hw Db part of the input DSA
TRACE::2025-04-09.14:08:19::SCWMssOS::Checking the sw design at  D:/School/UIUC_ECE385_SP25/lab7_2/sdk/mb_lab7_1_wrapper/microblaze_0/standalone_microblaze_0/bsp/system.mss
TRACE::2025-04-09.14:08:19::SCWMssOS::DEBUG:  swdes dump  D:/School/UIUC_ECE385_SP25/lab7_2/sdk/mb_lab7_1_wrapper/microblaze_0/standalone_microblaze_0/bsp/system.mss|system||

TRACE::2025-04-09.14:08:19::SCWMssOS::Sw design exists and opened at  D:/School/UIUC_ECE385_SP25/lab7_2/sdk/mb_lab7_1_wrapper/microblaze_0/standalone_microblaze_0/bsp/system.mss
TRACE::2025-04-09.14:08:19::SCWWriter::formatted JSON is {
	"platformName":	"mb_lab7_1_wrapper",
	"sprVersion":	"2.0",
	"mode":	"gui",
	"dsaType":	"Fixed",
	"platformDesc":	"mb_lab7_1_wrapper",
	"platHandOff":	"D:/School/UIUC_ECE385_SP25/lab7_2/mb_lab7_1_wrapper.xsa",
	"platIntHandOff":	"<platformDir>/hw/mb_lab7_1_wrapper.xsa",
	"deviceType":	"FPGA",
	"platIsPrebuiltAutogen":	"false",
	"platIsNoBootBsp":	"false",
	"hasFsblMakeHasChanges":	"false",
	"hasPmufwMakeHasChanges":	"false",
	"platPreBuiltFlag":	false,
	"platformSamplesDir":	"",
	"platActiveSys":	"mb_lab7_1_wrapper",
	"systems":	[{
			"systemName":	"mb_lab7_1_wrapper",
			"systemDesc":	"mb_lab7_1_wrapper",
			"sysIsBootAutoGen":	"true",
			"systemDispName":	"mb_lab7_1_wrapper",
			"sysActiveDom":	"standalone_microblaze_0",
			"sysDefaultDom":	"standalone_microblaze_0",
			"domains":	[{
					"domainName":	"standalone_microblaze_0",
					"domainDispName":	"standalone_microblaze_0",
					"domainDesc":	"standalone_microblaze_0",
					"processors":	"microblaze_0",
					"os":	"standalone",
					"sdxOs":	"standalone",
					"debugEnable":	"False",
					"domRuntimes":	["cpp"],
					"swRepo":	"",
					"mssOsVer":	"8.0",
					"mssFile":	"",
					"md5Digest":	"5422c1e5be4ae93f4de8c50507402f2a",
					"compatibleApp":	"hello_world",
					"domType":	"mssDomain",
					"arch":	"32-bit",
					"appSettings":	{
						"appCompilerFlags":	"",
						"appLinkerFlags":	""
					},
					"addedLibs":	[],
					"libOptions":	{
						"libsContainingOptions":	[]
					},
					"prebuiltLibs":	{
						"prebuiltIncPath":	[],
						"prebuiltLibPath":	[]
					},
					"isolation":	{
					}
				}]
		}]
}
KEYINFO::2025-04-09.14:08:19::SCWPlatform::updated the xpfm file.
LOG::2025-04-09.14:11:02::SCWPlatform::Started generating the artifacts platform mb_lab7_1_wrapper
TRACE::2025-04-09.14:11:02::SCWPlatform::Sanity checking of platform is completed
LOG::2025-04-09.14:11:02::SCWPlatform::Started generating the artifacts for system configuration mb_lab7_1_wrapper
LOG::2025-04-09.14:11:02::SCWSystem::Checking the domain standalone_microblaze_0
LOG::2025-04-09.14:11:02::SCWSystem::Not a boot domain 
LOG::2025-04-09.14:11:02::SCWSystem::Started Processing the domain standalone_microblaze_0
TRACE::2025-04-09.14:11:02::SCWDomain::Generating domain artifcats
TRACE::2025-04-09.14:11:02::SCWMssOS::Generating standalone artifcats
TRACE::2025-04-09.14:11:02::SCWMssOS:: Copying the user libraries. 
TRACE::2025-04-09.14:11:02::SCWPlatform::Trying to open the hw design at D:/School/UIUC_ECE385_SP25/lab7_2/sdk/mb_lab7_1_wrapper/hw/mb_lab7_1_wrapper.xsa
TRACE::2025-04-09.14:11:02::SCWPlatform::DSA given D:/School/UIUC_ECE385_SP25/lab7_2/sdk/mb_lab7_1_wrapper/hw/mb_lab7_1_wrapper.xsa
TRACE::2025-04-09.14:11:02::SCWPlatform::DSA absoulate path D:/School/UIUC_ECE385_SP25/lab7_2/sdk/mb_lab7_1_wrapper/hw/mb_lab7_1_wrapper.xsa
TRACE::2025-04-09.14:11:02::SCWPlatform::DSA directory D:/School/UIUC_ECE385_SP25/lab7_2/sdk/mb_lab7_1_wrapper/hw
TRACE::2025-04-09.14:11:02::SCWPlatform:: Platform Path D:/School/UIUC_ECE385_SP25/lab7_2/sdk/mb_lab7_1_wrapper/hw/mb_lab7_1_wrapper.xsa
TRACE::2025-04-09.14:11:02::SCWPlatform:: Unique name xilinx:::0.0
TRACE::2025-04-09.14:11:02::SCWPlatform::Trying to set the existing hwdb with name mb_lab7_1_wrapper_0
TRACE::2025-04-09.14:11:02::SCWPlatform::Opened existing hwdb mb_lab7_1_wrapper_0
TRACE::2025-04-09.14:11:02::SCWPlatform::Found the Hw Db part of the input DSA
TRACE::2025-04-09.14:11:02::SCWMssOS::Checking the sw design at  D:/School/UIUC_ECE385_SP25/lab7_2/sdk/mb_lab7_1_wrapper/microblaze_0/standalone_microblaze_0/bsp/system.mss
TRACE::2025-04-09.14:11:02::SCWMssOS::DEBUG:  swdes dump  D:/School/UIUC_ECE385_SP25/lab7_2/sdk/mb_lab7_1_wrapper/microblaze_0/standalone_microblaze_0/bsp/system.mss|system||

TRACE::2025-04-09.14:11:02::SCWMssOS::Sw design exists and opened at  D:/School/UIUC_ECE385_SP25/lab7_2/sdk/mb_lab7_1_wrapper/microblaze_0/standalone_microblaze_0/bsp/system.mss
TRACE::2025-04-09.14:11:02::SCWMssOS::Completed writing the mss file at D:/School/UIUC_ECE385_SP25/lab7_2/sdk/mb_lab7_1_wrapper/microblaze_0/standalone_microblaze_0/bsp
TRACE::2025-04-09.14:11:02::SCWMssOS::Mss edits present, copying mssfile into export location D:/School/UIUC_ECE385_SP25/lab7_2/sdk/mb_lab7_1_wrapper/microblaze_0/standalone_microblaze_0/bsp/system.mss
TRACE::2025-04-09.14:11:02::SCWMssOS::bsp generated is upto date with the mss file. Skipping bsp generation.
TRACE::2025-04-09.14:11:02::SCWMssOS::BSP is already built. skipping the bsp build ... 
TRACE::2025-04-09.14:11:02::SCWDomain::Building the domain as part of full build :  standalone_microblaze_0
TRACE::2025-04-09.14:11:02::SCWMssOS::doing bsp build ... 
TRACE::2025-04-09.14:11:02::SCWMssOS::System Command Ran  D: & cd  D:/School/UIUC_ECE385_SP25/lab7_2/sdk/mb_lab7_1_wrapper/microblaze_0/standalone_microblaze_0/bsp & make 
TRACE::2025-04-09.14:11:02::SCWMssOS::make --no-print-directory seq_libs

TRACE::2025-04-09.14:11:02::SCWMssOS::"Running Make include in microblaze_0/libsrc/bram_v4_8/src"

TRACE::2025-04-09.14:11:02::SCWMssOS::make -C microblaze_0/libsrc/bram_v4_8/src -s include  "SHELL=CMD" "COMPILER=mb-gcc" "ASSEMBLER=mb-as" "ARCHIVER=mb-ar" "COMPILE
TRACE::2025-04-09.14:11:02::SCWMssOS::R_FLAGS=  -O2 -c -mcpu=v11.0 -mlittle-endian -mno-xl-reorder -mno-xl-soft-mul -mxl-barrel-shift -mxl-pattern-compare" "EXTRA_CO
TRACE::2025-04-09.14:11:02::SCWMssOS::MPILER_FLAGS=-g -ffunction-sections -fdata-sections -Wall -Wextra -fno-tree-loop-distribute-patterns"

TRACE::2025-04-09.14:11:02::SCWMssOS::"Running Make include in microblaze_0/libsrc/cpu_v2_16/src"

TRACE::2025-04-09.14:11:02::SCWMssOS::make -C microblaze_0/libsrc/cpu_v2_16/src -s include  "SHELL=CMD" "COMPILER=mb-gcc" "ASSEMBLER=mb-as" "ARCHIVER=mb-ar" "COMPILE
TRACE::2025-04-09.14:11:02::SCWMssOS::R_FLAGS=  -O2 -c -mcpu=v11.0 -mlittle-endian -mno-xl-reorder -mno-xl-soft-mul -mxl-barrel-shift -mxl-pattern-compare" "EXTRA_CO
TRACE::2025-04-09.14:11:02::SCWMssOS::MPILER_FLAGS=-g -ffunction-sections -fdata-sections -Wall -Wextra -fno-tree-loop-distribute-patterns"

TRACE::2025-04-09.14:11:02::SCWMssOS::"Running Make include in microblaze_0/libsrc/hdmi_text_controller_v1_0/src"

TRACE::2025-04-09.14:11:02::SCWMssOS::make -C microblaze_0/libsrc/hdmi_text_controller_v1_0/src -s include  "SHELL=CMD" "COMPILER=mb-gcc" "ASSEMBLER=mb-as" "ARCHIVER
TRACE::2025-04-09.14:11:02::SCWMssOS::=mb-ar" "COMPILER_FLAGS=  -O2 -c -mcpu=v11.0 -mlittle-endian -mno-xl-reorder -mno-xl-soft-mul -mxl-barrel-shift -mxl-pattern-co
TRACE::2025-04-09.14:11:02::SCWMssOS::mpare" "EXTRA_COMPILER_FLAGS=-g -ffunction-sections -fdata-sections -Wall -Wextra -fno-tree-loop-distribute-patterns"

TRACE::2025-04-09.14:11:02::SCWMssOS::"Running Make include in microblaze_0/libsrc/intc_v3_15/src"

TRACE::2025-04-09.14:11:02::SCWMssOS::make -C microblaze_0/libsrc/intc_v3_15/src -s include  "SHELL=CMD" "COMPILER=mb-gcc" "ASSEMBLER=mb-as" "ARCHIVER=mb-ar" "COMPIL
TRACE::2025-04-09.14:11:02::SCWMssOS::ER_FLAGS=  -O2 -c -mcpu=v11.0 -mlittle-endian -mno-xl-reorder -mno-xl-soft-mul -mxl-barrel-shift -mxl-pattern-compare" "EXTRA_C
TRACE::2025-04-09.14:11:02::SCWMssOS::OMPILER_FLAGS=-g -ffunction-sections -fdata-sections -Wall -Wextra -fno-tree-loop-distribute-patterns"

TRACE::2025-04-09.14:11:02::SCWMssOS::"Running Make include in microblaze_0/libsrc/standalone_v8_0/src"

TRACE::2025-04-09.14:11:02::SCWMssOS::make -C microblaze_0/libsrc/standalone_v8_0/src -s include  "SHELL=CMD" "COMPILER=mb-gcc" "ASSEMBLER=mb-as" "ARCHIVER=mb-ar" "C
TRACE::2025-04-09.14:11:02::SCWMssOS::OMPILER_FLAGS=  -O2 -c -mcpu=v11.0 -mlittle-endian -mno-xl-reorder -mno-xl-soft-mul -mxl-barrel-shift -mxl-pattern-compare" "EX
TRACE::2025-04-09.14:11:02::SCWMssOS::TRA_COMPILER_FLAGS=-g -ffunction-sections -fdata-sections -Wall -Wextra -fno-tree-loop-distribute-patterns"

TRACE::2025-04-09.14:11:03::SCWMssOS::"Running Make include in microblaze_0/libsrc/uartlite_v3_7/src"

TRACE::2025-04-09.14:11:03::SCWMssOS::make -C microblaze_0/libsrc/uartlite_v3_7/src -s include  "SHELL=CMD" "COMPILER=mb-gcc" "ASSEMBLER=mb-as" "ARCHIVER=mb-ar" "COM
TRACE::2025-04-09.14:11:03::SCWMssOS::PILER_FLAGS=  -O2 -c -mcpu=v11.0 -mlittle-endian -mno-xl-reorder -mno-xl-soft-mul -mxl-barrel-shift -mxl-pattern-compare" "EXTR
TRACE::2025-04-09.14:11:03::SCWMssOS::A_COMPILER_FLAGS=-g -ffunction-sections -fdata-sections -Wall -Wextra -fno-tree-loop-distribute-patterns"

TRACE::2025-04-09.14:11:03::SCWMssOS::"Running Make libs in microblaze_0/libsrc/hdmi_text_controller_v1_0/src"

TRACE::2025-04-09.14:11:03::SCWMssOS::make -C microblaze_0/libsrc/hdmi_text_controller_v1_0/src -s libs  "SHELL=CMD" "COMPILER=mb-gcc" "ASSEMBLER=mb-as" "ARCHIVER=mb
TRACE::2025-04-09.14:11:03::SCWMssOS::-ar" "COMPILER_FLAGS=  -O2 -c -mcpu=v11.0 -mlittle-endian -mno-xl-reorder -mno-xl-soft-mul -mxl-barrel-shift -mxl-pattern-compa
TRACE::2025-04-09.14:11:03::SCWMssOS::re" "EXTRA_COMPILER_FLAGS=-g -ffunction-sections -fdata-sections -Wall -Wextra -fno-tree-loop-distribute-patterns"

TRACE::2025-04-09.14:11:03::SCWMssOS::"Compiling hdmi_text_controller..."

TRACE::2025-04-09.14:11:03::SCWMssOS::'Finished building libraries sequentially.'

TRACE::2025-04-09.14:11:03::SCWMssOS::make -j 10 --no-print-directory par_libs

TRACE::2025-04-09.14:11:03::SCWMssOS::"Running Make include in microblaze_0/libsrc/bram_v4_8/src"

TRACE::2025-04-09.14:11:03::SCWMssOS::make -C microblaze_0/libsrc/bram_v4_8/src -s include  "SHELL=CMD" "COMPILER=mb-gcc" "ASSEMBLER=mb-as" "ARCHIVER=mb-ar" "COMPILE
TRACE::2025-04-09.14:11:03::SCWMssOS::R_FLAGS=  -O2 -c -mcpu=v11.0 -mlittle-endian -mno-xl-reorder -mno-xl-soft-mul -mxl-barrel-shift -mxl-pattern-compare" "EXTRA_CO
TRACE::2025-04-09.14:11:03::SCWMssOS::MPILER_FLAGS=-g -ffunction-sections -fdata-sections -Wall -Wextra -fno-tree-loop-distribute-patterns"

TRACE::2025-04-09.14:11:03::SCWMssOS::"Running Make include in microblaze_0/libsrc/cpu_v2_16/src"

TRACE::2025-04-09.14:11:03::SCWMssOS::make -C microblaze_0/libsrc/cpu_v2_16/src -s include  "SHELL=CMD" "COMPILER=mb-gcc" "ASSEMBLER=mb-as" "ARCHIVER=mb-ar" "COMPILE
TRACE::2025-04-09.14:11:03::SCWMssOS::R_FLAGS=  -O2 -c -mcpu=v11.0 -mlittle-endian -mno-xl-reorder -mno-xl-soft-mul -mxl-barrel-shift -mxl-pattern-compare" "EXTRA_CO
TRACE::2025-04-09.14:11:03::SCWMssOS::MPILER_FLAGS=-g -ffunction-sections -fdata-sections -Wall -Wextra -fno-tree-loop-distribute-patterns"

TRACE::2025-04-09.14:11:03::SCWMssOS::"Running Make include in microblaze_0/libsrc/hdmi_text_controller_v1_0/src"

TRACE::2025-04-09.14:11:03::SCWMssOS::make -C microblaze_0/libsrc/hdmi_text_controller_v1_0/src -s include  "SHELL=CMD" "COMPILER=mb-gcc" "ASSEMBLER=mb-as" "ARCHIVER
TRACE::2025-04-09.14:11:03::SCWMssOS::=mb-ar" "COMPILER_FLAGS=  -O2 -c -mcpu=v11.0 -mlittle-endian -mno-xl-reorder -mno-xl-soft-mul -mxl-barrel-shift -mxl-pattern-co
TRACE::2025-04-09.14:11:03::SCWMssOS::mpare" "EXTRA_COMPILER_FLAGS=-g -ffunction-sections -fdata-sections -Wall -Wextra -fno-tree-loop-distribute-patterns"

TRACE::2025-04-09.14:11:03::SCWMssOS::"Running Make include in microblaze_0/libsrc/intc_v3_15/src"

TRACE::2025-04-09.14:11:03::SCWMssOS::make -C microblaze_0/libsrc/intc_v3_15/src -s include  "SHELL=CMD" "COMPILER=mb-gcc" "ASSEMBLER=mb-as" "ARCHIVER=mb-ar" "COMPIL
TRACE::2025-04-09.14:11:03::SCWMssOS::ER_FLAGS=  -O2 -c -mcpu=v11.0 -mlittle-endian -mno-xl-reorder -mno-xl-soft-mul -mxl-barrel-shift -mxl-pattern-compare" "EXTRA_C
TRACE::2025-04-09.14:11:03::SCWMssOS::OMPILER_FLAGS=-g -ffunction-sections -fdata-sections -Wall -Wextra -fno-tree-loop-distribute-patterns"

TRACE::2025-04-09.14:11:03::SCWMssOS::"Running Make include in microblaze_0/libsrc/standalone_v8_0/src"

TRACE::2025-04-09.14:11:03::SCWMssOS::make -C microblaze_0/libsrc/standalone_v8_0/src -s include  "SHELL=CMD" "COMPILER=mb-gcc" "ASSEMBLER=mb-as" "ARCHIVER=mb-ar" "C
TRACE::2025-04-09.14:11:03::SCWMssOS::OMPILER_FLAGS=  -O2 -c -mcpu=v11.0 -mlittle-endian -mno-xl-reorder -mno-xl-soft-mul -mxl-barrel-shift -mxl-pattern-compare" "EX
TRACE::2025-04-09.14:11:03::SCWMssOS::TRA_COMPILER_FLAGS=-g -ffunction-sections -fdata-sections -Wall -Wextra -fno-tree-loop-distribute-patterns"

TRACE::2025-04-09.14:11:03::SCWMssOS::"Running Make include in microblaze_0/libsrc/uartlite_v3_7/src"

TRACE::2025-04-09.14:11:03::SCWMssOS::make -C microblaze_0/libsrc/uartlite_v3_7/src -s include  "SHELL=CMD" "COMPILER=mb-gcc" "ASSEMBLER=mb-as" "ARCHIVER=mb-ar" "COM
TRACE::2025-04-09.14:11:03::SCWMssOS::PILER_FLAGS=  -O2 -c -mcpu=v11.0 -mlittle-endian -mno-xl-reorder -mno-xl-soft-mul -mxl-barrel-shift -mxl-pattern-compare" "EXTR
TRACE::2025-04-09.14:11:03::SCWMssOS::A_COMPILER_FLAGS=-g -ffunction-sections -fdata-sections -Wall -Wextra -fno-tree-loop-distribute-patterns"

TRACE::2025-04-09.14:11:03::SCWMssOS::"Running Make libs in microblaze_0/libsrc/bram_v4_8/src"

TRACE::2025-04-09.14:11:03::SCWMssOS::make -C microblaze_0/libsrc/bram_v4_8/src -s libs  "SHELL=CMD" "COMPILER=mb-gcc" "ASSEMBLER=mb-as" "ARCHIVER=mb-ar" "COMPILER_F
TRACE::2025-04-09.14:11:03::SCWMssOS::LAGS=  -O2 -c -mcpu=v11.0 -mlittle-endian -mno-xl-reorder -mno-xl-soft-mul -mxl-barrel-shift -mxl-pattern-compare" "EXTRA_COMPI
TRACE::2025-04-09.14:11:03::SCWMssOS::LER_FLAGS=-g -ffunction-sections -fdata-sections -Wall -Wextra -fno-tree-loop-distribute-patterns"

TRACE::2025-04-09.14:11:03::SCWMssOS::"Running Make libs in microblaze_0/libsrc/cpu_v2_16/src"

TRACE::2025-04-09.14:11:03::SCWMssOS::make -C microblaze_0/libsrc/cpu_v2_16/src -s libs  "SHELL=CMD" "COMPILER=mb-gcc" "ASSEMBLER=mb-as" "ARCHIVER=mb-ar" "COMPILER_F
TRACE::2025-04-09.14:11:03::SCWMssOS::LAGS=  -O2 -c -mcpu=v11.0 -mlittle-endian -mno-xl-reorder -mno-xl-soft-mul -mxl-barrel-shift -mxl-pattern-compare" "EXTRA_COMPI
TRACE::2025-04-09.14:11:03::SCWMssOS::LER_FLAGS=-g -ffunction-sections -fdata-sections -Wall -Wextra -fno-tree-loop-distribute-patterns"

TRACE::2025-04-09.14:11:03::SCWMssOS::"Running Make libs in microblaze_0/libsrc/intc_v3_15/src"

TRACE::2025-04-09.14:11:04::SCWMssOS::make -C microblaze_0/libsrc/intc_v3_15/src -s libs  "SHELL=CMD" "COMPILER=mb-gcc" "ASSEMBLER=mb-as" "ARCHIVER=mb-ar" "COMPILER_
TRACE::2025-04-09.14:11:04::SCWMssOS::FLAGS=  -O2 -c -mcpu=v11.0 -mlittle-endian -mno-xl-reorder -mno-xl-soft-mul -mxl-barrel-shift -mxl-pattern-compare" "EXTRA_COMP
TRACE::2025-04-09.14:11:04::SCWMssOS::ILER_FLAGS=-g -ffunction-sections -fdata-sections -Wall -Wextra -fno-tree-loop-distribute-patterns"

TRACE::2025-04-09.14:11:04::SCWMssOS::"Running Make libs in microblaze_0/libsrc/standalone_v8_0/src"

TRACE::2025-04-09.14:11:04::SCWMssOS::make -C microblaze_0/libsrc/standalone_v8_0/src -s libs  "SHELL=CMD" "COMPILER=mb-gcc" "ASSEMBLER=mb-as" "ARCHIVER=mb-ar" "COMP
TRACE::2025-04-09.14:11:04::SCWMssOS::ILER_FLAGS=  -O2 -c -mcpu=v11.0 -mlittle-endian -mno-xl-reorder -mno-xl-soft-mul -mxl-barrel-shift -mxl-pattern-compare" "EXTRA
TRACE::2025-04-09.14:11:04::SCWMssOS::_COMPILER_FLAGS=-g -ffunction-sections -fdata-sections -Wall -Wextra -fno-tree-loop-distribute-patterns"

TRACE::2025-04-09.14:11:04::SCWMssOS::"Running Make libs in microblaze_0/libsrc/uartlite_v3_7/src"

TRACE::2025-04-09.14:11:04::SCWMssOS::make -C microblaze_0/libsrc/uartlite_v3_7/src -s libs  "SHELL=CMD" "COMPILER=mb-gcc" "ASSEMBLER=mb-as" "ARCHIVER=mb-ar" "COMPIL
TRACE::2025-04-09.14:11:04::SCWMssOS::ER_FLAGS=  -O2 -c -mcpu=v11.0 -mlittle-endian -mno-xl-reorder -mno-xl-soft-mul -mxl-barrel-shift -mxl-pattern-compare" "EXTRA_C
TRACE::2025-04-09.14:11:04::SCWMssOS::OMPILER_FLAGS=-g -ffunction-sections -fdata-sections -Wall -Wextra -fno-tree-loop-distribute-patterns"

TRACE::2025-04-09.14:11:06::SCWMssOS::"DEBUG NON_LTO_OBJECTS is ../../../lib/microblaze_interrupt_handler.o"

TRACE::2025-04-09.14:11:06::SCWMssOS::'Finished building libraries parallelly.'

TRACE::2025-04-09.14:11:06::SCWMssOS::make --no-print-directory archive

TRACE::2025-04-09.14:11:06::SCWMssOS::mb-ar -r  microblaze_0/lib/libxil.a microblaze_0/lib/_exit.o microblaze_0/lib/errno.o microblaze_0/lib/fcntl.o microblaze_0/lib
TRACE::2025-04-09.14:11:06::SCWMssOS::/hw_exception_handler.o microblaze_0/lib/inbyte.o microblaze_0/lib/microblaze_disable_dcache.o microblaze_0/lib/microblaze_disa
TRACE::2025-04-09.14:11:06::SCWMssOS::ble_exceptions.o microblaze_0/lib/microblaze_disable_icache.o microblaze_0/lib/microblaze_disable_interrupts.o microblaze_0/lib
TRACE::2025-04-09.14:11:06::SCWMssOS::/microblaze_enable_dcache.o microblaze_0/lib/microblaze_enable_exceptions.o microblaze_0/lib/microblaze_enable_icache.o microbl
TRACE::2025-04-09.14:11:06::SCWMssOS::aze_0/lib/microblaze_enable_interrupts.o microblaze_0/lib/microblaze_exception_handler.o microblaze_0/lib/microblaze_flush_cach
TRACE::2025-04-09.14:11:06::SCWMssOS::e_ext.o microblaze_0/lib/microblaze_flush_cache_ext_range.o microblaze_0/lib/microblaze_flush_dcache.o microblaze_0/lib/microbl
TRACE::2025-04-09.14:11:06::SCWMssOS::aze_flush_dcache_range.o microblaze_0/lib/microblaze_init_dcache_range.o microblaze_0/lib/microblaze_init_icache_range.o microb
TRACE::2025-04-09.14:11:06::SCWMssOS::laze_0/lib/microblaze_interrupt_handler.o microblaze_0/lib/microblaze_interrupts_g.o microblaze_0/lib/microblaze_invalidate_cac
TRACE::2025-04-09.14:11:06::SCWMssOS::he_ext.o microblaze_0/lib/microblaze_invalidate_cache_ext_range.o microblaze_0/lib/microblaze_invalidate_dcache.o microblaze_0/
TRACE::2025-04-09.14:11:06::SCWMssOS::lib/microblaze_invalidate_dcache_range.o microblaze_0/lib/microblaze_invalidate_icache.o microblaze_0/lib/microblaze_invalidate
TRACE::2025-04-09.14:11:06::SCWMssOS::_icache_range.o microblaze_0/lib/microblaze_scrub.o microblaze_0/lib/microblaze_selftest.o microblaze_0/lib/microblaze_sleep.o 
TRACE::2025-04-09.14:11:06::SCWMssOS::microblaze_0/lib/microblaze_update_dcache.o microblaze_0/lib/microblaze_update_icache.o microblaze_0/lib/outbyte.o microblaze_0
TRACE::2025-04-09.14:11:06::SCWMssOS::/lib/print.o microblaze_0/lib/pvr.o microblaze_0/lib/xbram.o microblaze_0/lib/xbram_g.o microblaze_0/lib/xbram_intr.o microblaz
TRACE::2025-04-09.14:11:06::SCWMssOS::e_0/lib/xbram_selftest.o microblaze_0/lib/xbram_sinit.o microblaze_0/lib/xil_assert.o microblaze_0/lib/xil_cache.o microblaze_0
TRACE::2025-04-09.14:11:06::SCWMssOS::/lib/xil_clocking.o microblaze_0/lib/xil_exception.o microblaze_0/lib/xil_mem.o microblaze_0/lib/xil_misc_psreset_api.o microbl
TRACE::2025-04-09.14:11:06::SCWMssOS::aze_0/lib/xil_printf.o microblaze_0/lib/xil_sleepcommon.o microblaze_0/lib/xil_testcache.o microblaze_0/lib/xil_testio.o microb
TRACE::2025-04-09.14:11:06::SCWMssOS::laze_0/lib/xil_testmem.o microblaze_0/lib/xil_util.o microblaze_0/lib/xintc.o microblaze_0/lib/xintc_g.o microblaze_0/lib/xintc
TRACE::2025-04-09.14:11:06::SCWMssOS::_intr.o microblaze_0/lib/xintc_l.o microblaze_0/lib/xintc_options.o microblaze_0/lib/xintc_selftest.o microblaze_0/lib/xinterru
TRACE::2025-04-09.14:11:06::SCWMssOS::pt_wrap.o microblaze_0/lib/xio.o microblaze_0/lib/xplatform_info.o microblaze_0/lib/xuartlite.o microblaze_0/lib/xuartlite_g.o 
TRACE::2025-04-09.14:11:06::SCWMssOS::microblaze_0/lib/xuartlite_intr.o microblaze_0/lib/xuartlite_l.o microblaze_0/lib/xuartlite_selftest.o microblaze_0/lib/xuartli
TRACE::2025-04-09.14:11:06::SCWMssOS::te_sinit.o microblaze_0/lib/xuartlite_stats.o

TRACE::2025-04-09.14:11:06::SCWMssOS::'Finished building libraries'

TRACE::2025-04-09.14:11:06::SCWMssOS::Copying to export directory.
TRACE::2025-04-09.14:11:06::SCWMssOS:: Checking if to create the Supporting Applications
TRACE::2025-04-09.14:11:06::SCWMssOS:: No Linux domain exists, trying to generate FSBL 
LOG::2025-04-09.14:11:06::SCWSystem::Completed Processing the domain standalone_microblaze_0
LOG::2025-04-09.14:11:06::SCWSystem::Completed Processing the sysconfig mb_lab7_1_wrapper
LOG::2025-04-09.14:11:06::SCWPlatform::Completed generating the artifacts for system configuration mb_lab7_1_wrapper
TRACE::2025-04-09.14:11:06::SCWPlatform::Started preparing the platform 
TRACE::2025-04-09.14:11:06::SCWSystem::Writing the bif file for system config mb_lab7_1_wrapper
TRACE::2025-04-09.14:11:06::SCWSystem::dir created 
TRACE::2025-04-09.14:11:06::SCWSystem::Writing the bif 
TRACE::2025-04-09.14:11:06::SCWPlatform::Started writing the spfm file 
TRACE::2025-04-09.14:11:06::SCWPlatform::Started writing the xpfm file 
TRACE::2025-04-09.14:11:06::SCWPlatform::Completed generating the platform
TRACE::2025-04-09.14:11:06::SCWMssOS::Saving the mss changes D:/School/UIUC_ECE385_SP25/lab7_2/sdk/mb_lab7_1_wrapper/microblaze_0/standalone_microblaze_0/bsp/system.mss
TRACE::2025-04-09.14:11:06::SCWMssOS::Found a swdesign opened with the mssfile.
TRACE::2025-04-09.14:11:06::SCWMssOS::Completed writemss as part of save.
TRACE::2025-04-09.14:11:06::SCWMssOS::Commit changes completed.
TRACE::2025-04-09.14:11:06::SCWPlatform::Trying to open the hw design at D:/School/UIUC_ECE385_SP25/lab7_2/sdk/mb_lab7_1_wrapper/hw/mb_lab7_1_wrapper.xsa
TRACE::2025-04-09.14:11:06::SCWPlatform::DSA given D:/School/UIUC_ECE385_SP25/lab7_2/sdk/mb_lab7_1_wrapper/hw/mb_lab7_1_wrapper.xsa
TRACE::2025-04-09.14:11:06::SCWPlatform::DSA absoulate path D:/School/UIUC_ECE385_SP25/lab7_2/sdk/mb_lab7_1_wrapper/hw/mb_lab7_1_wrapper.xsa
TRACE::2025-04-09.14:11:06::SCWPlatform::DSA directory D:/School/UIUC_ECE385_SP25/lab7_2/sdk/mb_lab7_1_wrapper/hw
TRACE::2025-04-09.14:11:06::SCWPlatform:: Platform Path D:/School/UIUC_ECE385_SP25/lab7_2/sdk/mb_lab7_1_wrapper/hw/mb_lab7_1_wrapper.xsa
TRACE::2025-04-09.14:11:06::SCWPlatform:: Unique name xilinx:::0.0
TRACE::2025-04-09.14:11:06::SCWPlatform::Trying to set the existing hwdb with name mb_lab7_1_wrapper_0
TRACE::2025-04-09.14:11:06::SCWPlatform::Opened existing hwdb mb_lab7_1_wrapper_0
TRACE::2025-04-09.14:11:06::SCWPlatform::Found the Hw Db part of the input DSA
TRACE::2025-04-09.14:11:06::SCWMssOS::Checking the sw design at  D:/School/UIUC_ECE385_SP25/lab7_2/sdk/mb_lab7_1_wrapper/microblaze_0/standalone_microblaze_0/bsp/system.mss
TRACE::2025-04-09.14:11:06::SCWMssOS::DEBUG:  swdes dump  D:/School/UIUC_ECE385_SP25/lab7_2/sdk/mb_lab7_1_wrapper/microblaze_0/standalone_microblaze_0/bsp/system.mss|system||

TRACE::2025-04-09.14:11:06::SCWMssOS::Sw design exists and opened at  D:/School/UIUC_ECE385_SP25/lab7_2/sdk/mb_lab7_1_wrapper/microblaze_0/standalone_microblaze_0/bsp/system.mss
TRACE::2025-04-09.14:11:06::SCWPlatform::Trying to open the hw design at D:/School/UIUC_ECE385_SP25/lab7_2/sdk/mb_lab7_1_wrapper/hw/mb_lab7_1_wrapper.xsa
TRACE::2025-04-09.14:11:06::SCWPlatform::DSA given D:/School/UIUC_ECE385_SP25/lab7_2/sdk/mb_lab7_1_wrapper/hw/mb_lab7_1_wrapper.xsa
TRACE::2025-04-09.14:11:06::SCWPlatform::DSA absoulate path D:/School/UIUC_ECE385_SP25/lab7_2/sdk/mb_lab7_1_wrapper/hw/mb_lab7_1_wrapper.xsa
TRACE::2025-04-09.14:11:06::SCWPlatform::DSA directory D:/School/UIUC_ECE385_SP25/lab7_2/sdk/mb_lab7_1_wrapper/hw
TRACE::2025-04-09.14:11:06::SCWPlatform:: Platform Path D:/School/UIUC_ECE385_SP25/lab7_2/sdk/mb_lab7_1_wrapper/hw/mb_lab7_1_wrapper.xsa
TRACE::2025-04-09.14:11:06::SCWPlatform:: Unique name xilinx:::0.0
TRACE::2025-04-09.14:11:06::SCWPlatform::Trying to set the existing hwdb with name mb_lab7_1_wrapper_0
TRACE::2025-04-09.14:11:06::SCWPlatform::Opened existing hwdb mb_lab7_1_wrapper_0
TRACE::2025-04-09.14:11:06::SCWPlatform::Found the Hw Db part of the input DSA
TRACE::2025-04-09.14:11:06::SCWMssOS::Checking the sw design at  D:/School/UIUC_ECE385_SP25/lab7_2/sdk/mb_lab7_1_wrapper/microblaze_0/standalone_microblaze_0/bsp/system.mss
TRACE::2025-04-09.14:11:06::SCWMssOS::DEBUG:  swdes dump  D:/School/UIUC_ECE385_SP25/lab7_2/sdk/mb_lab7_1_wrapper/microblaze_0/standalone_microblaze_0/bsp/system.mss|system||

TRACE::2025-04-09.14:11:06::SCWMssOS::Sw design exists and opened at  D:/School/UIUC_ECE385_SP25/lab7_2/sdk/mb_lab7_1_wrapper/microblaze_0/standalone_microblaze_0/bsp/system.mss
TRACE::2025-04-09.14:11:06::SCWPlatform::Trying to open the hw design at D:/School/UIUC_ECE385_SP25/lab7_2/sdk/mb_lab7_1_wrapper/hw/mb_lab7_1_wrapper.xsa
TRACE::2025-04-09.14:11:06::SCWPlatform::DSA given D:/School/UIUC_ECE385_SP25/lab7_2/sdk/mb_lab7_1_wrapper/hw/mb_lab7_1_wrapper.xsa
TRACE::2025-04-09.14:11:06::SCWPlatform::DSA absoulate path D:/School/UIUC_ECE385_SP25/lab7_2/sdk/mb_lab7_1_wrapper/hw/mb_lab7_1_wrapper.xsa
TRACE::2025-04-09.14:11:06::SCWPlatform::DSA directory D:/School/UIUC_ECE385_SP25/lab7_2/sdk/mb_lab7_1_wrapper/hw
TRACE::2025-04-09.14:11:06::SCWPlatform:: Platform Path D:/School/UIUC_ECE385_SP25/lab7_2/sdk/mb_lab7_1_wrapper/hw/mb_lab7_1_wrapper.xsa
TRACE::2025-04-09.14:11:06::SCWPlatform:: Unique name xilinx:::0.0
TRACE::2025-04-09.14:11:06::SCWPlatform::Trying to set the existing hwdb with name mb_lab7_1_wrapper_0
TRACE::2025-04-09.14:11:06::SCWPlatform::Opened existing hwdb mb_lab7_1_wrapper_0
TRACE::2025-04-09.14:11:06::SCWPlatform::Found the Hw Db part of the input DSA
TRACE::2025-04-09.14:11:06::SCWMssOS::Checking the sw design at  D:/School/UIUC_ECE385_SP25/lab7_2/sdk/mb_lab7_1_wrapper/microblaze_0/standalone_microblaze_0/bsp/system.mss
TRACE::2025-04-09.14:11:06::SCWMssOS::DEBUG:  swdes dump  D:/School/UIUC_ECE385_SP25/lab7_2/sdk/mb_lab7_1_wrapper/microblaze_0/standalone_microblaze_0/bsp/system.mss|system||

TRACE::2025-04-09.14:11:06::SCWMssOS::Sw design exists and opened at  D:/School/UIUC_ECE385_SP25/lab7_2/sdk/mb_lab7_1_wrapper/microblaze_0/standalone_microblaze_0/bsp/system.mss
TRACE::2025-04-09.14:11:06::SCWWriter::formatted JSON is {
	"platformName":	"mb_lab7_1_wrapper",
	"sprVersion":	"2.0",
	"mode":	"gui",
	"dsaType":	"Fixed",
	"platformDesc":	"mb_lab7_1_wrapper",
	"platHandOff":	"D:/School/UIUC_ECE385_SP25/lab7_2/mb_lab7_1_wrapper.xsa",
	"platIntHandOff":	"<platformDir>/hw/mb_lab7_1_wrapper.xsa",
	"deviceType":	"FPGA",
	"platIsPrebuiltAutogen":	"false",
	"platIsNoBootBsp":	"false",
	"hasFsblMakeHasChanges":	"false",
	"hasPmufwMakeHasChanges":	"false",
	"platPreBuiltFlag":	false,
	"platformSamplesDir":	"",
	"platActiveSys":	"mb_lab7_1_wrapper",
	"systems":	[{
			"systemName":	"mb_lab7_1_wrapper",
			"systemDesc":	"mb_lab7_1_wrapper",
			"sysIsBootAutoGen":	"true",
			"systemDispName":	"mb_lab7_1_wrapper",
			"sysActiveDom":	"standalone_microblaze_0",
			"sysDefaultDom":	"standalone_microblaze_0",
			"domains":	[{
					"domainName":	"standalone_microblaze_0",
					"domainDispName":	"standalone_microblaze_0",
					"domainDesc":	"standalone_microblaze_0",
					"processors":	"microblaze_0",
					"os":	"standalone",
					"sdxOs":	"standalone",
					"debugEnable":	"False",
					"domRuntimes":	["cpp"],
					"swRepo":	"",
					"mssOsVer":	"8.0",
					"mssFile":	"",
					"md5Digest":	"5422c1e5be4ae93f4de8c50507402f2a",
					"compatibleApp":	"hello_world",
					"domType":	"mssDomain",
					"arch":	"32-bit",
					"appSettings":	{
						"appCompilerFlags":	"",
						"appLinkerFlags":	""
					},
					"addedLibs":	[],
					"libOptions":	{
						"libsContainingOptions":	[]
					},
					"prebuiltLibs":	{
						"prebuiltIncPath":	[],
						"prebuiltLibPath":	[]
					},
					"isolation":	{
					}
				}]
		}]
}
KEYINFO::2025-04-09.14:11:06::SCWPlatform::updated the xpfm file.
TRACE::2025-04-09.14:11:06::SCWPlatform::Trying to open the hw design at D:/School/UIUC_ECE385_SP25/lab7_2/sdk/mb_lab7_1_wrapper/hw/mb_lab7_1_wrapper.xsa
TRACE::2025-04-09.14:11:06::SCWPlatform::DSA given D:/School/UIUC_ECE385_SP25/lab7_2/sdk/mb_lab7_1_wrapper/hw/mb_lab7_1_wrapper.xsa
TRACE::2025-04-09.14:11:06::SCWPlatform::DSA absoulate path D:/School/UIUC_ECE385_SP25/lab7_2/sdk/mb_lab7_1_wrapper/hw/mb_lab7_1_wrapper.xsa
TRACE::2025-04-09.14:11:06::SCWPlatform::DSA directory D:/School/UIUC_ECE385_SP25/lab7_2/sdk/mb_lab7_1_wrapper/hw
TRACE::2025-04-09.14:11:06::SCWPlatform:: Platform Path D:/School/UIUC_ECE385_SP25/lab7_2/sdk/mb_lab7_1_wrapper/hw/mb_lab7_1_wrapper.xsa
TRACE::2025-04-09.14:11:06::SCWPlatform:: Unique name xilinx:::0.0
TRACE::2025-04-09.14:11:06::SCWPlatform::Trying to set the existing hwdb with name mb_lab7_1_wrapper_0
TRACE::2025-04-09.14:11:06::SCWPlatform::Opened existing hwdb mb_lab7_1_wrapper_0
TRACE::2025-04-09.14:11:06::SCWPlatform::Found the Hw Db part of the input DSA
TRACE::2025-04-09.14:11:06::SCWMssOS::Checking the sw design at  D:/School/UIUC_ECE385_SP25/lab7_2/sdk/mb_lab7_1_wrapper/microblaze_0/standalone_microblaze_0/bsp/system.mss
TRACE::2025-04-09.14:11:06::SCWMssOS::DEBUG:  swdes dump  D:/School/UIUC_ECE385_SP25/lab7_2/sdk/mb_lab7_1_wrapper/microblaze_0/standalone_microblaze_0/bsp/system.mss|system||

TRACE::2025-04-09.14:11:06::SCWMssOS::Sw design exists and opened at  D:/School/UIUC_ECE385_SP25/lab7_2/sdk/mb_lab7_1_wrapper/microblaze_0/standalone_microblaze_0/bsp/system.mss
TRACE::2025-04-09.15:27:50::SCWPlatform::Clearing the existing platform
TRACE::2025-04-09.15:27:50::SCWSystem::Clearing the existing sysconfig
TRACE::2025-04-09.15:27:50::SCWMssOS::Removing the swdes entry for  D:/School/UIUC_ECE385_SP25/lab7_2/sdk/mb_lab7_1_wrapper/microblaze_0/standalone_microblaze_0/bsp/system.mss
TRACE::2025-04-09.15:27:50::SCWSystem::Clearing the domains completed.
TRACE::2025-04-09.15:27:50::SCWPlatform::Clearing the opened hw db.
TRACE::2025-04-09.15:27:50::SCWPlatform::DSA given D:/School/UIUC_ECE385_SP25/lab7_2/sdk/mb_lab7_1_wrapper/hw/mb_lab7_1_wrapper.xsa
TRACE::2025-04-09.15:27:50::SCWPlatform::DSA absoulate path D:/School/UIUC_ECE385_SP25/lab7_2/sdk/mb_lab7_1_wrapper/hw/mb_lab7_1_wrapper.xsa
TRACE::2025-04-09.15:27:50::SCWPlatform:: Platform location is D:/School/UIUC_ECE385_SP25/lab7_2/sdk/mb_lab7_1_wrapper/hw
TRACE::2025-04-09.15:27:50::SCWPlatform:: Platform Path D:/School/UIUC_ECE385_SP25/lab7_2/sdk/mb_lab7_1_wrapper/hw/mb_lab7_1_wrapper.xsa
TRACE::2025-04-09.15:27:50::SCWPlatform:: Unique name xilinx:::0.0
TRACE::2025-04-09.15:27:50::SCWPlatform::Removing the HwDB with name D:/School/UIUC_ECE385_SP25/lab7_2/sdk/mb_lab7_1_wrapper/hw/mb_lab7_1_wrapper.xsa
TRACE::2025-04-09.15:27:50::SCWPlatform::Trying to open the hw design at D:/School/UIUC_ECE385_SP25/lab7_2/sdk/mb_lab7_1_wrapper/hw/mb_lab7_1_wrapper.xsa
TRACE::2025-04-09.15:27:50::SCWPlatform::DSA given D:/School/UIUC_ECE385_SP25/lab7_2/sdk/mb_lab7_1_wrapper/hw/mb_lab7_1_wrapper.xsa
TRACE::2025-04-09.15:27:50::SCWPlatform::DSA absoulate path D:/School/UIUC_ECE385_SP25/lab7_2/sdk/mb_lab7_1_wrapper/hw/mb_lab7_1_wrapper.xsa
TRACE::2025-04-09.15:27:50::SCWPlatform::DSA directory D:/School/UIUC_ECE385_SP25/lab7_2/sdk/mb_lab7_1_wrapper/hw
TRACE::2025-04-09.15:27:50::SCWPlatform:: Platform Path D:/School/UIUC_ECE385_SP25/lab7_2/sdk/mb_lab7_1_wrapper/hw/mb_lab7_1_wrapper.xsa
TRACE::2025-04-09.15:27:50::SCWPlatform:: Unique name xilinx:::0.0
TRACE::2025-04-09.15:27:50::SCWPlatform::Do not have an existing db opened. 
TRACE::2025-04-09.15:27:50::SCWPlatform::Opened new HwDB with name mb_lab7_1_wrapper_2
TRACE::2025-04-09.15:27:50::SCWReader::Active system found as  mb_lab7_1_wrapper
TRACE::2025-04-09.15:27:50::SCWReader::Handling sysconfig mb_lab7_1_wrapper
TRACE::2025-04-09.15:27:50::SCWDomain::checking for install qemu data   : 
TRACE::2025-04-09.15:27:50::SCWPlatform::Trying to open the hw design at D:/School/UIUC_ECE385_SP25/lab7_2/sdk/mb_lab7_1_wrapper/hw/mb_lab7_1_wrapper.xsa
TRACE::2025-04-09.15:27:50::SCWPlatform::DSA given D:/School/UIUC_ECE385_SP25/lab7_2/sdk/mb_lab7_1_wrapper/hw/mb_lab7_1_wrapper.xsa
TRACE::2025-04-09.15:27:50::SCWPlatform::DSA absoulate path D:/School/UIUC_ECE385_SP25/lab7_2/sdk/mb_lab7_1_wrapper/hw/mb_lab7_1_wrapper.xsa
TRACE::2025-04-09.15:27:50::SCWPlatform::DSA directory D:/School/UIUC_ECE385_SP25/lab7_2/sdk/mb_lab7_1_wrapper/hw
TRACE::2025-04-09.15:27:50::SCWPlatform:: Platform Path D:/School/UIUC_ECE385_SP25/lab7_2/sdk/mb_lab7_1_wrapper/hw/mb_lab7_1_wrapper.xsa
TRACE::2025-04-09.15:27:50::SCWPlatform:: Unique name xilinx:::0.0
TRACE::2025-04-09.15:27:50::SCWPlatform::Trying to set the existing hwdb with name mb_lab7_1_wrapper_2
TRACE::2025-04-09.15:27:50::SCWPlatform::Opened existing hwdb mb_lab7_1_wrapper_2
TRACE::2025-04-09.15:27:50::SCWPlatform::Found the Hw Db part of the input DSA
TRACE::2025-04-09.15:27:50::SCWPlatform::Trying to open the hw design at D:/School/UIUC_ECE385_SP25/lab7_2/sdk/mb_lab7_1_wrapper/hw/mb_lab7_1_wrapper.xsa
TRACE::2025-04-09.15:27:50::SCWPlatform::DSA given D:/School/UIUC_ECE385_SP25/lab7_2/sdk/mb_lab7_1_wrapper/hw/mb_lab7_1_wrapper.xsa
TRACE::2025-04-09.15:27:50::SCWPlatform::DSA absoulate path D:/School/UIUC_ECE385_SP25/lab7_2/sdk/mb_lab7_1_wrapper/hw/mb_lab7_1_wrapper.xsa
TRACE::2025-04-09.15:27:50::SCWPlatform::DSA directory D:/School/UIUC_ECE385_SP25/lab7_2/sdk/mb_lab7_1_wrapper/hw
TRACE::2025-04-09.15:27:50::SCWPlatform:: Platform Path D:/School/UIUC_ECE385_SP25/lab7_2/sdk/mb_lab7_1_wrapper/hw/mb_lab7_1_wrapper.xsa
TRACE::2025-04-09.15:27:50::SCWPlatform:: Unique name xilinx:::0.0
TRACE::2025-04-09.15:27:50::SCWPlatform::Trying to set the existing hwdb with name mb_lab7_1_wrapper_2
TRACE::2025-04-09.15:27:50::SCWPlatform::Opened existing hwdb mb_lab7_1_wrapper_2
TRACE::2025-04-09.15:27:50::SCWPlatform::Found the Hw Db part of the input DSA
TRACE::2025-04-09.15:27:50::SCWPlatform::Trying to open the hw design at D:/School/UIUC_ECE385_SP25/lab7_2/sdk/mb_lab7_1_wrapper/hw/mb_lab7_1_wrapper.xsa
TRACE::2025-04-09.15:27:50::SCWPlatform::DSA given D:/School/UIUC_ECE385_SP25/lab7_2/sdk/mb_lab7_1_wrapper/hw/mb_lab7_1_wrapper.xsa
TRACE::2025-04-09.15:27:50::SCWPlatform::DSA absoulate path D:/School/UIUC_ECE385_SP25/lab7_2/sdk/mb_lab7_1_wrapper/hw/mb_lab7_1_wrapper.xsa
TRACE::2025-04-09.15:27:50::SCWPlatform::DSA directory D:/School/UIUC_ECE385_SP25/lab7_2/sdk/mb_lab7_1_wrapper/hw
TRACE::2025-04-09.15:27:50::SCWPlatform:: Platform Path D:/School/UIUC_ECE385_SP25/lab7_2/sdk/mb_lab7_1_wrapper/hw/mb_lab7_1_wrapper.xsa
TRACE::2025-04-09.15:27:50::SCWPlatform:: Unique name xilinx:::0.0
TRACE::2025-04-09.15:27:50::SCWPlatform::Trying to set the existing hwdb with name mb_lab7_1_wrapper_2
TRACE::2025-04-09.15:27:50::SCWPlatform::Opened existing hwdb mb_lab7_1_wrapper_2
TRACE::2025-04-09.15:27:50::SCWPlatform::Found the Hw Db part of the input DSA
TRACE::2025-04-09.15:27:50::SCWPlatform::Trying to open the hw design at D:/School/UIUC_ECE385_SP25/lab7_2/sdk/mb_lab7_1_wrapper/hw/mb_lab7_1_wrapper.xsa
TRACE::2025-04-09.15:27:50::SCWPlatform::DSA given D:/School/UIUC_ECE385_SP25/lab7_2/sdk/mb_lab7_1_wrapper/hw/mb_lab7_1_wrapper.xsa
TRACE::2025-04-09.15:27:50::SCWPlatform::DSA absoulate path D:/School/UIUC_ECE385_SP25/lab7_2/sdk/mb_lab7_1_wrapper/hw/mb_lab7_1_wrapper.xsa
TRACE::2025-04-09.15:27:50::SCWPlatform::DSA directory D:/School/UIUC_ECE385_SP25/lab7_2/sdk/mb_lab7_1_wrapper/hw
TRACE::2025-04-09.15:27:50::SCWPlatform:: Platform Path D:/School/UIUC_ECE385_SP25/lab7_2/sdk/mb_lab7_1_wrapper/hw/mb_lab7_1_wrapper.xsa
TRACE::2025-04-09.15:27:50::SCWPlatform:: Unique name xilinx:::0.0
TRACE::2025-04-09.15:27:50::SCWPlatform::Trying to set the existing hwdb with name mb_lab7_1_wrapper_2
TRACE::2025-04-09.15:27:50::SCWPlatform::Opened existing hwdb mb_lab7_1_wrapper_2
TRACE::2025-04-09.15:27:50::SCWPlatform::Found the Hw Db part of the input DSA
TRACE::2025-04-09.15:27:50::SCWMssOS::Checking the sw design at  D:/School/UIUC_ECE385_SP25/lab7_2/sdk/mb_lab7_1_wrapper/microblaze_0/standalone_microblaze_0/bsp/system.mss
TRACE::2025-04-09.15:27:50::SCWMssOS::DEBUG:  swdes dump  
TRACE::2025-04-09.15:27:50::SCWMssOS::No sw design opened at  D:/School/UIUC_ECE385_SP25/lab7_2/sdk/mb_lab7_1_wrapper/microblaze_0/standalone_microblaze_0/bsp/system.mss
TRACE::2025-04-09.15:27:50::SCWMssOS::mss exists loading the mss file  D:/School/UIUC_ECE385_SP25/lab7_2/sdk/mb_lab7_1_wrapper/microblaze_0/standalone_microblaze_0/bsp/system.mss
TRACE::2025-04-09.15:27:50::SCWMssOS::Opened the sw design from mss  D:/School/UIUC_ECE385_SP25/lab7_2/sdk/mb_lab7_1_wrapper/microblaze_0/standalone_microblaze_0/bsp/system.mss
TRACE::2025-04-09.15:27:50::SCWMssOS::Adding the swdes entry D:/School/UIUC_ECE385_SP25/lab7_2/sdk/mb_lab7_1_wrapper/microblaze_0/standalone_microblaze_0/bsp/system.mss with des name system
TRACE::2025-04-09.15:27:50::SCWMssOS::updating the scw layer about changes
TRACE::2025-04-09.15:27:50::SCWMssOS::Opened the sw design.  D:/School/UIUC_ECE385_SP25/lab7_2/sdk/mb_lab7_1_wrapper/microblaze_0/standalone_microblaze_0/bsp/system.mss
TRACE::2025-04-09.15:27:50::SCWMssOS::Saving the mss changes D:/School/UIUC_ECE385_SP25/lab7_2/sdk/mb_lab7_1_wrapper/microblaze_0/standalone_microblaze_0/bsp/system.mss
TRACE::2025-04-09.15:27:50::SCWMssOS::Found a swdesign opened with the mssfile.
TRACE::2025-04-09.15:27:50::SCWMssOS::Completed writemss as part of save.
TRACE::2025-04-09.15:27:50::SCWMssOS::Commit changes completed.
TRACE::2025-04-09.15:27:50::SCWReader::Adding prebuilt librarypaths as   
TRACE::2025-04-09.15:27:50::SCWReader::Adding prebuilt incpaths  as   
TRACE::2025-04-09.15:27:50::SCWPlatform::Trying to open the hw design at D:/School/UIUC_ECE385_SP25/lab7_2/sdk/mb_lab7_1_wrapper/hw/mb_lab7_1_wrapper.xsa
TRACE::2025-04-09.15:27:50::SCWPlatform::DSA given D:/School/UIUC_ECE385_SP25/lab7_2/sdk/mb_lab7_1_wrapper/hw/mb_lab7_1_wrapper.xsa
TRACE::2025-04-09.15:27:50::SCWPlatform::DSA absoulate path D:/School/UIUC_ECE385_SP25/lab7_2/sdk/mb_lab7_1_wrapper/hw/mb_lab7_1_wrapper.xsa
TRACE::2025-04-09.15:27:50::SCWPlatform::DSA directory D:/School/UIUC_ECE385_SP25/lab7_2/sdk/mb_lab7_1_wrapper/hw
TRACE::2025-04-09.15:27:50::SCWPlatform:: Platform Path D:/School/UIUC_ECE385_SP25/lab7_2/sdk/mb_lab7_1_wrapper/hw/mb_lab7_1_wrapper.xsa
TRACE::2025-04-09.15:27:50::SCWPlatform:: Unique name xilinx:::0.0
TRACE::2025-04-09.15:27:50::SCWPlatform::Trying to set the existing hwdb with name mb_lab7_1_wrapper_2
TRACE::2025-04-09.15:27:50::SCWPlatform::Opened existing hwdb mb_lab7_1_wrapper_2
TRACE::2025-04-09.15:27:50::SCWPlatform::Found the Hw Db part of the input DSA
TRACE::2025-04-09.15:27:50::SCWMssOS::Checking the sw design at  D:/School/UIUC_ECE385_SP25/lab7_2/sdk/mb_lab7_1_wrapper/microblaze_0/standalone_microblaze_0/bsp/system.mss
TRACE::2025-04-09.15:27:50::SCWMssOS::DEBUG:  swdes dump  D:/School/UIUC_ECE385_SP25/lab7_2/sdk/mb_lab7_1_wrapper/microblaze_0/standalone_microblaze_0/bsp/system.mss|system||

TRACE::2025-04-09.15:27:50::SCWMssOS::Sw design exists and opened at  D:/School/UIUC_ECE385_SP25/lab7_2/sdk/mb_lab7_1_wrapper/microblaze_0/standalone_microblaze_0/bsp/system.mss
TRACE::2025-04-09.15:27:50::SCWReader::No isolation master present  
TRACE::2025-04-09.15:27:53::SCWPlatform::DSA given D:/School/UIUC_ECE385_SP25/lab7_2/sdk/mb_lab7_1_wrapper/tempdsa/mb_lab7_1_wrapper.xsa
TRACE::2025-04-09.15:27:53::SCWPlatform::DSA absoulate path D:/School/UIUC_ECE385_SP25/lab7_2/sdk/mb_lab7_1_wrapper/tempdsa/mb_lab7_1_wrapper.xsa
TRACE::2025-04-09.15:27:53::SCWPlatform:: Platform location is D:/School/UIUC_ECE385_SP25/lab7_2/sdk/mb_lab7_1_wrapper/tempdsa
TRACE::2025-04-09.15:27:53::SCWPlatform:: Platform Path D:/School/UIUC_ECE385_SP25/lab7_2/sdk/mb_lab7_1_wrapper/tempdsa/mb_lab7_1_wrapper.xsa
TRACE::2025-04-09.15:27:53::SCWPlatform:: Unique name xilinx:::0.0
TRACE::2025-04-09.15:27:53::SCWPlatform::Found the Hw Db part of the input DSA
TRACE::2025-04-09.15:27:53::SCWMssOS::Doing hw sync for the mss in domain: standalone_microblaze_0
TRACE::2025-04-09.15:27:53::SCWPlatform::Trying to open the hw design at D:/School/UIUC_ECE385_SP25/lab7_2/sdk/mb_lab7_1_wrapper/hw/mb_lab7_1_wrapper.xsa
TRACE::2025-04-09.15:27:53::SCWPlatform::DSA given D:/School/UIUC_ECE385_SP25/lab7_2/sdk/mb_lab7_1_wrapper/hw/mb_lab7_1_wrapper.xsa
TRACE::2025-04-09.15:27:53::SCWPlatform::DSA absoulate path D:/School/UIUC_ECE385_SP25/lab7_2/sdk/mb_lab7_1_wrapper/hw/mb_lab7_1_wrapper.xsa
TRACE::2025-04-09.15:27:53::SCWPlatform::DSA directory D:/School/UIUC_ECE385_SP25/lab7_2/sdk/mb_lab7_1_wrapper/hw
TRACE::2025-04-09.15:27:53::SCWPlatform:: Platform Path D:/School/UIUC_ECE385_SP25/lab7_2/sdk/mb_lab7_1_wrapper/hw/mb_lab7_1_wrapper.xsa
TRACE::2025-04-09.15:27:53::SCWPlatform:: Unique name xilinx:::0.0
TRACE::2025-04-09.15:27:53::SCWPlatform::Trying to set the existing hwdb with name mb_lab7_1_wrapper_2
TRACE::2025-04-09.15:27:53::SCWPlatform::Opened existing hwdb mb_lab7_1_wrapper_2
TRACE::2025-04-09.15:27:53::SCWPlatform::Found the Hw Db part of the input DSA
TRACE::2025-04-09.15:27:53::SCWPlatform::Trying to open the hw design at D:/School/UIUC_ECE385_SP25/lab7_2/sdk/mb_lab7_1_wrapper/hw/mb_lab7_1_wrapper.xsa
TRACE::2025-04-09.15:27:53::SCWPlatform::DSA given D:/School/UIUC_ECE385_SP25/lab7_2/sdk/mb_lab7_1_wrapper/hw/mb_lab7_1_wrapper.xsa
TRACE::2025-04-09.15:27:53::SCWPlatform::DSA absoulate path D:/School/UIUC_ECE385_SP25/lab7_2/sdk/mb_lab7_1_wrapper/hw/mb_lab7_1_wrapper.xsa
TRACE::2025-04-09.15:27:53::SCWPlatform::DSA directory D:/School/UIUC_ECE385_SP25/lab7_2/sdk/mb_lab7_1_wrapper/hw
TRACE::2025-04-09.15:27:53::SCWPlatform:: Platform Path D:/School/UIUC_ECE385_SP25/lab7_2/sdk/mb_lab7_1_wrapper/hw/mb_lab7_1_wrapper.xsa
TRACE::2025-04-09.15:27:53::SCWPlatform:: Unique name xilinx:::0.0
TRACE::2025-04-09.15:27:53::SCWPlatform::Trying to set the existing hwdb with name mb_lab7_1_wrapper_2
TRACE::2025-04-09.15:27:53::SCWPlatform::Opened existing hwdb mb_lab7_1_wrapper_2
TRACE::2025-04-09.15:27:53::SCWPlatform::Found the Hw Db part of the input DSA
TRACE::2025-04-09.15:27:53::SCWMssOS::Checking the sw design at  D:/School/UIUC_ECE385_SP25/lab7_2/sdk/mb_lab7_1_wrapper/microblaze_0/standalone_microblaze_0/bsp/system.mss
TRACE::2025-04-09.15:27:53::SCWMssOS::DEBUG:  swdes dump  D:/School/UIUC_ECE385_SP25/lab7_2/sdk/mb_lab7_1_wrapper/microblaze_0/standalone_microblaze_0/bsp/system.mss|system||

TRACE::2025-04-09.15:27:53::SCWMssOS::Sw design exists and opened at  D:/School/UIUC_ECE385_SP25/lab7_2/sdk/mb_lab7_1_wrapper/microblaze_0/standalone_microblaze_0/bsp/system.mss
TRACE::2025-04-09.15:27:53::SCWPlatform::Trying to open the hw design at D:/School/UIUC_ECE385_SP25/lab7_2/sdk/mb_lab7_1_wrapper/tempdsa/mb_lab7_1_wrapper.xsa
TRACE::2025-04-09.15:27:53::SCWPlatform::DSA given D:/School/UIUC_ECE385_SP25/lab7_2/sdk/mb_lab7_1_wrapper/tempdsa/mb_lab7_1_wrapper.xsa
TRACE::2025-04-09.15:27:53::SCWPlatform::DSA absoulate path D:/School/UIUC_ECE385_SP25/lab7_2/sdk/mb_lab7_1_wrapper/tempdsa/mb_lab7_1_wrapper.xsa
TRACE::2025-04-09.15:27:53::SCWPlatform::DSA directory D:/School/UIUC_ECE385_SP25/lab7_2/sdk/mb_lab7_1_wrapper/tempdsa
TRACE::2025-04-09.15:27:53::SCWPlatform:: Platform Path D:/School/UIUC_ECE385_SP25/lab7_2/sdk/mb_lab7_1_wrapper/tempdsa/mb_lab7_1_wrapper.xsa
TRACE::2025-04-09.15:27:53::SCWPlatform:: Unique name xilinx:::0.0
TRACE::2025-04-09.15:27:53::SCWPlatform::update - Opened existing hwdb mb_lab7_1_wrapper_3
TRACE::2025-04-09.15:27:53::SCWPlatform::Found the Hw Db part of the input DSA
TRACE::2025-04-09.15:27:53::SCWMssOS::Saving the mss changes D:/School/UIUC_ECE385_SP25/lab7_2/sdk/mb_lab7_1_wrapper/microblaze_0/standalone_microblaze_0/bsp/system.mss
TRACE::2025-04-09.15:27:53::SCWMssOS::Found a swdesign opened with the mssfile.
TRACE::2025-04-09.15:27:53::SCWMssOS::Completed writemss as part of save.
TRACE::2025-04-09.15:27:53::SCWMssOS::Commit changes completed.
TRACE::2025-04-09.15:27:53::SCWMssOS::Completed hw sync for the mss in domain: standalone_microblaze_0
TRACE::2025-04-09.15:27:53::SCWMssOS::Removing the swdes entry for  D:/School/UIUC_ECE385_SP25/lab7_2/sdk/mb_lab7_1_wrapper/microblaze_0/standalone_microblaze_0/bsp/system.mss
TRACE::2025-04-09.15:27:53::SCWPlatform::Trying to open the hw design at D:/School/UIUC_ECE385_SP25/lab7_2/sdk/mb_lab7_1_wrapper/hw/mb_lab7_1_wrapper.xsa
TRACE::2025-04-09.15:27:53::SCWPlatform::DSA given D:/School/UIUC_ECE385_SP25/lab7_2/sdk/mb_lab7_1_wrapper/hw/mb_lab7_1_wrapper.xsa
TRACE::2025-04-09.15:27:53::SCWPlatform::DSA absoulate path D:/School/UIUC_ECE385_SP25/lab7_2/sdk/mb_lab7_1_wrapper/hw/mb_lab7_1_wrapper.xsa
TRACE::2025-04-09.15:27:53::SCWPlatform::DSA directory D:/School/UIUC_ECE385_SP25/lab7_2/sdk/mb_lab7_1_wrapper/hw
TRACE::2025-04-09.15:27:53::SCWPlatform:: Platform Path D:/School/UIUC_ECE385_SP25/lab7_2/sdk/mb_lab7_1_wrapper/hw/mb_lab7_1_wrapper.xsa
TRACE::2025-04-09.15:27:53::SCWPlatform:: Unique name xilinx:::0.0
TRACE::2025-04-09.15:27:53::SCWPlatform::Do not have an existing db opened. 
TRACE::2025-04-09.15:27:53::SCWPlatform::Opened new HwDB with name mb_lab7_1_wrapper_4
TRACE::2025-04-09.15:27:53::SCWMssOS::Saving the mss changes D:/School/UIUC_ECE385_SP25/lab7_2/sdk/mb_lab7_1_wrapper/microblaze_0/standalone_microblaze_0/bsp/system.mss
TRACE::2025-04-09.15:27:53::SCWMssOS::Adding the swdes entry, mss present, able to open swdb D:/School/UIUC_ECE385_SP25/lab7_2/sdk/mb_lab7_1_wrapper/microblaze_0/standalone_microblaze_0/bsp/system.mss with des name system
TRACE::2025-04-09.15:27:53::SCWMssOS::Writing the mss file completed D:/School/UIUC_ECE385_SP25/lab7_2/sdk/mb_lab7_1_wrapper/microblaze_0/standalone_microblaze_0/bsp/system.mss
TRACE::2025-04-09.15:27:53::SCWMssOS::Commit changes completed.
TRACE::2025-04-09.15:27:53::SCWPlatform::Trying to open the hw design at D:/School/UIUC_ECE385_SP25/lab7_2/sdk/mb_lab7_1_wrapper/hw/mb_lab7_1_wrapper.xsa
TRACE::2025-04-09.15:27:53::SCWPlatform::DSA given D:/School/UIUC_ECE385_SP25/lab7_2/sdk/mb_lab7_1_wrapper/hw/mb_lab7_1_wrapper.xsa
TRACE::2025-04-09.15:27:53::SCWPlatform::DSA absoulate path D:/School/UIUC_ECE385_SP25/lab7_2/sdk/mb_lab7_1_wrapper/hw/mb_lab7_1_wrapper.xsa
TRACE::2025-04-09.15:27:53::SCWPlatform::DSA directory D:/School/UIUC_ECE385_SP25/lab7_2/sdk/mb_lab7_1_wrapper/hw
TRACE::2025-04-09.15:27:53::SCWPlatform:: Platform Path D:/School/UIUC_ECE385_SP25/lab7_2/sdk/mb_lab7_1_wrapper/hw/mb_lab7_1_wrapper.xsa
TRACE::2025-04-09.15:27:53::SCWPlatform:: Unique name xilinx:::0.0
TRACE::2025-04-09.15:27:53::SCWPlatform::Trying to set the existing hwdb with name mb_lab7_1_wrapper_4
TRACE::2025-04-09.15:27:53::SCWPlatform::Opened existing hwdb mb_lab7_1_wrapper_4
TRACE::2025-04-09.15:27:53::SCWPlatform::Found the Hw Db part of the input DSA
TRACE::2025-04-09.15:27:53::SCWMssOS::Checking the sw design at  D:/School/UIUC_ECE385_SP25/lab7_2/sdk/mb_lab7_1_wrapper/microblaze_0/standalone_microblaze_0/bsp/system.mss
TRACE::2025-04-09.15:27:53::SCWMssOS::DEBUG:  swdes dump  D:/School/UIUC_ECE385_SP25/lab7_2/sdk/mb_lab7_1_wrapper/microblaze_0/standalone_microblaze_0/bsp/system.mss|system||

TRACE::2025-04-09.15:27:53::SCWMssOS::Sw design exists and opened at  D:/School/UIUC_ECE385_SP25/lab7_2/sdk/mb_lab7_1_wrapper/microblaze_0/standalone_microblaze_0/bsp/system.mss
TRACE::2025-04-09.15:27:53::SCWWriter::formatted JSON is {
	"platformName":	"mb_lab7_1_wrapper",
	"sprVersion":	"2.0",
	"mode":	"gui",
	"dsaType":	"Fixed",
	"platformDesc":	"mb_lab7_1_wrapper",
	"platHandOff":	"D:/School/UIUC_ECE385_SP25/lab7_2/mb_lab7_1_wrapper.xsa",
	"platIntHandOff":	"<platformDir>/hw/mb_lab7_1_wrapper.xsa",
	"deviceType":	"FPGA",
	"platIsPrebuiltAutogen":	"false",
	"platIsNoBootBsp":	"false",
	"hasFsblMakeHasChanges":	"false",
	"hasPmufwMakeHasChanges":	"false",
	"platPreBuiltFlag":	false,
	"platformSamplesDir":	"",
	"platActiveSys":	"mb_lab7_1_wrapper",
	"systems":	[{
			"systemName":	"mb_lab7_1_wrapper",
			"systemDesc":	"mb_lab7_1_wrapper",
			"sysIsBootAutoGen":	"true",
			"systemDispName":	"mb_lab7_1_wrapper",
			"sysActiveDom":	"standalone_microblaze_0",
			"sysDefaultDom":	"standalone_microblaze_0",
			"domains":	[{
					"domainName":	"standalone_microblaze_0",
					"domainDispName":	"standalone_microblaze_0",
					"domainDesc":	"standalone_microblaze_0",
					"processors":	"microblaze_0",
					"os":	"standalone",
					"sdxOs":	"standalone",
					"debugEnable":	"False",
					"domRuntimes":	["cpp"],
					"swRepo":	"",
					"mssOsVer":	"8.0",
					"mssFile":	"",
					"md5Digest":	"5422c1e5be4ae93f4de8c50507402f2a1",
					"compatibleApp":	"",
					"domType":	"mssDomain",
					"arch":	"32-bit",
					"appSettings":	{
						"appCompilerFlags":	"",
						"appLinkerFlags":	""
					},
					"addedLibs":	[],
					"libOptions":	{
						"libsContainingOptions":	[]
					},
					"prebuiltLibs":	{
						"prebuiltIncPath":	[],
						"prebuiltLibPath":	[]
					},
					"isolation":	{
					}
				}]
		}]
}
TRACE::2025-04-09.15:28:17::SCWMssOS::cleaning the bsp 
TRACE::2025-04-09.15:28:17::SCWMssOS::System Command Ran  D: & cd  D:/School/UIUC_ECE385_SP25/lab7_2/sdk/mb_lab7_1_wrapper/microblaze_0/standalone_microblaze_0/bsp & make clean 
TRACE::2025-04-09.15:28:17::SCWMssOS::make -C microblaze_0/libsrc/bram_v4_8/src -s clean 

TRACE::2025-04-09.15:28:17::SCWMssOS::make -C microblaze_0/libsrc/cpu_v2_16/src -s clean 

TRACE::2025-04-09.15:28:17::SCWMssOS::make -C microblaze_0/libsrc/hdmi_text_controller_v1_0/src -s clean 

TRACE::2025-04-09.15:28:17::SCWMssOS::make -C microblaze_0/libsrc/intc_v3_15/src -s clean 

TRACE::2025-04-09.15:28:17::SCWMssOS::make -C microblaze_0/libsrc/standalone_v8_0/src -s clean 

TRACE::2025-04-09.15:28:18::SCWMssOS::make -C microblaze_0/libsrc/uartlite_v3_7/src -s clean 

TRACE::2025-04-09.15:28:18::SCWMssOS::rm -f microblaze_0/lib/libxil.a

LOG::2025-04-09.15:28:19::SCWPlatform::Started generating the artifacts platform mb_lab7_1_wrapper
TRACE::2025-04-09.15:28:19::SCWPlatform::Sanity checking of platform is completed
LOG::2025-04-09.15:28:19::SCWPlatform::Started generating the artifacts for system configuration mb_lab7_1_wrapper
LOG::2025-04-09.15:28:19::SCWSystem::Checking the domain standalone_microblaze_0
LOG::2025-04-09.15:28:19::SCWSystem::Not a boot domain 
LOG::2025-04-09.15:28:19::SCWSystem::Started Processing the domain standalone_microblaze_0
TRACE::2025-04-09.15:28:19::SCWDomain::Generating domain artifcats
TRACE::2025-04-09.15:28:19::SCWMssOS::Generating standalone artifcats
TRACE::2025-04-09.15:28:19::SCWMssOS:: Copying the user libraries. 
TRACE::2025-04-09.15:28:19::SCWPlatform::Trying to open the hw design at D:/School/UIUC_ECE385_SP25/lab7_2/sdk/mb_lab7_1_wrapper/hw/mb_lab7_1_wrapper.xsa
TRACE::2025-04-09.15:28:19::SCWPlatform::DSA given D:/School/UIUC_ECE385_SP25/lab7_2/sdk/mb_lab7_1_wrapper/hw/mb_lab7_1_wrapper.xsa
TRACE::2025-04-09.15:28:19::SCWPlatform::DSA absoulate path D:/School/UIUC_ECE385_SP25/lab7_2/sdk/mb_lab7_1_wrapper/hw/mb_lab7_1_wrapper.xsa
TRACE::2025-04-09.15:28:19::SCWPlatform::DSA directory D:/School/UIUC_ECE385_SP25/lab7_2/sdk/mb_lab7_1_wrapper/hw
TRACE::2025-04-09.15:28:19::SCWPlatform:: Platform Path D:/School/UIUC_ECE385_SP25/lab7_2/sdk/mb_lab7_1_wrapper/hw/mb_lab7_1_wrapper.xsa
TRACE::2025-04-09.15:28:19::SCWPlatform:: Unique name xilinx:::0.0
TRACE::2025-04-09.15:28:19::SCWPlatform::Trying to set the existing hwdb with name mb_lab7_1_wrapper_4
TRACE::2025-04-09.15:28:19::SCWPlatform::Opened existing hwdb mb_lab7_1_wrapper_4
TRACE::2025-04-09.15:28:19::SCWPlatform::Found the Hw Db part of the input DSA
TRACE::2025-04-09.15:28:19::SCWMssOS::Checking the sw design at  D:/School/UIUC_ECE385_SP25/lab7_2/sdk/mb_lab7_1_wrapper/microblaze_0/standalone_microblaze_0/bsp/system.mss
TRACE::2025-04-09.15:28:19::SCWMssOS::DEBUG:  swdes dump  D:/School/UIUC_ECE385_SP25/lab7_2/sdk/mb_lab7_1_wrapper/microblaze_0/standalone_microblaze_0/bsp/system.mss|system||

TRACE::2025-04-09.15:28:19::SCWMssOS::Sw design exists and opened at  D:/School/UIUC_ECE385_SP25/lab7_2/sdk/mb_lab7_1_wrapper/microblaze_0/standalone_microblaze_0/bsp/system.mss
TRACE::2025-04-09.15:28:19::SCWMssOS::Completed writing the mss file at D:/School/UIUC_ECE385_SP25/lab7_2/sdk/mb_lab7_1_wrapper/microblaze_0/standalone_microblaze_0/bsp
TRACE::2025-04-09.15:28:19::SCWMssOS::Mss edits present, copying mssfile into export location D:/School/UIUC_ECE385_SP25/lab7_2/sdk/mb_lab7_1_wrapper/microblaze_0/standalone_microblaze_0/bsp/system.mss
TRACE::2025-04-09.15:28:20::SCWMssOS::bsp generated is stale removing and regenerating. 
TRACE::2025-04-09.15:28:20::SCWMssOS::doing bsp build ... 
TRACE::2025-04-09.15:28:20::SCWMssOS::System Command Ran  D: & cd  D:/School/UIUC_ECE385_SP25/lab7_2/sdk/mb_lab7_1_wrapper/microblaze_0/standalone_microblaze_0/bsp & make 
TRACE::2025-04-09.15:28:20::SCWMssOS::make --no-print-directory seq_libs

TRACE::2025-04-09.15:28:20::SCWMssOS::"Running Make include in microblaze_0/libsrc/bram_v4_8/src"

TRACE::2025-04-09.15:28:20::SCWMssOS::make -C microblaze_0/libsrc/bram_v4_8/src -s include  "SHELL=CMD" "COMPILER=mb-gcc" "ASSEMBLER=mb-as" "ARCHIVER=mb-ar" "COMPILE
TRACE::2025-04-09.15:28:20::SCWMssOS::R_FLAGS=  -O2 -c -mcpu=v11.0 -mlittle-endian -mno-xl-reorder -mno-xl-soft-mul -mxl-barrel-shift -mxl-pattern-compare" "EXTRA_CO
TRACE::2025-04-09.15:28:20::SCWMssOS::MPILER_FLAGS=-g -ffunction-sections -fdata-sections -Wall -Wextra -fno-tree-loop-distribute-patterns"

TRACE::2025-04-09.15:28:20::SCWMssOS::"Running Make include in microblaze_0/libsrc/cpu_v2_16/src"

TRACE::2025-04-09.15:28:20::SCWMssOS::make -C microblaze_0/libsrc/cpu_v2_16/src -s include  "SHELL=CMD" "COMPILER=mb-gcc" "ASSEMBLER=mb-as" "ARCHIVER=mb-ar" "COMPILE
TRACE::2025-04-09.15:28:20::SCWMssOS::R_FLAGS=  -O2 -c -mcpu=v11.0 -mlittle-endian -mno-xl-reorder -mno-xl-soft-mul -mxl-barrel-shift -mxl-pattern-compare" "EXTRA_CO
TRACE::2025-04-09.15:28:20::SCWMssOS::MPILER_FLAGS=-g -ffunction-sections -fdata-sections -Wall -Wextra -fno-tree-loop-distribute-patterns"

TRACE::2025-04-09.15:28:20::SCWMssOS::"Running Make include in microblaze_0/libsrc/hdmi_text_controller_v1_0/src"

TRACE::2025-04-09.15:28:20::SCWMssOS::make -C microblaze_0/libsrc/hdmi_text_controller_v1_0/src -s include  "SHELL=CMD" "COMPILER=mb-gcc" "ASSEMBLER=mb-as" "ARCHIVER
TRACE::2025-04-09.15:28:20::SCWMssOS::=mb-ar" "COMPILER_FLAGS=  -O2 -c -mcpu=v11.0 -mlittle-endian -mno-xl-reorder -mno-xl-soft-mul -mxl-barrel-shift -mxl-pattern-co
TRACE::2025-04-09.15:28:20::SCWMssOS::mpare" "EXTRA_COMPILER_FLAGS=-g -ffunction-sections -fdata-sections -Wall -Wextra -fno-tree-loop-distribute-patterns"

TRACE::2025-04-09.15:28:21::SCWMssOS::"Running Make include in microblaze_0/libsrc/intc_v3_15/src"

TRACE::2025-04-09.15:28:21::SCWMssOS::make -C microblaze_0/libsrc/intc_v3_15/src -s include  "SHELL=CMD" "COMPILER=mb-gcc" "ASSEMBLER=mb-as" "ARCHIVER=mb-ar" "COMPIL
TRACE::2025-04-09.15:28:21::SCWMssOS::ER_FLAGS=  -O2 -c -mcpu=v11.0 -mlittle-endian -mno-xl-reorder -mno-xl-soft-mul -mxl-barrel-shift -mxl-pattern-compare" "EXTRA_C
TRACE::2025-04-09.15:28:21::SCWMssOS::OMPILER_FLAGS=-g -ffunction-sections -fdata-sections -Wall -Wextra -fno-tree-loop-distribute-patterns"

TRACE::2025-04-09.15:28:21::SCWMssOS::"Running Make include in microblaze_0/libsrc/standalone_v8_0/src"

TRACE::2025-04-09.15:28:21::SCWMssOS::make -C microblaze_0/libsrc/standalone_v8_0/src -s include  "SHELL=CMD" "COMPILER=mb-gcc" "ASSEMBLER=mb-as" "ARCHIVER=mb-ar" "C
TRACE::2025-04-09.15:28:21::SCWMssOS::OMPILER_FLAGS=  -O2 -c -mcpu=v11.0 -mlittle-endian -mno-xl-reorder -mno-xl-soft-mul -mxl-barrel-shift -mxl-pattern-compare" "EX
TRACE::2025-04-09.15:28:21::SCWMssOS::TRA_COMPILER_FLAGS=-g -ffunction-sections -fdata-sections -Wall -Wextra -fno-tree-loop-distribute-patterns"

TRACE::2025-04-09.15:28:21::SCWMssOS::"Running Make include in microblaze_0/libsrc/uartlite_v3_7/src"

TRACE::2025-04-09.15:28:21::SCWMssOS::make -C microblaze_0/libsrc/uartlite_v3_7/src -s include  "SHELL=CMD" "COMPILER=mb-gcc" "ASSEMBLER=mb-as" "ARCHIVER=mb-ar" "COM
TRACE::2025-04-09.15:28:21::SCWMssOS::PILER_FLAGS=  -O2 -c -mcpu=v11.0 -mlittle-endian -mno-xl-reorder -mno-xl-soft-mul -mxl-barrel-shift -mxl-pattern-compare" "EXTR
TRACE::2025-04-09.15:28:21::SCWMssOS::A_COMPILER_FLAGS=-g -ffunction-sections -fdata-sections -Wall -Wextra -fno-tree-loop-distribute-patterns"

TRACE::2025-04-09.15:28:21::SCWMssOS::"Running Make libs in microblaze_0/libsrc/hdmi_text_controller_v1_0/src"

TRACE::2025-04-09.15:28:21::SCWMssOS::make -C microblaze_0/libsrc/hdmi_text_controller_v1_0/src -s libs  "SHELL=CMD" "COMPILER=mb-gcc" "ASSEMBLER=mb-as" "ARCHIVER=mb
TRACE::2025-04-09.15:28:21::SCWMssOS::-ar" "COMPILER_FLAGS=  -O2 -c -mcpu=v11.0 -mlittle-endian -mno-xl-reorder -mno-xl-soft-mul -mxl-barrel-shift -mxl-pattern-compa
TRACE::2025-04-09.15:28:21::SCWMssOS::re" "EXTRA_COMPILER_FLAGS=-g -ffunction-sections -fdata-sections -Wall -Wextra -fno-tree-loop-distribute-patterns"

TRACE::2025-04-09.15:28:21::SCWMssOS::"Compiling hdmi_text_controller..."

TRACE::2025-04-09.15:28:21::SCWMssOS::'Finished building libraries sequentially.'

TRACE::2025-04-09.15:28:21::SCWMssOS::make -j 10 --no-print-directory par_libs

TRACE::2025-04-09.15:28:21::SCWMssOS::"Running Make include in microblaze_0/libsrc/bram_v4_8/src"

TRACE::2025-04-09.15:28:21::SCWMssOS::make -C microblaze_0/libsrc/bram_v4_8/src -s include  "SHELL=CMD" "COMPILER=mb-gcc" "ASSEMBLER=mb-as" "ARCHIVER=mb-ar" "COMPILE
TRACE::2025-04-09.15:28:21::SCWMssOS::R_FLAGS=  -O2 -c -mcpu=v11.0 -mlittle-endian -mno-xl-reorder -mno-xl-soft-mul -mxl-barrel-shift -mxl-pattern-compare" "EXTRA_CO
TRACE::2025-04-09.15:28:21::SCWMssOS::MPILER_FLAGS=-g -ffunction-sections -fdata-sections -Wall -Wextra -fno-tree-loop-distribute-patterns"

TRACE::2025-04-09.15:28:21::SCWMssOS::"Running Make include in microblaze_0/libsrc/cpu_v2_16/src"

TRACE::2025-04-09.15:28:22::SCWMssOS::make -C microblaze_0/libsrc/cpu_v2_16/src -s include  "SHELL=CMD" "COMPILER=mb-gcc" "ASSEMBLER=mb-as" "ARCHIVER=mb-ar" "COMPILE
TRACE::2025-04-09.15:28:22::SCWMssOS::R_FLAGS=  -O2 -c -mcpu=v11.0 -mlittle-endian -mno-xl-reorder -mno-xl-soft-mul -mxl-barrel-shift -mxl-pattern-compare" "EXTRA_CO
TRACE::2025-04-09.15:28:22::SCWMssOS::MPILER_FLAGS=-g -ffunction-sections -fdata-sections -Wall -Wextra -fno-tree-loop-distribute-patterns"

TRACE::2025-04-09.15:28:22::SCWMssOS::"Running Make include in microblaze_0/libsrc/hdmi_text_controller_v1_0/src"

TRACE::2025-04-09.15:28:22::SCWMssOS::make -C microblaze_0/libsrc/hdmi_text_controller_v1_0/src -s include  "SHELL=CMD" "COMPILER=mb-gcc" "ASSEMBLER=mb-as" "ARCHIVER
TRACE::2025-04-09.15:28:22::SCWMssOS::=mb-ar" "COMPILER_FLAGS=  -O2 -c -mcpu=v11.0 -mlittle-endian -mno-xl-reorder -mno-xl-soft-mul -mxl-barrel-shift -mxl-pattern-co
TRACE::2025-04-09.15:28:22::SCWMssOS::mpare" "EXTRA_COMPILER_FLAGS=-g -ffunction-sections -fdata-sections -Wall -Wextra -fno-tree-loop-distribute-patterns"

TRACE::2025-04-09.15:28:22::SCWMssOS::"Running Make include in microblaze_0/libsrc/intc_v3_15/src"

TRACE::2025-04-09.15:28:22::SCWMssOS::make -C microblaze_0/libsrc/intc_v3_15/src -s include  "SHELL=CMD" "COMPILER=mb-gcc" "ASSEMBLER=mb-as" "ARCHIVER=mb-ar" "COMPIL
TRACE::2025-04-09.15:28:22::SCWMssOS::ER_FLAGS=  -O2 -c -mcpu=v11.0 -mlittle-endian -mno-xl-reorder -mno-xl-soft-mul -mxl-barrel-shift -mxl-pattern-compare" "EXTRA_C
TRACE::2025-04-09.15:28:22::SCWMssOS::OMPILER_FLAGS=-g -ffunction-sections -fdata-sections -Wall -Wextra -fno-tree-loop-distribute-patterns"

TRACE::2025-04-09.15:28:22::SCWMssOS::"Running Make include in microblaze_0/libsrc/standalone_v8_0/src"

TRACE::2025-04-09.15:28:22::SCWMssOS::make -C microblaze_0/libsrc/standalone_v8_0/src -s include  "SHELL=CMD" "COMPILER=mb-gcc" "ASSEMBLER=mb-as" "ARCHIVER=mb-ar" "C
TRACE::2025-04-09.15:28:22::SCWMssOS::OMPILER_FLAGS=  -O2 -c -mcpu=v11.0 -mlittle-endian -mno-xl-reorder -mno-xl-soft-mul -mxl-barrel-shift -mxl-pattern-compare" "EX
TRACE::2025-04-09.15:28:22::SCWMssOS::TRA_COMPILER_FLAGS=-g -ffunction-sections -fdata-sections -Wall -Wextra -fno-tree-loop-distribute-patterns"

TRACE::2025-04-09.15:28:22::SCWMssOS::"Running Make include in microblaze_0/libsrc/uartlite_v3_7/src"

TRACE::2025-04-09.15:28:22::SCWMssOS::make -C microblaze_0/libsrc/uartlite_v3_7/src -s include  "SHELL=CMD" "COMPILER=mb-gcc" "ASSEMBLER=mb-as" "ARCHIVER=mb-ar" "COM
TRACE::2025-04-09.15:28:22::SCWMssOS::PILER_FLAGS=  -O2 -c -mcpu=v11.0 -mlittle-endian -mno-xl-reorder -mno-xl-soft-mul -mxl-barrel-shift -mxl-pattern-compare" "EXTR
TRACE::2025-04-09.15:28:22::SCWMssOS::A_COMPILER_FLAGS=-g -ffunction-sections -fdata-sections -Wall -Wextra -fno-tree-loop-distribute-patterns"

TRACE::2025-04-09.15:28:22::SCWMssOS::"Running Make libs in microblaze_0/libsrc/bram_v4_8/src"

TRACE::2025-04-09.15:28:22::SCWMssOS::make -C microblaze_0/libsrc/bram_v4_8/src -s libs  "SHELL=CMD" "COMPILER=mb-gcc" "ASSEMBLER=mb-as" "ARCHIVER=mb-ar" "COMPILER_F
TRACE::2025-04-09.15:28:22::SCWMssOS::LAGS=  -O2 -c -mcpu=v11.0 -mlittle-endian -mno-xl-reorder -mno-xl-soft-mul -mxl-barrel-shift -mxl-pattern-compare" "EXTRA_COMPI
TRACE::2025-04-09.15:28:22::SCWMssOS::LER_FLAGS=-g -ffunction-sections -fdata-sections -Wall -Wextra -fno-tree-loop-distribute-patterns"

TRACE::2025-04-09.15:28:22::SCWMssOS::"Running Make libs in microblaze_0/libsrc/cpu_v2_16/src"

TRACE::2025-04-09.15:28:22::SCWMssOS::make -C microblaze_0/libsrc/cpu_v2_16/src -s libs  "SHELL=CMD" "COMPILER=mb-gcc" "ASSEMBLER=mb-as" "ARCHIVER=mb-ar" "COMPILER_F
TRACE::2025-04-09.15:28:22::SCWMssOS::LAGS=  -O2 -c -mcpu=v11.0 -mlittle-endian -mno-xl-reorder -mno-xl-soft-mul -mxl-barrel-shift -mxl-pattern-compare" "EXTRA_COMPI
TRACE::2025-04-09.15:28:22::SCWMssOS::LER_FLAGS=-g -ffunction-sections -fdata-sections -Wall -Wextra -fno-tree-loop-distribute-patterns"

TRACE::2025-04-09.15:28:22::SCWMssOS::"Running Make libs in microblaze_0/libsrc/intc_v3_15/src"

TRACE::2025-04-09.15:28:22::SCWMssOS::make -C microblaze_0/libsrc/intc_v3_15/src -s libs  "SHELL=CMD" "COMPILER=mb-gcc" "ASSEMBLER=mb-as" "ARCHIVER=mb-ar" "COMPILER_
TRACE::2025-04-09.15:28:22::SCWMssOS::FLAGS=  -O2 -c -mcpu=v11.0 -mlittle-endian -mno-xl-reorder -mno-xl-soft-mul -mxl-barrel-shift -mxl-pattern-compare" "EXTRA_COMP
TRACE::2025-04-09.15:28:22::SCWMssOS::ILER_FLAGS=-g -ffunction-sections -fdata-sections -Wall -Wextra -fno-tree-loop-distribute-patterns"

TRACE::2025-04-09.15:28:22::SCWMssOS::"Running Make libs in microblaze_0/libsrc/standalone_v8_0/src"

TRACE::2025-04-09.15:28:22::SCWMssOS::make -C microblaze_0/libsrc/standalone_v8_0/src -s libs  "SHELL=CMD" "COMPILER=mb-gcc" "ASSEMBLER=mb-as" "ARCHIVER=mb-ar" "COMP
TRACE::2025-04-09.15:28:22::SCWMssOS::ILER_FLAGS=  -O2 -c -mcpu=v11.0 -mlittle-endian -mno-xl-reorder -mno-xl-soft-mul -mxl-barrel-shift -mxl-pattern-compare" "EXTRA
TRACE::2025-04-09.15:28:22::SCWMssOS::_COMPILER_FLAGS=-g -ffunction-sections -fdata-sections -Wall -Wextra -fno-tree-loop-distribute-patterns"

TRACE::2025-04-09.15:28:22::SCWMssOS::"Running Make libs in microblaze_0/libsrc/uartlite_v3_7/src"

TRACE::2025-04-09.15:28:22::SCWMssOS::make -C microblaze_0/libsrc/uartlite_v3_7/src -s libs  "SHELL=CMD" "COMPILER=mb-gcc" "ASSEMBLER=mb-as" "ARCHIVER=mb-ar" "COMPIL
TRACE::2025-04-09.15:28:22::SCWMssOS::ER_FLAGS=  -O2 -c -mcpu=v11.0 -mlittle-endian -mno-xl-reorder -mno-xl-soft-mul -mxl-barrel-shift -mxl-pattern-compare" "EXTRA_C
TRACE::2025-04-09.15:28:22::SCWMssOS::OMPILER_FLAGS=-g -ffunction-sections -fdata-sections -Wall -Wextra -fno-tree-loop-distribute-patterns"

TRACE::2025-04-09.15:28:23::SCWMssOS::"DEBUG NON_LTO_OBJECTS is ../../../lib/microblaze_interrupt_handler.o"

TRACE::2025-04-09.15:28:23::SCWMssOS::'Finished building libraries parallelly.'

TRACE::2025-04-09.15:28:23::SCWMssOS::make --no-print-directory archive

TRACE::2025-04-09.15:28:23::SCWMssOS::mb-ar -r  microblaze_0/lib/libxil.a microblaze_0/lib/_exit.o microblaze_0/lib/errno.o microblaze_0/lib/fcntl.o microblaze_0/lib
TRACE::2025-04-09.15:28:23::SCWMssOS::/hw_exception_handler.o microblaze_0/lib/inbyte.o microblaze_0/lib/microblaze_disable_dcache.o microblaze_0/lib/microblaze_disa
TRACE::2025-04-09.15:28:23::SCWMssOS::ble_exceptions.o microblaze_0/lib/microblaze_disable_icache.o microblaze_0/lib/microblaze_disable_interrupts.o microblaze_0/lib
TRACE::2025-04-09.15:28:23::SCWMssOS::/microblaze_enable_dcache.o microblaze_0/lib/microblaze_enable_exceptions.o microblaze_0/lib/microblaze_enable_icache.o microbl
TRACE::2025-04-09.15:28:23::SCWMssOS::aze_0/lib/microblaze_enable_interrupts.o microblaze_0/lib/microblaze_exception_handler.o microblaze_0/lib/microblaze_flush_cach
TRACE::2025-04-09.15:28:23::SCWMssOS::e_ext.o microblaze_0/lib/microblaze_flush_cache_ext_range.o microblaze_0/lib/microblaze_flush_dcache.o microblaze_0/lib/microbl
TRACE::2025-04-09.15:28:23::SCWMssOS::aze_flush_dcache_range.o microblaze_0/lib/microblaze_init_dcache_range.o microblaze_0/lib/microblaze_init_icache_range.o microb
TRACE::2025-04-09.15:28:23::SCWMssOS::laze_0/lib/microblaze_interrupt_handler.o microblaze_0/lib/microblaze_interrupts_g.o microblaze_0/lib/microblaze_invalidate_cac
TRACE::2025-04-09.15:28:23::SCWMssOS::he_ext.o microblaze_0/lib/microblaze_invalidate_cache_ext_range.o microblaze_0/lib/microblaze_invalidate_dcache.o microblaze_0/
TRACE::2025-04-09.15:28:23::SCWMssOS::lib/microblaze_invalidate_dcache_range.o microblaze_0/lib/microblaze_invalidate_icache.o microblaze_0/lib/microblaze_invalidate
TRACE::2025-04-09.15:28:23::SCWMssOS::_icache_range.o microblaze_0/lib/microblaze_scrub.o microblaze_0/lib/microblaze_selftest.o microblaze_0/lib/microblaze_sleep.o 
TRACE::2025-04-09.15:28:23::SCWMssOS::microblaze_0/lib/microblaze_update_dcache.o microblaze_0/lib/microblaze_update_icache.o microblaze_0/lib/outbyte.o microblaze_0
TRACE::2025-04-09.15:28:23::SCWMssOS::/lib/print.o microblaze_0/lib/pvr.o microblaze_0/lib/xbram.o microblaze_0/lib/xbram_g.o microblaze_0/lib/xbram_intr.o microblaz
TRACE::2025-04-09.15:28:23::SCWMssOS::e_0/lib/xbram_selftest.o microblaze_0/lib/xbram_sinit.o microblaze_0/lib/xil_assert.o microblaze_0/lib/xil_cache.o microblaze_0
TRACE::2025-04-09.15:28:23::SCWMssOS::/lib/xil_clocking.o microblaze_0/lib/xil_exception.o microblaze_0/lib/xil_mem.o microblaze_0/lib/xil_misc_psreset_api.o microbl
TRACE::2025-04-09.15:28:23::SCWMssOS::aze_0/lib/xil_printf.o microblaze_0/lib/xil_sleepcommon.o microblaze_0/lib/xil_testcache.o microblaze_0/lib/xil_testio.o microb
TRACE::2025-04-09.15:28:23::SCWMssOS::laze_0/lib/xil_testmem.o microblaze_0/lib/xil_util.o microblaze_0/lib/xintc.o microblaze_0/lib/xintc_g.o microblaze_0/lib/xintc
TRACE::2025-04-09.15:28:23::SCWMssOS::_intr.o microblaze_0/lib/xintc_l.o microblaze_0/lib/xintc_options.o microblaze_0/lib/xintc_selftest.o microblaze_0/lib/xinterru
TRACE::2025-04-09.15:28:23::SCWMssOS::pt_wrap.o microblaze_0/lib/xio.o microblaze_0/lib/xplatform_info.o microblaze_0/lib/xuartlite.o microblaze_0/lib/xuartlite_g.o 
TRACE::2025-04-09.15:28:23::SCWMssOS::microblaze_0/lib/xuartlite_intr.o microblaze_0/lib/xuartlite_l.o microblaze_0/lib/xuartlite_selftest.o microblaze_0/lib/xuartli
TRACE::2025-04-09.15:28:23::SCWMssOS::te_sinit.o microblaze_0/lib/xuartlite_stats.o

TRACE::2025-04-09.15:28:23::SCWMssOS::'Finished building libraries'

TRACE::2025-04-09.15:28:23::SCWMssOS:: Checking if to create the Supporting Applications
TRACE::2025-04-09.15:28:23::SCWMssOS:: No Linux domain exists, trying to generate FSBL 
LOG::2025-04-09.15:28:23::SCWSystem::Completed Processing the domain standalone_microblaze_0
LOG::2025-04-09.15:28:23::SCWSystem::Completed Processing the sysconfig mb_lab7_1_wrapper
LOG::2025-04-09.15:28:23::SCWPlatform::Completed generating the artifacts for system configuration mb_lab7_1_wrapper
TRACE::2025-04-09.15:28:23::SCWPlatform::Started preparing the platform 
TRACE::2025-04-09.15:28:23::SCWSystem::Writing the bif file for system config mb_lab7_1_wrapper
TRACE::2025-04-09.15:28:23::SCWSystem::dir created 
TRACE::2025-04-09.15:28:23::SCWSystem::Writing the bif 
TRACE::2025-04-09.15:28:23::SCWPlatform::Started writing the spfm file 
TRACE::2025-04-09.15:28:23::SCWPlatform::Started writing the xpfm file 
TRACE::2025-04-09.15:28:23::SCWPlatform::Completed generating the platform
TRACE::2025-04-09.15:28:23::SCWMssOS::Saving the mss changes D:/School/UIUC_ECE385_SP25/lab7_2/sdk/mb_lab7_1_wrapper/microblaze_0/standalone_microblaze_0/bsp/system.mss
TRACE::2025-04-09.15:28:23::SCWMssOS::Adding the swdes entry, mss present, able to open swdb D:/School/UIUC_ECE385_SP25/lab7_2/sdk/mb_lab7_1_wrapper/microblaze_0/standalone_microblaze_0/bsp/system.mss with des name system
TRACE::2025-04-09.15:28:23::SCWMssOS::Writing the mss file completed D:/School/UIUC_ECE385_SP25/lab7_2/sdk/mb_lab7_1_wrapper/microblaze_0/standalone_microblaze_0/bsp/system.mss
TRACE::2025-04-09.15:28:23::SCWMssOS::Commit changes completed.
TRACE::2025-04-09.15:28:23::SCWPlatform::Trying to open the hw design at D:/School/UIUC_ECE385_SP25/lab7_2/sdk/mb_lab7_1_wrapper/hw/mb_lab7_1_wrapper.xsa
TRACE::2025-04-09.15:28:23::SCWPlatform::DSA given D:/School/UIUC_ECE385_SP25/lab7_2/sdk/mb_lab7_1_wrapper/hw/mb_lab7_1_wrapper.xsa
TRACE::2025-04-09.15:28:23::SCWPlatform::DSA absoulate path D:/School/UIUC_ECE385_SP25/lab7_2/sdk/mb_lab7_1_wrapper/hw/mb_lab7_1_wrapper.xsa
TRACE::2025-04-09.15:28:23::SCWPlatform::DSA directory D:/School/UIUC_ECE385_SP25/lab7_2/sdk/mb_lab7_1_wrapper/hw
TRACE::2025-04-09.15:28:23::SCWPlatform:: Platform Path D:/School/UIUC_ECE385_SP25/lab7_2/sdk/mb_lab7_1_wrapper/hw/mb_lab7_1_wrapper.xsa
TRACE::2025-04-09.15:28:23::SCWPlatform:: Unique name xilinx:::0.0
TRACE::2025-04-09.15:28:23::SCWPlatform::Trying to set the existing hwdb with name mb_lab7_1_wrapper_4
TRACE::2025-04-09.15:28:23::SCWPlatform::Opened existing hwdb mb_lab7_1_wrapper_4
TRACE::2025-04-09.15:28:23::SCWPlatform::Found the Hw Db part of the input DSA
TRACE::2025-04-09.15:28:23::SCWMssOS::Checking the sw design at  D:/School/UIUC_ECE385_SP25/lab7_2/sdk/mb_lab7_1_wrapper/microblaze_0/standalone_microblaze_0/bsp/system.mss
TRACE::2025-04-09.15:28:23::SCWMssOS::DEBUG:  swdes dump  D:/School/UIUC_ECE385_SP25/lab7_2/sdk/mb_lab7_1_wrapper/microblaze_0/standalone_microblaze_0/bsp/system.mss|system||

TRACE::2025-04-09.15:28:23::SCWMssOS::Sw design exists and opened at  D:/School/UIUC_ECE385_SP25/lab7_2/sdk/mb_lab7_1_wrapper/microblaze_0/standalone_microblaze_0/bsp/system.mss
TRACE::2025-04-09.15:28:23::SCWWriter::formatted JSON is {
	"platformName":	"mb_lab7_1_wrapper",
	"sprVersion":	"2.0",
	"mode":	"gui",
	"dsaType":	"Fixed",
	"platformDesc":	"mb_lab7_1_wrapper",
	"platHandOff":	"D:/School/UIUC_ECE385_SP25/lab7_2/mb_lab7_1_wrapper.xsa",
	"platIntHandOff":	"<platformDir>/hw/mb_lab7_1_wrapper.xsa",
	"deviceType":	"FPGA",
	"platIsPrebuiltAutogen":	"false",
	"platIsNoBootBsp":	"false",
	"hasFsblMakeHasChanges":	"false",
	"hasPmufwMakeHasChanges":	"false",
	"platPreBuiltFlag":	false,
	"platformSamplesDir":	"",
	"platActiveSys":	"mb_lab7_1_wrapper",
	"systems":	[{
			"systemName":	"mb_lab7_1_wrapper",
			"systemDesc":	"mb_lab7_1_wrapper",
			"sysIsBootAutoGen":	"true",
			"systemDispName":	"mb_lab7_1_wrapper",
			"sysActiveDom":	"standalone_microblaze_0",
			"sysDefaultDom":	"standalone_microblaze_0",
			"domains":	[{
					"domainName":	"standalone_microblaze_0",
					"domainDispName":	"standalone_microblaze_0",
					"domainDesc":	"standalone_microblaze_0",
					"processors":	"microblaze_0",
					"os":	"standalone",
					"sdxOs":	"standalone",
					"debugEnable":	"False",
					"domRuntimes":	["cpp"],
					"swRepo":	"",
					"mssOsVer":	"8.0",
					"mssFile":	"",
					"md5Digest":	"5422c1e5be4ae93f4de8c50507402f2a",
					"compatibleApp":	"",
					"domType":	"mssDomain",
					"arch":	"32-bit",
					"appSettings":	{
						"appCompilerFlags":	"",
						"appLinkerFlags":	""
					},
					"addedLibs":	[],
					"libOptions":	{
						"libsContainingOptions":	[]
					},
					"prebuiltLibs":	{
						"prebuiltIncPath":	[],
						"prebuiltLibPath":	[]
					},
					"isolation":	{
					}
				}]
		}]
}
KEYINFO::2025-04-09.15:28:23::SCWPlatform::updated the xpfm file.
TRACE::2025-04-09.15:28:23::SCWPlatform::Trying to open the hw design at D:/School/UIUC_ECE385_SP25/lab7_2/sdk/mb_lab7_1_wrapper/hw/mb_lab7_1_wrapper.xsa
TRACE::2025-04-09.15:28:23::SCWPlatform::DSA given D:/School/UIUC_ECE385_SP25/lab7_2/sdk/mb_lab7_1_wrapper/hw/mb_lab7_1_wrapper.xsa
TRACE::2025-04-09.15:28:23::SCWPlatform::DSA absoulate path D:/School/UIUC_ECE385_SP25/lab7_2/sdk/mb_lab7_1_wrapper/hw/mb_lab7_1_wrapper.xsa
TRACE::2025-04-09.15:28:23::SCWPlatform::DSA directory D:/School/UIUC_ECE385_SP25/lab7_2/sdk/mb_lab7_1_wrapper/hw
TRACE::2025-04-09.15:28:23::SCWPlatform:: Platform Path D:/School/UIUC_ECE385_SP25/lab7_2/sdk/mb_lab7_1_wrapper/hw/mb_lab7_1_wrapper.xsa
TRACE::2025-04-09.15:28:23::SCWPlatform:: Unique name xilinx:::0.0
TRACE::2025-04-09.15:28:23::SCWPlatform::Trying to set the existing hwdb with name mb_lab7_1_wrapper_4
TRACE::2025-04-09.15:28:23::SCWPlatform::Opened existing hwdb mb_lab7_1_wrapper_4
TRACE::2025-04-09.15:28:23::SCWPlatform::Found the Hw Db part of the input DSA
TRACE::2025-04-09.15:28:23::SCWMssOS::Checking the sw design at  D:/School/UIUC_ECE385_SP25/lab7_2/sdk/mb_lab7_1_wrapper/microblaze_0/standalone_microblaze_0/bsp/system.mss
TRACE::2025-04-09.15:28:23::SCWMssOS::DEBUG:  swdes dump  D:/School/UIUC_ECE385_SP25/lab7_2/sdk/mb_lab7_1_wrapper/microblaze_0/standalone_microblaze_0/bsp/system.mss|system||

TRACE::2025-04-09.15:28:23::SCWMssOS::Sw design exists and opened at  D:/School/UIUC_ECE385_SP25/lab7_2/sdk/mb_lab7_1_wrapper/microblaze_0/standalone_microblaze_0/bsp/system.mss
TRACE::2025-04-09.15:53:14::SCWPlatform::Clearing the existing platform
TRACE::2025-04-09.15:53:14::SCWSystem::Clearing the existing sysconfig
TRACE::2025-04-09.15:53:14::SCWMssOS::Removing the swdes entry for  D:/School/UIUC_ECE385_SP25/lab7_2/sdk/mb_lab7_1_wrapper/microblaze_0/standalone_microblaze_0/bsp/system.mss
TRACE::2025-04-09.15:53:14::SCWSystem::Clearing the domains completed.
TRACE::2025-04-09.15:53:14::SCWPlatform::Clearing the opened hw db.
TRACE::2025-04-09.15:53:14::SCWPlatform::DSA given D:/School/UIUC_ECE385_SP25/lab7_2/sdk/mb_lab7_1_wrapper/hw/mb_lab7_1_wrapper.xsa
TRACE::2025-04-09.15:53:14::SCWPlatform::DSA absoulate path D:/School/UIUC_ECE385_SP25/lab7_2/sdk/mb_lab7_1_wrapper/hw/mb_lab7_1_wrapper.xsa
TRACE::2025-04-09.15:53:14::SCWPlatform:: Platform location is D:/School/UIUC_ECE385_SP25/lab7_2/sdk/mb_lab7_1_wrapper/hw
TRACE::2025-04-09.15:53:14::SCWPlatform:: Platform Path D:/School/UIUC_ECE385_SP25/lab7_2/sdk/mb_lab7_1_wrapper/hw/mb_lab7_1_wrapper.xsa
TRACE::2025-04-09.15:53:14::SCWPlatform:: Unique name xilinx:::0.0
TRACE::2025-04-09.15:53:14::SCWPlatform::Removing the HwDB with name D:/School/UIUC_ECE385_SP25/lab7_2/sdk/mb_lab7_1_wrapper/hw/mb_lab7_1_wrapper.xsa
TRACE::2025-04-09.15:53:14::SCWPlatform::Trying to open the hw design at D:/School/UIUC_ECE385_SP25/lab7_2/sdk/mb_lab7_1_wrapper/hw/mb_lab7_1_wrapper.xsa
TRACE::2025-04-09.15:53:14::SCWPlatform::DSA given D:/School/UIUC_ECE385_SP25/lab7_2/sdk/mb_lab7_1_wrapper/hw/mb_lab7_1_wrapper.xsa
TRACE::2025-04-09.15:53:14::SCWPlatform::DSA absoulate path D:/School/UIUC_ECE385_SP25/lab7_2/sdk/mb_lab7_1_wrapper/hw/mb_lab7_1_wrapper.xsa
TRACE::2025-04-09.15:53:14::SCWPlatform::DSA directory D:/School/UIUC_ECE385_SP25/lab7_2/sdk/mb_lab7_1_wrapper/hw
TRACE::2025-04-09.15:53:14::SCWPlatform:: Platform Path D:/School/UIUC_ECE385_SP25/lab7_2/sdk/mb_lab7_1_wrapper/hw/mb_lab7_1_wrapper.xsa
TRACE::2025-04-09.15:53:14::SCWPlatform:: Unique name xilinx:::0.0
TRACE::2025-04-09.15:53:14::SCWPlatform::Do not have an existing db opened. 
TRACE::2025-04-09.15:53:14::SCWPlatform::Opened new HwDB with name mb_lab7_1_wrapper_6
TRACE::2025-04-09.15:53:14::SCWReader::Active system found as  mb_lab7_1_wrapper
TRACE::2025-04-09.15:53:14::SCWReader::Handling sysconfig mb_lab7_1_wrapper
TRACE::2025-04-09.15:53:14::SCWDomain::checking for install qemu data   : 
TRACE::2025-04-09.15:53:14::SCWPlatform::Trying to open the hw design at D:/School/UIUC_ECE385_SP25/lab7_2/sdk/mb_lab7_1_wrapper/hw/mb_lab7_1_wrapper.xsa
TRACE::2025-04-09.15:53:14::SCWPlatform::DSA given D:/School/UIUC_ECE385_SP25/lab7_2/sdk/mb_lab7_1_wrapper/hw/mb_lab7_1_wrapper.xsa
TRACE::2025-04-09.15:53:14::SCWPlatform::DSA absoulate path D:/School/UIUC_ECE385_SP25/lab7_2/sdk/mb_lab7_1_wrapper/hw/mb_lab7_1_wrapper.xsa
TRACE::2025-04-09.15:53:14::SCWPlatform::DSA directory D:/School/UIUC_ECE385_SP25/lab7_2/sdk/mb_lab7_1_wrapper/hw
TRACE::2025-04-09.15:53:14::SCWPlatform:: Platform Path D:/School/UIUC_ECE385_SP25/lab7_2/sdk/mb_lab7_1_wrapper/hw/mb_lab7_1_wrapper.xsa
TRACE::2025-04-09.15:53:14::SCWPlatform:: Unique name xilinx:::0.0
TRACE::2025-04-09.15:53:14::SCWPlatform::Trying to set the existing hwdb with name mb_lab7_1_wrapper_6
TRACE::2025-04-09.15:53:14::SCWPlatform::Opened existing hwdb mb_lab7_1_wrapper_6
TRACE::2025-04-09.15:53:14::SCWPlatform::Found the Hw Db part of the input DSA
TRACE::2025-04-09.15:53:14::SCWPlatform::Trying to open the hw design at D:/School/UIUC_ECE385_SP25/lab7_2/sdk/mb_lab7_1_wrapper/hw/mb_lab7_1_wrapper.xsa
TRACE::2025-04-09.15:53:14::SCWPlatform::DSA given D:/School/UIUC_ECE385_SP25/lab7_2/sdk/mb_lab7_1_wrapper/hw/mb_lab7_1_wrapper.xsa
TRACE::2025-04-09.15:53:14::SCWPlatform::DSA absoulate path D:/School/UIUC_ECE385_SP25/lab7_2/sdk/mb_lab7_1_wrapper/hw/mb_lab7_1_wrapper.xsa
TRACE::2025-04-09.15:53:14::SCWPlatform::DSA directory D:/School/UIUC_ECE385_SP25/lab7_2/sdk/mb_lab7_1_wrapper/hw
TRACE::2025-04-09.15:53:14::SCWPlatform:: Platform Path D:/School/UIUC_ECE385_SP25/lab7_2/sdk/mb_lab7_1_wrapper/hw/mb_lab7_1_wrapper.xsa
TRACE::2025-04-09.15:53:14::SCWPlatform:: Unique name xilinx:::0.0
TRACE::2025-04-09.15:53:14::SCWPlatform::Trying to set the existing hwdb with name mb_lab7_1_wrapper_6
TRACE::2025-04-09.15:53:14::SCWPlatform::Opened existing hwdb mb_lab7_1_wrapper_6
TRACE::2025-04-09.15:53:14::SCWPlatform::Found the Hw Db part of the input DSA
TRACE::2025-04-09.15:53:14::SCWPlatform::Trying to open the hw design at D:/School/UIUC_ECE385_SP25/lab7_2/sdk/mb_lab7_1_wrapper/hw/mb_lab7_1_wrapper.xsa
TRACE::2025-04-09.15:53:14::SCWPlatform::DSA given D:/School/UIUC_ECE385_SP25/lab7_2/sdk/mb_lab7_1_wrapper/hw/mb_lab7_1_wrapper.xsa
TRACE::2025-04-09.15:53:14::SCWPlatform::DSA absoulate path D:/School/UIUC_ECE385_SP25/lab7_2/sdk/mb_lab7_1_wrapper/hw/mb_lab7_1_wrapper.xsa
TRACE::2025-04-09.15:53:14::SCWPlatform::DSA directory D:/School/UIUC_ECE385_SP25/lab7_2/sdk/mb_lab7_1_wrapper/hw
TRACE::2025-04-09.15:53:14::SCWPlatform:: Platform Path D:/School/UIUC_ECE385_SP25/lab7_2/sdk/mb_lab7_1_wrapper/hw/mb_lab7_1_wrapper.xsa
TRACE::2025-04-09.15:53:14::SCWPlatform:: Unique name xilinx:::0.0
TRACE::2025-04-09.15:53:14::SCWPlatform::Trying to set the existing hwdb with name mb_lab7_1_wrapper_6
TRACE::2025-04-09.15:53:14::SCWPlatform::Opened existing hwdb mb_lab7_1_wrapper_6
TRACE::2025-04-09.15:53:14::SCWPlatform::Found the Hw Db part of the input DSA
TRACE::2025-04-09.15:53:14::SCWPlatform::Trying to open the hw design at D:/School/UIUC_ECE385_SP25/lab7_2/sdk/mb_lab7_1_wrapper/hw/mb_lab7_1_wrapper.xsa
TRACE::2025-04-09.15:53:14::SCWPlatform::DSA given D:/School/UIUC_ECE385_SP25/lab7_2/sdk/mb_lab7_1_wrapper/hw/mb_lab7_1_wrapper.xsa
TRACE::2025-04-09.15:53:14::SCWPlatform::DSA absoulate path D:/School/UIUC_ECE385_SP25/lab7_2/sdk/mb_lab7_1_wrapper/hw/mb_lab7_1_wrapper.xsa
TRACE::2025-04-09.15:53:14::SCWPlatform::DSA directory D:/School/UIUC_ECE385_SP25/lab7_2/sdk/mb_lab7_1_wrapper/hw
TRACE::2025-04-09.15:53:14::SCWPlatform:: Platform Path D:/School/UIUC_ECE385_SP25/lab7_2/sdk/mb_lab7_1_wrapper/hw/mb_lab7_1_wrapper.xsa
TRACE::2025-04-09.15:53:14::SCWPlatform:: Unique name xilinx:::0.0
TRACE::2025-04-09.15:53:14::SCWPlatform::Trying to set the existing hwdb with name mb_lab7_1_wrapper_6
TRACE::2025-04-09.15:53:14::SCWPlatform::Opened existing hwdb mb_lab7_1_wrapper_6
TRACE::2025-04-09.15:53:14::SCWPlatform::Found the Hw Db part of the input DSA
TRACE::2025-04-09.15:53:14::SCWMssOS::Checking the sw design at  D:/School/UIUC_ECE385_SP25/lab7_2/sdk/mb_lab7_1_wrapper/microblaze_0/standalone_microblaze_0/bsp/system.mss
TRACE::2025-04-09.15:53:14::SCWMssOS::DEBUG:  swdes dump  
TRACE::2025-04-09.15:53:14::SCWMssOS::No sw design opened at  D:/School/UIUC_ECE385_SP25/lab7_2/sdk/mb_lab7_1_wrapper/microblaze_0/standalone_microblaze_0/bsp/system.mss
TRACE::2025-04-09.15:53:14::SCWMssOS::mss exists loading the mss file  D:/School/UIUC_ECE385_SP25/lab7_2/sdk/mb_lab7_1_wrapper/microblaze_0/standalone_microblaze_0/bsp/system.mss
TRACE::2025-04-09.15:53:14::SCWMssOS::Opened the sw design from mss  D:/School/UIUC_ECE385_SP25/lab7_2/sdk/mb_lab7_1_wrapper/microblaze_0/standalone_microblaze_0/bsp/system.mss
TRACE::2025-04-09.15:53:14::SCWMssOS::Adding the swdes entry D:/School/UIUC_ECE385_SP25/lab7_2/sdk/mb_lab7_1_wrapper/microblaze_0/standalone_microblaze_0/bsp/system.mss with des name system
TRACE::2025-04-09.15:53:14::SCWMssOS::updating the scw layer about changes
TRACE::2025-04-09.15:53:14::SCWMssOS::Opened the sw design.  D:/School/UIUC_ECE385_SP25/lab7_2/sdk/mb_lab7_1_wrapper/microblaze_0/standalone_microblaze_0/bsp/system.mss
TRACE::2025-04-09.15:53:14::SCWMssOS::Saving the mss changes D:/School/UIUC_ECE385_SP25/lab7_2/sdk/mb_lab7_1_wrapper/microblaze_0/standalone_microblaze_0/bsp/system.mss
TRACE::2025-04-09.15:53:14::SCWMssOS::Found a swdesign opened with the mssfile.
TRACE::2025-04-09.15:53:14::SCWMssOS::Completed writemss as part of save.
TRACE::2025-04-09.15:53:14::SCWMssOS::Commit changes completed.
TRACE::2025-04-09.15:53:14::SCWReader::Adding prebuilt librarypaths as   
TRACE::2025-04-09.15:53:14::SCWReader::Adding prebuilt incpaths  as   
TRACE::2025-04-09.15:53:14::SCWPlatform::Trying to open the hw design at D:/School/UIUC_ECE385_SP25/lab7_2/sdk/mb_lab7_1_wrapper/hw/mb_lab7_1_wrapper.xsa
TRACE::2025-04-09.15:53:14::SCWPlatform::DSA given D:/School/UIUC_ECE385_SP25/lab7_2/sdk/mb_lab7_1_wrapper/hw/mb_lab7_1_wrapper.xsa
TRACE::2025-04-09.15:53:14::SCWPlatform::DSA absoulate path D:/School/UIUC_ECE385_SP25/lab7_2/sdk/mb_lab7_1_wrapper/hw/mb_lab7_1_wrapper.xsa
TRACE::2025-04-09.15:53:14::SCWPlatform::DSA directory D:/School/UIUC_ECE385_SP25/lab7_2/sdk/mb_lab7_1_wrapper/hw
TRACE::2025-04-09.15:53:14::SCWPlatform:: Platform Path D:/School/UIUC_ECE385_SP25/lab7_2/sdk/mb_lab7_1_wrapper/hw/mb_lab7_1_wrapper.xsa
TRACE::2025-04-09.15:53:14::SCWPlatform:: Unique name xilinx:::0.0
TRACE::2025-04-09.15:53:14::SCWPlatform::Trying to set the existing hwdb with name mb_lab7_1_wrapper_6
TRACE::2025-04-09.15:53:14::SCWPlatform::Opened existing hwdb mb_lab7_1_wrapper_6
TRACE::2025-04-09.15:53:14::SCWPlatform::Found the Hw Db part of the input DSA
TRACE::2025-04-09.15:53:14::SCWMssOS::Checking the sw design at  D:/School/UIUC_ECE385_SP25/lab7_2/sdk/mb_lab7_1_wrapper/microblaze_0/standalone_microblaze_0/bsp/system.mss
TRACE::2025-04-09.15:53:14::SCWMssOS::DEBUG:  swdes dump  D:/School/UIUC_ECE385_SP25/lab7_2/sdk/mb_lab7_1_wrapper/microblaze_0/standalone_microblaze_0/bsp/system.mss|system||

TRACE::2025-04-09.15:53:14::SCWMssOS::Sw design exists and opened at  D:/School/UIUC_ECE385_SP25/lab7_2/sdk/mb_lab7_1_wrapper/microblaze_0/standalone_microblaze_0/bsp/system.mss
TRACE::2025-04-09.15:53:14::SCWReader::No isolation master present  
TRACE::2025-04-09.15:53:17::SCWPlatform::DSA given D:/School/UIUC_ECE385_SP25/lab7_2/sdk/mb_lab7_1_wrapper/tempdsa/mb_lab7_1_wrapper.xsa
TRACE::2025-04-09.15:53:17::SCWPlatform::DSA absoulate path D:/School/UIUC_ECE385_SP25/lab7_2/sdk/mb_lab7_1_wrapper/tempdsa/mb_lab7_1_wrapper.xsa
TRACE::2025-04-09.15:53:17::SCWPlatform:: Platform location is D:/School/UIUC_ECE385_SP25/lab7_2/sdk/mb_lab7_1_wrapper/tempdsa
TRACE::2025-04-09.15:53:17::SCWPlatform:: Platform Path D:/School/UIUC_ECE385_SP25/lab7_2/sdk/mb_lab7_1_wrapper/tempdsa/mb_lab7_1_wrapper.xsa
TRACE::2025-04-09.15:53:17::SCWPlatform:: Unique name xilinx:::0.0
TRACE::2025-04-09.15:53:17::SCWPlatform::Found the Hw Db part of the input DSA
TRACE::2025-04-09.15:53:17::SCWMssOS::Doing hw sync for the mss in domain: standalone_microblaze_0
TRACE::2025-04-09.15:53:17::SCWPlatform::Trying to open the hw design at D:/School/UIUC_ECE385_SP25/lab7_2/sdk/mb_lab7_1_wrapper/hw/mb_lab7_1_wrapper.xsa
TRACE::2025-04-09.15:53:17::SCWPlatform::DSA given D:/School/UIUC_ECE385_SP25/lab7_2/sdk/mb_lab7_1_wrapper/hw/mb_lab7_1_wrapper.xsa
TRACE::2025-04-09.15:53:17::SCWPlatform::DSA absoulate path D:/School/UIUC_ECE385_SP25/lab7_2/sdk/mb_lab7_1_wrapper/hw/mb_lab7_1_wrapper.xsa
TRACE::2025-04-09.15:53:17::SCWPlatform::DSA directory D:/School/UIUC_ECE385_SP25/lab7_2/sdk/mb_lab7_1_wrapper/hw
TRACE::2025-04-09.15:53:17::SCWPlatform:: Platform Path D:/School/UIUC_ECE385_SP25/lab7_2/sdk/mb_lab7_1_wrapper/hw/mb_lab7_1_wrapper.xsa
TRACE::2025-04-09.15:53:17::SCWPlatform:: Unique name xilinx:::0.0
TRACE::2025-04-09.15:53:17::SCWPlatform::Trying to set the existing hwdb with name mb_lab7_1_wrapper_6
TRACE::2025-04-09.15:53:17::SCWPlatform::Opened existing hwdb mb_lab7_1_wrapper_6
TRACE::2025-04-09.15:53:17::SCWPlatform::Found the Hw Db part of the input DSA
TRACE::2025-04-09.15:53:17::SCWPlatform::Trying to open the hw design at D:/School/UIUC_ECE385_SP25/lab7_2/sdk/mb_lab7_1_wrapper/hw/mb_lab7_1_wrapper.xsa
TRACE::2025-04-09.15:53:17::SCWPlatform::DSA given D:/School/UIUC_ECE385_SP25/lab7_2/sdk/mb_lab7_1_wrapper/hw/mb_lab7_1_wrapper.xsa
TRACE::2025-04-09.15:53:17::SCWPlatform::DSA absoulate path D:/School/UIUC_ECE385_SP25/lab7_2/sdk/mb_lab7_1_wrapper/hw/mb_lab7_1_wrapper.xsa
TRACE::2025-04-09.15:53:17::SCWPlatform::DSA directory D:/School/UIUC_ECE385_SP25/lab7_2/sdk/mb_lab7_1_wrapper/hw
TRACE::2025-04-09.15:53:17::SCWPlatform:: Platform Path D:/School/UIUC_ECE385_SP25/lab7_2/sdk/mb_lab7_1_wrapper/hw/mb_lab7_1_wrapper.xsa
TRACE::2025-04-09.15:53:17::SCWPlatform:: Unique name xilinx:::0.0
TRACE::2025-04-09.15:53:17::SCWPlatform::Trying to set the existing hwdb with name mb_lab7_1_wrapper_6
TRACE::2025-04-09.15:53:17::SCWPlatform::Opened existing hwdb mb_lab7_1_wrapper_6
TRACE::2025-04-09.15:53:17::SCWPlatform::Found the Hw Db part of the input DSA
TRACE::2025-04-09.15:53:17::SCWMssOS::Checking the sw design at  D:/School/UIUC_ECE385_SP25/lab7_2/sdk/mb_lab7_1_wrapper/microblaze_0/standalone_microblaze_0/bsp/system.mss
TRACE::2025-04-09.15:53:17::SCWMssOS::DEBUG:  swdes dump  D:/School/UIUC_ECE385_SP25/lab7_2/sdk/mb_lab7_1_wrapper/microblaze_0/standalone_microblaze_0/bsp/system.mss|system||

TRACE::2025-04-09.15:53:17::SCWMssOS::Sw design exists and opened at  D:/School/UIUC_ECE385_SP25/lab7_2/sdk/mb_lab7_1_wrapper/microblaze_0/standalone_microblaze_0/bsp/system.mss
TRACE::2025-04-09.15:53:17::SCWPlatform::Trying to open the hw design at D:/School/UIUC_ECE385_SP25/lab7_2/sdk/mb_lab7_1_wrapper/tempdsa/mb_lab7_1_wrapper.xsa
TRACE::2025-04-09.15:53:17::SCWPlatform::DSA given D:/School/UIUC_ECE385_SP25/lab7_2/sdk/mb_lab7_1_wrapper/tempdsa/mb_lab7_1_wrapper.xsa
TRACE::2025-04-09.15:53:17::SCWPlatform::DSA absoulate path D:/School/UIUC_ECE385_SP25/lab7_2/sdk/mb_lab7_1_wrapper/tempdsa/mb_lab7_1_wrapper.xsa
TRACE::2025-04-09.15:53:17::SCWPlatform::DSA directory D:/School/UIUC_ECE385_SP25/lab7_2/sdk/mb_lab7_1_wrapper/tempdsa
TRACE::2025-04-09.15:53:17::SCWPlatform:: Platform Path D:/School/UIUC_ECE385_SP25/lab7_2/sdk/mb_lab7_1_wrapper/tempdsa/mb_lab7_1_wrapper.xsa
TRACE::2025-04-09.15:53:17::SCWPlatform:: Unique name xilinx:::0.0
TRACE::2025-04-09.15:53:17::SCWPlatform::update - Opened existing hwdb mb_lab7_1_wrapper_7
TRACE::2025-04-09.15:53:17::SCWPlatform::Found the Hw Db part of the input DSA
TRACE::2025-04-09.15:53:17::SCWMssOS::Saving the mss changes D:/School/UIUC_ECE385_SP25/lab7_2/sdk/mb_lab7_1_wrapper/microblaze_0/standalone_microblaze_0/bsp/system.mss
TRACE::2025-04-09.15:53:17::SCWMssOS::Found a swdesign opened with the mssfile.
TRACE::2025-04-09.15:53:17::SCWMssOS::Completed writemss as part of save.
TRACE::2025-04-09.15:53:17::SCWMssOS::Commit changes completed.
TRACE::2025-04-09.15:53:17::SCWMssOS::Completed hw sync for the mss in domain: standalone_microblaze_0
TRACE::2025-04-09.15:53:17::SCWMssOS::Removing the swdes entry for  D:/School/UIUC_ECE385_SP25/lab7_2/sdk/mb_lab7_1_wrapper/microblaze_0/standalone_microblaze_0/bsp/system.mss
TRACE::2025-04-09.15:53:17::SCWPlatform::Trying to open the hw design at D:/School/UIUC_ECE385_SP25/lab7_2/sdk/mb_lab7_1_wrapper/hw/mb_lab7_1_wrapper.xsa
TRACE::2025-04-09.15:53:17::SCWPlatform::DSA given D:/School/UIUC_ECE385_SP25/lab7_2/sdk/mb_lab7_1_wrapper/hw/mb_lab7_1_wrapper.xsa
TRACE::2025-04-09.15:53:17::SCWPlatform::DSA absoulate path D:/School/UIUC_ECE385_SP25/lab7_2/sdk/mb_lab7_1_wrapper/hw/mb_lab7_1_wrapper.xsa
TRACE::2025-04-09.15:53:17::SCWPlatform::DSA directory D:/School/UIUC_ECE385_SP25/lab7_2/sdk/mb_lab7_1_wrapper/hw
TRACE::2025-04-09.15:53:17::SCWPlatform:: Platform Path D:/School/UIUC_ECE385_SP25/lab7_2/sdk/mb_lab7_1_wrapper/hw/mb_lab7_1_wrapper.xsa
TRACE::2025-04-09.15:53:17::SCWPlatform:: Unique name xilinx:::0.0
TRACE::2025-04-09.15:53:17::SCWPlatform::Do not have an existing db opened. 
TRACE::2025-04-09.15:53:17::SCWPlatform::Opened new HwDB with name mb_lab7_1_wrapper_8
TRACE::2025-04-09.15:53:17::SCWMssOS::Saving the mss changes D:/School/UIUC_ECE385_SP25/lab7_2/sdk/mb_lab7_1_wrapper/microblaze_0/standalone_microblaze_0/bsp/system.mss
TRACE::2025-04-09.15:53:17::SCWMssOS::Adding the swdes entry, mss present, able to open swdb D:/School/UIUC_ECE385_SP25/lab7_2/sdk/mb_lab7_1_wrapper/microblaze_0/standalone_microblaze_0/bsp/system.mss with des name system
TRACE::2025-04-09.15:53:17::SCWMssOS::Writing the mss file completed D:/School/UIUC_ECE385_SP25/lab7_2/sdk/mb_lab7_1_wrapper/microblaze_0/standalone_microblaze_0/bsp/system.mss
TRACE::2025-04-09.15:53:17::SCWMssOS::Commit changes completed.
TRACE::2025-04-09.15:53:17::SCWPlatform::Trying to open the hw design at D:/School/UIUC_ECE385_SP25/lab7_2/sdk/mb_lab7_1_wrapper/hw/mb_lab7_1_wrapper.xsa
TRACE::2025-04-09.15:53:17::SCWPlatform::DSA given D:/School/UIUC_ECE385_SP25/lab7_2/sdk/mb_lab7_1_wrapper/hw/mb_lab7_1_wrapper.xsa
TRACE::2025-04-09.15:53:17::SCWPlatform::DSA absoulate path D:/School/UIUC_ECE385_SP25/lab7_2/sdk/mb_lab7_1_wrapper/hw/mb_lab7_1_wrapper.xsa
TRACE::2025-04-09.15:53:17::SCWPlatform::DSA directory D:/School/UIUC_ECE385_SP25/lab7_2/sdk/mb_lab7_1_wrapper/hw
TRACE::2025-04-09.15:53:17::SCWPlatform:: Platform Path D:/School/UIUC_ECE385_SP25/lab7_2/sdk/mb_lab7_1_wrapper/hw/mb_lab7_1_wrapper.xsa
TRACE::2025-04-09.15:53:17::SCWPlatform:: Unique name xilinx:::0.0
TRACE::2025-04-09.15:53:17::SCWPlatform::Trying to set the existing hwdb with name mb_lab7_1_wrapper_8
TRACE::2025-04-09.15:53:17::SCWPlatform::Opened existing hwdb mb_lab7_1_wrapper_8
TRACE::2025-04-09.15:53:17::SCWPlatform::Found the Hw Db part of the input DSA
TRACE::2025-04-09.15:53:17::SCWMssOS::Checking the sw design at  D:/School/UIUC_ECE385_SP25/lab7_2/sdk/mb_lab7_1_wrapper/microblaze_0/standalone_microblaze_0/bsp/system.mss
TRACE::2025-04-09.15:53:17::SCWMssOS::DEBUG:  swdes dump  D:/School/UIUC_ECE385_SP25/lab7_2/sdk/mb_lab7_1_wrapper/microblaze_0/standalone_microblaze_0/bsp/system.mss|system||

TRACE::2025-04-09.15:53:17::SCWMssOS::Sw design exists and opened at  D:/School/UIUC_ECE385_SP25/lab7_2/sdk/mb_lab7_1_wrapper/microblaze_0/standalone_microblaze_0/bsp/system.mss
TRACE::2025-04-09.15:53:17::SCWWriter::formatted JSON is {
	"platformName":	"mb_lab7_1_wrapper",
	"sprVersion":	"2.0",
	"mode":	"gui",
	"dsaType":	"Fixed",
	"platformDesc":	"mb_lab7_1_wrapper",
	"platHandOff":	"D:/School/UIUC_ECE385_SP25/lab7_2/mb_lab7_1_wrapper.xsa",
	"platIntHandOff":	"<platformDir>/hw/mb_lab7_1_wrapper.xsa",
	"deviceType":	"FPGA",
	"platIsPrebuiltAutogen":	"false",
	"platIsNoBootBsp":	"false",
	"hasFsblMakeHasChanges":	"false",
	"hasPmufwMakeHasChanges":	"false",
	"platPreBuiltFlag":	false,
	"platformSamplesDir":	"",
	"platActiveSys":	"mb_lab7_1_wrapper",
	"systems":	[{
			"systemName":	"mb_lab7_1_wrapper",
			"systemDesc":	"mb_lab7_1_wrapper",
			"sysIsBootAutoGen":	"true",
			"systemDispName":	"mb_lab7_1_wrapper",
			"sysActiveDom":	"standalone_microblaze_0",
			"sysDefaultDom":	"standalone_microblaze_0",
			"domains":	[{
					"domainName":	"standalone_microblaze_0",
					"domainDispName":	"standalone_microblaze_0",
					"domainDesc":	"standalone_microblaze_0",
					"processors":	"microblaze_0",
					"os":	"standalone",
					"sdxOs":	"standalone",
					"debugEnable":	"False",
					"domRuntimes":	["cpp"],
					"swRepo":	"",
					"mssOsVer":	"8.0",
					"mssFile":	"",
					"md5Digest":	"5422c1e5be4ae93f4de8c50507402f2a1",
					"compatibleApp":	"",
					"domType":	"mssDomain",
					"arch":	"32-bit",
					"appSettings":	{
						"appCompilerFlags":	"",
						"appLinkerFlags":	""
					},
					"addedLibs":	[],
					"libOptions":	{
						"libsContainingOptions":	[]
					},
					"prebuiltLibs":	{
						"prebuiltIncPath":	[],
						"prebuiltLibPath":	[]
					},
					"isolation":	{
					}
				}]
		}]
}
TRACE::2025-04-09.15:53:35::SCWMssOS::cleaning the bsp 
TRACE::2025-04-09.15:53:35::SCWMssOS::System Command Ran  D: & cd  D:/School/UIUC_ECE385_SP25/lab7_2/sdk/mb_lab7_1_wrapper/microblaze_0/standalone_microblaze_0/bsp & make clean 
TRACE::2025-04-09.15:53:35::SCWMssOS::make -C microblaze_0/libsrc/bram_v4_8/src -s clean 

TRACE::2025-04-09.15:53:35::SCWMssOS::make -C microblaze_0/libsrc/cpu_v2_16/src -s clean 

TRACE::2025-04-09.15:53:35::SCWMssOS::make -C microblaze_0/libsrc/hdmi_text_controller_v1_0/src -s clean 

TRACE::2025-04-09.15:53:35::SCWMssOS::make -C microblaze_0/libsrc/intc_v3_15/src -s clean 

TRACE::2025-04-09.15:53:35::SCWMssOS::make -C microblaze_0/libsrc/standalone_v8_0/src -s clean 

TRACE::2025-04-09.15:53:36::SCWMssOS::make -C microblaze_0/libsrc/uartlite_v3_7/src -s clean 

TRACE::2025-04-09.15:53:36::SCWMssOS::rm -f microblaze_0/lib/libxil.a

LOG::2025-04-09.15:53:38::SCWPlatform::Started generating the artifacts platform mb_lab7_1_wrapper
TRACE::2025-04-09.15:53:38::SCWPlatform::Sanity checking of platform is completed
LOG::2025-04-09.15:53:38::SCWPlatform::Started generating the artifacts for system configuration mb_lab7_1_wrapper
LOG::2025-04-09.15:53:38::SCWSystem::Checking the domain standalone_microblaze_0
LOG::2025-04-09.15:53:38::SCWSystem::Not a boot domain 
LOG::2025-04-09.15:53:38::SCWSystem::Started Processing the domain standalone_microblaze_0
TRACE::2025-04-09.15:53:38::SCWDomain::Generating domain artifcats
TRACE::2025-04-09.15:53:38::SCWMssOS::Generating standalone artifcats
TRACE::2025-04-09.15:53:38::SCWMssOS:: Copying the user libraries. 
TRACE::2025-04-09.15:53:38::SCWPlatform::Trying to open the hw design at D:/School/UIUC_ECE385_SP25/lab7_2/sdk/mb_lab7_1_wrapper/hw/mb_lab7_1_wrapper.xsa
TRACE::2025-04-09.15:53:38::SCWPlatform::DSA given D:/School/UIUC_ECE385_SP25/lab7_2/sdk/mb_lab7_1_wrapper/hw/mb_lab7_1_wrapper.xsa
TRACE::2025-04-09.15:53:38::SCWPlatform::DSA absoulate path D:/School/UIUC_ECE385_SP25/lab7_2/sdk/mb_lab7_1_wrapper/hw/mb_lab7_1_wrapper.xsa
TRACE::2025-04-09.15:53:38::SCWPlatform::DSA directory D:/School/UIUC_ECE385_SP25/lab7_2/sdk/mb_lab7_1_wrapper/hw
TRACE::2025-04-09.15:53:38::SCWPlatform:: Platform Path D:/School/UIUC_ECE385_SP25/lab7_2/sdk/mb_lab7_1_wrapper/hw/mb_lab7_1_wrapper.xsa
TRACE::2025-04-09.15:53:38::SCWPlatform:: Unique name xilinx:::0.0
TRACE::2025-04-09.15:53:38::SCWPlatform::Trying to set the existing hwdb with name mb_lab7_1_wrapper_8
TRACE::2025-04-09.15:53:38::SCWPlatform::Opened existing hwdb mb_lab7_1_wrapper_8
TRACE::2025-04-09.15:53:38::SCWPlatform::Found the Hw Db part of the input DSA
TRACE::2025-04-09.15:53:38::SCWMssOS::Checking the sw design at  D:/School/UIUC_ECE385_SP25/lab7_2/sdk/mb_lab7_1_wrapper/microblaze_0/standalone_microblaze_0/bsp/system.mss
TRACE::2025-04-09.15:53:38::SCWMssOS::DEBUG:  swdes dump  D:/School/UIUC_ECE385_SP25/lab7_2/sdk/mb_lab7_1_wrapper/microblaze_0/standalone_microblaze_0/bsp/system.mss|system||

TRACE::2025-04-09.15:53:38::SCWMssOS::Sw design exists and opened at  D:/School/UIUC_ECE385_SP25/lab7_2/sdk/mb_lab7_1_wrapper/microblaze_0/standalone_microblaze_0/bsp/system.mss
TRACE::2025-04-09.15:53:38::SCWMssOS::Completed writing the mss file at D:/School/UIUC_ECE385_SP25/lab7_2/sdk/mb_lab7_1_wrapper/microblaze_0/standalone_microblaze_0/bsp
TRACE::2025-04-09.15:53:38::SCWMssOS::Mss edits present, copying mssfile into export location D:/School/UIUC_ECE385_SP25/lab7_2/sdk/mb_lab7_1_wrapper/microblaze_0/standalone_microblaze_0/bsp/system.mss
TRACE::2025-04-09.15:53:38::SCWMssOS::bsp generated is stale removing and regenerating. 
TRACE::2025-04-09.15:53:39::SCWMssOS::doing bsp build ... 
TRACE::2025-04-09.15:53:39::SCWMssOS::System Command Ran  D: & cd  D:/School/UIUC_ECE385_SP25/lab7_2/sdk/mb_lab7_1_wrapper/microblaze_0/standalone_microblaze_0/bsp & make 
TRACE::2025-04-09.15:53:39::SCWMssOS::make --no-print-directory seq_libs

TRACE::2025-04-09.15:53:39::SCWMssOS::"Running Make include in microblaze_0/libsrc/bram_v4_8/src"

TRACE::2025-04-09.15:53:39::SCWMssOS::make -C microblaze_0/libsrc/bram_v4_8/src -s include  "SHELL=CMD" "COMPILER=mb-gcc" "ASSEMBLER=mb-as" "ARCHIVER=mb-ar" "COMPILE
TRACE::2025-04-09.15:53:39::SCWMssOS::R_FLAGS=  -O2 -c -mcpu=v11.0 -mlittle-endian -mno-xl-reorder -mno-xl-soft-mul -mxl-barrel-shift -mxl-pattern-compare" "EXTRA_CO
TRACE::2025-04-09.15:53:39::SCWMssOS::MPILER_FLAGS=-g -ffunction-sections -fdata-sections -Wall -Wextra -fno-tree-loop-distribute-patterns"

TRACE::2025-04-09.15:53:39::SCWMssOS::"Running Make include in microblaze_0/libsrc/cpu_v2_16/src"

TRACE::2025-04-09.15:53:39::SCWMssOS::make -C microblaze_0/libsrc/cpu_v2_16/src -s include  "SHELL=CMD" "COMPILER=mb-gcc" "ASSEMBLER=mb-as" "ARCHIVER=mb-ar" "COMPILE
TRACE::2025-04-09.15:53:39::SCWMssOS::R_FLAGS=  -O2 -c -mcpu=v11.0 -mlittle-endian -mno-xl-reorder -mno-xl-soft-mul -mxl-barrel-shift -mxl-pattern-compare" "EXTRA_CO
TRACE::2025-04-09.15:53:39::SCWMssOS::MPILER_FLAGS=-g -ffunction-sections -fdata-sections -Wall -Wextra -fno-tree-loop-distribute-patterns"

TRACE::2025-04-09.15:53:39::SCWMssOS::"Running Make include in microblaze_0/libsrc/hdmi_text_controller_v1_0/src"

TRACE::2025-04-09.15:53:39::SCWMssOS::make -C microblaze_0/libsrc/hdmi_text_controller_v1_0/src -s include  "SHELL=CMD" "COMPILER=mb-gcc" "ASSEMBLER=mb-as" "ARCHIVER
TRACE::2025-04-09.15:53:39::SCWMssOS::=mb-ar" "COMPILER_FLAGS=  -O2 -c -mcpu=v11.0 -mlittle-endian -mno-xl-reorder -mno-xl-soft-mul -mxl-barrel-shift -mxl-pattern-co
TRACE::2025-04-09.15:53:39::SCWMssOS::mpare" "EXTRA_COMPILER_FLAGS=-g -ffunction-sections -fdata-sections -Wall -Wextra -fno-tree-loop-distribute-patterns"

TRACE::2025-04-09.15:53:39::SCWMssOS::"Running Make include in microblaze_0/libsrc/intc_v3_15/src"

TRACE::2025-04-09.15:53:39::SCWMssOS::make -C microblaze_0/libsrc/intc_v3_15/src -s include  "SHELL=CMD" "COMPILER=mb-gcc" "ASSEMBLER=mb-as" "ARCHIVER=mb-ar" "COMPIL
TRACE::2025-04-09.15:53:39::SCWMssOS::ER_FLAGS=  -O2 -c -mcpu=v11.0 -mlittle-endian -mno-xl-reorder -mno-xl-soft-mul -mxl-barrel-shift -mxl-pattern-compare" "EXTRA_C
TRACE::2025-04-09.15:53:39::SCWMssOS::OMPILER_FLAGS=-g -ffunction-sections -fdata-sections -Wall -Wextra -fno-tree-loop-distribute-patterns"

TRACE::2025-04-09.15:53:39::SCWMssOS::"Running Make include in microblaze_0/libsrc/standalone_v8_0/src"

TRACE::2025-04-09.15:53:39::SCWMssOS::make -C microblaze_0/libsrc/standalone_v8_0/src -s include  "SHELL=CMD" "COMPILER=mb-gcc" "ASSEMBLER=mb-as" "ARCHIVER=mb-ar" "C
TRACE::2025-04-09.15:53:39::SCWMssOS::OMPILER_FLAGS=  -O2 -c -mcpu=v11.0 -mlittle-endian -mno-xl-reorder -mno-xl-soft-mul -mxl-barrel-shift -mxl-pattern-compare" "EX
TRACE::2025-04-09.15:53:39::SCWMssOS::TRA_COMPILER_FLAGS=-g -ffunction-sections -fdata-sections -Wall -Wextra -fno-tree-loop-distribute-patterns"

TRACE::2025-04-09.15:53:40::SCWMssOS::"Running Make include in microblaze_0/libsrc/uartlite_v3_7/src"

TRACE::2025-04-09.15:53:40::SCWMssOS::make -C microblaze_0/libsrc/uartlite_v3_7/src -s include  "SHELL=CMD" "COMPILER=mb-gcc" "ASSEMBLER=mb-as" "ARCHIVER=mb-ar" "COM
TRACE::2025-04-09.15:53:40::SCWMssOS::PILER_FLAGS=  -O2 -c -mcpu=v11.0 -mlittle-endian -mno-xl-reorder -mno-xl-soft-mul -mxl-barrel-shift -mxl-pattern-compare" "EXTR
TRACE::2025-04-09.15:53:40::SCWMssOS::A_COMPILER_FLAGS=-g -ffunction-sections -fdata-sections -Wall -Wextra -fno-tree-loop-distribute-patterns"

TRACE::2025-04-09.15:53:40::SCWMssOS::"Running Make libs in microblaze_0/libsrc/hdmi_text_controller_v1_0/src"

TRACE::2025-04-09.15:53:40::SCWMssOS::make -C microblaze_0/libsrc/hdmi_text_controller_v1_0/src -s libs  "SHELL=CMD" "COMPILER=mb-gcc" "ASSEMBLER=mb-as" "ARCHIVER=mb
TRACE::2025-04-09.15:53:40::SCWMssOS::-ar" "COMPILER_FLAGS=  -O2 -c -mcpu=v11.0 -mlittle-endian -mno-xl-reorder -mno-xl-soft-mul -mxl-barrel-shift -mxl-pattern-compa
TRACE::2025-04-09.15:53:40::SCWMssOS::re" "EXTRA_COMPILER_FLAGS=-g -ffunction-sections -fdata-sections -Wall -Wextra -fno-tree-loop-distribute-patterns"

TRACE::2025-04-09.15:53:40::SCWMssOS::"Compiling hdmi_text_controller..."

TRACE::2025-04-09.15:53:40::SCWMssOS::'Finished building libraries sequentially.'

TRACE::2025-04-09.15:53:40::SCWMssOS::make -j 10 --no-print-directory par_libs

TRACE::2025-04-09.15:53:40::SCWMssOS::"Running Make include in microblaze_0/libsrc/bram_v4_8/src"

TRACE::2025-04-09.15:53:40::SCWMssOS::make -C microblaze_0/libsrc/bram_v4_8/src -s include  "SHELL=CMD" "COMPILER=mb-gcc" "ASSEMBLER=mb-as" "ARCHIVER=mb-ar" "COMPILE
TRACE::2025-04-09.15:53:40::SCWMssOS::R_FLAGS=  -O2 -c -mcpu=v11.0 -mlittle-endian -mno-xl-reorder -mno-xl-soft-mul -mxl-barrel-shift -mxl-pattern-compare" "EXTRA_CO
TRACE::2025-04-09.15:53:40::SCWMssOS::MPILER_FLAGS=-g -ffunction-sections -fdata-sections -Wall -Wextra -fno-tree-loop-distribute-patterns"

TRACE::2025-04-09.15:53:40::SCWMssOS::"Running Make include in microblaze_0/libsrc/cpu_v2_16/src"

TRACE::2025-04-09.15:53:40::SCWMssOS::make -C microblaze_0/libsrc/cpu_v2_16/src -s include  "SHELL=CMD" "COMPILER=mb-gcc" "ASSEMBLER=mb-as" "ARCHIVER=mb-ar" "COMPILE
TRACE::2025-04-09.15:53:40::SCWMssOS::R_FLAGS=  -O2 -c -mcpu=v11.0 -mlittle-endian -mno-xl-reorder -mno-xl-soft-mul -mxl-barrel-shift -mxl-pattern-compare" "EXTRA_CO
TRACE::2025-04-09.15:53:40::SCWMssOS::MPILER_FLAGS=-g -ffunction-sections -fdata-sections -Wall -Wextra -fno-tree-loop-distribute-patterns"

TRACE::2025-04-09.15:53:40::SCWMssOS::"Running Make include in microblaze_0/libsrc/hdmi_text_controller_v1_0/src"

TRACE::2025-04-09.15:53:40::SCWMssOS::make -C microblaze_0/libsrc/hdmi_text_controller_v1_0/src -s include  "SHELL=CMD" "COMPILER=mb-gcc" "ASSEMBLER=mb-as" "ARCHIVER
TRACE::2025-04-09.15:53:40::SCWMssOS::=mb-ar" "COMPILER_FLAGS=  -O2 -c -mcpu=v11.0 -mlittle-endian -mno-xl-reorder -mno-xl-soft-mul -mxl-barrel-shift -mxl-pattern-co
TRACE::2025-04-09.15:53:40::SCWMssOS::mpare" "EXTRA_COMPILER_FLAGS=-g -ffunction-sections -fdata-sections -Wall -Wextra -fno-tree-loop-distribute-patterns"

TRACE::2025-04-09.15:53:40::SCWMssOS::"Running Make include in microblaze_0/libsrc/intc_v3_15/src"

TRACE::2025-04-09.15:53:40::SCWMssOS::make -C microblaze_0/libsrc/intc_v3_15/src -s include  "SHELL=CMD" "COMPILER=mb-gcc" "ASSEMBLER=mb-as" "ARCHIVER=mb-ar" "COMPIL
TRACE::2025-04-09.15:53:40::SCWMssOS::ER_FLAGS=  -O2 -c -mcpu=v11.0 -mlittle-endian -mno-xl-reorder -mno-xl-soft-mul -mxl-barrel-shift -mxl-pattern-compare" "EXTRA_C
TRACE::2025-04-09.15:53:40::SCWMssOS::OMPILER_FLAGS=-g -ffunction-sections -fdata-sections -Wall -Wextra -fno-tree-loop-distribute-patterns"

TRACE::2025-04-09.15:53:40::SCWMssOS::"Running Make include in microblaze_0/libsrc/standalone_v8_0/src"

TRACE::2025-04-09.15:53:40::SCWMssOS::make -C microblaze_0/libsrc/standalone_v8_0/src -s include  "SHELL=CMD" "COMPILER=mb-gcc" "ASSEMBLER=mb-as" "ARCHIVER=mb-ar" "C
TRACE::2025-04-09.15:53:40::SCWMssOS::OMPILER_FLAGS=  -O2 -c -mcpu=v11.0 -mlittle-endian -mno-xl-reorder -mno-xl-soft-mul -mxl-barrel-shift -mxl-pattern-compare" "EX
TRACE::2025-04-09.15:53:40::SCWMssOS::TRA_COMPILER_FLAGS=-g -ffunction-sections -fdata-sections -Wall -Wextra -fno-tree-loop-distribute-patterns"

TRACE::2025-04-09.15:53:40::SCWMssOS::"Running Make include in microblaze_0/libsrc/uartlite_v3_7/src"

TRACE::2025-04-09.15:53:40::SCWMssOS::make -C microblaze_0/libsrc/uartlite_v3_7/src -s include  "SHELL=CMD" "COMPILER=mb-gcc" "ASSEMBLER=mb-as" "ARCHIVER=mb-ar" "COM
TRACE::2025-04-09.15:53:40::SCWMssOS::PILER_FLAGS=  -O2 -c -mcpu=v11.0 -mlittle-endian -mno-xl-reorder -mno-xl-soft-mul -mxl-barrel-shift -mxl-pattern-compare" "EXTR
TRACE::2025-04-09.15:53:40::SCWMssOS::A_COMPILER_FLAGS=-g -ffunction-sections -fdata-sections -Wall -Wextra -fno-tree-loop-distribute-patterns"

TRACE::2025-04-09.15:53:40::SCWMssOS::"Running Make libs in microblaze_0/libsrc/bram_v4_8/src"

TRACE::2025-04-09.15:53:40::SCWMssOS::make -C microblaze_0/libsrc/bram_v4_8/src -s libs  "SHELL=CMD" "COMPILER=mb-gcc" "ASSEMBLER=mb-as" "ARCHIVER=mb-ar" "COMPILER_F
TRACE::2025-04-09.15:53:40::SCWMssOS::LAGS=  -O2 -c -mcpu=v11.0 -mlittle-endian -mno-xl-reorder -mno-xl-soft-mul -mxl-barrel-shift -mxl-pattern-compare" "EXTRA_COMPI
TRACE::2025-04-09.15:53:40::SCWMssOS::LER_FLAGS=-g -ffunction-sections -fdata-sections -Wall -Wextra -fno-tree-loop-distribute-patterns"

TRACE::2025-04-09.15:53:40::SCWMssOS::"Running Make libs in microblaze_0/libsrc/cpu_v2_16/src"

TRACE::2025-04-09.15:53:40::SCWMssOS::make -C microblaze_0/libsrc/cpu_v2_16/src -s libs  "SHELL=CMD" "COMPILER=mb-gcc" "ASSEMBLER=mb-as" "ARCHIVER=mb-ar" "COMPILER_F
TRACE::2025-04-09.15:53:40::SCWMssOS::LAGS=  -O2 -c -mcpu=v11.0 -mlittle-endian -mno-xl-reorder -mno-xl-soft-mul -mxl-barrel-shift -mxl-pattern-compare" "EXTRA_COMPI
TRACE::2025-04-09.15:53:40::SCWMssOS::LER_FLAGS=-g -ffunction-sections -fdata-sections -Wall -Wextra -fno-tree-loop-distribute-patterns"

TRACE::2025-04-09.15:53:40::SCWMssOS::"Running Make libs in microblaze_0/libsrc/intc_v3_15/src"

TRACE::2025-04-09.15:53:40::SCWMssOS::make -C microblaze_0/libsrc/intc_v3_15/src -s libs  "SHELL=CMD" "COMPILER=mb-gcc" "ASSEMBLER=mb-as" "ARCHIVER=mb-ar" "COMPILER_
TRACE::2025-04-09.15:53:40::SCWMssOS::FLAGS=  -O2 -c -mcpu=v11.0 -mlittle-endian -mno-xl-reorder -mno-xl-soft-mul -mxl-barrel-shift -mxl-pattern-compare" "EXTRA_COMP
TRACE::2025-04-09.15:53:40::SCWMssOS::ILER_FLAGS=-g -ffunction-sections -fdata-sections -Wall -Wextra -fno-tree-loop-distribute-patterns"

TRACE::2025-04-09.15:53:40::SCWMssOS::"Running Make libs in microblaze_0/libsrc/standalone_v8_0/src"

TRACE::2025-04-09.15:53:40::SCWMssOS::make -C microblaze_0/libsrc/standalone_v8_0/src -s libs  "SHELL=CMD" "COMPILER=mb-gcc" "ASSEMBLER=mb-as" "ARCHIVER=mb-ar" "COMP
TRACE::2025-04-09.15:53:40::SCWMssOS::ILER_FLAGS=  -O2 -c -mcpu=v11.0 -mlittle-endian -mno-xl-reorder -mno-xl-soft-mul -mxl-barrel-shift -mxl-pattern-compare" "EXTRA
TRACE::2025-04-09.15:53:40::SCWMssOS::_COMPILER_FLAGS=-g -ffunction-sections -fdata-sections -Wall -Wextra -fno-tree-loop-distribute-patterns"

TRACE::2025-04-09.15:53:40::SCWMssOS::"Running Make libs in microblaze_0/libsrc/uartlite_v3_7/src"

TRACE::2025-04-09.15:53:40::SCWMssOS::make -C microblaze_0/libsrc/uartlite_v3_7/src -s libs  "SHELL=CMD" "COMPILER=mb-gcc" "ASSEMBLER=mb-as" "ARCHIVER=mb-ar" "COMPIL
TRACE::2025-04-09.15:53:40::SCWMssOS::ER_FLAGS=  -O2 -c -mcpu=v11.0 -mlittle-endian -mno-xl-reorder -mno-xl-soft-mul -mxl-barrel-shift -mxl-pattern-compare" "EXTRA_C
TRACE::2025-04-09.15:53:40::SCWMssOS::OMPILER_FLAGS=-g -ffunction-sections -fdata-sections -Wall -Wextra -fno-tree-loop-distribute-patterns"

TRACE::2025-04-09.15:53:41::SCWMssOS::"DEBUG NON_LTO_OBJECTS is ../../../lib/microblaze_interrupt_handler.o"

TRACE::2025-04-09.15:53:41::SCWMssOS::'Finished building libraries parallelly.'

TRACE::2025-04-09.15:53:41::SCWMssOS::make --no-print-directory archive

TRACE::2025-04-09.15:53:41::SCWMssOS::mb-ar -r  microblaze_0/lib/libxil.a microblaze_0/lib/_exit.o microblaze_0/lib/errno.o microblaze_0/lib/fcntl.o microblaze_0/lib
TRACE::2025-04-09.15:53:41::SCWMssOS::/hw_exception_handler.o microblaze_0/lib/inbyte.o microblaze_0/lib/microblaze_disable_dcache.o microblaze_0/lib/microblaze_disa
TRACE::2025-04-09.15:53:41::SCWMssOS::ble_exceptions.o microblaze_0/lib/microblaze_disable_icache.o microblaze_0/lib/microblaze_disable_interrupts.o microblaze_0/lib
TRACE::2025-04-09.15:53:41::SCWMssOS::/microblaze_enable_dcache.o microblaze_0/lib/microblaze_enable_exceptions.o microblaze_0/lib/microblaze_enable_icache.o microbl
TRACE::2025-04-09.15:53:41::SCWMssOS::aze_0/lib/microblaze_enable_interrupts.o microblaze_0/lib/microblaze_exception_handler.o microblaze_0/lib/microblaze_flush_cach
TRACE::2025-04-09.15:53:41::SCWMssOS::e_ext.o microblaze_0/lib/microblaze_flush_cache_ext_range.o microblaze_0/lib/microblaze_flush_dcache.o microblaze_0/lib/microbl
TRACE::2025-04-09.15:53:41::SCWMssOS::aze_flush_dcache_range.o microblaze_0/lib/microblaze_init_dcache_range.o microblaze_0/lib/microblaze_init_icache_range.o microb
TRACE::2025-04-09.15:53:41::SCWMssOS::laze_0/lib/microblaze_interrupt_handler.o microblaze_0/lib/microblaze_interrupts_g.o microblaze_0/lib/microblaze_invalidate_cac
TRACE::2025-04-09.15:53:41::SCWMssOS::he_ext.o microblaze_0/lib/microblaze_invalidate_cache_ext_range.o microblaze_0/lib/microblaze_invalidate_dcache.o microblaze_0/
TRACE::2025-04-09.15:53:41::SCWMssOS::lib/microblaze_invalidate_dcache_range.o microblaze_0/lib/microblaze_invalidate_icache.o microblaze_0/lib/microblaze_invalidate
TRACE::2025-04-09.15:53:41::SCWMssOS::_icache_range.o microblaze_0/lib/microblaze_scrub.o microblaze_0/lib/microblaze_selftest.o microblaze_0/lib/microblaze_sleep.o 
TRACE::2025-04-09.15:53:41::SCWMssOS::microblaze_0/lib/microblaze_update_dcache.o microblaze_0/lib/microblaze_update_icache.o microblaze_0/lib/outbyte.o microblaze_0
TRACE::2025-04-09.15:53:41::SCWMssOS::/lib/print.o microblaze_0/lib/pvr.o microblaze_0/lib/xbram.o microblaze_0/lib/xbram_g.o microblaze_0/lib/xbram_intr.o microblaz
TRACE::2025-04-09.15:53:41::SCWMssOS::e_0/lib/xbram_selftest.o microblaze_0/lib/xbram_sinit.o microblaze_0/lib/xil_assert.o microblaze_0/lib/xil_cache.o microblaze_0
TRACE::2025-04-09.15:53:41::SCWMssOS::/lib/xil_clocking.o microblaze_0/lib/xil_exception.o microblaze_0/lib/xil_mem.o microblaze_0/lib/xil_misc_psreset_api.o microbl
TRACE::2025-04-09.15:53:41::SCWMssOS::aze_0/lib/xil_printf.o microblaze_0/lib/xil_sleepcommon.o microblaze_0/lib/xil_testcache.o microblaze_0/lib/xil_testio.o microb
TRACE::2025-04-09.15:53:41::SCWMssOS::laze_0/lib/xil_testmem.o microblaze_0/lib/xil_util.o microblaze_0/lib/xintc.o microblaze_0/lib/xintc_g.o microblaze_0/lib/xintc
TRACE::2025-04-09.15:53:41::SCWMssOS::_intr.o microblaze_0/lib/xintc_l.o microblaze_0/lib/xintc_options.o microblaze_0/lib/xintc_selftest.o microblaze_0/lib/xinterru
TRACE::2025-04-09.15:53:41::SCWMssOS::pt_wrap.o microblaze_0/lib/xio.o microblaze_0/lib/xplatform_info.o microblaze_0/lib/xuartlite.o microblaze_0/lib/xuartlite_g.o 
TRACE::2025-04-09.15:53:41::SCWMssOS::microblaze_0/lib/xuartlite_intr.o microblaze_0/lib/xuartlite_l.o microblaze_0/lib/xuartlite_selftest.o microblaze_0/lib/xuartli
TRACE::2025-04-09.15:53:41::SCWMssOS::te_sinit.o microblaze_0/lib/xuartlite_stats.o

TRACE::2025-04-09.15:53:41::SCWMssOS::'Finished building libraries'

TRACE::2025-04-09.15:53:41::SCWMssOS:: Checking if to create the Supporting Applications
TRACE::2025-04-09.15:53:41::SCWMssOS:: No Linux domain exists, trying to generate FSBL 
LOG::2025-04-09.15:53:41::SCWSystem::Completed Processing the domain standalone_microblaze_0
LOG::2025-04-09.15:53:41::SCWSystem::Completed Processing the sysconfig mb_lab7_1_wrapper
LOG::2025-04-09.15:53:41::SCWPlatform::Completed generating the artifacts for system configuration mb_lab7_1_wrapper
TRACE::2025-04-09.15:53:41::SCWPlatform::Started preparing the platform 
TRACE::2025-04-09.15:53:41::SCWSystem::Writing the bif file for system config mb_lab7_1_wrapper
TRACE::2025-04-09.15:53:41::SCWSystem::dir created 
TRACE::2025-04-09.15:53:41::SCWSystem::Writing the bif 
TRACE::2025-04-09.15:53:41::SCWPlatform::Started writing the spfm file 
TRACE::2025-04-09.15:53:41::SCWPlatform::Started writing the xpfm file 
TRACE::2025-04-09.15:53:41::SCWPlatform::Completed generating the platform
TRACE::2025-04-09.15:53:41::SCWMssOS::Saving the mss changes D:/School/UIUC_ECE385_SP25/lab7_2/sdk/mb_lab7_1_wrapper/microblaze_0/standalone_microblaze_0/bsp/system.mss
TRACE::2025-04-09.15:53:41::SCWMssOS::Adding the swdes entry, mss present, able to open swdb D:/School/UIUC_ECE385_SP25/lab7_2/sdk/mb_lab7_1_wrapper/microblaze_0/standalone_microblaze_0/bsp/system.mss with des name system
TRACE::2025-04-09.15:53:41::SCWMssOS::Writing the mss file completed D:/School/UIUC_ECE385_SP25/lab7_2/sdk/mb_lab7_1_wrapper/microblaze_0/standalone_microblaze_0/bsp/system.mss
TRACE::2025-04-09.15:53:41::SCWMssOS::Commit changes completed.
TRACE::2025-04-09.15:53:41::SCWPlatform::Trying to open the hw design at D:/School/UIUC_ECE385_SP25/lab7_2/sdk/mb_lab7_1_wrapper/hw/mb_lab7_1_wrapper.xsa
TRACE::2025-04-09.15:53:41::SCWPlatform::DSA given D:/School/UIUC_ECE385_SP25/lab7_2/sdk/mb_lab7_1_wrapper/hw/mb_lab7_1_wrapper.xsa
TRACE::2025-04-09.15:53:41::SCWPlatform::DSA absoulate path D:/School/UIUC_ECE385_SP25/lab7_2/sdk/mb_lab7_1_wrapper/hw/mb_lab7_1_wrapper.xsa
TRACE::2025-04-09.15:53:41::SCWPlatform::DSA directory D:/School/UIUC_ECE385_SP25/lab7_2/sdk/mb_lab7_1_wrapper/hw
TRACE::2025-04-09.15:53:41::SCWPlatform:: Platform Path D:/School/UIUC_ECE385_SP25/lab7_2/sdk/mb_lab7_1_wrapper/hw/mb_lab7_1_wrapper.xsa
TRACE::2025-04-09.15:53:41::SCWPlatform:: Unique name xilinx:::0.0
TRACE::2025-04-09.15:53:41::SCWPlatform::Trying to set the existing hwdb with name mb_lab7_1_wrapper_8
TRACE::2025-04-09.15:53:41::SCWPlatform::Opened existing hwdb mb_lab7_1_wrapper_8
TRACE::2025-04-09.15:53:41::SCWPlatform::Found the Hw Db part of the input DSA
TRACE::2025-04-09.15:53:41::SCWMssOS::Checking the sw design at  D:/School/UIUC_ECE385_SP25/lab7_2/sdk/mb_lab7_1_wrapper/microblaze_0/standalone_microblaze_0/bsp/system.mss
TRACE::2025-04-09.15:53:41::SCWMssOS::DEBUG:  swdes dump  D:/School/UIUC_ECE385_SP25/lab7_2/sdk/mb_lab7_1_wrapper/microblaze_0/standalone_microblaze_0/bsp/system.mss|system||

TRACE::2025-04-09.15:53:41::SCWMssOS::Sw design exists and opened at  D:/School/UIUC_ECE385_SP25/lab7_2/sdk/mb_lab7_1_wrapper/microblaze_0/standalone_microblaze_0/bsp/system.mss
TRACE::2025-04-09.15:53:41::SCWWriter::formatted JSON is {
	"platformName":	"mb_lab7_1_wrapper",
	"sprVersion":	"2.0",
	"mode":	"gui",
	"dsaType":	"Fixed",
	"platformDesc":	"mb_lab7_1_wrapper",
	"platHandOff":	"D:/School/UIUC_ECE385_SP25/lab7_2/mb_lab7_1_wrapper.xsa",
	"platIntHandOff":	"<platformDir>/hw/mb_lab7_1_wrapper.xsa",
	"deviceType":	"FPGA",
	"platIsPrebuiltAutogen":	"false",
	"platIsNoBootBsp":	"false",
	"hasFsblMakeHasChanges":	"false",
	"hasPmufwMakeHasChanges":	"false",
	"platPreBuiltFlag":	false,
	"platformSamplesDir":	"",
	"platActiveSys":	"mb_lab7_1_wrapper",
	"systems":	[{
			"systemName":	"mb_lab7_1_wrapper",
			"systemDesc":	"mb_lab7_1_wrapper",
			"sysIsBootAutoGen":	"true",
			"systemDispName":	"mb_lab7_1_wrapper",
			"sysActiveDom":	"standalone_microblaze_0",
			"sysDefaultDom":	"standalone_microblaze_0",
			"domains":	[{
					"domainName":	"standalone_microblaze_0",
					"domainDispName":	"standalone_microblaze_0",
					"domainDesc":	"standalone_microblaze_0",
					"processors":	"microblaze_0",
					"os":	"standalone",
					"sdxOs":	"standalone",
					"debugEnable":	"False",
					"domRuntimes":	["cpp"],
					"swRepo":	"",
					"mssOsVer":	"8.0",
					"mssFile":	"",
					"md5Digest":	"5422c1e5be4ae93f4de8c50507402f2a",
					"compatibleApp":	"",
					"domType":	"mssDomain",
					"arch":	"32-bit",
					"appSettings":	{
						"appCompilerFlags":	"",
						"appLinkerFlags":	""
					},
					"addedLibs":	[],
					"libOptions":	{
						"libsContainingOptions":	[]
					},
					"prebuiltLibs":	{
						"prebuiltIncPath":	[],
						"prebuiltLibPath":	[]
					},
					"isolation":	{
					}
				}]
		}]
}
KEYINFO::2025-04-09.15:53:41::SCWPlatform::updated the xpfm file.
TRACE::2025-04-09.15:53:41::SCWPlatform::Trying to open the hw design at D:/School/UIUC_ECE385_SP25/lab7_2/sdk/mb_lab7_1_wrapper/hw/mb_lab7_1_wrapper.xsa
TRACE::2025-04-09.15:53:41::SCWPlatform::DSA given D:/School/UIUC_ECE385_SP25/lab7_2/sdk/mb_lab7_1_wrapper/hw/mb_lab7_1_wrapper.xsa
TRACE::2025-04-09.15:53:41::SCWPlatform::DSA absoulate path D:/School/UIUC_ECE385_SP25/lab7_2/sdk/mb_lab7_1_wrapper/hw/mb_lab7_1_wrapper.xsa
TRACE::2025-04-09.15:53:41::SCWPlatform::DSA directory D:/School/UIUC_ECE385_SP25/lab7_2/sdk/mb_lab7_1_wrapper/hw
TRACE::2025-04-09.15:53:41::SCWPlatform:: Platform Path D:/School/UIUC_ECE385_SP25/lab7_2/sdk/mb_lab7_1_wrapper/hw/mb_lab7_1_wrapper.xsa
TRACE::2025-04-09.15:53:41::SCWPlatform:: Unique name xilinx:::0.0
TRACE::2025-04-09.15:53:41::SCWPlatform::Trying to set the existing hwdb with name mb_lab7_1_wrapper_8
TRACE::2025-04-09.15:53:41::SCWPlatform::Opened existing hwdb mb_lab7_1_wrapper_8
TRACE::2025-04-09.15:53:41::SCWPlatform::Found the Hw Db part of the input DSA
TRACE::2025-04-09.15:53:41::SCWMssOS::Checking the sw design at  D:/School/UIUC_ECE385_SP25/lab7_2/sdk/mb_lab7_1_wrapper/microblaze_0/standalone_microblaze_0/bsp/system.mss
TRACE::2025-04-09.15:53:41::SCWMssOS::DEBUG:  swdes dump  D:/School/UIUC_ECE385_SP25/lab7_2/sdk/mb_lab7_1_wrapper/microblaze_0/standalone_microblaze_0/bsp/system.mss|system||

TRACE::2025-04-09.15:53:41::SCWMssOS::Sw design exists and opened at  D:/School/UIUC_ECE385_SP25/lab7_2/sdk/mb_lab7_1_wrapper/microblaze_0/standalone_microblaze_0/bsp/system.mss
TRACE::2025-04-09.16:16:39::SCWPlatform::Clearing the existing platform
TRACE::2025-04-09.16:16:39::SCWSystem::Clearing the existing sysconfig
TRACE::2025-04-09.16:16:39::SCWMssOS::Removing the swdes entry for  D:/School/UIUC_ECE385_SP25/lab7_2/sdk/mb_lab7_1_wrapper/microblaze_0/standalone_microblaze_0/bsp/system.mss
TRACE::2025-04-09.16:16:39::SCWSystem::Clearing the domains completed.
TRACE::2025-04-09.16:16:39::SCWPlatform::Clearing the opened hw db.
TRACE::2025-04-09.16:16:39::SCWPlatform::DSA given D:/School/UIUC_ECE385_SP25/lab7_2/sdk/mb_lab7_1_wrapper/hw/mb_lab7_1_wrapper.xsa
TRACE::2025-04-09.16:16:39::SCWPlatform::DSA absoulate path D:/School/UIUC_ECE385_SP25/lab7_2/sdk/mb_lab7_1_wrapper/hw/mb_lab7_1_wrapper.xsa
TRACE::2025-04-09.16:16:39::SCWPlatform:: Platform location is D:/School/UIUC_ECE385_SP25/lab7_2/sdk/mb_lab7_1_wrapper/hw
TRACE::2025-04-09.16:16:39::SCWPlatform:: Platform Path D:/School/UIUC_ECE385_SP25/lab7_2/sdk/mb_lab7_1_wrapper/hw/mb_lab7_1_wrapper.xsa
TRACE::2025-04-09.16:16:39::SCWPlatform:: Unique name xilinx:::0.0
TRACE::2025-04-09.16:16:39::SCWPlatform::Removing the HwDB with name D:/School/UIUC_ECE385_SP25/lab7_2/sdk/mb_lab7_1_wrapper/hw/mb_lab7_1_wrapper.xsa
TRACE::2025-04-09.16:16:39::SCWPlatform::Trying to open the hw design at D:/School/UIUC_ECE385_SP25/lab7_2/sdk/mb_lab7_1_wrapper/hw/mb_lab7_1_wrapper.xsa
TRACE::2025-04-09.16:16:39::SCWPlatform::DSA given D:/School/UIUC_ECE385_SP25/lab7_2/sdk/mb_lab7_1_wrapper/hw/mb_lab7_1_wrapper.xsa
TRACE::2025-04-09.16:16:39::SCWPlatform::DSA absoulate path D:/School/UIUC_ECE385_SP25/lab7_2/sdk/mb_lab7_1_wrapper/hw/mb_lab7_1_wrapper.xsa
TRACE::2025-04-09.16:16:39::SCWPlatform::DSA directory D:/School/UIUC_ECE385_SP25/lab7_2/sdk/mb_lab7_1_wrapper/hw
TRACE::2025-04-09.16:16:39::SCWPlatform:: Platform Path D:/School/UIUC_ECE385_SP25/lab7_2/sdk/mb_lab7_1_wrapper/hw/mb_lab7_1_wrapper.xsa
TRACE::2025-04-09.16:16:39::SCWPlatform:: Unique name xilinx:::0.0
TRACE::2025-04-09.16:16:39::SCWPlatform::Do not have an existing db opened. 
TRACE::2025-04-09.16:16:39::SCWPlatform::Opened new HwDB with name mb_lab7_1_wrapper_10
TRACE::2025-04-09.16:16:39::SCWReader::Active system found as  mb_lab7_1_wrapper
TRACE::2025-04-09.16:16:39::SCWReader::Handling sysconfig mb_lab7_1_wrapper
TRACE::2025-04-09.16:16:39::SCWDomain::checking for install qemu data   : 
TRACE::2025-04-09.16:16:39::SCWPlatform::Trying to open the hw design at D:/School/UIUC_ECE385_SP25/lab7_2/sdk/mb_lab7_1_wrapper/hw/mb_lab7_1_wrapper.xsa
TRACE::2025-04-09.16:16:39::SCWPlatform::DSA given D:/School/UIUC_ECE385_SP25/lab7_2/sdk/mb_lab7_1_wrapper/hw/mb_lab7_1_wrapper.xsa
TRACE::2025-04-09.16:16:39::SCWPlatform::DSA absoulate path D:/School/UIUC_ECE385_SP25/lab7_2/sdk/mb_lab7_1_wrapper/hw/mb_lab7_1_wrapper.xsa
TRACE::2025-04-09.16:16:39::SCWPlatform::DSA directory D:/School/UIUC_ECE385_SP25/lab7_2/sdk/mb_lab7_1_wrapper/hw
TRACE::2025-04-09.16:16:39::SCWPlatform:: Platform Path D:/School/UIUC_ECE385_SP25/lab7_2/sdk/mb_lab7_1_wrapper/hw/mb_lab7_1_wrapper.xsa
TRACE::2025-04-09.16:16:39::SCWPlatform:: Unique name xilinx:::0.0
TRACE::2025-04-09.16:16:39::SCWPlatform::Trying to set the existing hwdb with name mb_lab7_1_wrapper_10
TRACE::2025-04-09.16:16:39::SCWPlatform::Opened existing hwdb mb_lab7_1_wrapper_10
TRACE::2025-04-09.16:16:39::SCWPlatform::Found the Hw Db part of the input DSA
TRACE::2025-04-09.16:16:39::SCWPlatform::Trying to open the hw design at D:/School/UIUC_ECE385_SP25/lab7_2/sdk/mb_lab7_1_wrapper/hw/mb_lab7_1_wrapper.xsa
TRACE::2025-04-09.16:16:39::SCWPlatform::DSA given D:/School/UIUC_ECE385_SP25/lab7_2/sdk/mb_lab7_1_wrapper/hw/mb_lab7_1_wrapper.xsa
TRACE::2025-04-09.16:16:39::SCWPlatform::DSA absoulate path D:/School/UIUC_ECE385_SP25/lab7_2/sdk/mb_lab7_1_wrapper/hw/mb_lab7_1_wrapper.xsa
TRACE::2025-04-09.16:16:39::SCWPlatform::DSA directory D:/School/UIUC_ECE385_SP25/lab7_2/sdk/mb_lab7_1_wrapper/hw
TRACE::2025-04-09.16:16:39::SCWPlatform:: Platform Path D:/School/UIUC_ECE385_SP25/lab7_2/sdk/mb_lab7_1_wrapper/hw/mb_lab7_1_wrapper.xsa
TRACE::2025-04-09.16:16:39::SCWPlatform:: Unique name xilinx:::0.0
TRACE::2025-04-09.16:16:39::SCWPlatform::Trying to set the existing hwdb with name mb_lab7_1_wrapper_10
TRACE::2025-04-09.16:16:39::SCWPlatform::Opened existing hwdb mb_lab7_1_wrapper_10
TRACE::2025-04-09.16:16:39::SCWPlatform::Found the Hw Db part of the input DSA
TRACE::2025-04-09.16:16:39::SCWPlatform::Trying to open the hw design at D:/School/UIUC_ECE385_SP25/lab7_2/sdk/mb_lab7_1_wrapper/hw/mb_lab7_1_wrapper.xsa
TRACE::2025-04-09.16:16:39::SCWPlatform::DSA given D:/School/UIUC_ECE385_SP25/lab7_2/sdk/mb_lab7_1_wrapper/hw/mb_lab7_1_wrapper.xsa
TRACE::2025-04-09.16:16:39::SCWPlatform::DSA absoulate path D:/School/UIUC_ECE385_SP25/lab7_2/sdk/mb_lab7_1_wrapper/hw/mb_lab7_1_wrapper.xsa
TRACE::2025-04-09.16:16:39::SCWPlatform::DSA directory D:/School/UIUC_ECE385_SP25/lab7_2/sdk/mb_lab7_1_wrapper/hw
TRACE::2025-04-09.16:16:39::SCWPlatform:: Platform Path D:/School/UIUC_ECE385_SP25/lab7_2/sdk/mb_lab7_1_wrapper/hw/mb_lab7_1_wrapper.xsa
TRACE::2025-04-09.16:16:39::SCWPlatform:: Unique name xilinx:::0.0
TRACE::2025-04-09.16:16:39::SCWPlatform::Trying to set the existing hwdb with name mb_lab7_1_wrapper_10
TRACE::2025-04-09.16:16:39::SCWPlatform::Opened existing hwdb mb_lab7_1_wrapper_10
TRACE::2025-04-09.16:16:39::SCWPlatform::Found the Hw Db part of the input DSA
TRACE::2025-04-09.16:16:39::SCWPlatform::Trying to open the hw design at D:/School/UIUC_ECE385_SP25/lab7_2/sdk/mb_lab7_1_wrapper/hw/mb_lab7_1_wrapper.xsa
TRACE::2025-04-09.16:16:39::SCWPlatform::DSA given D:/School/UIUC_ECE385_SP25/lab7_2/sdk/mb_lab7_1_wrapper/hw/mb_lab7_1_wrapper.xsa
TRACE::2025-04-09.16:16:39::SCWPlatform::DSA absoulate path D:/School/UIUC_ECE385_SP25/lab7_2/sdk/mb_lab7_1_wrapper/hw/mb_lab7_1_wrapper.xsa
TRACE::2025-04-09.16:16:39::SCWPlatform::DSA directory D:/School/UIUC_ECE385_SP25/lab7_2/sdk/mb_lab7_1_wrapper/hw
TRACE::2025-04-09.16:16:39::SCWPlatform:: Platform Path D:/School/UIUC_ECE385_SP25/lab7_2/sdk/mb_lab7_1_wrapper/hw/mb_lab7_1_wrapper.xsa
TRACE::2025-04-09.16:16:39::SCWPlatform:: Unique name xilinx:::0.0
TRACE::2025-04-09.16:16:39::SCWPlatform::Trying to set the existing hwdb with name mb_lab7_1_wrapper_10
TRACE::2025-04-09.16:16:39::SCWPlatform::Opened existing hwdb mb_lab7_1_wrapper_10
TRACE::2025-04-09.16:16:39::SCWPlatform::Found the Hw Db part of the input DSA
TRACE::2025-04-09.16:16:39::SCWMssOS::Checking the sw design at  D:/School/UIUC_ECE385_SP25/lab7_2/sdk/mb_lab7_1_wrapper/microblaze_0/standalone_microblaze_0/bsp/system.mss
TRACE::2025-04-09.16:16:39::SCWMssOS::DEBUG:  swdes dump  
TRACE::2025-04-09.16:16:39::SCWMssOS::No sw design opened at  D:/School/UIUC_ECE385_SP25/lab7_2/sdk/mb_lab7_1_wrapper/microblaze_0/standalone_microblaze_0/bsp/system.mss
TRACE::2025-04-09.16:16:39::SCWMssOS::mss exists loading the mss file  D:/School/UIUC_ECE385_SP25/lab7_2/sdk/mb_lab7_1_wrapper/microblaze_0/standalone_microblaze_0/bsp/system.mss
TRACE::2025-04-09.16:16:39::SCWMssOS::Opened the sw design from mss  D:/School/UIUC_ECE385_SP25/lab7_2/sdk/mb_lab7_1_wrapper/microblaze_0/standalone_microblaze_0/bsp/system.mss
TRACE::2025-04-09.16:16:39::SCWMssOS::Adding the swdes entry D:/School/UIUC_ECE385_SP25/lab7_2/sdk/mb_lab7_1_wrapper/microblaze_0/standalone_microblaze_0/bsp/system.mss with des name system
TRACE::2025-04-09.16:16:39::SCWMssOS::updating the scw layer about changes
TRACE::2025-04-09.16:16:39::SCWMssOS::Opened the sw design.  D:/School/UIUC_ECE385_SP25/lab7_2/sdk/mb_lab7_1_wrapper/microblaze_0/standalone_microblaze_0/bsp/system.mss
TRACE::2025-04-09.16:16:39::SCWMssOS::Saving the mss changes D:/School/UIUC_ECE385_SP25/lab7_2/sdk/mb_lab7_1_wrapper/microblaze_0/standalone_microblaze_0/bsp/system.mss
TRACE::2025-04-09.16:16:39::SCWMssOS::Found a swdesign opened with the mssfile.
TRACE::2025-04-09.16:16:39::SCWMssOS::Completed writemss as part of save.
TRACE::2025-04-09.16:16:39::SCWMssOS::Commit changes completed.
TRACE::2025-04-09.16:16:39::SCWReader::Adding prebuilt librarypaths as   
TRACE::2025-04-09.16:16:39::SCWReader::Adding prebuilt incpaths  as   
TRACE::2025-04-09.16:16:39::SCWPlatform::Trying to open the hw design at D:/School/UIUC_ECE385_SP25/lab7_2/sdk/mb_lab7_1_wrapper/hw/mb_lab7_1_wrapper.xsa
TRACE::2025-04-09.16:16:39::SCWPlatform::DSA given D:/School/UIUC_ECE385_SP25/lab7_2/sdk/mb_lab7_1_wrapper/hw/mb_lab7_1_wrapper.xsa
TRACE::2025-04-09.16:16:39::SCWPlatform::DSA absoulate path D:/School/UIUC_ECE385_SP25/lab7_2/sdk/mb_lab7_1_wrapper/hw/mb_lab7_1_wrapper.xsa
TRACE::2025-04-09.16:16:39::SCWPlatform::DSA directory D:/School/UIUC_ECE385_SP25/lab7_2/sdk/mb_lab7_1_wrapper/hw
TRACE::2025-04-09.16:16:39::SCWPlatform:: Platform Path D:/School/UIUC_ECE385_SP25/lab7_2/sdk/mb_lab7_1_wrapper/hw/mb_lab7_1_wrapper.xsa
TRACE::2025-04-09.16:16:39::SCWPlatform:: Unique name xilinx:::0.0
TRACE::2025-04-09.16:16:39::SCWPlatform::Trying to set the existing hwdb with name mb_lab7_1_wrapper_10
TRACE::2025-04-09.16:16:39::SCWPlatform::Opened existing hwdb mb_lab7_1_wrapper_10
TRACE::2025-04-09.16:16:39::SCWPlatform::Found the Hw Db part of the input DSA
TRACE::2025-04-09.16:16:39::SCWMssOS::Checking the sw design at  D:/School/UIUC_ECE385_SP25/lab7_2/sdk/mb_lab7_1_wrapper/microblaze_0/standalone_microblaze_0/bsp/system.mss
TRACE::2025-04-09.16:16:39::SCWMssOS::DEBUG:  swdes dump  D:/School/UIUC_ECE385_SP25/lab7_2/sdk/mb_lab7_1_wrapper/microblaze_0/standalone_microblaze_0/bsp/system.mss|system||

TRACE::2025-04-09.16:16:39::SCWMssOS::Sw design exists and opened at  D:/School/UIUC_ECE385_SP25/lab7_2/sdk/mb_lab7_1_wrapper/microblaze_0/standalone_microblaze_0/bsp/system.mss
TRACE::2025-04-09.16:16:39::SCWReader::No isolation master present  
TRACE::2025-04-09.16:16:41::SCWPlatform::DSA given D:/School/UIUC_ECE385_SP25/lab7_2/sdk/mb_lab7_1_wrapper/tempdsa/mb_lab7_1_wrapper.xsa
TRACE::2025-04-09.16:16:41::SCWPlatform::DSA absoulate path D:/School/UIUC_ECE385_SP25/lab7_2/sdk/mb_lab7_1_wrapper/tempdsa/mb_lab7_1_wrapper.xsa
TRACE::2025-04-09.16:16:41::SCWPlatform:: Platform location is D:/School/UIUC_ECE385_SP25/lab7_2/sdk/mb_lab7_1_wrapper/tempdsa
TRACE::2025-04-09.16:16:41::SCWPlatform:: Platform Path D:/School/UIUC_ECE385_SP25/lab7_2/sdk/mb_lab7_1_wrapper/tempdsa/mb_lab7_1_wrapper.xsa
TRACE::2025-04-09.16:16:41::SCWPlatform:: Unique name xilinx:::0.0
TRACE::2025-04-09.16:16:41::SCWPlatform::Found the Hw Db part of the input DSA
TRACE::2025-04-09.16:16:41::SCWMssOS::Doing hw sync for the mss in domain: standalone_microblaze_0
TRACE::2025-04-09.16:16:41::SCWPlatform::Trying to open the hw design at D:/School/UIUC_ECE385_SP25/lab7_2/sdk/mb_lab7_1_wrapper/hw/mb_lab7_1_wrapper.xsa
TRACE::2025-04-09.16:16:41::SCWPlatform::DSA given D:/School/UIUC_ECE385_SP25/lab7_2/sdk/mb_lab7_1_wrapper/hw/mb_lab7_1_wrapper.xsa
TRACE::2025-04-09.16:16:41::SCWPlatform::DSA absoulate path D:/School/UIUC_ECE385_SP25/lab7_2/sdk/mb_lab7_1_wrapper/hw/mb_lab7_1_wrapper.xsa
TRACE::2025-04-09.16:16:41::SCWPlatform::DSA directory D:/School/UIUC_ECE385_SP25/lab7_2/sdk/mb_lab7_1_wrapper/hw
TRACE::2025-04-09.16:16:41::SCWPlatform:: Platform Path D:/School/UIUC_ECE385_SP25/lab7_2/sdk/mb_lab7_1_wrapper/hw/mb_lab7_1_wrapper.xsa
TRACE::2025-04-09.16:16:41::SCWPlatform:: Unique name xilinx:::0.0
TRACE::2025-04-09.16:16:41::SCWPlatform::Trying to set the existing hwdb with name mb_lab7_1_wrapper_10
TRACE::2025-04-09.16:16:41::SCWPlatform::Opened existing hwdb mb_lab7_1_wrapper_10
TRACE::2025-04-09.16:16:41::SCWPlatform::Found the Hw Db part of the input DSA
TRACE::2025-04-09.16:16:41::SCWPlatform::Trying to open the hw design at D:/School/UIUC_ECE385_SP25/lab7_2/sdk/mb_lab7_1_wrapper/hw/mb_lab7_1_wrapper.xsa
TRACE::2025-04-09.16:16:41::SCWPlatform::DSA given D:/School/UIUC_ECE385_SP25/lab7_2/sdk/mb_lab7_1_wrapper/hw/mb_lab7_1_wrapper.xsa
TRACE::2025-04-09.16:16:41::SCWPlatform::DSA absoulate path D:/School/UIUC_ECE385_SP25/lab7_2/sdk/mb_lab7_1_wrapper/hw/mb_lab7_1_wrapper.xsa
TRACE::2025-04-09.16:16:41::SCWPlatform::DSA directory D:/School/UIUC_ECE385_SP25/lab7_2/sdk/mb_lab7_1_wrapper/hw
TRACE::2025-04-09.16:16:41::SCWPlatform:: Platform Path D:/School/UIUC_ECE385_SP25/lab7_2/sdk/mb_lab7_1_wrapper/hw/mb_lab7_1_wrapper.xsa
TRACE::2025-04-09.16:16:41::SCWPlatform:: Unique name xilinx:::0.0
TRACE::2025-04-09.16:16:41::SCWPlatform::Trying to set the existing hwdb with name mb_lab7_1_wrapper_10
TRACE::2025-04-09.16:16:41::SCWPlatform::Opened existing hwdb mb_lab7_1_wrapper_10
TRACE::2025-04-09.16:16:41::SCWPlatform::Found the Hw Db part of the input DSA
TRACE::2025-04-09.16:16:41::SCWMssOS::Checking the sw design at  D:/School/UIUC_ECE385_SP25/lab7_2/sdk/mb_lab7_1_wrapper/microblaze_0/standalone_microblaze_0/bsp/system.mss
TRACE::2025-04-09.16:16:41::SCWMssOS::DEBUG:  swdes dump  D:/School/UIUC_ECE385_SP25/lab7_2/sdk/mb_lab7_1_wrapper/microblaze_0/standalone_microblaze_0/bsp/system.mss|system||

TRACE::2025-04-09.16:16:41::SCWMssOS::Sw design exists and opened at  D:/School/UIUC_ECE385_SP25/lab7_2/sdk/mb_lab7_1_wrapper/microblaze_0/standalone_microblaze_0/bsp/system.mss
TRACE::2025-04-09.16:16:41::SCWPlatform::Trying to open the hw design at D:/School/UIUC_ECE385_SP25/lab7_2/sdk/mb_lab7_1_wrapper/tempdsa/mb_lab7_1_wrapper.xsa
TRACE::2025-04-09.16:16:41::SCWPlatform::DSA given D:/School/UIUC_ECE385_SP25/lab7_2/sdk/mb_lab7_1_wrapper/tempdsa/mb_lab7_1_wrapper.xsa
TRACE::2025-04-09.16:16:41::SCWPlatform::DSA absoulate path D:/School/UIUC_ECE385_SP25/lab7_2/sdk/mb_lab7_1_wrapper/tempdsa/mb_lab7_1_wrapper.xsa
TRACE::2025-04-09.16:16:41::SCWPlatform::DSA directory D:/School/UIUC_ECE385_SP25/lab7_2/sdk/mb_lab7_1_wrapper/tempdsa
TRACE::2025-04-09.16:16:41::SCWPlatform:: Platform Path D:/School/UIUC_ECE385_SP25/lab7_2/sdk/mb_lab7_1_wrapper/tempdsa/mb_lab7_1_wrapper.xsa
TRACE::2025-04-09.16:16:41::SCWPlatform:: Unique name xilinx:::0.0
TRACE::2025-04-09.16:16:41::SCWPlatform::update - Opened existing hwdb mb_lab7_1_wrapper_11
TRACE::2025-04-09.16:16:41::SCWPlatform::Found the Hw Db part of the input DSA
TRACE::2025-04-09.16:16:41::SCWMssOS::Saving the mss changes D:/School/UIUC_ECE385_SP25/lab7_2/sdk/mb_lab7_1_wrapper/microblaze_0/standalone_microblaze_0/bsp/system.mss
TRACE::2025-04-09.16:16:41::SCWMssOS::Found a swdesign opened with the mssfile.
TRACE::2025-04-09.16:16:41::SCWMssOS::Completed writemss as part of save.
TRACE::2025-04-09.16:16:41::SCWMssOS::Commit changes completed.
TRACE::2025-04-09.16:16:41::SCWMssOS::Completed hw sync for the mss in domain: standalone_microblaze_0
TRACE::2025-04-09.16:16:41::SCWMssOS::Removing the swdes entry for  D:/School/UIUC_ECE385_SP25/lab7_2/sdk/mb_lab7_1_wrapper/microblaze_0/standalone_microblaze_0/bsp/system.mss
TRACE::2025-04-09.16:16:41::SCWPlatform::Trying to open the hw design at D:/School/UIUC_ECE385_SP25/lab7_2/sdk/mb_lab7_1_wrapper/hw/mb_lab7_1_wrapper.xsa
TRACE::2025-04-09.16:16:41::SCWPlatform::DSA given D:/School/UIUC_ECE385_SP25/lab7_2/sdk/mb_lab7_1_wrapper/hw/mb_lab7_1_wrapper.xsa
TRACE::2025-04-09.16:16:41::SCWPlatform::DSA absoulate path D:/School/UIUC_ECE385_SP25/lab7_2/sdk/mb_lab7_1_wrapper/hw/mb_lab7_1_wrapper.xsa
TRACE::2025-04-09.16:16:41::SCWPlatform::DSA directory D:/School/UIUC_ECE385_SP25/lab7_2/sdk/mb_lab7_1_wrapper/hw
TRACE::2025-04-09.16:16:41::SCWPlatform:: Platform Path D:/School/UIUC_ECE385_SP25/lab7_2/sdk/mb_lab7_1_wrapper/hw/mb_lab7_1_wrapper.xsa
TRACE::2025-04-09.16:16:41::SCWPlatform:: Unique name xilinx:::0.0
TRACE::2025-04-09.16:16:41::SCWPlatform::Do not have an existing db opened. 
TRACE::2025-04-09.16:16:41::SCWPlatform::Opened new HwDB with name mb_lab7_1_wrapper_12
TRACE::2025-04-09.16:16:41::SCWMssOS::Saving the mss changes D:/School/UIUC_ECE385_SP25/lab7_2/sdk/mb_lab7_1_wrapper/microblaze_0/standalone_microblaze_0/bsp/system.mss
TRACE::2025-04-09.16:16:41::SCWMssOS::Adding the swdes entry, mss present, able to open swdb D:/School/UIUC_ECE385_SP25/lab7_2/sdk/mb_lab7_1_wrapper/microblaze_0/standalone_microblaze_0/bsp/system.mss with des name system
TRACE::2025-04-09.16:16:41::SCWMssOS::Writing the mss file completed D:/School/UIUC_ECE385_SP25/lab7_2/sdk/mb_lab7_1_wrapper/microblaze_0/standalone_microblaze_0/bsp/system.mss
TRACE::2025-04-09.16:16:41::SCWMssOS::Commit changes completed.
TRACE::2025-04-09.16:16:41::SCWPlatform::Trying to open the hw design at D:/School/UIUC_ECE385_SP25/lab7_2/sdk/mb_lab7_1_wrapper/hw/mb_lab7_1_wrapper.xsa
TRACE::2025-04-09.16:16:41::SCWPlatform::DSA given D:/School/UIUC_ECE385_SP25/lab7_2/sdk/mb_lab7_1_wrapper/hw/mb_lab7_1_wrapper.xsa
TRACE::2025-04-09.16:16:41::SCWPlatform::DSA absoulate path D:/School/UIUC_ECE385_SP25/lab7_2/sdk/mb_lab7_1_wrapper/hw/mb_lab7_1_wrapper.xsa
TRACE::2025-04-09.16:16:41::SCWPlatform::DSA directory D:/School/UIUC_ECE385_SP25/lab7_2/sdk/mb_lab7_1_wrapper/hw
TRACE::2025-04-09.16:16:41::SCWPlatform:: Platform Path D:/School/UIUC_ECE385_SP25/lab7_2/sdk/mb_lab7_1_wrapper/hw/mb_lab7_1_wrapper.xsa
TRACE::2025-04-09.16:16:41::SCWPlatform:: Unique name xilinx:::0.0
TRACE::2025-04-09.16:16:41::SCWPlatform::Trying to set the existing hwdb with name mb_lab7_1_wrapper_12
TRACE::2025-04-09.16:16:41::SCWPlatform::Opened existing hwdb mb_lab7_1_wrapper_12
TRACE::2025-04-09.16:16:41::SCWPlatform::Found the Hw Db part of the input DSA
TRACE::2025-04-09.16:16:41::SCWMssOS::Checking the sw design at  D:/School/UIUC_ECE385_SP25/lab7_2/sdk/mb_lab7_1_wrapper/microblaze_0/standalone_microblaze_0/bsp/system.mss
TRACE::2025-04-09.16:16:41::SCWMssOS::DEBUG:  swdes dump  D:/School/UIUC_ECE385_SP25/lab7_2/sdk/mb_lab7_1_wrapper/microblaze_0/standalone_microblaze_0/bsp/system.mss|system||

TRACE::2025-04-09.16:16:41::SCWMssOS::Sw design exists and opened at  D:/School/UIUC_ECE385_SP25/lab7_2/sdk/mb_lab7_1_wrapper/microblaze_0/standalone_microblaze_0/bsp/system.mss
TRACE::2025-04-09.16:16:41::SCWWriter::formatted JSON is {
	"platformName":	"mb_lab7_1_wrapper",
	"sprVersion":	"2.0",
	"mode":	"gui",
	"dsaType":	"Fixed",
	"platformDesc":	"mb_lab7_1_wrapper",
	"platHandOff":	"D:/School/UIUC_ECE385_SP25/lab7_2/mb_lab7_1_wrapper.xsa",
	"platIntHandOff":	"<platformDir>/hw/mb_lab7_1_wrapper.xsa",
	"deviceType":	"FPGA",
	"platIsPrebuiltAutogen":	"false",
	"platIsNoBootBsp":	"false",
	"hasFsblMakeHasChanges":	"false",
	"hasPmufwMakeHasChanges":	"false",
	"platPreBuiltFlag":	false,
	"platformSamplesDir":	"",
	"platActiveSys":	"mb_lab7_1_wrapper",
	"systems":	[{
			"systemName":	"mb_lab7_1_wrapper",
			"systemDesc":	"mb_lab7_1_wrapper",
			"sysIsBootAutoGen":	"true",
			"systemDispName":	"mb_lab7_1_wrapper",
			"sysActiveDom":	"standalone_microblaze_0",
			"sysDefaultDom":	"standalone_microblaze_0",
			"domains":	[{
					"domainName":	"standalone_microblaze_0",
					"domainDispName":	"standalone_microblaze_0",
					"domainDesc":	"standalone_microblaze_0",
					"processors":	"microblaze_0",
					"os":	"standalone",
					"sdxOs":	"standalone",
					"debugEnable":	"False",
					"domRuntimes":	["cpp"],
					"swRepo":	"",
					"mssOsVer":	"8.0",
					"mssFile":	"",
					"md5Digest":	"5422c1e5be4ae93f4de8c50507402f2a1",
					"compatibleApp":	"",
					"domType":	"mssDomain",
					"arch":	"32-bit",
					"appSettings":	{
						"appCompilerFlags":	"",
						"appLinkerFlags":	""
					},
					"addedLibs":	[],
					"libOptions":	{
						"libsContainingOptions":	[]
					},
					"prebuiltLibs":	{
						"prebuiltIncPath":	[],
						"prebuiltLibPath":	[]
					},
					"isolation":	{
					}
				}]
		}]
}
TRACE::2025-04-09.16:17:01::SCWMssOS::cleaning the bsp 
TRACE::2025-04-09.16:17:01::SCWMssOS::System Command Ran  D: & cd  D:/School/UIUC_ECE385_SP25/lab7_2/sdk/mb_lab7_1_wrapper/microblaze_0/standalone_microblaze_0/bsp & make clean 
TRACE::2025-04-09.16:17:01::SCWMssOS::make -C microblaze_0/libsrc/bram_v4_8/src -s clean 

TRACE::2025-04-09.16:17:01::SCWMssOS::make -C microblaze_0/libsrc/cpu_v2_16/src -s clean 

TRACE::2025-04-09.16:17:01::SCWMssOS::make -C microblaze_0/libsrc/hdmi_text_controller_v1_0/src -s clean 

TRACE::2025-04-09.16:17:01::SCWMssOS::make -C microblaze_0/libsrc/intc_v3_15/src -s clean 

TRACE::2025-04-09.16:17:01::SCWMssOS::make -C microblaze_0/libsrc/standalone_v8_0/src -s clean 

TRACE::2025-04-09.16:17:01::SCWMssOS::make -C microblaze_0/libsrc/uartlite_v3_7/src -s clean 

TRACE::2025-04-09.16:17:01::SCWMssOS::rm -f microblaze_0/lib/libxil.a

LOG::2025-04-09.16:17:03::SCWPlatform::Started generating the artifacts platform mb_lab7_1_wrapper
TRACE::2025-04-09.16:17:03::SCWPlatform::Sanity checking of platform is completed
LOG::2025-04-09.16:17:03::SCWPlatform::Started generating the artifacts for system configuration mb_lab7_1_wrapper
LOG::2025-04-09.16:17:03::SCWSystem::Checking the domain standalone_microblaze_0
LOG::2025-04-09.16:17:03::SCWSystem::Not a boot domain 
LOG::2025-04-09.16:17:03::SCWSystem::Started Processing the domain standalone_microblaze_0
TRACE::2025-04-09.16:17:03::SCWDomain::Generating domain artifcats
TRACE::2025-04-09.16:17:03::SCWMssOS::Generating standalone artifcats
TRACE::2025-04-09.16:17:03::SCWMssOS:: Copying the user libraries. 
TRACE::2025-04-09.16:17:03::SCWPlatform::Trying to open the hw design at D:/School/UIUC_ECE385_SP25/lab7_2/sdk/mb_lab7_1_wrapper/hw/mb_lab7_1_wrapper.xsa
TRACE::2025-04-09.16:17:03::SCWPlatform::DSA given D:/School/UIUC_ECE385_SP25/lab7_2/sdk/mb_lab7_1_wrapper/hw/mb_lab7_1_wrapper.xsa
TRACE::2025-04-09.16:17:03::SCWPlatform::DSA absoulate path D:/School/UIUC_ECE385_SP25/lab7_2/sdk/mb_lab7_1_wrapper/hw/mb_lab7_1_wrapper.xsa
TRACE::2025-04-09.16:17:03::SCWPlatform::DSA directory D:/School/UIUC_ECE385_SP25/lab7_2/sdk/mb_lab7_1_wrapper/hw
TRACE::2025-04-09.16:17:03::SCWPlatform:: Platform Path D:/School/UIUC_ECE385_SP25/lab7_2/sdk/mb_lab7_1_wrapper/hw/mb_lab7_1_wrapper.xsa
TRACE::2025-04-09.16:17:03::SCWPlatform:: Unique name xilinx:::0.0
TRACE::2025-04-09.16:17:03::SCWPlatform::Trying to set the existing hwdb with name mb_lab7_1_wrapper_12
TRACE::2025-04-09.16:17:03::SCWPlatform::Opened existing hwdb mb_lab7_1_wrapper_12
TRACE::2025-04-09.16:17:03::SCWPlatform::Found the Hw Db part of the input DSA
TRACE::2025-04-09.16:17:03::SCWMssOS::Checking the sw design at  D:/School/UIUC_ECE385_SP25/lab7_2/sdk/mb_lab7_1_wrapper/microblaze_0/standalone_microblaze_0/bsp/system.mss
TRACE::2025-04-09.16:17:03::SCWMssOS::DEBUG:  swdes dump  D:/School/UIUC_ECE385_SP25/lab7_2/sdk/mb_lab7_1_wrapper/microblaze_0/standalone_microblaze_0/bsp/system.mss|system||

TRACE::2025-04-09.16:17:03::SCWMssOS::Sw design exists and opened at  D:/School/UIUC_ECE385_SP25/lab7_2/sdk/mb_lab7_1_wrapper/microblaze_0/standalone_microblaze_0/bsp/system.mss
TRACE::2025-04-09.16:17:03::SCWMssOS::Completed writing the mss file at D:/School/UIUC_ECE385_SP25/lab7_2/sdk/mb_lab7_1_wrapper/microblaze_0/standalone_microblaze_0/bsp
TRACE::2025-04-09.16:17:03::SCWMssOS::Mss edits present, copying mssfile into export location D:/School/UIUC_ECE385_SP25/lab7_2/sdk/mb_lab7_1_wrapper/microblaze_0/standalone_microblaze_0/bsp/system.mss
TRACE::2025-04-09.16:17:03::SCWMssOS::bsp generated is stale removing and regenerating. 
TRACE::2025-04-09.16:17:04::SCWMssOS::doing bsp build ... 
TRACE::2025-04-09.16:17:04::SCWMssOS::System Command Ran  D: & cd  D:/School/UIUC_ECE385_SP25/lab7_2/sdk/mb_lab7_1_wrapper/microblaze_0/standalone_microblaze_0/bsp & make 
TRACE::2025-04-09.16:17:04::SCWMssOS::make --no-print-directory seq_libs

TRACE::2025-04-09.16:17:04::SCWMssOS::"Running Make include in microblaze_0/libsrc/bram_v4_8/src"

TRACE::2025-04-09.16:17:04::SCWMssOS::make -C microblaze_0/libsrc/bram_v4_8/src -s include  "SHELL=CMD" "COMPILER=mb-gcc" "ASSEMBLER=mb-as" "ARCHIVER=mb-ar" "COMPILE
TRACE::2025-04-09.16:17:04::SCWMssOS::R_FLAGS=  -O2 -c -mcpu=v11.0 -mlittle-endian -mno-xl-reorder -mno-xl-soft-mul -mxl-barrel-shift -mxl-pattern-compare" "EXTRA_CO
TRACE::2025-04-09.16:17:04::SCWMssOS::MPILER_FLAGS=-g -ffunction-sections -fdata-sections -Wall -Wextra -fno-tree-loop-distribute-patterns"

TRACE::2025-04-09.16:17:04::SCWMssOS::"Running Make include in microblaze_0/libsrc/cpu_v2_16/src"

TRACE::2025-04-09.16:17:04::SCWMssOS::make -C microblaze_0/libsrc/cpu_v2_16/src -s include  "SHELL=CMD" "COMPILER=mb-gcc" "ASSEMBLER=mb-as" "ARCHIVER=mb-ar" "COMPILE
TRACE::2025-04-09.16:17:04::SCWMssOS::R_FLAGS=  -O2 -c -mcpu=v11.0 -mlittle-endian -mno-xl-reorder -mno-xl-soft-mul -mxl-barrel-shift -mxl-pattern-compare" "EXTRA_CO
TRACE::2025-04-09.16:17:04::SCWMssOS::MPILER_FLAGS=-g -ffunction-sections -fdata-sections -Wall -Wextra -fno-tree-loop-distribute-patterns"

TRACE::2025-04-09.16:17:04::SCWMssOS::"Running Make include in microblaze_0/libsrc/hdmi_text_controller_v1_0/src"

TRACE::2025-04-09.16:17:04::SCWMssOS::make -C microblaze_0/libsrc/hdmi_text_controller_v1_0/src -s include  "SHELL=CMD" "COMPILER=mb-gcc" "ASSEMBLER=mb-as" "ARCHIVER
TRACE::2025-04-09.16:17:04::SCWMssOS::=mb-ar" "COMPILER_FLAGS=  -O2 -c -mcpu=v11.0 -mlittle-endian -mno-xl-reorder -mno-xl-soft-mul -mxl-barrel-shift -mxl-pattern-co
TRACE::2025-04-09.16:17:04::SCWMssOS::mpare" "EXTRA_COMPILER_FLAGS=-g -ffunction-sections -fdata-sections -Wall -Wextra -fno-tree-loop-distribute-patterns"

TRACE::2025-04-09.16:17:04::SCWMssOS::"Running Make include in microblaze_0/libsrc/intc_v3_15/src"

TRACE::2025-04-09.16:17:04::SCWMssOS::make -C microblaze_0/libsrc/intc_v3_15/src -s include  "SHELL=CMD" "COMPILER=mb-gcc" "ASSEMBLER=mb-as" "ARCHIVER=mb-ar" "COMPIL
TRACE::2025-04-09.16:17:04::SCWMssOS::ER_FLAGS=  -O2 -c -mcpu=v11.0 -mlittle-endian -mno-xl-reorder -mno-xl-soft-mul -mxl-barrel-shift -mxl-pattern-compare" "EXTRA_C
TRACE::2025-04-09.16:17:04::SCWMssOS::OMPILER_FLAGS=-g -ffunction-sections -fdata-sections -Wall -Wextra -fno-tree-loop-distribute-patterns"

TRACE::2025-04-09.16:17:04::SCWMssOS::"Running Make include in microblaze_0/libsrc/standalone_v8_0/src"

TRACE::2025-04-09.16:17:04::SCWMssOS::make -C microblaze_0/libsrc/standalone_v8_0/src -s include  "SHELL=CMD" "COMPILER=mb-gcc" "ASSEMBLER=mb-as" "ARCHIVER=mb-ar" "C
TRACE::2025-04-09.16:17:04::SCWMssOS::OMPILER_FLAGS=  -O2 -c -mcpu=v11.0 -mlittle-endian -mno-xl-reorder -mno-xl-soft-mul -mxl-barrel-shift -mxl-pattern-compare" "EX
TRACE::2025-04-09.16:17:04::SCWMssOS::TRA_COMPILER_FLAGS=-g -ffunction-sections -fdata-sections -Wall -Wextra -fno-tree-loop-distribute-patterns"

TRACE::2025-04-09.16:17:05::SCWMssOS::"Running Make include in microblaze_0/libsrc/uartlite_v3_7/src"

TRACE::2025-04-09.16:17:05::SCWMssOS::make -C microblaze_0/libsrc/uartlite_v3_7/src -s include  "SHELL=CMD" "COMPILER=mb-gcc" "ASSEMBLER=mb-as" "ARCHIVER=mb-ar" "COM
TRACE::2025-04-09.16:17:05::SCWMssOS::PILER_FLAGS=  -O2 -c -mcpu=v11.0 -mlittle-endian -mno-xl-reorder -mno-xl-soft-mul -mxl-barrel-shift -mxl-pattern-compare" "EXTR
TRACE::2025-04-09.16:17:05::SCWMssOS::A_COMPILER_FLAGS=-g -ffunction-sections -fdata-sections -Wall -Wextra -fno-tree-loop-distribute-patterns"

TRACE::2025-04-09.16:17:05::SCWMssOS::"Running Make libs in microblaze_0/libsrc/hdmi_text_controller_v1_0/src"

TRACE::2025-04-09.16:17:05::SCWMssOS::make -C microblaze_0/libsrc/hdmi_text_controller_v1_0/src -s libs  "SHELL=CMD" "COMPILER=mb-gcc" "ASSEMBLER=mb-as" "ARCHIVER=mb
TRACE::2025-04-09.16:17:05::SCWMssOS::-ar" "COMPILER_FLAGS=  -O2 -c -mcpu=v11.0 -mlittle-endian -mno-xl-reorder -mno-xl-soft-mul -mxl-barrel-shift -mxl-pattern-compa
TRACE::2025-04-09.16:17:05::SCWMssOS::re" "EXTRA_COMPILER_FLAGS=-g -ffunction-sections -fdata-sections -Wall -Wextra -fno-tree-loop-distribute-patterns"

TRACE::2025-04-09.16:17:05::SCWMssOS::"Compiling hdmi_text_controller..."

TRACE::2025-04-09.16:17:05::SCWMssOS::'Finished building libraries sequentially.'

TRACE::2025-04-09.16:17:05::SCWMssOS::make -j 10 --no-print-directory par_libs

TRACE::2025-04-09.16:17:05::SCWMssOS::"Running Make include in microblaze_0/libsrc/bram_v4_8/src"

TRACE::2025-04-09.16:17:05::SCWMssOS::make -C microblaze_0/libsrc/bram_v4_8/src -s include  "SHELL=CMD" "COMPILER=mb-gcc" "ASSEMBLER=mb-as" "ARCHIVER=mb-ar" "COMPILE
TRACE::2025-04-09.16:17:05::SCWMssOS::R_FLAGS=  -O2 -c -mcpu=v11.0 -mlittle-endian -mno-xl-reorder -mno-xl-soft-mul -mxl-barrel-shift -mxl-pattern-compare" "EXTRA_CO
TRACE::2025-04-09.16:17:05::SCWMssOS::MPILER_FLAGS=-g -ffunction-sections -fdata-sections -Wall -Wextra -fno-tree-loop-distribute-patterns"

TRACE::2025-04-09.16:17:05::SCWMssOS::"Running Make include in microblaze_0/libsrc/cpu_v2_16/src"

TRACE::2025-04-09.16:17:05::SCWMssOS::make -C microblaze_0/libsrc/cpu_v2_16/src -s include  "SHELL=CMD" "COMPILER=mb-gcc" "ASSEMBLER=mb-as" "ARCHIVER=mb-ar" "COMPILE
TRACE::2025-04-09.16:17:05::SCWMssOS::R_FLAGS=  -O2 -c -mcpu=v11.0 -mlittle-endian -mno-xl-reorder -mno-xl-soft-mul -mxl-barrel-shift -mxl-pattern-compare" "EXTRA_CO
TRACE::2025-04-09.16:17:05::SCWMssOS::MPILER_FLAGS=-g -ffunction-sections -fdata-sections -Wall -Wextra -fno-tree-loop-distribute-patterns"

TRACE::2025-04-09.16:17:05::SCWMssOS::"Running Make include in microblaze_0/libsrc/hdmi_text_controller_v1_0/src"

TRACE::2025-04-09.16:17:05::SCWMssOS::make -C microblaze_0/libsrc/hdmi_text_controller_v1_0/src -s include  "SHELL=CMD" "COMPILER=mb-gcc" "ASSEMBLER=mb-as" "ARCHIVER
TRACE::2025-04-09.16:17:05::SCWMssOS::=mb-ar" "COMPILER_FLAGS=  -O2 -c -mcpu=v11.0 -mlittle-endian -mno-xl-reorder -mno-xl-soft-mul -mxl-barrel-shift -mxl-pattern-co
TRACE::2025-04-09.16:17:05::SCWMssOS::mpare" "EXTRA_COMPILER_FLAGS=-g -ffunction-sections -fdata-sections -Wall -Wextra -fno-tree-loop-distribute-patterns"

TRACE::2025-04-09.16:17:05::SCWMssOS::"Running Make include in microblaze_0/libsrc/intc_v3_15/src"

TRACE::2025-04-09.16:17:05::SCWMssOS::make -C microblaze_0/libsrc/intc_v3_15/src -s include  "SHELL=CMD" "COMPILER=mb-gcc" "ASSEMBLER=mb-as" "ARCHIVER=mb-ar" "COMPIL
TRACE::2025-04-09.16:17:05::SCWMssOS::ER_FLAGS=  -O2 -c -mcpu=v11.0 -mlittle-endian -mno-xl-reorder -mno-xl-soft-mul -mxl-barrel-shift -mxl-pattern-compare" "EXTRA_C
TRACE::2025-04-09.16:17:05::SCWMssOS::OMPILER_FLAGS=-g -ffunction-sections -fdata-sections -Wall -Wextra -fno-tree-loop-distribute-patterns"

TRACE::2025-04-09.16:17:05::SCWMssOS::"Running Make include in microblaze_0/libsrc/standalone_v8_0/src"

TRACE::2025-04-09.16:17:05::SCWMssOS::make -C microblaze_0/libsrc/standalone_v8_0/src -s include  "SHELL=CMD" "COMPILER=mb-gcc" "ASSEMBLER=mb-as" "ARCHIVER=mb-ar" "C
TRACE::2025-04-09.16:17:05::SCWMssOS::OMPILER_FLAGS=  -O2 -c -mcpu=v11.0 -mlittle-endian -mno-xl-reorder -mno-xl-soft-mul -mxl-barrel-shift -mxl-pattern-compare" "EX
TRACE::2025-04-09.16:17:05::SCWMssOS::TRA_COMPILER_FLAGS=-g -ffunction-sections -fdata-sections -Wall -Wextra -fno-tree-loop-distribute-patterns"

TRACE::2025-04-09.16:17:05::SCWMssOS::"Running Make include in microblaze_0/libsrc/uartlite_v3_7/src"

TRACE::2025-04-09.16:17:05::SCWMssOS::make -C microblaze_0/libsrc/uartlite_v3_7/src -s include  "SHELL=CMD" "COMPILER=mb-gcc" "ASSEMBLER=mb-as" "ARCHIVER=mb-ar" "COM
TRACE::2025-04-09.16:17:05::SCWMssOS::PILER_FLAGS=  -O2 -c -mcpu=v11.0 -mlittle-endian -mno-xl-reorder -mno-xl-soft-mul -mxl-barrel-shift -mxl-pattern-compare" "EXTR
TRACE::2025-04-09.16:17:05::SCWMssOS::A_COMPILER_FLAGS=-g -ffunction-sections -fdata-sections -Wall -Wextra -fno-tree-loop-distribute-patterns"

TRACE::2025-04-09.16:17:05::SCWMssOS::"Running Make libs in microblaze_0/libsrc/bram_v4_8/src"

TRACE::2025-04-09.16:17:05::SCWMssOS::make -C microblaze_0/libsrc/bram_v4_8/src -s libs  "SHELL=CMD" "COMPILER=mb-gcc" "ASSEMBLER=mb-as" "ARCHIVER=mb-ar" "COMPILER_F
TRACE::2025-04-09.16:17:05::SCWMssOS::LAGS=  -O2 -c -mcpu=v11.0 -mlittle-endian -mno-xl-reorder -mno-xl-soft-mul -mxl-barrel-shift -mxl-pattern-compare" "EXTRA_COMPI
TRACE::2025-04-09.16:17:05::SCWMssOS::LER_FLAGS=-g -ffunction-sections -fdata-sections -Wall -Wextra -fno-tree-loop-distribute-patterns"

TRACE::2025-04-09.16:17:05::SCWMssOS::"Running Make libs in microblaze_0/libsrc/cpu_v2_16/src"

TRACE::2025-04-09.16:17:05::SCWMssOS::make -C microblaze_0/libsrc/cpu_v2_16/src -s libs  "SHELL=CMD" "COMPILER=mb-gcc" "ASSEMBLER=mb-as" "ARCHIVER=mb-ar" "COMPILER_F
TRACE::2025-04-09.16:17:05::SCWMssOS::LAGS=  -O2 -c -mcpu=v11.0 -mlittle-endian -mno-xl-reorder -mno-xl-soft-mul -mxl-barrel-shift -mxl-pattern-compare" "EXTRA_COMPI
TRACE::2025-04-09.16:17:05::SCWMssOS::LER_FLAGS=-g -ffunction-sections -fdata-sections -Wall -Wextra -fno-tree-loop-distribute-patterns"

TRACE::2025-04-09.16:17:05::SCWMssOS::"Running Make libs in microblaze_0/libsrc/intc_v3_15/src"

TRACE::2025-04-09.16:17:05::SCWMssOS::make -C microblaze_0/libsrc/intc_v3_15/src -s libs  "SHELL=CMD" "COMPILER=mb-gcc" "ASSEMBLER=mb-as" "ARCHIVER=mb-ar" "COMPILER_
TRACE::2025-04-09.16:17:05::SCWMssOS::FLAGS=  -O2 -c -mcpu=v11.0 -mlittle-endian -mno-xl-reorder -mno-xl-soft-mul -mxl-barrel-shift -mxl-pattern-compare" "EXTRA_COMP
TRACE::2025-04-09.16:17:05::SCWMssOS::ILER_FLAGS=-g -ffunction-sections -fdata-sections -Wall -Wextra -fno-tree-loop-distribute-patterns"

TRACE::2025-04-09.16:17:05::SCWMssOS::"Running Make libs in microblaze_0/libsrc/standalone_v8_0/src"

TRACE::2025-04-09.16:17:05::SCWMssOS::make -C microblaze_0/libsrc/standalone_v8_0/src -s libs  "SHELL=CMD" "COMPILER=mb-gcc" "ASSEMBLER=mb-as" "ARCHIVER=mb-ar" "COMP
TRACE::2025-04-09.16:17:05::SCWMssOS::ILER_FLAGS=  -O2 -c -mcpu=v11.0 -mlittle-endian -mno-xl-reorder -mno-xl-soft-mul -mxl-barrel-shift -mxl-pattern-compare" "EXTRA
TRACE::2025-04-09.16:17:05::SCWMssOS::_COMPILER_FLAGS=-g -ffunction-sections -fdata-sections -Wall -Wextra -fno-tree-loop-distribute-patterns"

TRACE::2025-04-09.16:17:05::SCWMssOS::"Running Make libs in microblaze_0/libsrc/uartlite_v3_7/src"

TRACE::2025-04-09.16:17:05::SCWMssOS::make -C microblaze_0/libsrc/uartlite_v3_7/src -s libs  "SHELL=CMD" "COMPILER=mb-gcc" "ASSEMBLER=mb-as" "ARCHIVER=mb-ar" "COMPIL
TRACE::2025-04-09.16:17:05::SCWMssOS::ER_FLAGS=  -O2 -c -mcpu=v11.0 -mlittle-endian -mno-xl-reorder -mno-xl-soft-mul -mxl-barrel-shift -mxl-pattern-compare" "EXTRA_C
TRACE::2025-04-09.16:17:05::SCWMssOS::OMPILER_FLAGS=-g -ffunction-sections -fdata-sections -Wall -Wextra -fno-tree-loop-distribute-patterns"

TRACE::2025-04-09.16:17:06::SCWMssOS::"DEBUG NON_LTO_OBJECTS is ../../../lib/microblaze_interrupt_handler.o"

TRACE::2025-04-09.16:17:06::SCWMssOS::'Finished building libraries parallelly.'

TRACE::2025-04-09.16:17:06::SCWMssOS::make --no-print-directory archive

TRACE::2025-04-09.16:17:06::SCWMssOS::mb-ar -r  microblaze_0/lib/libxil.a microblaze_0/lib/_exit.o microblaze_0/lib/errno.o microblaze_0/lib/fcntl.o microblaze_0/lib
TRACE::2025-04-09.16:17:06::SCWMssOS::/hw_exception_handler.o microblaze_0/lib/inbyte.o microblaze_0/lib/microblaze_disable_dcache.o microblaze_0/lib/microblaze_disa
TRACE::2025-04-09.16:17:06::SCWMssOS::ble_exceptions.o microblaze_0/lib/microblaze_disable_icache.o microblaze_0/lib/microblaze_disable_interrupts.o microblaze_0/lib
TRACE::2025-04-09.16:17:06::SCWMssOS::/microblaze_enable_dcache.o microblaze_0/lib/microblaze_enable_exceptions.o microblaze_0/lib/microblaze_enable_icache.o microbl
TRACE::2025-04-09.16:17:06::SCWMssOS::aze_0/lib/microblaze_enable_interrupts.o microblaze_0/lib/microblaze_exception_handler.o microblaze_0/lib/microblaze_flush_cach
TRACE::2025-04-09.16:17:06::SCWMssOS::e_ext.o microblaze_0/lib/microblaze_flush_cache_ext_range.o microblaze_0/lib/microblaze_flush_dcache.o microblaze_0/lib/microbl
TRACE::2025-04-09.16:17:06::SCWMssOS::aze_flush_dcache_range.o microblaze_0/lib/microblaze_init_dcache_range.o microblaze_0/lib/microblaze_init_icache_range.o microb
TRACE::2025-04-09.16:17:06::SCWMssOS::laze_0/lib/microblaze_interrupt_handler.o microblaze_0/lib/microblaze_interrupts_g.o microblaze_0/lib/microblaze_invalidate_cac
TRACE::2025-04-09.16:17:06::SCWMssOS::he_ext.o microblaze_0/lib/microblaze_invalidate_cache_ext_range.o microblaze_0/lib/microblaze_invalidate_dcache.o microblaze_0/
TRACE::2025-04-09.16:17:06::SCWMssOS::lib/microblaze_invalidate_dcache_range.o microblaze_0/lib/microblaze_invalidate_icache.o microblaze_0/lib/microblaze_invalidate
TRACE::2025-04-09.16:17:06::SCWMssOS::_icache_range.o microblaze_0/lib/microblaze_scrub.o microblaze_0/lib/microblaze_selftest.o microblaze_0/lib/microblaze_sleep.o 
TRACE::2025-04-09.16:17:06::SCWMssOS::microblaze_0/lib/microblaze_update_dcache.o microblaze_0/lib/microblaze_update_icache.o microblaze_0/lib/outbyte.o microblaze_0
TRACE::2025-04-09.16:17:06::SCWMssOS::/lib/print.o microblaze_0/lib/pvr.o microblaze_0/lib/xbram.o microblaze_0/lib/xbram_g.o microblaze_0/lib/xbram_intr.o microblaz
TRACE::2025-04-09.16:17:06::SCWMssOS::e_0/lib/xbram_selftest.o microblaze_0/lib/xbram_sinit.o microblaze_0/lib/xil_assert.o microblaze_0/lib/xil_cache.o microblaze_0
TRACE::2025-04-09.16:17:06::SCWMssOS::/lib/xil_clocking.o microblaze_0/lib/xil_exception.o microblaze_0/lib/xil_mem.o microblaze_0/lib/xil_misc_psreset_api.o microbl
TRACE::2025-04-09.16:17:06::SCWMssOS::aze_0/lib/xil_printf.o microblaze_0/lib/xil_sleepcommon.o microblaze_0/lib/xil_testcache.o microblaze_0/lib/xil_testio.o microb
TRACE::2025-04-09.16:17:06::SCWMssOS::laze_0/lib/xil_testmem.o microblaze_0/lib/xil_util.o microblaze_0/lib/xintc.o microblaze_0/lib/xintc_g.o microblaze_0/lib/xintc
TRACE::2025-04-09.16:17:06::SCWMssOS::_intr.o microblaze_0/lib/xintc_l.o microblaze_0/lib/xintc_options.o microblaze_0/lib/xintc_selftest.o microblaze_0/lib/xinterru
TRACE::2025-04-09.16:17:06::SCWMssOS::pt_wrap.o microblaze_0/lib/xio.o microblaze_0/lib/xplatform_info.o microblaze_0/lib/xuartlite.o microblaze_0/lib/xuartlite_g.o 
TRACE::2025-04-09.16:17:06::SCWMssOS::microblaze_0/lib/xuartlite_intr.o microblaze_0/lib/xuartlite_l.o microblaze_0/lib/xuartlite_selftest.o microblaze_0/lib/xuartli
TRACE::2025-04-09.16:17:06::SCWMssOS::te_sinit.o microblaze_0/lib/xuartlite_stats.o

TRACE::2025-04-09.16:17:06::SCWMssOS::'Finished building libraries'

TRACE::2025-04-09.16:17:06::SCWMssOS:: Checking if to create the Supporting Applications
TRACE::2025-04-09.16:17:06::SCWMssOS:: No Linux domain exists, trying to generate FSBL 
LOG::2025-04-09.16:17:06::SCWSystem::Completed Processing the domain standalone_microblaze_0
LOG::2025-04-09.16:17:06::SCWSystem::Completed Processing the sysconfig mb_lab7_1_wrapper
LOG::2025-04-09.16:17:06::SCWPlatform::Completed generating the artifacts for system configuration mb_lab7_1_wrapper
TRACE::2025-04-09.16:17:06::SCWPlatform::Started preparing the platform 
TRACE::2025-04-09.16:17:06::SCWSystem::Writing the bif file for system config mb_lab7_1_wrapper
TRACE::2025-04-09.16:17:06::SCWSystem::dir created 
TRACE::2025-04-09.16:17:06::SCWSystem::Writing the bif 
TRACE::2025-04-09.16:17:06::SCWPlatform::Started writing the spfm file 
TRACE::2025-04-09.16:17:06::SCWPlatform::Started writing the xpfm file 
TRACE::2025-04-09.16:17:06::SCWPlatform::Completed generating the platform
TRACE::2025-04-09.16:17:06::SCWMssOS::Saving the mss changes D:/School/UIUC_ECE385_SP25/lab7_2/sdk/mb_lab7_1_wrapper/microblaze_0/standalone_microblaze_0/bsp/system.mss
TRACE::2025-04-09.16:17:06::SCWMssOS::Adding the swdes entry, mss present, able to open swdb D:/School/UIUC_ECE385_SP25/lab7_2/sdk/mb_lab7_1_wrapper/microblaze_0/standalone_microblaze_0/bsp/system.mss with des name system
TRACE::2025-04-09.16:17:06::SCWMssOS::Writing the mss file completed D:/School/UIUC_ECE385_SP25/lab7_2/sdk/mb_lab7_1_wrapper/microblaze_0/standalone_microblaze_0/bsp/system.mss
TRACE::2025-04-09.16:17:06::SCWMssOS::Commit changes completed.
TRACE::2025-04-09.16:17:06::SCWPlatform::Trying to open the hw design at D:/School/UIUC_ECE385_SP25/lab7_2/sdk/mb_lab7_1_wrapper/hw/mb_lab7_1_wrapper.xsa
TRACE::2025-04-09.16:17:06::SCWPlatform::DSA given D:/School/UIUC_ECE385_SP25/lab7_2/sdk/mb_lab7_1_wrapper/hw/mb_lab7_1_wrapper.xsa
TRACE::2025-04-09.16:17:06::SCWPlatform::DSA absoulate path D:/School/UIUC_ECE385_SP25/lab7_2/sdk/mb_lab7_1_wrapper/hw/mb_lab7_1_wrapper.xsa
TRACE::2025-04-09.16:17:06::SCWPlatform::DSA directory D:/School/UIUC_ECE385_SP25/lab7_2/sdk/mb_lab7_1_wrapper/hw
TRACE::2025-04-09.16:17:06::SCWPlatform:: Platform Path D:/School/UIUC_ECE385_SP25/lab7_2/sdk/mb_lab7_1_wrapper/hw/mb_lab7_1_wrapper.xsa
TRACE::2025-04-09.16:17:06::SCWPlatform:: Unique name xilinx:::0.0
TRACE::2025-04-09.16:17:06::SCWPlatform::Trying to set the existing hwdb with name mb_lab7_1_wrapper_12
TRACE::2025-04-09.16:17:06::SCWPlatform::Opened existing hwdb mb_lab7_1_wrapper_12
TRACE::2025-04-09.16:17:06::SCWPlatform::Found the Hw Db part of the input DSA
TRACE::2025-04-09.16:17:06::SCWMssOS::Checking the sw design at  D:/School/UIUC_ECE385_SP25/lab7_2/sdk/mb_lab7_1_wrapper/microblaze_0/standalone_microblaze_0/bsp/system.mss
TRACE::2025-04-09.16:17:06::SCWMssOS::DEBUG:  swdes dump  D:/School/UIUC_ECE385_SP25/lab7_2/sdk/mb_lab7_1_wrapper/microblaze_0/standalone_microblaze_0/bsp/system.mss|system||

TRACE::2025-04-09.16:17:06::SCWMssOS::Sw design exists and opened at  D:/School/UIUC_ECE385_SP25/lab7_2/sdk/mb_lab7_1_wrapper/microblaze_0/standalone_microblaze_0/bsp/system.mss
TRACE::2025-04-09.16:17:06::SCWWriter::formatted JSON is {
	"platformName":	"mb_lab7_1_wrapper",
	"sprVersion":	"2.0",
	"mode":	"gui",
	"dsaType":	"Fixed",
	"platformDesc":	"mb_lab7_1_wrapper",
	"platHandOff":	"D:/School/UIUC_ECE385_SP25/lab7_2/mb_lab7_1_wrapper.xsa",
	"platIntHandOff":	"<platformDir>/hw/mb_lab7_1_wrapper.xsa",
	"deviceType":	"FPGA",
	"platIsPrebuiltAutogen":	"false",
	"platIsNoBootBsp":	"false",
	"hasFsblMakeHasChanges":	"false",
	"hasPmufwMakeHasChanges":	"false",
	"platPreBuiltFlag":	false,
	"platformSamplesDir":	"",
	"platActiveSys":	"mb_lab7_1_wrapper",
	"systems":	[{
			"systemName":	"mb_lab7_1_wrapper",
			"systemDesc":	"mb_lab7_1_wrapper",
			"sysIsBootAutoGen":	"true",
			"systemDispName":	"mb_lab7_1_wrapper",
			"sysActiveDom":	"standalone_microblaze_0",
			"sysDefaultDom":	"standalone_microblaze_0",
			"domains":	[{
					"domainName":	"standalone_microblaze_0",
					"domainDispName":	"standalone_microblaze_0",
					"domainDesc":	"standalone_microblaze_0",
					"processors":	"microblaze_0",
					"os":	"standalone",
					"sdxOs":	"standalone",
					"debugEnable":	"False",
					"domRuntimes":	["cpp"],
					"swRepo":	"",
					"mssOsVer":	"8.0",
					"mssFile":	"",
					"md5Digest":	"5422c1e5be4ae93f4de8c50507402f2a",
					"compatibleApp":	"",
					"domType":	"mssDomain",
					"arch":	"32-bit",
					"appSettings":	{
						"appCompilerFlags":	"",
						"appLinkerFlags":	""
					},
					"addedLibs":	[],
					"libOptions":	{
						"libsContainingOptions":	[]
					},
					"prebuiltLibs":	{
						"prebuiltIncPath":	[],
						"prebuiltLibPath":	[]
					},
					"isolation":	{
					}
				}]
		}]
}
KEYINFO::2025-04-09.16:17:06::SCWPlatform::updated the xpfm file.
TRACE::2025-04-09.16:17:06::SCWPlatform::Trying to open the hw design at D:/School/UIUC_ECE385_SP25/lab7_2/sdk/mb_lab7_1_wrapper/hw/mb_lab7_1_wrapper.xsa
TRACE::2025-04-09.16:17:06::SCWPlatform::DSA given D:/School/UIUC_ECE385_SP25/lab7_2/sdk/mb_lab7_1_wrapper/hw/mb_lab7_1_wrapper.xsa
TRACE::2025-04-09.16:17:06::SCWPlatform::DSA absoulate path D:/School/UIUC_ECE385_SP25/lab7_2/sdk/mb_lab7_1_wrapper/hw/mb_lab7_1_wrapper.xsa
TRACE::2025-04-09.16:17:06::SCWPlatform::DSA directory D:/School/UIUC_ECE385_SP25/lab7_2/sdk/mb_lab7_1_wrapper/hw
TRACE::2025-04-09.16:17:06::SCWPlatform:: Platform Path D:/School/UIUC_ECE385_SP25/lab7_2/sdk/mb_lab7_1_wrapper/hw/mb_lab7_1_wrapper.xsa
TRACE::2025-04-09.16:17:06::SCWPlatform:: Unique name xilinx:::0.0
TRACE::2025-04-09.16:17:06::SCWPlatform::Trying to set the existing hwdb with name mb_lab7_1_wrapper_12
TRACE::2025-04-09.16:17:06::SCWPlatform::Opened existing hwdb mb_lab7_1_wrapper_12
TRACE::2025-04-09.16:17:06::SCWPlatform::Found the Hw Db part of the input DSA
TRACE::2025-04-09.16:17:06::SCWMssOS::Checking the sw design at  D:/School/UIUC_ECE385_SP25/lab7_2/sdk/mb_lab7_1_wrapper/microblaze_0/standalone_microblaze_0/bsp/system.mss
TRACE::2025-04-09.16:17:06::SCWMssOS::DEBUG:  swdes dump  D:/School/UIUC_ECE385_SP25/lab7_2/sdk/mb_lab7_1_wrapper/microblaze_0/standalone_microblaze_0/bsp/system.mss|system||

TRACE::2025-04-09.16:17:06::SCWMssOS::Sw design exists and opened at  D:/School/UIUC_ECE385_SP25/lab7_2/sdk/mb_lab7_1_wrapper/microblaze_0/standalone_microblaze_0/bsp/system.mss
