TRACE::2025-04-03.12:39:25::SCWPlatform::Trying to open the hw design at D:/School/UIUC_ECE385_SP25/lab7_1/sdk/mb_lab7_1_wrapper/hw/mb_lab7_1_wrapper.xsa
TRACE::2025-04-03.12:39:25::SCWPlatform::DSA given D:/School/UIUC_ECE385_SP25/lab7_1/sdk/mb_lab7_1_wrapper/hw/mb_lab7_1_wrapper.xsa
TRACE::2025-04-03.12:39:25::SCWPlatform::DSA absoulate path D:/School/UIUC_ECE385_SP25/lab7_1/sdk/mb_lab7_1_wrapper/hw/mb_lab7_1_wrapper.xsa
TRACE::2025-04-03.12:39:25::SCWPlatform::DSA directory D:/School/UIUC_ECE385_SP25/lab7_1/sdk/mb_lab7_1_wrapper/hw
TRACE::2025-04-03.12:39:25::SCWPlatform:: Platform Path D:/School/UIUC_ECE385_SP25/lab7_1/sdk/mb_lab7_1_wrapper/hw/mb_lab7_1_wrapper.xsa
TRACE::2025-04-03.12:39:25::SCWPlatform:: Unique name xilinx:::0.0
TRACE::2025-04-03.12:39:25::SCWPlatform::Do not have an existing db opened. 
TRACE::2025-04-03.12:39:25::SCWPlatform::Opened new HwDB with name mb_lab7_1_wrapper_0
TRACE::2025-04-03.12:39:25::SCWWriter::formatted JSON is {
	"platformName":	"mb_lab7_1_wrapper",
	"sprVersion":	"2.0",
	"mode":	"gui",
	"dsaType":	"Fixed",
	"platformDesc":	"mb_lab7_1_wrapper",
	"platHandOff":	"D:/School/UIUC_ECE385_SP25/lab7_1/mb_lab7_1_wrapper.xsa",
	"platIntHandOff":	"<platformDir>/hw/mb_lab7_1_wrapper.xsa",
	"deviceType":	"FPGA",
	"platIsPrebuiltAutogen":	"false",
	"platIsNoBootBsp":	"false",
	"hasFsblMakeHasChanges":	"false",
	"hasPmufwMakeHasChanges":	"false",
	"platPreBuiltFlag":	false,
	"platformSamplesDir":	""
}
TRACE::2025-04-03.12:39:25::SCWWriter::formatted JSON is {
	"platformName":	"mb_lab7_1_wrapper",
	"sprVersion":	"2.0",
	"mode":	"gui",
	"dsaType":	"Fixed",
	"platformDesc":	"mb_lab7_1_wrapper",
	"platHandOff":	"D:/School/UIUC_ECE385_SP25/lab7_1/mb_lab7_1_wrapper.xsa",
	"platIntHandOff":	"<platformDir>/hw/mb_lab7_1_wrapper.xsa",
	"deviceType":	"FPGA",
	"platIsPrebuiltAutogen":	"false",
	"platIsNoBootBsp":	"false",
	"hasFsblMakeHasChanges":	"false",
	"hasPmufwMakeHasChanges":	"false",
	"platPreBuiltFlag":	false,
	"platformSamplesDir":	"",
	"platActiveSys":	"mb_lab7_1_wrapper",
	"systems":	[{
			"systemName":	"mb_lab7_1_wrapper",
			"systemDesc":	"mb_lab7_1_wrapper",
			"sysIsBootAutoGen":	"true",
			"systemDispName":	"mb_lab7_1_wrapper"
		}]
}
TRACE::2025-04-03.12:39:25::SCWPlatform::Boot application domains not present, creating them
TRACE::2025-04-03.12:39:25::SCWPlatform::Pure FPGA device, no boot application will be created.
TRACE::2025-04-03.12:39:25::SCWWriter::formatted JSON is {
	"platformName":	"mb_lab7_1_wrapper",
	"sprVersion":	"2.0",
	"mode":	"gui",
	"dsaType":	"Fixed",
	"platformDesc":	"mb_lab7_1_wrapper",
	"platHandOff":	"D:/School/UIUC_ECE385_SP25/lab7_1/mb_lab7_1_wrapper.xsa",
	"platIntHandOff":	"<platformDir>/hw/mb_lab7_1_wrapper.xsa",
	"deviceType":	"FPGA",
	"platIsPrebuiltAutogen":	"false",
	"platIsNoBootBsp":	"false",
	"hasFsblMakeHasChanges":	"false",
	"hasPmufwMakeHasChanges":	"false",
	"platPreBuiltFlag":	false,
	"platformSamplesDir":	"",
	"platActiveSys":	"mb_lab7_1_wrapper",
	"systems":	[{
			"systemName":	"mb_lab7_1_wrapper",
			"systemDesc":	"mb_lab7_1_wrapper",
			"sysIsBootAutoGen":	"true",
			"systemDispName":	"mb_lab7_1_wrapper"
		}]
}
TRACE::2025-04-03.12:39:25::SCWWriter::formatted JSON is {
	"platformName":	"mb_lab7_1_wrapper",
	"sprVersion":	"2.0",
	"mode":	"gui",
	"dsaType":	"Fixed",
	"platformDesc":	"mb_lab7_1_wrapper",
	"platHandOff":	"D:/School/UIUC_ECE385_SP25/lab7_1/mb_lab7_1_wrapper.xsa",
	"platIntHandOff":	"<platformDir>/hw/mb_lab7_1_wrapper.xsa",
	"deviceType":	"FPGA",
	"platIsPrebuiltAutogen":	"false",
	"platIsNoBootBsp":	"false",
	"hasFsblMakeHasChanges":	"false",
	"hasPmufwMakeHasChanges":	"false",
	"platPreBuiltFlag":	false,
	"platformSamplesDir":	"",
	"platActiveSys":	"mb_lab7_1_wrapper",
	"systems":	[{
			"systemName":	"mb_lab7_1_wrapper",
			"systemDesc":	"mb_lab7_1_wrapper",
			"sysIsBootAutoGen":	"true",
			"systemDispName":	"mb_lab7_1_wrapper"
		}]
}
TRACE::2025-04-03.12:39:25::SCWPlatform::Trying to open the hw design at D:/School/UIUC_ECE385_SP25/lab7_1/sdk/mb_lab7_1_wrapper/hw/mb_lab7_1_wrapper.xsa
TRACE::2025-04-03.12:39:25::SCWPlatform::DSA given D:/School/UIUC_ECE385_SP25/lab7_1/sdk/mb_lab7_1_wrapper/hw/mb_lab7_1_wrapper.xsa
TRACE::2025-04-03.12:39:25::SCWPlatform::DSA absoulate path D:/School/UIUC_ECE385_SP25/lab7_1/sdk/mb_lab7_1_wrapper/hw/mb_lab7_1_wrapper.xsa
TRACE::2025-04-03.12:39:25::SCWPlatform::DSA directory D:/School/UIUC_ECE385_SP25/lab7_1/sdk/mb_lab7_1_wrapper/hw
TRACE::2025-04-03.12:39:25::SCWPlatform:: Platform Path D:/School/UIUC_ECE385_SP25/lab7_1/sdk/mb_lab7_1_wrapper/hw/mb_lab7_1_wrapper.xsa
TRACE::2025-04-03.12:39:25::SCWPlatform:: Unique name xilinx:::0.0
TRACE::2025-04-03.12:39:25::SCWPlatform::Trying to set the existing hwdb with name mb_lab7_1_wrapper_0
TRACE::2025-04-03.12:39:25::SCWPlatform::Opened existing hwdb mb_lab7_1_wrapper_0
TRACE::2025-04-03.12:39:25::SCWPlatform::Found the Hw Db part of the input DSA
TRACE::2025-04-03.12:39:25::SCWPlatform::Trying to open the hw design at D:/School/UIUC_ECE385_SP25/lab7_1/sdk/mb_lab7_1_wrapper/hw/mb_lab7_1_wrapper.xsa
TRACE::2025-04-03.12:39:25::SCWPlatform::DSA given D:/School/UIUC_ECE385_SP25/lab7_1/sdk/mb_lab7_1_wrapper/hw/mb_lab7_1_wrapper.xsa
TRACE::2025-04-03.12:39:25::SCWPlatform::DSA absoulate path D:/School/UIUC_ECE385_SP25/lab7_1/sdk/mb_lab7_1_wrapper/hw/mb_lab7_1_wrapper.xsa
TRACE::2025-04-03.12:39:25::SCWPlatform::DSA directory D:/School/UIUC_ECE385_SP25/lab7_1/sdk/mb_lab7_1_wrapper/hw
TRACE::2025-04-03.12:39:25::SCWPlatform:: Platform Path D:/School/UIUC_ECE385_SP25/lab7_1/sdk/mb_lab7_1_wrapper/hw/mb_lab7_1_wrapper.xsa
TRACE::2025-04-03.12:39:25::SCWPlatform:: Unique name xilinx:::0.0
TRACE::2025-04-03.12:39:25::SCWPlatform::Trying to set the existing hwdb with name mb_lab7_1_wrapper_0
TRACE::2025-04-03.12:39:25::SCWPlatform::Opened existing hwdb mb_lab7_1_wrapper_0
TRACE::2025-04-03.12:39:25::SCWPlatform::Found the Hw Db part of the input DSA
TRACE::2025-04-03.12:39:25::SCWDomain::checking for install qemu data   : 
TRACE::2025-04-03.12:39:25::SCWPlatform::Trying to open the hw design at D:/School/UIUC_ECE385_SP25/lab7_1/sdk/mb_lab7_1_wrapper/hw/mb_lab7_1_wrapper.xsa
TRACE::2025-04-03.12:39:25::SCWPlatform::DSA given D:/School/UIUC_ECE385_SP25/lab7_1/sdk/mb_lab7_1_wrapper/hw/mb_lab7_1_wrapper.xsa
TRACE::2025-04-03.12:39:25::SCWPlatform::DSA absoulate path D:/School/UIUC_ECE385_SP25/lab7_1/sdk/mb_lab7_1_wrapper/hw/mb_lab7_1_wrapper.xsa
TRACE::2025-04-03.12:39:25::SCWPlatform::DSA directory D:/School/UIUC_ECE385_SP25/lab7_1/sdk/mb_lab7_1_wrapper/hw
TRACE::2025-04-03.12:39:25::SCWPlatform:: Platform Path D:/School/UIUC_ECE385_SP25/lab7_1/sdk/mb_lab7_1_wrapper/hw/mb_lab7_1_wrapper.xsa
TRACE::2025-04-03.12:39:25::SCWPlatform:: Unique name xilinx:::0.0
TRACE::2025-04-03.12:39:25::SCWPlatform::Trying to set the existing hwdb with name mb_lab7_1_wrapper_0
TRACE::2025-04-03.12:39:25::SCWPlatform::Opened existing hwdb mb_lab7_1_wrapper_0
TRACE::2025-04-03.12:39:25::SCWPlatform::Found the Hw Db part of the input DSA
TRACE::2025-04-03.12:39:25::SCWPlatform::Trying to open the hw design at D:/School/UIUC_ECE385_SP25/lab7_1/sdk/mb_lab7_1_wrapper/hw/mb_lab7_1_wrapper.xsa
TRACE::2025-04-03.12:39:25::SCWPlatform::DSA given D:/School/UIUC_ECE385_SP25/lab7_1/sdk/mb_lab7_1_wrapper/hw/mb_lab7_1_wrapper.xsa
TRACE::2025-04-03.12:39:25::SCWPlatform::DSA absoulate path D:/School/UIUC_ECE385_SP25/lab7_1/sdk/mb_lab7_1_wrapper/hw/mb_lab7_1_wrapper.xsa
TRACE::2025-04-03.12:39:25::SCWPlatform::DSA directory D:/School/UIUC_ECE385_SP25/lab7_1/sdk/mb_lab7_1_wrapper/hw
TRACE::2025-04-03.12:39:25::SCWPlatform:: Platform Path D:/School/UIUC_ECE385_SP25/lab7_1/sdk/mb_lab7_1_wrapper/hw/mb_lab7_1_wrapper.xsa
TRACE::2025-04-03.12:39:25::SCWPlatform:: Unique name xilinx:::0.0
TRACE::2025-04-03.12:39:25::SCWPlatform::Trying to set the existing hwdb with name mb_lab7_1_wrapper_0
TRACE::2025-04-03.12:39:25::SCWPlatform::Opened existing hwdb mb_lab7_1_wrapper_0
TRACE::2025-04-03.12:39:25::SCWPlatform::Found the Hw Db part of the input DSA
TRACE::2025-04-03.12:39:25::SCWPlatform::Trying to open the hw design at D:/School/UIUC_ECE385_SP25/lab7_1/sdk/mb_lab7_1_wrapper/hw/mb_lab7_1_wrapper.xsa
TRACE::2025-04-03.12:39:25::SCWPlatform::DSA given D:/School/UIUC_ECE385_SP25/lab7_1/sdk/mb_lab7_1_wrapper/hw/mb_lab7_1_wrapper.xsa
TRACE::2025-04-03.12:39:25::SCWPlatform::DSA absoulate path D:/School/UIUC_ECE385_SP25/lab7_1/sdk/mb_lab7_1_wrapper/hw/mb_lab7_1_wrapper.xsa
TRACE::2025-04-03.12:39:25::SCWPlatform::DSA directory D:/School/UIUC_ECE385_SP25/lab7_1/sdk/mb_lab7_1_wrapper/hw
TRACE::2025-04-03.12:39:25::SCWPlatform:: Platform Path D:/School/UIUC_ECE385_SP25/lab7_1/sdk/mb_lab7_1_wrapper/hw/mb_lab7_1_wrapper.xsa
TRACE::2025-04-03.12:39:25::SCWPlatform:: Unique name xilinx:::0.0
TRACE::2025-04-03.12:39:25::SCWPlatform::Trying to set the existing hwdb with name mb_lab7_1_wrapper_0
TRACE::2025-04-03.12:39:25::SCWPlatform::Opened existing hwdb mb_lab7_1_wrapper_0
TRACE::2025-04-03.12:39:25::SCWPlatform::Found the Hw Db part of the input DSA
TRACE::2025-04-03.12:39:25::SCWMssOS::Checking the sw design at  D:/School/UIUC_ECE385_SP25/lab7_1/sdk/mb_lab7_1_wrapper/microblaze_0/standalone_microblaze_0/bsp/system.mss
TRACE::2025-04-03.12:39:25::SCWMssOS::DEBUG:  swdes dump  
TRACE::2025-04-03.12:39:25::SCWMssOS::No sw design opened at  D:/School/UIUC_ECE385_SP25/lab7_1/sdk/mb_lab7_1_wrapper/microblaze_0/standalone_microblaze_0/bsp/system.mss
TRACE::2025-04-03.12:39:25::SCWMssOS::mss does not exists at D:/School/UIUC_ECE385_SP25/lab7_1/sdk/mb_lab7_1_wrapper/microblaze_0/standalone_microblaze_0/bsp/system.mss
TRACE::2025-04-03.12:39:25::SCWMssOS::Creating sw design at  D:/School/UIUC_ECE385_SP25/lab7_1/sdk/mb_lab7_1_wrapper/microblaze_0/standalone_microblaze_0/bsp/system.mss
TRACE::2025-04-03.12:39:25::SCWMssOS::Adding the swdes entry, created swdb D:/School/UIUC_ECE385_SP25/lab7_1/sdk/mb_lab7_1_wrapper/microblaze_0/standalone_microblaze_0/bsp/system.mss with des name D:/School/UIUC_ECE385_SP25/lab7_1/sdk/mb_lab7_1_wrapper/microblaze_0/standalone_microblaze_0/bsp/system.mss
TRACE::2025-04-03.12:39:25::SCWMssOS::updating the scw layer changes to swdes at   D:/School/UIUC_ECE385_SP25/lab7_1/sdk/mb_lab7_1_wrapper/microblaze_0/standalone_microblaze_0/bsp/system.mss
TRACE::2025-04-03.12:39:25::SCWMssOS::Writing mss at D:/School/UIUC_ECE385_SP25/lab7_1/sdk/mb_lab7_1_wrapper/microblaze_0/standalone_microblaze_0/bsp/system.mss
TRACE::2025-04-03.12:39:25::SCWMssOS::Completed writing the mss file at D:/School/UIUC_ECE385_SP25/lab7_1/sdk/mb_lab7_1_wrapper/microblaze_0/standalone_microblaze_0/bsp
TRACE::2025-04-03.12:39:25::SCWMssOS::Picking up changes from newly written mss file into SCW Layer. 
TRACE::2025-04-03.12:39:25::SCWMssOS::Updated the changes from newly written mss file into SCW Layer. 
TRACE::2025-04-03.12:39:25::SCWMssOS::Completed writing the mss file at D:/School/UIUC_ECE385_SP25/lab7_1/sdk/mb_lab7_1_wrapper/microblaze_0/standalone_microblaze_0/bsp
TRACE::2025-04-03.12:39:25::SCWMssOS::Forcing BSP Sources regeneration.
TRACE::2025-04-03.12:39:28::SCWMssOS::Saving the mss changes D:/School/UIUC_ECE385_SP25/lab7_1/sdk/mb_lab7_1_wrapper/microblaze_0/standalone_microblaze_0/bsp/system.mss
TRACE::2025-04-03.12:39:28::SCWMssOS::Adding the swdes entry, mss present, able to open swdb D:/School/UIUC_ECE385_SP25/lab7_1/sdk/mb_lab7_1_wrapper/microblaze_0/standalone_microblaze_0/bsp/system.mss with des name system
TRACE::2025-04-03.12:39:28::SCWMssOS::Writing the mss file completed D:/School/UIUC_ECE385_SP25/lab7_1/sdk/mb_lab7_1_wrapper/microblaze_0/standalone_microblaze_0/bsp/system.mss
TRACE::2025-04-03.12:39:28::SCWMssOS::Commit changes completed.
TRACE::2025-04-03.12:39:28::SCWPlatform::Trying to open the hw design at D:/School/UIUC_ECE385_SP25/lab7_1/sdk/mb_lab7_1_wrapper/hw/mb_lab7_1_wrapper.xsa
TRACE::2025-04-03.12:39:28::SCWPlatform::DSA given D:/School/UIUC_ECE385_SP25/lab7_1/sdk/mb_lab7_1_wrapper/hw/mb_lab7_1_wrapper.xsa
TRACE::2025-04-03.12:39:28::SCWPlatform::DSA absoulate path D:/School/UIUC_ECE385_SP25/lab7_1/sdk/mb_lab7_1_wrapper/hw/mb_lab7_1_wrapper.xsa
TRACE::2025-04-03.12:39:28::SCWPlatform::DSA directory D:/School/UIUC_ECE385_SP25/lab7_1/sdk/mb_lab7_1_wrapper/hw
TRACE::2025-04-03.12:39:28::SCWPlatform:: Platform Path D:/School/UIUC_ECE385_SP25/lab7_1/sdk/mb_lab7_1_wrapper/hw/mb_lab7_1_wrapper.xsa
TRACE::2025-04-03.12:39:28::SCWPlatform:: Unique name xilinx:::0.0
TRACE::2025-04-03.12:39:28::SCWPlatform::Trying to set the existing hwdb with name mb_lab7_1_wrapper_0
TRACE::2025-04-03.12:39:28::SCWPlatform::Opened existing hwdb mb_lab7_1_wrapper_0
TRACE::2025-04-03.12:39:28::SCWPlatform::Found the Hw Db part of the input DSA
TRACE::2025-04-03.12:39:28::SCWMssOS::Checking the sw design at  D:/School/UIUC_ECE385_SP25/lab7_1/sdk/mb_lab7_1_wrapper/microblaze_0/standalone_microblaze_0/bsp/system.mss
TRACE::2025-04-03.12:39:28::SCWMssOS::DEBUG:  swdes dump  D:/School/UIUC_ECE385_SP25/lab7_1/sdk/mb_lab7_1_wrapper/microblaze_0/standalone_microblaze_0/bsp/system.mss|system||

TRACE::2025-04-03.12:39:28::SCWMssOS::Sw design exists and opened at  D:/School/UIUC_ECE385_SP25/lab7_1/sdk/mb_lab7_1_wrapper/microblaze_0/standalone_microblaze_0/bsp/system.mss
TRACE::2025-04-03.12:39:28::SCWPlatform::Trying to open the hw design at D:/School/UIUC_ECE385_SP25/lab7_1/sdk/mb_lab7_1_wrapper/hw/mb_lab7_1_wrapper.xsa
TRACE::2025-04-03.12:39:28::SCWPlatform::DSA given D:/School/UIUC_ECE385_SP25/lab7_1/sdk/mb_lab7_1_wrapper/hw/mb_lab7_1_wrapper.xsa
TRACE::2025-04-03.12:39:28::SCWPlatform::DSA absoulate path D:/School/UIUC_ECE385_SP25/lab7_1/sdk/mb_lab7_1_wrapper/hw/mb_lab7_1_wrapper.xsa
TRACE::2025-04-03.12:39:28::SCWPlatform::DSA directory D:/School/UIUC_ECE385_SP25/lab7_1/sdk/mb_lab7_1_wrapper/hw
TRACE::2025-04-03.12:39:28::SCWPlatform:: Platform Path D:/School/UIUC_ECE385_SP25/lab7_1/sdk/mb_lab7_1_wrapper/hw/mb_lab7_1_wrapper.xsa
TRACE::2025-04-03.12:39:28::SCWPlatform:: Unique name xilinx:::0.0
TRACE::2025-04-03.12:39:28::SCWPlatform::Trying to set the existing hwdb with name mb_lab7_1_wrapper_0
TRACE::2025-04-03.12:39:28::SCWPlatform::Opened existing hwdb mb_lab7_1_wrapper_0
TRACE::2025-04-03.12:39:28::SCWPlatform::Found the Hw Db part of the input DSA
TRACE::2025-04-03.12:39:28::SCWMssOS::Checking the sw design at  D:/School/UIUC_ECE385_SP25/lab7_1/sdk/mb_lab7_1_wrapper/microblaze_0/standalone_microblaze_0/bsp/system.mss
TRACE::2025-04-03.12:39:28::SCWMssOS::DEBUG:  swdes dump  D:/School/UIUC_ECE385_SP25/lab7_1/sdk/mb_lab7_1_wrapper/microblaze_0/standalone_microblaze_0/bsp/system.mss|system||

TRACE::2025-04-03.12:39:28::SCWMssOS::Sw design exists and opened at  D:/School/UIUC_ECE385_SP25/lab7_1/sdk/mb_lab7_1_wrapper/microblaze_0/standalone_microblaze_0/bsp/system.mss
TRACE::2025-04-03.12:39:28::SCWPlatform::Trying to open the hw design at D:/School/UIUC_ECE385_SP25/lab7_1/sdk/mb_lab7_1_wrapper/hw/mb_lab7_1_wrapper.xsa
TRACE::2025-04-03.12:39:28::SCWPlatform::DSA given D:/School/UIUC_ECE385_SP25/lab7_1/sdk/mb_lab7_1_wrapper/hw/mb_lab7_1_wrapper.xsa
TRACE::2025-04-03.12:39:28::SCWPlatform::DSA absoulate path D:/School/UIUC_ECE385_SP25/lab7_1/sdk/mb_lab7_1_wrapper/hw/mb_lab7_1_wrapper.xsa
TRACE::2025-04-03.12:39:28::SCWPlatform::DSA directory D:/School/UIUC_ECE385_SP25/lab7_1/sdk/mb_lab7_1_wrapper/hw
TRACE::2025-04-03.12:39:28::SCWPlatform:: Platform Path D:/School/UIUC_ECE385_SP25/lab7_1/sdk/mb_lab7_1_wrapper/hw/mb_lab7_1_wrapper.xsa
TRACE::2025-04-03.12:39:28::SCWPlatform:: Unique name xilinx:::0.0
TRACE::2025-04-03.12:39:28::SCWPlatform::Trying to set the existing hwdb with name mb_lab7_1_wrapper_0
TRACE::2025-04-03.12:39:28::SCWPlatform::Opened existing hwdb mb_lab7_1_wrapper_0
TRACE::2025-04-03.12:39:28::SCWPlatform::Found the Hw Db part of the input DSA
TRACE::2025-04-03.12:39:28::SCWMssOS::Checking the sw design at  D:/School/UIUC_ECE385_SP25/lab7_1/sdk/mb_lab7_1_wrapper/microblaze_0/standalone_microblaze_0/bsp/system.mss
TRACE::2025-04-03.12:39:28::SCWMssOS::DEBUG:  swdes dump  D:/School/UIUC_ECE385_SP25/lab7_1/sdk/mb_lab7_1_wrapper/microblaze_0/standalone_microblaze_0/bsp/system.mss|system||

TRACE::2025-04-03.12:39:28::SCWMssOS::Sw design exists and opened at  D:/School/UIUC_ECE385_SP25/lab7_1/sdk/mb_lab7_1_wrapper/microblaze_0/standalone_microblaze_0/bsp/system.mss
TRACE::2025-04-03.12:39:28::SCWWriter::formatted JSON is {
	"platformName":	"mb_lab7_1_wrapper",
	"sprVersion":	"2.0",
	"mode":	"gui",
	"dsaType":	"Fixed",
	"platformDesc":	"mb_lab7_1_wrapper",
	"platHandOff":	"D:/School/UIUC_ECE385_SP25/lab7_1/mb_lab7_1_wrapper.xsa",
	"platIntHandOff":	"<platformDir>/hw/mb_lab7_1_wrapper.xsa",
	"deviceType":	"FPGA",
	"platIsPrebuiltAutogen":	"false",
	"platIsNoBootBsp":	"false",
	"hasFsblMakeHasChanges":	"false",
	"hasPmufwMakeHasChanges":	"false",
	"platPreBuiltFlag":	false,
	"platformSamplesDir":	"",
	"platActiveSys":	"mb_lab7_1_wrapper",
	"systems":	[{
			"systemName":	"mb_lab7_1_wrapper",
			"systemDesc":	"mb_lab7_1_wrapper",
			"sysIsBootAutoGen":	"true",
			"systemDispName":	"mb_lab7_1_wrapper",
			"sysActiveDom":	"standalone_microblaze_0",
			"sysDefaultDom":	"standalone_microblaze_0",
			"domains":	[{
					"domainName":	"standalone_microblaze_0",
					"domainDispName":	"standalone_microblaze_0",
					"domainDesc":	"standalone_microblaze_0",
					"processors":	"microblaze_0",
					"os":	"standalone",
					"sdxOs":	"standalone",
					"debugEnable":	"False",
					"domRuntimes":	["cpp"],
					"swRepo":	"",
					"mssOsVer":	"8.0",
					"mssFile":	"",
					"md5Digest":	"5422c1e5be4ae93f4de8c50507402f2a",
					"compatibleApp":	"hello_world",
					"domType":	"mssDomain",
					"arch":	"32-bit",
					"appSettings":	{
						"appCompilerFlags":	"",
						"appLinkerFlags":	""
					},
					"addedLibs":	[],
					"libOptions":	{
						"libsContainingOptions":	[]
					},
					"prebuiltLibs":	{
						"prebuiltIncPath":	[],
						"prebuiltLibPath":	[]
					},
					"isolation":	{
					}
				}]
		}]
}
LOG::2025-04-03.12:39:28::SCWPlatform::Started generating the artifacts platform mb_lab7_1_wrapper
TRACE::2025-04-03.12:39:28::SCWPlatform::Sanity checking of platform is completed
LOG::2025-04-03.12:39:28::SCWPlatform::Started generating the artifacts for system configuration mb_lab7_1_wrapper
LOG::2025-04-03.12:39:28::SCWSystem::Checking the domain standalone_microblaze_0
LOG::2025-04-03.12:39:28::SCWSystem::Not a boot domain 
LOG::2025-04-03.12:39:28::SCWSystem::Started Processing the domain standalone_microblaze_0
TRACE::2025-04-03.12:39:28::SCWDomain::Generating domain artifcats
TRACE::2025-04-03.12:39:28::SCWMssOS::Generating standalone artifcats
TRACE::2025-04-03.12:39:28::SCWMssOS:: Copying the user libraries. 
TRACE::2025-04-03.12:39:28::SCWPlatform::Trying to open the hw design at D:/School/UIUC_ECE385_SP25/lab7_1/sdk/mb_lab7_1_wrapper/hw/mb_lab7_1_wrapper.xsa
TRACE::2025-04-03.12:39:28::SCWPlatform::DSA given D:/School/UIUC_ECE385_SP25/lab7_1/sdk/mb_lab7_1_wrapper/hw/mb_lab7_1_wrapper.xsa
TRACE::2025-04-03.12:39:28::SCWPlatform::DSA absoulate path D:/School/UIUC_ECE385_SP25/lab7_1/sdk/mb_lab7_1_wrapper/hw/mb_lab7_1_wrapper.xsa
TRACE::2025-04-03.12:39:28::SCWPlatform::DSA directory D:/School/UIUC_ECE385_SP25/lab7_1/sdk/mb_lab7_1_wrapper/hw
TRACE::2025-04-03.12:39:28::SCWPlatform:: Platform Path D:/School/UIUC_ECE385_SP25/lab7_1/sdk/mb_lab7_1_wrapper/hw/mb_lab7_1_wrapper.xsa
TRACE::2025-04-03.12:39:28::SCWPlatform:: Unique name xilinx:::0.0
TRACE::2025-04-03.12:39:28::SCWPlatform::Trying to set the existing hwdb with name mb_lab7_1_wrapper_0
TRACE::2025-04-03.12:39:28::SCWPlatform::Opened existing hwdb mb_lab7_1_wrapper_0
TRACE::2025-04-03.12:39:28::SCWPlatform::Found the Hw Db part of the input DSA
TRACE::2025-04-03.12:39:28::SCWMssOS::Checking the sw design at  D:/School/UIUC_ECE385_SP25/lab7_1/sdk/mb_lab7_1_wrapper/microblaze_0/standalone_microblaze_0/bsp/system.mss
TRACE::2025-04-03.12:39:28::SCWMssOS::DEBUG:  swdes dump  D:/School/UIUC_ECE385_SP25/lab7_1/sdk/mb_lab7_1_wrapper/microblaze_0/standalone_microblaze_0/bsp/system.mss|system||

TRACE::2025-04-03.12:39:28::SCWMssOS::Sw design exists and opened at  D:/School/UIUC_ECE385_SP25/lab7_1/sdk/mb_lab7_1_wrapper/microblaze_0/standalone_microblaze_0/bsp/system.mss
TRACE::2025-04-03.12:39:28::SCWMssOS::Completed writing the mss file at D:/School/UIUC_ECE385_SP25/lab7_1/sdk/mb_lab7_1_wrapper/microblaze_0/standalone_microblaze_0/bsp
TRACE::2025-04-03.12:39:28::SCWMssOS::Mss edits present, copying mssfile into export location D:/School/UIUC_ECE385_SP25/lab7_1/sdk/mb_lab7_1_wrapper/microblaze_0/standalone_microblaze_0/bsp/system.mss
TRACE::2025-04-03.12:39:28::SCWMssOS::bsp generated is upto date with the mss file. Skipping bsp generation.
TRACE::2025-04-03.12:39:28::SCWMssOS::BSP is already built. skipping the bsp build ... 
TRACE::2025-04-03.12:39:28::SCWDomain::Skipping the build for domain :  standalone_microblaze_0
TRACE::2025-04-03.12:39:28::SCWMssOS::skipping the bsp build ... 
TRACE::2025-04-03.12:39:28::SCWMssOS::Copying to export directory.
TRACE::2025-04-03.12:39:28::SCWMssOS:: Checking if to create the Supporting Applications
TRACE::2025-04-03.12:39:28::SCWMssOS:: No Linux domain exists, trying to generate FSBL 
LOG::2025-04-03.12:39:28::SCWSystem::Completed Processing the domain standalone_microblaze_0
LOG::2025-04-03.12:39:28::SCWSystem::Completed Processing the sysconfig mb_lab7_1_wrapper
LOG::2025-04-03.12:39:28::SCWPlatform::Completed generating the artifacts for system configuration mb_lab7_1_wrapper
TRACE::2025-04-03.12:39:28::SCWPlatform::Started preparing the platform 
TRACE::2025-04-03.12:39:28::SCWSystem::Writing the bif file for system config mb_lab7_1_wrapper
TRACE::2025-04-03.12:39:28::SCWSystem::dir created 
TRACE::2025-04-03.12:39:28::SCWSystem::Writing the bif 
TRACE::2025-04-03.12:39:28::SCWPlatform::Started writing the spfm file 
TRACE::2025-04-03.12:39:28::SCWPlatform::Started writing the xpfm file 
TRACE::2025-04-03.12:39:28::SCWPlatform::Completed generating the platform
TRACE::2025-04-03.12:39:28::SCWMssOS::Saving the mss changes D:/School/UIUC_ECE385_SP25/lab7_1/sdk/mb_lab7_1_wrapper/microblaze_0/standalone_microblaze_0/bsp/system.mss
TRACE::2025-04-03.12:39:28::SCWMssOS::Found a swdesign opened with the mssfile.
TRACE::2025-04-03.12:39:28::SCWMssOS::Completed writemss as part of save.
TRACE::2025-04-03.12:39:28::SCWMssOS::Commit changes completed.
TRACE::2025-04-03.12:39:28::SCWPlatform::Trying to open the hw design at D:/School/UIUC_ECE385_SP25/lab7_1/sdk/mb_lab7_1_wrapper/hw/mb_lab7_1_wrapper.xsa
TRACE::2025-04-03.12:39:28::SCWPlatform::DSA given D:/School/UIUC_ECE385_SP25/lab7_1/sdk/mb_lab7_1_wrapper/hw/mb_lab7_1_wrapper.xsa
TRACE::2025-04-03.12:39:28::SCWPlatform::DSA absoulate path D:/School/UIUC_ECE385_SP25/lab7_1/sdk/mb_lab7_1_wrapper/hw/mb_lab7_1_wrapper.xsa
TRACE::2025-04-03.12:39:28::SCWPlatform::DSA directory D:/School/UIUC_ECE385_SP25/lab7_1/sdk/mb_lab7_1_wrapper/hw
TRACE::2025-04-03.12:39:28::SCWPlatform:: Platform Path D:/School/UIUC_ECE385_SP25/lab7_1/sdk/mb_lab7_1_wrapper/hw/mb_lab7_1_wrapper.xsa
TRACE::2025-04-03.12:39:28::SCWPlatform:: Unique name xilinx:::0.0
TRACE::2025-04-03.12:39:28::SCWPlatform::Trying to set the existing hwdb with name mb_lab7_1_wrapper_0
TRACE::2025-04-03.12:39:28::SCWPlatform::Opened existing hwdb mb_lab7_1_wrapper_0
TRACE::2025-04-03.12:39:28::SCWPlatform::Found the Hw Db part of the input DSA
TRACE::2025-04-03.12:39:28::SCWMssOS::Checking the sw design at  D:/School/UIUC_ECE385_SP25/lab7_1/sdk/mb_lab7_1_wrapper/microblaze_0/standalone_microblaze_0/bsp/system.mss
TRACE::2025-04-03.12:39:28::SCWMssOS::DEBUG:  swdes dump  D:/School/UIUC_ECE385_SP25/lab7_1/sdk/mb_lab7_1_wrapper/microblaze_0/standalone_microblaze_0/bsp/system.mss|system||

TRACE::2025-04-03.12:39:28::SCWMssOS::Sw design exists and opened at  D:/School/UIUC_ECE385_SP25/lab7_1/sdk/mb_lab7_1_wrapper/microblaze_0/standalone_microblaze_0/bsp/system.mss
TRACE::2025-04-03.12:39:28::SCWPlatform::Trying to open the hw design at D:/School/UIUC_ECE385_SP25/lab7_1/sdk/mb_lab7_1_wrapper/hw/mb_lab7_1_wrapper.xsa
TRACE::2025-04-03.12:39:28::SCWPlatform::DSA given D:/School/UIUC_ECE385_SP25/lab7_1/sdk/mb_lab7_1_wrapper/hw/mb_lab7_1_wrapper.xsa
TRACE::2025-04-03.12:39:28::SCWPlatform::DSA absoulate path D:/School/UIUC_ECE385_SP25/lab7_1/sdk/mb_lab7_1_wrapper/hw/mb_lab7_1_wrapper.xsa
TRACE::2025-04-03.12:39:28::SCWPlatform::DSA directory D:/School/UIUC_ECE385_SP25/lab7_1/sdk/mb_lab7_1_wrapper/hw
TRACE::2025-04-03.12:39:28::SCWPlatform:: Platform Path D:/School/UIUC_ECE385_SP25/lab7_1/sdk/mb_lab7_1_wrapper/hw/mb_lab7_1_wrapper.xsa
TRACE::2025-04-03.12:39:28::SCWPlatform:: Unique name xilinx:::0.0
TRACE::2025-04-03.12:39:28::SCWPlatform::Trying to set the existing hwdb with name mb_lab7_1_wrapper_0
TRACE::2025-04-03.12:39:28::SCWPlatform::Opened existing hwdb mb_lab7_1_wrapper_0
TRACE::2025-04-03.12:39:28::SCWPlatform::Found the Hw Db part of the input DSA
TRACE::2025-04-03.12:39:28::SCWMssOS::Checking the sw design at  D:/School/UIUC_ECE385_SP25/lab7_1/sdk/mb_lab7_1_wrapper/microblaze_0/standalone_microblaze_0/bsp/system.mss
TRACE::2025-04-03.12:39:28::SCWMssOS::DEBUG:  swdes dump  D:/School/UIUC_ECE385_SP25/lab7_1/sdk/mb_lab7_1_wrapper/microblaze_0/standalone_microblaze_0/bsp/system.mss|system||

TRACE::2025-04-03.12:39:28::SCWMssOS::Sw design exists and opened at  D:/School/UIUC_ECE385_SP25/lab7_1/sdk/mb_lab7_1_wrapper/microblaze_0/standalone_microblaze_0/bsp/system.mss
TRACE::2025-04-03.12:39:28::SCWPlatform::Trying to open the hw design at D:/School/UIUC_ECE385_SP25/lab7_1/sdk/mb_lab7_1_wrapper/hw/mb_lab7_1_wrapper.xsa
TRACE::2025-04-03.12:39:28::SCWPlatform::DSA given D:/School/UIUC_ECE385_SP25/lab7_1/sdk/mb_lab7_1_wrapper/hw/mb_lab7_1_wrapper.xsa
TRACE::2025-04-03.12:39:28::SCWPlatform::DSA absoulate path D:/School/UIUC_ECE385_SP25/lab7_1/sdk/mb_lab7_1_wrapper/hw/mb_lab7_1_wrapper.xsa
TRACE::2025-04-03.12:39:28::SCWPlatform::DSA directory D:/School/UIUC_ECE385_SP25/lab7_1/sdk/mb_lab7_1_wrapper/hw
TRACE::2025-04-03.12:39:28::SCWPlatform:: Platform Path D:/School/UIUC_ECE385_SP25/lab7_1/sdk/mb_lab7_1_wrapper/hw/mb_lab7_1_wrapper.xsa
TRACE::2025-04-03.12:39:28::SCWPlatform:: Unique name xilinx:::0.0
TRACE::2025-04-03.12:39:28::SCWPlatform::Trying to set the existing hwdb with name mb_lab7_1_wrapper_0
TRACE::2025-04-03.12:39:28::SCWPlatform::Opened existing hwdb mb_lab7_1_wrapper_0
TRACE::2025-04-03.12:39:28::SCWPlatform::Found the Hw Db part of the input DSA
TRACE::2025-04-03.12:39:28::SCWMssOS::Checking the sw design at  D:/School/UIUC_ECE385_SP25/lab7_1/sdk/mb_lab7_1_wrapper/microblaze_0/standalone_microblaze_0/bsp/system.mss
TRACE::2025-04-03.12:39:28::SCWMssOS::DEBUG:  swdes dump  D:/School/UIUC_ECE385_SP25/lab7_1/sdk/mb_lab7_1_wrapper/microblaze_0/standalone_microblaze_0/bsp/system.mss|system||

TRACE::2025-04-03.12:39:28::SCWMssOS::Sw design exists and opened at  D:/School/UIUC_ECE385_SP25/lab7_1/sdk/mb_lab7_1_wrapper/microblaze_0/standalone_microblaze_0/bsp/system.mss
TRACE::2025-04-03.12:39:28::SCWWriter::formatted JSON is {
	"platformName":	"mb_lab7_1_wrapper",
	"sprVersion":	"2.0",
	"mode":	"gui",
	"dsaType":	"Fixed",
	"platformDesc":	"mb_lab7_1_wrapper",
	"platHandOff":	"D:/School/UIUC_ECE385_SP25/lab7_1/mb_lab7_1_wrapper.xsa",
	"platIntHandOff":	"<platformDir>/hw/mb_lab7_1_wrapper.xsa",
	"deviceType":	"FPGA",
	"platIsPrebuiltAutogen":	"false",
	"platIsNoBootBsp":	"false",
	"hasFsblMakeHasChanges":	"false",
	"hasPmufwMakeHasChanges":	"false",
	"platPreBuiltFlag":	false,
	"platformSamplesDir":	"",
	"platActiveSys":	"mb_lab7_1_wrapper",
	"systems":	[{
			"systemName":	"mb_lab7_1_wrapper",
			"systemDesc":	"mb_lab7_1_wrapper",
			"sysIsBootAutoGen":	"true",
			"systemDispName":	"mb_lab7_1_wrapper",
			"sysActiveDom":	"standalone_microblaze_0",
			"sysDefaultDom":	"standalone_microblaze_0",
			"domains":	[{
					"domainName":	"standalone_microblaze_0",
					"domainDispName":	"standalone_microblaze_0",
					"domainDesc":	"standalone_microblaze_0",
					"processors":	"microblaze_0",
					"os":	"standalone",
					"sdxOs":	"standalone",
					"debugEnable":	"False",
					"domRuntimes":	["cpp"],
					"swRepo":	"",
					"mssOsVer":	"8.0",
					"mssFile":	"",
					"md5Digest":	"5422c1e5be4ae93f4de8c50507402f2a",
					"compatibleApp":	"hello_world",
					"domType":	"mssDomain",
					"arch":	"32-bit",
					"appSettings":	{
						"appCompilerFlags":	"",
						"appLinkerFlags":	""
					},
					"addedLibs":	[],
					"libOptions":	{
						"libsContainingOptions":	[]
					},
					"prebuiltLibs":	{
						"prebuiltIncPath":	[],
						"prebuiltLibPath":	[]
					},
					"isolation":	{
					}
				}]
		}]
}
KEYINFO::2025-04-03.12:39:28::SCWPlatform::updated the xpfm file.
TRACE::2025-04-03.12:39:28::SCWPlatform::Trying to open the hw design at D:/School/UIUC_ECE385_SP25/lab7_1/sdk/mb_lab7_1_wrapper/hw/mb_lab7_1_wrapper.xsa
TRACE::2025-04-03.12:39:28::SCWPlatform::DSA given D:/School/UIUC_ECE385_SP25/lab7_1/sdk/mb_lab7_1_wrapper/hw/mb_lab7_1_wrapper.xsa
TRACE::2025-04-03.12:39:28::SCWPlatform::DSA absoulate path D:/School/UIUC_ECE385_SP25/lab7_1/sdk/mb_lab7_1_wrapper/hw/mb_lab7_1_wrapper.xsa
TRACE::2025-04-03.12:39:28::SCWPlatform::DSA directory D:/School/UIUC_ECE385_SP25/lab7_1/sdk/mb_lab7_1_wrapper/hw
TRACE::2025-04-03.12:39:28::SCWPlatform:: Platform Path D:/School/UIUC_ECE385_SP25/lab7_1/sdk/mb_lab7_1_wrapper/hw/mb_lab7_1_wrapper.xsa
TRACE::2025-04-03.12:39:28::SCWPlatform:: Unique name xilinx:::0.0
TRACE::2025-04-03.12:39:28::SCWPlatform::Trying to set the existing hwdb with name mb_lab7_1_wrapper_0
TRACE::2025-04-03.12:39:28::SCWPlatform::Opened existing hwdb mb_lab7_1_wrapper_0
TRACE::2025-04-03.12:39:28::SCWPlatform::Found the Hw Db part of the input DSA
TRACE::2025-04-03.12:39:28::SCWMssOS::Checking the sw design at  D:/School/UIUC_ECE385_SP25/lab7_1/sdk/mb_lab7_1_wrapper/microblaze_0/standalone_microblaze_0/bsp/system.mss
TRACE::2025-04-03.12:39:28::SCWMssOS::DEBUG:  swdes dump  D:/School/UIUC_ECE385_SP25/lab7_1/sdk/mb_lab7_1_wrapper/microblaze_0/standalone_microblaze_0/bsp/system.mss|system||

TRACE::2025-04-03.12:39:28::SCWMssOS::Sw design exists and opened at  D:/School/UIUC_ECE385_SP25/lab7_1/sdk/mb_lab7_1_wrapper/microblaze_0/standalone_microblaze_0/bsp/system.mss
TRACE::2025-04-03.12:39:28::SCWMssOS::Saving the mss changes D:/School/UIUC_ECE385_SP25/lab7_1/sdk/mb_lab7_1_wrapper/microblaze_0/standalone_microblaze_0/bsp/system.mss
TRACE::2025-04-03.12:39:28::SCWMssOS::Found a swdesign opened with the mssfile.
TRACE::2025-04-03.12:39:28::SCWMssOS::Completed writemss as part of save.
TRACE::2025-04-03.12:39:28::SCWMssOS::Commit changes completed.
TRACE::2025-04-03.12:39:28::SCWPlatform::Trying to open the hw design at D:/School/UIUC_ECE385_SP25/lab7_1/sdk/mb_lab7_1_wrapper/hw/mb_lab7_1_wrapper.xsa
TRACE::2025-04-03.12:39:28::SCWPlatform::DSA given D:/School/UIUC_ECE385_SP25/lab7_1/sdk/mb_lab7_1_wrapper/hw/mb_lab7_1_wrapper.xsa
TRACE::2025-04-03.12:39:28::SCWPlatform::DSA absoulate path D:/School/UIUC_ECE385_SP25/lab7_1/sdk/mb_lab7_1_wrapper/hw/mb_lab7_1_wrapper.xsa
TRACE::2025-04-03.12:39:28::SCWPlatform::DSA directory D:/School/UIUC_ECE385_SP25/lab7_1/sdk/mb_lab7_1_wrapper/hw
TRACE::2025-04-03.12:39:28::SCWPlatform:: Platform Path D:/School/UIUC_ECE385_SP25/lab7_1/sdk/mb_lab7_1_wrapper/hw/mb_lab7_1_wrapper.xsa
TRACE::2025-04-03.12:39:28::SCWPlatform:: Unique name xilinx:::0.0
TRACE::2025-04-03.12:39:28::SCWPlatform::Trying to set the existing hwdb with name mb_lab7_1_wrapper_0
TRACE::2025-04-03.12:39:28::SCWPlatform::Opened existing hwdb mb_lab7_1_wrapper_0
TRACE::2025-04-03.12:39:28::SCWPlatform::Found the Hw Db part of the input DSA
TRACE::2025-04-03.12:39:28::SCWMssOS::Checking the sw design at  D:/School/UIUC_ECE385_SP25/lab7_1/sdk/mb_lab7_1_wrapper/microblaze_0/standalone_microblaze_0/bsp/system.mss
TRACE::2025-04-03.12:39:28::SCWMssOS::DEBUG:  swdes dump  D:/School/UIUC_ECE385_SP25/lab7_1/sdk/mb_lab7_1_wrapper/microblaze_0/standalone_microblaze_0/bsp/system.mss|system||

TRACE::2025-04-03.12:39:28::SCWMssOS::Sw design exists and opened at  D:/School/UIUC_ECE385_SP25/lab7_1/sdk/mb_lab7_1_wrapper/microblaze_0/standalone_microblaze_0/bsp/system.mss
TRACE::2025-04-03.12:39:28::SCWPlatform::Trying to open the hw design at D:/School/UIUC_ECE385_SP25/lab7_1/sdk/mb_lab7_1_wrapper/hw/mb_lab7_1_wrapper.xsa
TRACE::2025-04-03.12:39:28::SCWPlatform::DSA given D:/School/UIUC_ECE385_SP25/lab7_1/sdk/mb_lab7_1_wrapper/hw/mb_lab7_1_wrapper.xsa
TRACE::2025-04-03.12:39:28::SCWPlatform::DSA absoulate path D:/School/UIUC_ECE385_SP25/lab7_1/sdk/mb_lab7_1_wrapper/hw/mb_lab7_1_wrapper.xsa
TRACE::2025-04-03.12:39:28::SCWPlatform::DSA directory D:/School/UIUC_ECE385_SP25/lab7_1/sdk/mb_lab7_1_wrapper/hw
TRACE::2025-04-03.12:39:28::SCWPlatform:: Platform Path D:/School/UIUC_ECE385_SP25/lab7_1/sdk/mb_lab7_1_wrapper/hw/mb_lab7_1_wrapper.xsa
TRACE::2025-04-03.12:39:28::SCWPlatform:: Unique name xilinx:::0.0
TRACE::2025-04-03.12:39:28::SCWPlatform::Trying to set the existing hwdb with name mb_lab7_1_wrapper_0
TRACE::2025-04-03.12:39:28::SCWPlatform::Opened existing hwdb mb_lab7_1_wrapper_0
TRACE::2025-04-03.12:39:28::SCWPlatform::Found the Hw Db part of the input DSA
TRACE::2025-04-03.12:39:28::SCWMssOS::Checking the sw design at  D:/School/UIUC_ECE385_SP25/lab7_1/sdk/mb_lab7_1_wrapper/microblaze_0/standalone_microblaze_0/bsp/system.mss
TRACE::2025-04-03.12:39:28::SCWMssOS::DEBUG:  swdes dump  D:/School/UIUC_ECE385_SP25/lab7_1/sdk/mb_lab7_1_wrapper/microblaze_0/standalone_microblaze_0/bsp/system.mss|system||

TRACE::2025-04-03.12:39:28::SCWMssOS::Sw design exists and opened at  D:/School/UIUC_ECE385_SP25/lab7_1/sdk/mb_lab7_1_wrapper/microblaze_0/standalone_microblaze_0/bsp/system.mss
TRACE::2025-04-03.12:39:28::SCWPlatform::Trying to open the hw design at D:/School/UIUC_ECE385_SP25/lab7_1/sdk/mb_lab7_1_wrapper/hw/mb_lab7_1_wrapper.xsa
TRACE::2025-04-03.12:39:28::SCWPlatform::DSA given D:/School/UIUC_ECE385_SP25/lab7_1/sdk/mb_lab7_1_wrapper/hw/mb_lab7_1_wrapper.xsa
TRACE::2025-04-03.12:39:28::SCWPlatform::DSA absoulate path D:/School/UIUC_ECE385_SP25/lab7_1/sdk/mb_lab7_1_wrapper/hw/mb_lab7_1_wrapper.xsa
TRACE::2025-04-03.12:39:28::SCWPlatform::DSA directory D:/School/UIUC_ECE385_SP25/lab7_1/sdk/mb_lab7_1_wrapper/hw
TRACE::2025-04-03.12:39:28::SCWPlatform:: Platform Path D:/School/UIUC_ECE385_SP25/lab7_1/sdk/mb_lab7_1_wrapper/hw/mb_lab7_1_wrapper.xsa
TRACE::2025-04-03.12:39:28::SCWPlatform:: Unique name xilinx:::0.0
TRACE::2025-04-03.12:39:28::SCWPlatform::Trying to set the existing hwdb with name mb_lab7_1_wrapper_0
TRACE::2025-04-03.12:39:28::SCWPlatform::Opened existing hwdb mb_lab7_1_wrapper_0
TRACE::2025-04-03.12:39:28::SCWPlatform::Found the Hw Db part of the input DSA
TRACE::2025-04-03.12:39:28::SCWMssOS::Checking the sw design at  D:/School/UIUC_ECE385_SP25/lab7_1/sdk/mb_lab7_1_wrapper/microblaze_0/standalone_microblaze_0/bsp/system.mss
TRACE::2025-04-03.12:39:28::SCWMssOS::DEBUG:  swdes dump  D:/School/UIUC_ECE385_SP25/lab7_1/sdk/mb_lab7_1_wrapper/microblaze_0/standalone_microblaze_0/bsp/system.mss|system||

TRACE::2025-04-03.12:39:28::SCWMssOS::Sw design exists and opened at  D:/School/UIUC_ECE385_SP25/lab7_1/sdk/mb_lab7_1_wrapper/microblaze_0/standalone_microblaze_0/bsp/system.mss
TRACE::2025-04-03.12:39:28::SCWWriter::formatted JSON is {
	"platformName":	"mb_lab7_1_wrapper",
	"sprVersion":	"2.0",
	"mode":	"gui",
	"dsaType":	"Fixed",
	"platformDesc":	"mb_lab7_1_wrapper",
	"platHandOff":	"D:/School/UIUC_ECE385_SP25/lab7_1/mb_lab7_1_wrapper.xsa",
	"platIntHandOff":	"<platformDir>/hw/mb_lab7_1_wrapper.xsa",
	"deviceType":	"FPGA",
	"platIsPrebuiltAutogen":	"false",
	"platIsNoBootBsp":	"false",
	"hasFsblMakeHasChanges":	"false",
	"hasPmufwMakeHasChanges":	"false",
	"platPreBuiltFlag":	false,
	"platformSamplesDir":	"",
	"platActiveSys":	"mb_lab7_1_wrapper",
	"systems":	[{
			"systemName":	"mb_lab7_1_wrapper",
			"systemDesc":	"mb_lab7_1_wrapper",
			"sysIsBootAutoGen":	"true",
			"systemDispName":	"mb_lab7_1_wrapper",
			"sysActiveDom":	"standalone_microblaze_0",
			"sysDefaultDom":	"standalone_microblaze_0",
			"domains":	[{
					"domainName":	"standalone_microblaze_0",
					"domainDispName":	"standalone_microblaze_0",
					"domainDesc":	"standalone_microblaze_0",
					"processors":	"microblaze_0",
					"os":	"standalone",
					"sdxOs":	"standalone",
					"debugEnable":	"False",
					"domRuntimes":	["cpp"],
					"swRepo":	"",
					"mssOsVer":	"8.0",
					"mssFile":	"",
					"md5Digest":	"5422c1e5be4ae93f4de8c50507402f2a",
					"compatibleApp":	"hello_world",
					"domType":	"mssDomain",
					"arch":	"32-bit",
					"appSettings":	{
						"appCompilerFlags":	"",
						"appLinkerFlags":	""
					},
					"addedLibs":	[],
					"libOptions":	{
						"libsContainingOptions":	[]
					},
					"prebuiltLibs":	{
						"prebuiltIncPath":	[],
						"prebuiltLibPath":	[]
					},
					"isolation":	{
					}
				}]
		}]
}
TRACE::2025-04-03.12:39:28::SCWPlatform::Trying to open the hw design at D:/School/UIUC_ECE385_SP25/lab7_1/sdk/mb_lab7_1_wrapper/hw/mb_lab7_1_wrapper.xsa
TRACE::2025-04-03.12:39:28::SCWPlatform::DSA given D:/School/UIUC_ECE385_SP25/lab7_1/sdk/mb_lab7_1_wrapper/hw/mb_lab7_1_wrapper.xsa
TRACE::2025-04-03.12:39:28::SCWPlatform::DSA absoulate path D:/School/UIUC_ECE385_SP25/lab7_1/sdk/mb_lab7_1_wrapper/hw/mb_lab7_1_wrapper.xsa
TRACE::2025-04-03.12:39:28::SCWPlatform::DSA directory D:/School/UIUC_ECE385_SP25/lab7_1/sdk/mb_lab7_1_wrapper/hw
TRACE::2025-04-03.12:39:28::SCWPlatform:: Platform Path D:/School/UIUC_ECE385_SP25/lab7_1/sdk/mb_lab7_1_wrapper/hw/mb_lab7_1_wrapper.xsa
TRACE::2025-04-03.12:39:28::SCWPlatform:: Unique name xilinx:::0.0
TRACE::2025-04-03.12:39:28::SCWPlatform::Trying to set the existing hwdb with name mb_lab7_1_wrapper_0
TRACE::2025-04-03.12:39:28::SCWPlatform::Opened existing hwdb mb_lab7_1_wrapper_0
TRACE::2025-04-03.12:39:28::SCWPlatform::Found the Hw Db part of the input DSA
TRACE::2025-04-03.12:39:28::SCWMssOS::Checking the sw design at  D:/School/UIUC_ECE385_SP25/lab7_1/sdk/mb_lab7_1_wrapper/microblaze_0/standalone_microblaze_0/bsp/system.mss
TRACE::2025-04-03.12:39:28::SCWMssOS::DEBUG:  swdes dump  D:/School/UIUC_ECE385_SP25/lab7_1/sdk/mb_lab7_1_wrapper/microblaze_0/standalone_microblaze_0/bsp/system.mss|system||

TRACE::2025-04-03.12:39:28::SCWMssOS::Sw design exists and opened at  D:/School/UIUC_ECE385_SP25/lab7_1/sdk/mb_lab7_1_wrapper/microblaze_0/standalone_microblaze_0/bsp/system.mss
TRACE::2025-04-03.12:39:28::SCWPlatform::Trying to open the hw design at D:/School/UIUC_ECE385_SP25/lab7_1/sdk/mb_lab7_1_wrapper/hw/mb_lab7_1_wrapper.xsa
TRACE::2025-04-03.12:39:28::SCWPlatform::DSA given D:/School/UIUC_ECE385_SP25/lab7_1/sdk/mb_lab7_1_wrapper/hw/mb_lab7_1_wrapper.xsa
TRACE::2025-04-03.12:39:28::SCWPlatform::DSA absoulate path D:/School/UIUC_ECE385_SP25/lab7_1/sdk/mb_lab7_1_wrapper/hw/mb_lab7_1_wrapper.xsa
TRACE::2025-04-03.12:39:28::SCWPlatform::DSA directory D:/School/UIUC_ECE385_SP25/lab7_1/sdk/mb_lab7_1_wrapper/hw
TRACE::2025-04-03.12:39:28::SCWPlatform:: Platform Path D:/School/UIUC_ECE385_SP25/lab7_1/sdk/mb_lab7_1_wrapper/hw/mb_lab7_1_wrapper.xsa
TRACE::2025-04-03.12:39:28::SCWPlatform:: Unique name xilinx:::0.0
TRACE::2025-04-03.12:39:28::SCWPlatform::Trying to set the existing hwdb with name mb_lab7_1_wrapper_0
TRACE::2025-04-03.12:39:28::SCWPlatform::Opened existing hwdb mb_lab7_1_wrapper_0
TRACE::2025-04-03.12:39:28::SCWPlatform::Found the Hw Db part of the input DSA
TRACE::2025-04-03.12:39:28::SCWMssOS::Checking the sw design at  D:/School/UIUC_ECE385_SP25/lab7_1/sdk/mb_lab7_1_wrapper/microblaze_0/standalone_microblaze_0/bsp/system.mss
TRACE::2025-04-03.12:39:28::SCWMssOS::DEBUG:  swdes dump  D:/School/UIUC_ECE385_SP25/lab7_1/sdk/mb_lab7_1_wrapper/microblaze_0/standalone_microblaze_0/bsp/system.mss|system||

TRACE::2025-04-03.12:39:28::SCWMssOS::Sw design exists and opened at  D:/School/UIUC_ECE385_SP25/lab7_1/sdk/mb_lab7_1_wrapper/microblaze_0/standalone_microblaze_0/bsp/system.mss
TRACE::2025-04-03.12:39:28::SCWMssOS::Saving the mss changes D:/School/UIUC_ECE385_SP25/lab7_1/sdk/mb_lab7_1_wrapper/microblaze_0/standalone_microblaze_0/bsp/system.mss
TRACE::2025-04-03.12:39:28::SCWMssOS::Found a swdesign opened with the mssfile.
TRACE::2025-04-03.12:39:28::SCWMssOS::Completed writemss as part of save.
TRACE::2025-04-03.12:39:28::SCWMssOS::Commit changes completed.
TRACE::2025-04-03.12:39:28::SCWPlatform::Trying to open the hw design at D:/School/UIUC_ECE385_SP25/lab7_1/sdk/mb_lab7_1_wrapper/hw/mb_lab7_1_wrapper.xsa
TRACE::2025-04-03.12:39:28::SCWPlatform::DSA given D:/School/UIUC_ECE385_SP25/lab7_1/sdk/mb_lab7_1_wrapper/hw/mb_lab7_1_wrapper.xsa
TRACE::2025-04-03.12:39:28::SCWPlatform::DSA absoulate path D:/School/UIUC_ECE385_SP25/lab7_1/sdk/mb_lab7_1_wrapper/hw/mb_lab7_1_wrapper.xsa
TRACE::2025-04-03.12:39:28::SCWPlatform::DSA directory D:/School/UIUC_ECE385_SP25/lab7_1/sdk/mb_lab7_1_wrapper/hw
TRACE::2025-04-03.12:39:28::SCWPlatform:: Platform Path D:/School/UIUC_ECE385_SP25/lab7_1/sdk/mb_lab7_1_wrapper/hw/mb_lab7_1_wrapper.xsa
TRACE::2025-04-03.12:39:28::SCWPlatform:: Unique name xilinx:::0.0
TRACE::2025-04-03.12:39:28::SCWPlatform::Trying to set the existing hwdb with name mb_lab7_1_wrapper_0
TRACE::2025-04-03.12:39:28::SCWPlatform::Opened existing hwdb mb_lab7_1_wrapper_0
TRACE::2025-04-03.12:39:28::SCWPlatform::Found the Hw Db part of the input DSA
TRACE::2025-04-03.12:39:28::SCWMssOS::Checking the sw design at  D:/School/UIUC_ECE385_SP25/lab7_1/sdk/mb_lab7_1_wrapper/microblaze_0/standalone_microblaze_0/bsp/system.mss
TRACE::2025-04-03.12:39:28::SCWMssOS::DEBUG:  swdes dump  D:/School/UIUC_ECE385_SP25/lab7_1/sdk/mb_lab7_1_wrapper/microblaze_0/standalone_microblaze_0/bsp/system.mss|system||

TRACE::2025-04-03.12:39:28::SCWMssOS::Sw design exists and opened at  D:/School/UIUC_ECE385_SP25/lab7_1/sdk/mb_lab7_1_wrapper/microblaze_0/standalone_microblaze_0/bsp/system.mss
TRACE::2025-04-03.12:39:28::SCWPlatform::Trying to open the hw design at D:/School/UIUC_ECE385_SP25/lab7_1/sdk/mb_lab7_1_wrapper/hw/mb_lab7_1_wrapper.xsa
TRACE::2025-04-03.12:39:28::SCWPlatform::DSA given D:/School/UIUC_ECE385_SP25/lab7_1/sdk/mb_lab7_1_wrapper/hw/mb_lab7_1_wrapper.xsa
TRACE::2025-04-03.12:39:28::SCWPlatform::DSA absoulate path D:/School/UIUC_ECE385_SP25/lab7_1/sdk/mb_lab7_1_wrapper/hw/mb_lab7_1_wrapper.xsa
TRACE::2025-04-03.12:39:28::SCWPlatform::DSA directory D:/School/UIUC_ECE385_SP25/lab7_1/sdk/mb_lab7_1_wrapper/hw
TRACE::2025-04-03.12:39:28::SCWPlatform:: Platform Path D:/School/UIUC_ECE385_SP25/lab7_1/sdk/mb_lab7_1_wrapper/hw/mb_lab7_1_wrapper.xsa
TRACE::2025-04-03.12:39:28::SCWPlatform:: Unique name xilinx:::0.0
TRACE::2025-04-03.12:39:28::SCWPlatform::Trying to set the existing hwdb with name mb_lab7_1_wrapper_0
TRACE::2025-04-03.12:39:28::SCWPlatform::Opened existing hwdb mb_lab7_1_wrapper_0
TRACE::2025-04-03.12:39:28::SCWPlatform::Found the Hw Db part of the input DSA
TRACE::2025-04-03.12:39:28::SCWMssOS::Checking the sw design at  D:/School/UIUC_ECE385_SP25/lab7_1/sdk/mb_lab7_1_wrapper/microblaze_0/standalone_microblaze_0/bsp/system.mss
TRACE::2025-04-03.12:39:28::SCWMssOS::DEBUG:  swdes dump  D:/School/UIUC_ECE385_SP25/lab7_1/sdk/mb_lab7_1_wrapper/microblaze_0/standalone_microblaze_0/bsp/system.mss|system||

TRACE::2025-04-03.12:39:28::SCWMssOS::Sw design exists and opened at  D:/School/UIUC_ECE385_SP25/lab7_1/sdk/mb_lab7_1_wrapper/microblaze_0/standalone_microblaze_0/bsp/system.mss
TRACE::2025-04-03.12:39:28::SCWPlatform::Trying to open the hw design at D:/School/UIUC_ECE385_SP25/lab7_1/sdk/mb_lab7_1_wrapper/hw/mb_lab7_1_wrapper.xsa
TRACE::2025-04-03.12:39:28::SCWPlatform::DSA given D:/School/UIUC_ECE385_SP25/lab7_1/sdk/mb_lab7_1_wrapper/hw/mb_lab7_1_wrapper.xsa
TRACE::2025-04-03.12:39:28::SCWPlatform::DSA absoulate path D:/School/UIUC_ECE385_SP25/lab7_1/sdk/mb_lab7_1_wrapper/hw/mb_lab7_1_wrapper.xsa
TRACE::2025-04-03.12:39:28::SCWPlatform::DSA directory D:/School/UIUC_ECE385_SP25/lab7_1/sdk/mb_lab7_1_wrapper/hw
TRACE::2025-04-03.12:39:28::SCWPlatform:: Platform Path D:/School/UIUC_ECE385_SP25/lab7_1/sdk/mb_lab7_1_wrapper/hw/mb_lab7_1_wrapper.xsa
TRACE::2025-04-03.12:39:28::SCWPlatform:: Unique name xilinx:::0.0
TRACE::2025-04-03.12:39:28::SCWPlatform::Trying to set the existing hwdb with name mb_lab7_1_wrapper_0
TRACE::2025-04-03.12:39:28::SCWPlatform::Opened existing hwdb mb_lab7_1_wrapper_0
TRACE::2025-04-03.12:39:28::SCWPlatform::Found the Hw Db part of the input DSA
TRACE::2025-04-03.12:39:28::SCWMssOS::Checking the sw design at  D:/School/UIUC_ECE385_SP25/lab7_1/sdk/mb_lab7_1_wrapper/microblaze_0/standalone_microblaze_0/bsp/system.mss
TRACE::2025-04-03.12:39:28::SCWMssOS::DEBUG:  swdes dump  D:/School/UIUC_ECE385_SP25/lab7_1/sdk/mb_lab7_1_wrapper/microblaze_0/standalone_microblaze_0/bsp/system.mss|system||

TRACE::2025-04-03.12:39:28::SCWMssOS::Sw design exists and opened at  D:/School/UIUC_ECE385_SP25/lab7_1/sdk/mb_lab7_1_wrapper/microblaze_0/standalone_microblaze_0/bsp/system.mss
TRACE::2025-04-03.12:39:28::SCWWriter::formatted JSON is {
	"platformName":	"mb_lab7_1_wrapper",
	"sprVersion":	"2.0",
	"mode":	"gui",
	"dsaType":	"Fixed",
	"platformDesc":	"mb_lab7_1_wrapper",
	"platHandOff":	"D:/School/UIUC_ECE385_SP25/lab7_1/mb_lab7_1_wrapper.xsa",
	"platIntHandOff":	"<platformDir>/hw/mb_lab7_1_wrapper.xsa",
	"deviceType":	"FPGA",
	"platIsPrebuiltAutogen":	"false",
	"platIsNoBootBsp":	"false",
	"hasFsblMakeHasChanges":	"false",
	"hasPmufwMakeHasChanges":	"false",
	"platPreBuiltFlag":	false,
	"platformSamplesDir":	"",
	"platActiveSys":	"mb_lab7_1_wrapper",
	"systems":	[{
			"systemName":	"mb_lab7_1_wrapper",
			"systemDesc":	"mb_lab7_1_wrapper",
			"sysIsBootAutoGen":	"true",
			"systemDispName":	"mb_lab7_1_wrapper",
			"sysActiveDom":	"standalone_microblaze_0",
			"sysDefaultDom":	"standalone_microblaze_0",
			"domains":	[{
					"domainName":	"standalone_microblaze_0",
					"domainDispName":	"standalone_microblaze_0",
					"domainDesc":	"standalone_microblaze_0",
					"processors":	"microblaze_0",
					"os":	"standalone",
					"sdxOs":	"standalone",
					"debugEnable":	"False",
					"domRuntimes":	["cpp"],
					"swRepo":	"",
					"mssOsVer":	"8.0",
					"mssFile":	"",
					"md5Digest":	"5422c1e5be4ae93f4de8c50507402f2a",
					"compatibleApp":	"hello_world",
					"domType":	"mssDomain",
					"arch":	"32-bit",
					"appSettings":	{
						"appCompilerFlags":	"",
						"appLinkerFlags":	""
					},
					"addedLibs":	[],
					"libOptions":	{
						"libsContainingOptions":	[]
					},
					"prebuiltLibs":	{
						"prebuiltIncPath":	[],
						"prebuiltLibPath":	[]
					},
					"isolation":	{
					}
				}]
		}]
}
LOG::2025-04-03.12:39:28::SCWPlatform::Started generating the artifacts platform mb_lab7_1_wrapper
TRACE::2025-04-03.12:39:28::SCWPlatform::Sanity checking of platform is completed
LOG::2025-04-03.12:39:28::SCWPlatform::Started generating the artifacts for system configuration mb_lab7_1_wrapper
LOG::2025-04-03.12:39:28::SCWSystem::Started Processing the domain standalone_microblaze_0
TRACE::2025-04-03.12:39:28::SCWDomain::Generating domain artifcats
TRACE::2025-04-03.12:39:28::SCWMssOS::Generating standalone artifcats
TRACE::2025-04-03.12:39:28::SCWMssOS:: Copying the user libraries. 
TRACE::2025-04-03.12:39:28::SCWPlatform::Trying to open the hw design at D:/School/UIUC_ECE385_SP25/lab7_1/sdk/mb_lab7_1_wrapper/hw/mb_lab7_1_wrapper.xsa
TRACE::2025-04-03.12:39:28::SCWPlatform::DSA given D:/School/UIUC_ECE385_SP25/lab7_1/sdk/mb_lab7_1_wrapper/hw/mb_lab7_1_wrapper.xsa
TRACE::2025-04-03.12:39:28::SCWPlatform::DSA absoulate path D:/School/UIUC_ECE385_SP25/lab7_1/sdk/mb_lab7_1_wrapper/hw/mb_lab7_1_wrapper.xsa
TRACE::2025-04-03.12:39:28::SCWPlatform::DSA directory D:/School/UIUC_ECE385_SP25/lab7_1/sdk/mb_lab7_1_wrapper/hw
TRACE::2025-04-03.12:39:28::SCWPlatform:: Platform Path D:/School/UIUC_ECE385_SP25/lab7_1/sdk/mb_lab7_1_wrapper/hw/mb_lab7_1_wrapper.xsa
TRACE::2025-04-03.12:39:28::SCWPlatform:: Unique name xilinx:::0.0
TRACE::2025-04-03.12:39:28::SCWPlatform::Trying to set the existing hwdb with name mb_lab7_1_wrapper_0
TRACE::2025-04-03.12:39:28::SCWPlatform::Opened existing hwdb mb_lab7_1_wrapper_0
TRACE::2025-04-03.12:39:28::SCWPlatform::Found the Hw Db part of the input DSA
TRACE::2025-04-03.12:39:28::SCWMssOS::Checking the sw design at  D:/School/UIUC_ECE385_SP25/lab7_1/sdk/mb_lab7_1_wrapper/microblaze_0/standalone_microblaze_0/bsp/system.mss
TRACE::2025-04-03.12:39:28::SCWMssOS::DEBUG:  swdes dump  D:/School/UIUC_ECE385_SP25/lab7_1/sdk/mb_lab7_1_wrapper/microblaze_0/standalone_microblaze_0/bsp/system.mss|system||

TRACE::2025-04-03.12:39:28::SCWMssOS::Sw design exists and opened at  D:/School/UIUC_ECE385_SP25/lab7_1/sdk/mb_lab7_1_wrapper/microblaze_0/standalone_microblaze_0/bsp/system.mss
TRACE::2025-04-03.12:39:28::SCWMssOS::Completed writing the mss file at D:/School/UIUC_ECE385_SP25/lab7_1/sdk/mb_lab7_1_wrapper/microblaze_0/standalone_microblaze_0/bsp
TRACE::2025-04-03.12:39:28::SCWMssOS::Mss edits present, copying mssfile into export location D:/School/UIUC_ECE385_SP25/lab7_1/sdk/mb_lab7_1_wrapper/microblaze_0/standalone_microblaze_0/bsp/system.mss
TRACE::2025-04-03.12:39:28::SCWMssOS::bsp generated is upto date with the mss file. Skipping bsp generation.
TRACE::2025-04-03.12:39:28::SCWMssOS::BSP is already built. skipping the bsp build ... 
TRACE::2025-04-03.12:39:28::SCWDomain::Building the domain as part of full build :  standalone_microblaze_0
TRACE::2025-04-03.12:39:28::SCWMssOS::skipping the bsp build ... 
TRACE::2025-04-03.12:39:28::SCWMssOS::Copying to export directory.
TRACE::2025-04-03.12:39:28::SCWMssOS:: Checking if to create the Supporting Applications
TRACE::2025-04-03.12:39:28::SCWMssOS:: No Linux domain exists, trying to generate FSBL 
LOG::2025-04-03.12:39:28::SCWSystem::Completed Processing the domain standalone_microblaze_0
LOG::2025-04-03.12:39:28::SCWSystem::Completed Processing the sysconfig mb_lab7_1_wrapper
LOG::2025-04-03.12:39:28::SCWPlatform::Completed generating the artifacts for system configuration mb_lab7_1_wrapper
TRACE::2025-04-03.12:39:28::SCWPlatform::Started preparing the platform 
TRACE::2025-04-03.12:39:28::SCWSystem::Writing the bif file for system config mb_lab7_1_wrapper
TRACE::2025-04-03.12:39:28::SCWSystem::dir created 
TRACE::2025-04-03.12:39:28::SCWSystem::Writing the bif 
TRACE::2025-04-03.12:39:28::SCWPlatform::Started writing the spfm file 
TRACE::2025-04-03.12:39:28::SCWPlatform::Started writing the xpfm file 
TRACE::2025-04-03.12:39:28::SCWPlatform::Completed generating the platform
TRACE::2025-04-03.12:39:28::SCWMssOS::Saving the mss changes D:/School/UIUC_ECE385_SP25/lab7_1/sdk/mb_lab7_1_wrapper/microblaze_0/standalone_microblaze_0/bsp/system.mss
TRACE::2025-04-03.12:39:28::SCWMssOS::Found a swdesign opened with the mssfile.
TRACE::2025-04-03.12:39:28::SCWMssOS::Completed writemss as part of save.
TRACE::2025-04-03.12:39:28::SCWMssOS::Commit changes completed.
TRACE::2025-04-03.12:39:28::SCWPlatform::Trying to open the hw design at D:/School/UIUC_ECE385_SP25/lab7_1/sdk/mb_lab7_1_wrapper/hw/mb_lab7_1_wrapper.xsa
TRACE::2025-04-03.12:39:28::SCWPlatform::DSA given D:/School/UIUC_ECE385_SP25/lab7_1/sdk/mb_lab7_1_wrapper/hw/mb_lab7_1_wrapper.xsa
TRACE::2025-04-03.12:39:28::SCWPlatform::DSA absoulate path D:/School/UIUC_ECE385_SP25/lab7_1/sdk/mb_lab7_1_wrapper/hw/mb_lab7_1_wrapper.xsa
TRACE::2025-04-03.12:39:28::SCWPlatform::DSA directory D:/School/UIUC_ECE385_SP25/lab7_1/sdk/mb_lab7_1_wrapper/hw
TRACE::2025-04-03.12:39:28::SCWPlatform:: Platform Path D:/School/UIUC_ECE385_SP25/lab7_1/sdk/mb_lab7_1_wrapper/hw/mb_lab7_1_wrapper.xsa
TRACE::2025-04-03.12:39:28::SCWPlatform:: Unique name xilinx:::0.0
TRACE::2025-04-03.12:39:28::SCWPlatform::Trying to set the existing hwdb with name mb_lab7_1_wrapper_0
TRACE::2025-04-03.12:39:28::SCWPlatform::Opened existing hwdb mb_lab7_1_wrapper_0
TRACE::2025-04-03.12:39:28::SCWPlatform::Found the Hw Db part of the input DSA
TRACE::2025-04-03.12:39:28::SCWMssOS::Checking the sw design at  D:/School/UIUC_ECE385_SP25/lab7_1/sdk/mb_lab7_1_wrapper/microblaze_0/standalone_microblaze_0/bsp/system.mss
TRACE::2025-04-03.12:39:28::SCWMssOS::DEBUG:  swdes dump  D:/School/UIUC_ECE385_SP25/lab7_1/sdk/mb_lab7_1_wrapper/microblaze_0/standalone_microblaze_0/bsp/system.mss|system||

TRACE::2025-04-03.12:39:28::SCWMssOS::Sw design exists and opened at  D:/School/UIUC_ECE385_SP25/lab7_1/sdk/mb_lab7_1_wrapper/microblaze_0/standalone_microblaze_0/bsp/system.mss
TRACE::2025-04-03.12:39:28::SCWPlatform::Trying to open the hw design at D:/School/UIUC_ECE385_SP25/lab7_1/sdk/mb_lab7_1_wrapper/hw/mb_lab7_1_wrapper.xsa
TRACE::2025-04-03.12:39:28::SCWPlatform::DSA given D:/School/UIUC_ECE385_SP25/lab7_1/sdk/mb_lab7_1_wrapper/hw/mb_lab7_1_wrapper.xsa
TRACE::2025-04-03.12:39:28::SCWPlatform::DSA absoulate path D:/School/UIUC_ECE385_SP25/lab7_1/sdk/mb_lab7_1_wrapper/hw/mb_lab7_1_wrapper.xsa
TRACE::2025-04-03.12:39:28::SCWPlatform::DSA directory D:/School/UIUC_ECE385_SP25/lab7_1/sdk/mb_lab7_1_wrapper/hw
TRACE::2025-04-03.12:39:28::SCWPlatform:: Platform Path D:/School/UIUC_ECE385_SP25/lab7_1/sdk/mb_lab7_1_wrapper/hw/mb_lab7_1_wrapper.xsa
TRACE::2025-04-03.12:39:28::SCWPlatform:: Unique name xilinx:::0.0
TRACE::2025-04-03.12:39:28::SCWPlatform::Trying to set the existing hwdb with name mb_lab7_1_wrapper_0
TRACE::2025-04-03.12:39:28::SCWPlatform::Opened existing hwdb mb_lab7_1_wrapper_0
TRACE::2025-04-03.12:39:28::SCWPlatform::Found the Hw Db part of the input DSA
TRACE::2025-04-03.12:39:28::SCWMssOS::Checking the sw design at  D:/School/UIUC_ECE385_SP25/lab7_1/sdk/mb_lab7_1_wrapper/microblaze_0/standalone_microblaze_0/bsp/system.mss
TRACE::2025-04-03.12:39:28::SCWMssOS::DEBUG:  swdes dump  D:/School/UIUC_ECE385_SP25/lab7_1/sdk/mb_lab7_1_wrapper/microblaze_0/standalone_microblaze_0/bsp/system.mss|system||

TRACE::2025-04-03.12:39:28::SCWMssOS::Sw design exists and opened at  D:/School/UIUC_ECE385_SP25/lab7_1/sdk/mb_lab7_1_wrapper/microblaze_0/standalone_microblaze_0/bsp/system.mss
TRACE::2025-04-03.12:39:28::SCWPlatform::Trying to open the hw design at D:/School/UIUC_ECE385_SP25/lab7_1/sdk/mb_lab7_1_wrapper/hw/mb_lab7_1_wrapper.xsa
TRACE::2025-04-03.12:39:28::SCWPlatform::DSA given D:/School/UIUC_ECE385_SP25/lab7_1/sdk/mb_lab7_1_wrapper/hw/mb_lab7_1_wrapper.xsa
TRACE::2025-04-03.12:39:28::SCWPlatform::DSA absoulate path D:/School/UIUC_ECE385_SP25/lab7_1/sdk/mb_lab7_1_wrapper/hw/mb_lab7_1_wrapper.xsa
TRACE::2025-04-03.12:39:28::SCWPlatform::DSA directory D:/School/UIUC_ECE385_SP25/lab7_1/sdk/mb_lab7_1_wrapper/hw
TRACE::2025-04-03.12:39:28::SCWPlatform:: Platform Path D:/School/UIUC_ECE385_SP25/lab7_1/sdk/mb_lab7_1_wrapper/hw/mb_lab7_1_wrapper.xsa
TRACE::2025-04-03.12:39:28::SCWPlatform:: Unique name xilinx:::0.0
TRACE::2025-04-03.12:39:28::SCWPlatform::Trying to set the existing hwdb with name mb_lab7_1_wrapper_0
TRACE::2025-04-03.12:39:28::SCWPlatform::Opened existing hwdb mb_lab7_1_wrapper_0
TRACE::2025-04-03.12:39:28::SCWPlatform::Found the Hw Db part of the input DSA
TRACE::2025-04-03.12:39:28::SCWMssOS::Checking the sw design at  D:/School/UIUC_ECE385_SP25/lab7_1/sdk/mb_lab7_1_wrapper/microblaze_0/standalone_microblaze_0/bsp/system.mss
TRACE::2025-04-03.12:39:28::SCWMssOS::DEBUG:  swdes dump  D:/School/UIUC_ECE385_SP25/lab7_1/sdk/mb_lab7_1_wrapper/microblaze_0/standalone_microblaze_0/bsp/system.mss|system||

TRACE::2025-04-03.12:39:28::SCWMssOS::Sw design exists and opened at  D:/School/UIUC_ECE385_SP25/lab7_1/sdk/mb_lab7_1_wrapper/microblaze_0/standalone_microblaze_0/bsp/system.mss
TRACE::2025-04-03.12:39:28::SCWWriter::formatted JSON is {
	"platformName":	"mb_lab7_1_wrapper",
	"sprVersion":	"2.0",
	"mode":	"gui",
	"dsaType":	"Fixed",
	"platformDesc":	"mb_lab7_1_wrapper",
	"platHandOff":	"D:/School/UIUC_ECE385_SP25/lab7_1/mb_lab7_1_wrapper.xsa",
	"platIntHandOff":	"<platformDir>/hw/mb_lab7_1_wrapper.xsa",
	"deviceType":	"FPGA",
	"platIsPrebuiltAutogen":	"false",
	"platIsNoBootBsp":	"false",
	"hasFsblMakeHasChanges":	"false",
	"hasPmufwMakeHasChanges":	"false",
	"platPreBuiltFlag":	false,
	"platformSamplesDir":	"",
	"platActiveSys":	"mb_lab7_1_wrapper",
	"systems":	[{
			"systemName":	"mb_lab7_1_wrapper",
			"systemDesc":	"mb_lab7_1_wrapper",
			"sysIsBootAutoGen":	"true",
			"systemDispName":	"mb_lab7_1_wrapper",
			"sysActiveDom":	"standalone_microblaze_0",
			"sysDefaultDom":	"standalone_microblaze_0",
			"domains":	[{
					"domainName":	"standalone_microblaze_0",
					"domainDispName":	"standalone_microblaze_0",
					"domainDesc":	"standalone_microblaze_0",
					"processors":	"microblaze_0",
					"os":	"standalone",
					"sdxOs":	"standalone",
					"debugEnable":	"False",
					"domRuntimes":	["cpp"],
					"swRepo":	"",
					"mssOsVer":	"8.0",
					"mssFile":	"",
					"md5Digest":	"5422c1e5be4ae93f4de8c50507402f2a",
					"compatibleApp":	"hello_world",
					"domType":	"mssDomain",
					"arch":	"32-bit",
					"appSettings":	{
						"appCompilerFlags":	"",
						"appLinkerFlags":	""
					},
					"addedLibs":	[],
					"libOptions":	{
						"libsContainingOptions":	[]
					},
					"prebuiltLibs":	{
						"prebuiltIncPath":	[],
						"prebuiltLibPath":	[]
					},
					"isolation":	{
					}
				}]
		}]
}
KEYINFO::2025-04-03.12:39:28::SCWPlatform::updated the xpfm file.
LOG::2025-04-03.12:46:29::SCWPlatform::Started generating the artifacts platform mb_lab7_1_wrapper
TRACE::2025-04-03.12:46:29::SCWPlatform::Sanity checking of platform is completed
LOG::2025-04-03.12:46:29::SCWPlatform::Started generating the artifacts for system configuration mb_lab7_1_wrapper
LOG::2025-04-03.12:46:29::SCWSystem::Checking the domain standalone_microblaze_0
LOG::2025-04-03.12:46:29::SCWSystem::Not a boot domain 
LOG::2025-04-03.12:46:29::SCWSystem::Started Processing the domain standalone_microblaze_0
TRACE::2025-04-03.12:46:29::SCWDomain::Generating domain artifcats
TRACE::2025-04-03.12:46:29::SCWMssOS::Generating standalone artifcats
TRACE::2025-04-03.12:46:29::SCWMssOS:: Copying the user libraries. 
TRACE::2025-04-03.12:46:29::SCWPlatform::Trying to open the hw design at D:/School/UIUC_ECE385_SP25/lab7_1/sdk/mb_lab7_1_wrapper/hw/mb_lab7_1_wrapper.xsa
TRACE::2025-04-03.12:46:29::SCWPlatform::DSA given D:/School/UIUC_ECE385_SP25/lab7_1/sdk/mb_lab7_1_wrapper/hw/mb_lab7_1_wrapper.xsa
TRACE::2025-04-03.12:46:29::SCWPlatform::DSA absoulate path D:/School/UIUC_ECE385_SP25/lab7_1/sdk/mb_lab7_1_wrapper/hw/mb_lab7_1_wrapper.xsa
TRACE::2025-04-03.12:46:29::SCWPlatform::DSA directory D:/School/UIUC_ECE385_SP25/lab7_1/sdk/mb_lab7_1_wrapper/hw
TRACE::2025-04-03.12:46:29::SCWPlatform:: Platform Path D:/School/UIUC_ECE385_SP25/lab7_1/sdk/mb_lab7_1_wrapper/hw/mb_lab7_1_wrapper.xsa
TRACE::2025-04-03.12:46:29::SCWPlatform:: Unique name xilinx:::0.0
TRACE::2025-04-03.12:46:29::SCWPlatform::Trying to set the existing hwdb with name mb_lab7_1_wrapper_0
TRACE::2025-04-03.12:46:29::SCWPlatform::Opened existing hwdb mb_lab7_1_wrapper_0
TRACE::2025-04-03.12:46:29::SCWPlatform::Found the Hw Db part of the input DSA
TRACE::2025-04-03.12:46:29::SCWMssOS::Checking the sw design at  D:/School/UIUC_ECE385_SP25/lab7_1/sdk/mb_lab7_1_wrapper/microblaze_0/standalone_microblaze_0/bsp/system.mss
TRACE::2025-04-03.12:46:29::SCWMssOS::DEBUG:  swdes dump  D:/School/UIUC_ECE385_SP25/lab7_1/sdk/mb_lab7_1_wrapper/microblaze_0/standalone_microblaze_0/bsp/system.mss|system||

TRACE::2025-04-03.12:46:29::SCWMssOS::Sw design exists and opened at  D:/School/UIUC_ECE385_SP25/lab7_1/sdk/mb_lab7_1_wrapper/microblaze_0/standalone_microblaze_0/bsp/system.mss
TRACE::2025-04-03.12:46:29::SCWMssOS::Completed writing the mss file at D:/School/UIUC_ECE385_SP25/lab7_1/sdk/mb_lab7_1_wrapper/microblaze_0/standalone_microblaze_0/bsp
TRACE::2025-04-03.12:46:29::SCWMssOS::Mss edits present, copying mssfile into export location D:/School/UIUC_ECE385_SP25/lab7_1/sdk/mb_lab7_1_wrapper/microblaze_0/standalone_microblaze_0/bsp/system.mss
TRACE::2025-04-03.12:46:29::SCWMssOS::bsp generated is upto date with the mss file. Skipping bsp generation.
TRACE::2025-04-03.12:46:29::SCWMssOS::BSP is already built. skipping the bsp build ... 
TRACE::2025-04-03.12:46:29::SCWDomain::Building the domain as part of full build :  standalone_microblaze_0
TRACE::2025-04-03.12:46:29::SCWMssOS::doing bsp build ... 
TRACE::2025-04-03.12:46:29::SCWMssOS::System Command Ran  D: & cd  D:/School/UIUC_ECE385_SP25/lab7_1/sdk/mb_lab7_1_wrapper/microblaze_0/standalone_microblaze_0/bsp & make 
TRACE::2025-04-03.12:46:29::SCWMssOS::make --no-print-directory seq_libs

TRACE::2025-04-03.12:46:29::SCWMssOS::"Running Make include in microblaze_0/libsrc/bram_v4_8/src"

TRACE::2025-04-03.12:46:29::SCWMssOS::make -C microblaze_0/libsrc/bram_v4_8/src -s include  "SHELL=CMD" "COMPILER=mb-gcc" "ASSEMBLER=mb-as" "ARCHIVER=mb-ar" "COMPILE
TRACE::2025-04-03.12:46:29::SCWMssOS::R_FLAGS=  -O2 -c -mcpu=v11.0 -mlittle-endian -mno-xl-reorder -mno-xl-soft-mul -mxl-barrel-shift -mxl-pattern-compare" "EXTRA_CO
TRACE::2025-04-03.12:46:29::SCWMssOS::MPILER_FLAGS=-g -ffunction-sections -fdata-sections -Wall -Wextra -fno-tree-loop-distribute-patterns"

TRACE::2025-04-03.12:46:29::SCWMssOS::"Running Make include in microblaze_0/libsrc/cpu_v2_16/src"

TRACE::2025-04-03.12:46:29::SCWMssOS::make -C microblaze_0/libsrc/cpu_v2_16/src -s include  "SHELL=CMD" "COMPILER=mb-gcc" "ASSEMBLER=mb-as" "ARCHIVER=mb-ar" "COMPILE
TRACE::2025-04-03.12:46:29::SCWMssOS::R_FLAGS=  -O2 -c -mcpu=v11.0 -mlittle-endian -mno-xl-reorder -mno-xl-soft-mul -mxl-barrel-shift -mxl-pattern-compare" "EXTRA_CO
TRACE::2025-04-03.12:46:29::SCWMssOS::MPILER_FLAGS=-g -ffunction-sections -fdata-sections -Wall -Wextra -fno-tree-loop-distribute-patterns"

TRACE::2025-04-03.12:46:29::SCWMssOS::"Running Make include in microblaze_0/libsrc/hdmi_text_controller_v1_0/src"

TRACE::2025-04-03.12:46:29::SCWMssOS::make -C microblaze_0/libsrc/hdmi_text_controller_v1_0/src -s include  "SHELL=CMD" "COMPILER=mb-gcc" "ASSEMBLER=mb-as" "ARCHIVER
TRACE::2025-04-03.12:46:29::SCWMssOS::=mb-ar" "COMPILER_FLAGS=  -O2 -c -mcpu=v11.0 -mlittle-endian -mno-xl-reorder -mno-xl-soft-mul -mxl-barrel-shift -mxl-pattern-co
TRACE::2025-04-03.12:46:29::SCWMssOS::mpare" "EXTRA_COMPILER_FLAGS=-g -ffunction-sections -fdata-sections -Wall -Wextra -fno-tree-loop-distribute-patterns"

TRACE::2025-04-03.12:46:29::SCWMssOS::"Running Make include in microblaze_0/libsrc/intc_v3_15/src"

TRACE::2025-04-03.12:46:29::SCWMssOS::make -C microblaze_0/libsrc/intc_v3_15/src -s include  "SHELL=CMD" "COMPILER=mb-gcc" "ASSEMBLER=mb-as" "ARCHIVER=mb-ar" "COMPIL
TRACE::2025-04-03.12:46:29::SCWMssOS::ER_FLAGS=  -O2 -c -mcpu=v11.0 -mlittle-endian -mno-xl-reorder -mno-xl-soft-mul -mxl-barrel-shift -mxl-pattern-compare" "EXTRA_C
TRACE::2025-04-03.12:46:29::SCWMssOS::OMPILER_FLAGS=-g -ffunction-sections -fdata-sections -Wall -Wextra -fno-tree-loop-distribute-patterns"

TRACE::2025-04-03.12:46:29::SCWMssOS::"Running Make include in microblaze_0/libsrc/standalone_v8_0/src"

TRACE::2025-04-03.12:46:29::SCWMssOS::make -C microblaze_0/libsrc/standalone_v8_0/src -s include  "SHELL=CMD" "COMPILER=mb-gcc" "ASSEMBLER=mb-as" "ARCHIVER=mb-ar" "C
TRACE::2025-04-03.12:46:29::SCWMssOS::OMPILER_FLAGS=  -O2 -c -mcpu=v11.0 -mlittle-endian -mno-xl-reorder -mno-xl-soft-mul -mxl-barrel-shift -mxl-pattern-compare" "EX
TRACE::2025-04-03.12:46:29::SCWMssOS::TRA_COMPILER_FLAGS=-g -ffunction-sections -fdata-sections -Wall -Wextra -fno-tree-loop-distribute-patterns"

TRACE::2025-04-03.12:46:30::SCWMssOS::"Running Make include in microblaze_0/libsrc/uartlite_v3_7/src"

TRACE::2025-04-03.12:46:30::SCWMssOS::make -C microblaze_0/libsrc/uartlite_v3_7/src -s include  "SHELL=CMD" "COMPILER=mb-gcc" "ASSEMBLER=mb-as" "ARCHIVER=mb-ar" "COM
TRACE::2025-04-03.12:46:30::SCWMssOS::PILER_FLAGS=  -O2 -c -mcpu=v11.0 -mlittle-endian -mno-xl-reorder -mno-xl-soft-mul -mxl-barrel-shift -mxl-pattern-compare" "EXTR
TRACE::2025-04-03.12:46:30::SCWMssOS::A_COMPILER_FLAGS=-g -ffunction-sections -fdata-sections -Wall -Wextra -fno-tree-loop-distribute-patterns"

TRACE::2025-04-03.12:46:30::SCWMssOS::"Running Make libs in microblaze_0/libsrc/hdmi_text_controller_v1_0/src"

TRACE::2025-04-03.12:46:30::SCWMssOS::make -C microblaze_0/libsrc/hdmi_text_controller_v1_0/src -s libs  "SHELL=CMD" "COMPILER=mb-gcc" "ASSEMBLER=mb-as" "ARCHIVER=mb
TRACE::2025-04-03.12:46:30::SCWMssOS::-ar" "COMPILER_FLAGS=  -O2 -c -mcpu=v11.0 -mlittle-endian -mno-xl-reorder -mno-xl-soft-mul -mxl-barrel-shift -mxl-pattern-compa
TRACE::2025-04-03.12:46:30::SCWMssOS::re" "EXTRA_COMPILER_FLAGS=-g -ffunction-sections -fdata-sections -Wall -Wextra -fno-tree-loop-distribute-patterns"

TRACE::2025-04-03.12:46:30::SCWMssOS::"Compiling hdmi_text_controller..."

TRACE::2025-04-03.12:46:30::SCWMssOS::'Finished building libraries sequentially.'

TRACE::2025-04-03.12:46:30::SCWMssOS::make -j 10 --no-print-directory par_libs

TRACE::2025-04-03.12:46:30::SCWMssOS::"Running Make include in microblaze_0/libsrc/bram_v4_8/src"

TRACE::2025-04-03.12:46:31::SCWMssOS::make -C microblaze_0/libsrc/bram_v4_8/src -s include  "SHELL=CMD" "COMPILER=mb-gcc" "ASSEMBLER=mb-as" "ARCHIVER=mb-ar" "COMPILE
TRACE::2025-04-03.12:46:31::SCWMssOS::R_FLAGS=  -O2 -c -mcpu=v11.0 -mlittle-endian -mno-xl-reorder -mno-xl-soft-mul -mxl-barrel-shift -mxl-pattern-compare" "EXTRA_CO
TRACE::2025-04-03.12:46:31::SCWMssOS::MPILER_FLAGS=-g -ffunction-sections -fdata-sections -Wall -Wextra -fno-tree-loop-distribute-patterns"

TRACE::2025-04-03.12:46:31::SCWMssOS::"Running Make include in microblaze_0/libsrc/cpu_v2_16/src"

TRACE::2025-04-03.12:46:31::SCWMssOS::make -C microblaze_0/libsrc/cpu_v2_16/src -s include  "SHELL=CMD" "COMPILER=mb-gcc" "ASSEMBLER=mb-as" "ARCHIVER=mb-ar" "COMPILE
TRACE::2025-04-03.12:46:31::SCWMssOS::R_FLAGS=  -O2 -c -mcpu=v11.0 -mlittle-endian -mno-xl-reorder -mno-xl-soft-mul -mxl-barrel-shift -mxl-pattern-compare" "EXTRA_CO
TRACE::2025-04-03.12:46:31::SCWMssOS::MPILER_FLAGS=-g -ffunction-sections -fdata-sections -Wall -Wextra -fno-tree-loop-distribute-patterns"

TRACE::2025-04-03.12:46:31::SCWMssOS::"Running Make include in microblaze_0/libsrc/hdmi_text_controller_v1_0/src"

TRACE::2025-04-03.12:46:31::SCWMssOS::make -C microblaze_0/libsrc/hdmi_text_controller_v1_0/src -s include  "SHELL=CMD" "COMPILER=mb-gcc" "ASSEMBLER=mb-as" "ARCHIVER
TRACE::2025-04-03.12:46:31::SCWMssOS::=mb-ar" "COMPILER_FLAGS=  -O2 -c -mcpu=v11.0 -mlittle-endian -mno-xl-reorder -mno-xl-soft-mul -mxl-barrel-shift -mxl-pattern-co
TRACE::2025-04-03.12:46:31::SCWMssOS::mpare" "EXTRA_COMPILER_FLAGS=-g -ffunction-sections -fdata-sections -Wall -Wextra -fno-tree-loop-distribute-patterns"

TRACE::2025-04-03.12:46:31::SCWMssOS::"Running Make include in microblaze_0/libsrc/intc_v3_15/src"

TRACE::2025-04-03.12:46:31::SCWMssOS::make -C microblaze_0/libsrc/intc_v3_15/src -s include  "SHELL=CMD" "COMPILER=mb-gcc" "ASSEMBLER=mb-as" "ARCHIVER=mb-ar" "COMPIL
TRACE::2025-04-03.12:46:31::SCWMssOS::ER_FLAGS=  -O2 -c -mcpu=v11.0 -mlittle-endian -mno-xl-reorder -mno-xl-soft-mul -mxl-barrel-shift -mxl-pattern-compare" "EXTRA_C
TRACE::2025-04-03.12:46:31::SCWMssOS::OMPILER_FLAGS=-g -ffunction-sections -fdata-sections -Wall -Wextra -fno-tree-loop-distribute-patterns"

TRACE::2025-04-03.12:46:31::SCWMssOS::"Running Make include in microblaze_0/libsrc/standalone_v8_0/src"

TRACE::2025-04-03.12:46:31::SCWMssOS::make -C microblaze_0/libsrc/standalone_v8_0/src -s include  "SHELL=CMD" "COMPILER=mb-gcc" "ASSEMBLER=mb-as" "ARCHIVER=mb-ar" "C
TRACE::2025-04-03.12:46:31::SCWMssOS::OMPILER_FLAGS=  -O2 -c -mcpu=v11.0 -mlittle-endian -mno-xl-reorder -mno-xl-soft-mul -mxl-barrel-shift -mxl-pattern-compare" "EX
TRACE::2025-04-03.12:46:31::SCWMssOS::TRA_COMPILER_FLAGS=-g -ffunction-sections -fdata-sections -Wall -Wextra -fno-tree-loop-distribute-patterns"

TRACE::2025-04-03.12:46:31::SCWMssOS::"Running Make include in microblaze_0/libsrc/uartlite_v3_7/src"

TRACE::2025-04-03.12:46:31::SCWMssOS::make -C microblaze_0/libsrc/uartlite_v3_7/src -s include  "SHELL=CMD" "COMPILER=mb-gcc" "ASSEMBLER=mb-as" "ARCHIVER=mb-ar" "COM
TRACE::2025-04-03.12:46:31::SCWMssOS::PILER_FLAGS=  -O2 -c -mcpu=v11.0 -mlittle-endian -mno-xl-reorder -mno-xl-soft-mul -mxl-barrel-shift -mxl-pattern-compare" "EXTR
TRACE::2025-04-03.12:46:31::SCWMssOS::A_COMPILER_FLAGS=-g -ffunction-sections -fdata-sections -Wall -Wextra -fno-tree-loop-distribute-patterns"

TRACE::2025-04-03.12:46:31::SCWMssOS::"Running Make libs in microblaze_0/libsrc/bram_v4_8/src"

TRACE::2025-04-03.12:46:31::SCWMssOS::make -C microblaze_0/libsrc/bram_v4_8/src -s libs  "SHELL=CMD" "COMPILER=mb-gcc" "ASSEMBLER=mb-as" "ARCHIVER=mb-ar" "COMPILER_F
TRACE::2025-04-03.12:46:31::SCWMssOS::LAGS=  -O2 -c -mcpu=v11.0 -mlittle-endian -mno-xl-reorder -mno-xl-soft-mul -mxl-barrel-shift -mxl-pattern-compare" "EXTRA_COMPI
TRACE::2025-04-03.12:46:31::SCWMssOS::LER_FLAGS=-g -ffunction-sections -fdata-sections -Wall -Wextra -fno-tree-loop-distribute-patterns"

TRACE::2025-04-03.12:46:31::SCWMssOS::"Running Make libs in microblaze_0/libsrc/cpu_v2_16/src"

TRACE::2025-04-03.12:46:31::SCWMssOS::make -C microblaze_0/libsrc/cpu_v2_16/src -s libs  "SHELL=CMD" "COMPILER=mb-gcc" "ASSEMBLER=mb-as" "ARCHIVER=mb-ar" "COMPILER_F
TRACE::2025-04-03.12:46:31::SCWMssOS::LAGS=  -O2 -c -mcpu=v11.0 -mlittle-endian -mno-xl-reorder -mno-xl-soft-mul -mxl-barrel-shift -mxl-pattern-compare" "EXTRA_COMPI
TRACE::2025-04-03.12:46:31::SCWMssOS::LER_FLAGS=-g -ffunction-sections -fdata-sections -Wall -Wextra -fno-tree-loop-distribute-patterns"

TRACE::2025-04-03.12:46:31::SCWMssOS::"Running Make libs in microblaze_0/libsrc/intc_v3_15/src"

TRACE::2025-04-03.12:46:31::SCWMssOS::make -C microblaze_0/libsrc/intc_v3_15/src -s libs  "SHELL=CMD" "COMPILER=mb-gcc" "ASSEMBLER=mb-as" "ARCHIVER=mb-ar" "COMPILER_
TRACE::2025-04-03.12:46:31::SCWMssOS::FLAGS=  -O2 -c -mcpu=v11.0 -mlittle-endian -mno-xl-reorder -mno-xl-soft-mul -mxl-barrel-shift -mxl-pattern-compare" "EXTRA_COMP
TRACE::2025-04-03.12:46:31::SCWMssOS::ILER_FLAGS=-g -ffunction-sections -fdata-sections -Wall -Wextra -fno-tree-loop-distribute-patterns"

TRACE::2025-04-03.12:46:31::SCWMssOS::"Running Make libs in microblaze_0/libsrc/standalone_v8_0/src"

TRACE::2025-04-03.12:46:31::SCWMssOS::make -C microblaze_0/libsrc/standalone_v8_0/src -s libs  "SHELL=CMD" "COMPILER=mb-gcc" "ASSEMBLER=mb-as" "ARCHIVER=mb-ar" "COMP
TRACE::2025-04-03.12:46:31::SCWMssOS::ILER_FLAGS=  -O2 -c -mcpu=v11.0 -mlittle-endian -mno-xl-reorder -mno-xl-soft-mul -mxl-barrel-shift -mxl-pattern-compare" "EXTRA
TRACE::2025-04-03.12:46:31::SCWMssOS::_COMPILER_FLAGS=-g -ffunction-sections -fdata-sections -Wall -Wextra -fno-tree-loop-distribute-patterns"

TRACE::2025-04-03.12:46:31::SCWMssOS::"Running Make libs in microblaze_0/libsrc/uartlite_v3_7/src"

TRACE::2025-04-03.12:46:31::SCWMssOS::make -C microblaze_0/libsrc/uartlite_v3_7/src -s libs  "SHELL=CMD" "COMPILER=mb-gcc" "ASSEMBLER=mb-as" "ARCHIVER=mb-ar" "COMPIL
TRACE::2025-04-03.12:46:31::SCWMssOS::ER_FLAGS=  -O2 -c -mcpu=v11.0 -mlittle-endian -mno-xl-reorder -mno-xl-soft-mul -mxl-barrel-shift -mxl-pattern-compare" "EXTRA_C
TRACE::2025-04-03.12:46:31::SCWMssOS::OMPILER_FLAGS=-g -ffunction-sections -fdata-sections -Wall -Wextra -fno-tree-loop-distribute-patterns"

TRACE::2025-04-03.12:46:32::SCWMssOS::"DEBUG NON_LTO_OBJECTS is ../../../lib/microblaze_interrupt_handler.o"

TRACE::2025-04-03.12:46:32::SCWMssOS::'Finished building libraries parallelly.'

TRACE::2025-04-03.12:46:32::SCWMssOS::make --no-print-directory archive

TRACE::2025-04-03.12:46:32::SCWMssOS::mb-ar -r  microblaze_0/lib/libxil.a microblaze_0/lib/_exit.o microblaze_0/lib/errno.o microblaze_0/lib/fcntl.o microblaze_0/lib
TRACE::2025-04-03.12:46:32::SCWMssOS::/hw_exception_handler.o microblaze_0/lib/inbyte.o microblaze_0/lib/microblaze_disable_dcache.o microblaze_0/lib/microblaze_disa
TRACE::2025-04-03.12:46:32::SCWMssOS::ble_exceptions.o microblaze_0/lib/microblaze_disable_icache.o microblaze_0/lib/microblaze_disable_interrupts.o microblaze_0/lib
TRACE::2025-04-03.12:46:32::SCWMssOS::/microblaze_enable_dcache.o microblaze_0/lib/microblaze_enable_exceptions.o microblaze_0/lib/microblaze_enable_icache.o microbl
TRACE::2025-04-03.12:46:32::SCWMssOS::aze_0/lib/microblaze_enable_interrupts.o microblaze_0/lib/microblaze_exception_handler.o microblaze_0/lib/microblaze_flush_cach
TRACE::2025-04-03.12:46:32::SCWMssOS::e_ext.o microblaze_0/lib/microblaze_flush_cache_ext_range.o microblaze_0/lib/microblaze_flush_dcache.o microblaze_0/lib/microbl
TRACE::2025-04-03.12:46:32::SCWMssOS::aze_flush_dcache_range.o microblaze_0/lib/microblaze_init_dcache_range.o microblaze_0/lib/microblaze_init_icache_range.o microb
TRACE::2025-04-03.12:46:32::SCWMssOS::laze_0/lib/microblaze_interrupt_handler.o microblaze_0/lib/microblaze_interrupts_g.o microblaze_0/lib/microblaze_invalidate_cac
TRACE::2025-04-03.12:46:32::SCWMssOS::he_ext.o microblaze_0/lib/microblaze_invalidate_cache_ext_range.o microblaze_0/lib/microblaze_invalidate_dcache.o microblaze_0/
TRACE::2025-04-03.12:46:32::SCWMssOS::lib/microblaze_invalidate_dcache_range.o microblaze_0/lib/microblaze_invalidate_icache.o microblaze_0/lib/microblaze_invalidate
TRACE::2025-04-03.12:46:32::SCWMssOS::_icache_range.o microblaze_0/lib/microblaze_scrub.o microblaze_0/lib/microblaze_selftest.o microblaze_0/lib/microblaze_sleep.o 
TRACE::2025-04-03.12:46:32::SCWMssOS::microblaze_0/lib/microblaze_update_dcache.o microblaze_0/lib/microblaze_update_icache.o microblaze_0/lib/outbyte.o microblaze_0
TRACE::2025-04-03.12:46:32::SCWMssOS::/lib/print.o microblaze_0/lib/pvr.o microblaze_0/lib/xbram.o microblaze_0/lib/xbram_g.o microblaze_0/lib/xbram_intr.o microblaz
TRACE::2025-04-03.12:46:32::SCWMssOS::e_0/lib/xbram_selftest.o microblaze_0/lib/xbram_sinit.o microblaze_0/lib/xil_assert.o microblaze_0/lib/xil_cache.o microblaze_0
TRACE::2025-04-03.12:46:32::SCWMssOS::/lib/xil_clocking.o microblaze_0/lib/xil_exception.o microblaze_0/lib/xil_mem.o microblaze_0/lib/xil_misc_psreset_api.o microbl
TRACE::2025-04-03.12:46:32::SCWMssOS::aze_0/lib/xil_printf.o microblaze_0/lib/xil_sleepcommon.o microblaze_0/lib/xil_testcache.o microblaze_0/lib/xil_testio.o microb
TRACE::2025-04-03.12:46:32::SCWMssOS::laze_0/lib/xil_testmem.o microblaze_0/lib/xil_util.o microblaze_0/lib/xintc.o microblaze_0/lib/xintc_g.o microblaze_0/lib/xintc
TRACE::2025-04-03.12:46:32::SCWMssOS::_intr.o microblaze_0/lib/xintc_l.o microblaze_0/lib/xintc_options.o microblaze_0/lib/xintc_selftest.o microblaze_0/lib/xinterru
TRACE::2025-04-03.12:46:32::SCWMssOS::pt_wrap.o microblaze_0/lib/xio.o microblaze_0/lib/xplatform_info.o microblaze_0/lib/xuartlite.o microblaze_0/lib/xuartlite_g.o 
TRACE::2025-04-03.12:46:32::SCWMssOS::microblaze_0/lib/xuartlite_intr.o microblaze_0/lib/xuartlite_l.o microblaze_0/lib/xuartlite_selftest.o microblaze_0/lib/xuartli
TRACE::2025-04-03.12:46:32::SCWMssOS::te_sinit.o microblaze_0/lib/xuartlite_stats.o

TRACE::2025-04-03.12:46:32::SCWMssOS::'Finished building libraries'

TRACE::2025-04-03.12:46:32::SCWMssOS::Copying to export directory.
TRACE::2025-04-03.12:46:32::SCWMssOS:: Checking if to create the Supporting Applications
TRACE::2025-04-03.12:46:32::SCWMssOS:: No Linux domain exists, trying to generate FSBL 
LOG::2025-04-03.12:46:32::SCWSystem::Completed Processing the domain standalone_microblaze_0
LOG::2025-04-03.12:46:32::SCWSystem::Completed Processing the sysconfig mb_lab7_1_wrapper
LOG::2025-04-03.12:46:32::SCWPlatform::Completed generating the artifacts for system configuration mb_lab7_1_wrapper
TRACE::2025-04-03.12:46:32::SCWPlatform::Started preparing the platform 
TRACE::2025-04-03.12:46:32::SCWSystem::Writing the bif file for system config mb_lab7_1_wrapper
TRACE::2025-04-03.12:46:32::SCWSystem::dir created 
TRACE::2025-04-03.12:46:32::SCWSystem::Writing the bif 
TRACE::2025-04-03.12:46:32::SCWPlatform::Started writing the spfm file 
TRACE::2025-04-03.12:46:32::SCWPlatform::Started writing the xpfm file 
TRACE::2025-04-03.12:46:32::SCWPlatform::Completed generating the platform
TRACE::2025-04-03.12:46:32::SCWMssOS::Saving the mss changes D:/School/UIUC_ECE385_SP25/lab7_1/sdk/mb_lab7_1_wrapper/microblaze_0/standalone_microblaze_0/bsp/system.mss
TRACE::2025-04-03.12:46:32::SCWMssOS::Found a swdesign opened with the mssfile.
TRACE::2025-04-03.12:46:32::SCWMssOS::Completed writemss as part of save.
TRACE::2025-04-03.12:46:32::SCWMssOS::Commit changes completed.
TRACE::2025-04-03.12:46:32::SCWPlatform::Trying to open the hw design at D:/School/UIUC_ECE385_SP25/lab7_1/sdk/mb_lab7_1_wrapper/hw/mb_lab7_1_wrapper.xsa
TRACE::2025-04-03.12:46:32::SCWPlatform::DSA given D:/School/UIUC_ECE385_SP25/lab7_1/sdk/mb_lab7_1_wrapper/hw/mb_lab7_1_wrapper.xsa
TRACE::2025-04-03.12:46:32::SCWPlatform::DSA absoulate path D:/School/UIUC_ECE385_SP25/lab7_1/sdk/mb_lab7_1_wrapper/hw/mb_lab7_1_wrapper.xsa
TRACE::2025-04-03.12:46:32::SCWPlatform::DSA directory D:/School/UIUC_ECE385_SP25/lab7_1/sdk/mb_lab7_1_wrapper/hw
TRACE::2025-04-03.12:46:32::SCWPlatform:: Platform Path D:/School/UIUC_ECE385_SP25/lab7_1/sdk/mb_lab7_1_wrapper/hw/mb_lab7_1_wrapper.xsa
TRACE::2025-04-03.12:46:32::SCWPlatform:: Unique name xilinx:::0.0
TRACE::2025-04-03.12:46:32::SCWPlatform::Trying to set the existing hwdb with name mb_lab7_1_wrapper_0
TRACE::2025-04-03.12:46:32::SCWPlatform::Opened existing hwdb mb_lab7_1_wrapper_0
TRACE::2025-04-03.12:46:32::SCWPlatform::Found the Hw Db part of the input DSA
TRACE::2025-04-03.12:46:32::SCWMssOS::Checking the sw design at  D:/School/UIUC_ECE385_SP25/lab7_1/sdk/mb_lab7_1_wrapper/microblaze_0/standalone_microblaze_0/bsp/system.mss
TRACE::2025-04-03.12:46:32::SCWMssOS::DEBUG:  swdes dump  D:/School/UIUC_ECE385_SP25/lab7_1/sdk/mb_lab7_1_wrapper/microblaze_0/standalone_microblaze_0/bsp/system.mss|system||

TRACE::2025-04-03.12:46:32::SCWMssOS::Sw design exists and opened at  D:/School/UIUC_ECE385_SP25/lab7_1/sdk/mb_lab7_1_wrapper/microblaze_0/standalone_microblaze_0/bsp/system.mss
TRACE::2025-04-03.12:46:32::SCWPlatform::Trying to open the hw design at D:/School/UIUC_ECE385_SP25/lab7_1/sdk/mb_lab7_1_wrapper/hw/mb_lab7_1_wrapper.xsa
TRACE::2025-04-03.12:46:32::SCWPlatform::DSA given D:/School/UIUC_ECE385_SP25/lab7_1/sdk/mb_lab7_1_wrapper/hw/mb_lab7_1_wrapper.xsa
TRACE::2025-04-03.12:46:32::SCWPlatform::DSA absoulate path D:/School/UIUC_ECE385_SP25/lab7_1/sdk/mb_lab7_1_wrapper/hw/mb_lab7_1_wrapper.xsa
TRACE::2025-04-03.12:46:32::SCWPlatform::DSA directory D:/School/UIUC_ECE385_SP25/lab7_1/sdk/mb_lab7_1_wrapper/hw
TRACE::2025-04-03.12:46:32::SCWPlatform:: Platform Path D:/School/UIUC_ECE385_SP25/lab7_1/sdk/mb_lab7_1_wrapper/hw/mb_lab7_1_wrapper.xsa
TRACE::2025-04-03.12:46:32::SCWPlatform:: Unique name xilinx:::0.0
TRACE::2025-04-03.12:46:32::SCWPlatform::Trying to set the existing hwdb with name mb_lab7_1_wrapper_0
TRACE::2025-04-03.12:46:32::SCWPlatform::Opened existing hwdb mb_lab7_1_wrapper_0
TRACE::2025-04-03.12:46:32::SCWPlatform::Found the Hw Db part of the input DSA
TRACE::2025-04-03.12:46:32::SCWMssOS::Checking the sw design at  D:/School/UIUC_ECE385_SP25/lab7_1/sdk/mb_lab7_1_wrapper/microblaze_0/standalone_microblaze_0/bsp/system.mss
TRACE::2025-04-03.12:46:32::SCWMssOS::DEBUG:  swdes dump  D:/School/UIUC_ECE385_SP25/lab7_1/sdk/mb_lab7_1_wrapper/microblaze_0/standalone_microblaze_0/bsp/system.mss|system||

TRACE::2025-04-03.12:46:32::SCWMssOS::Sw design exists and opened at  D:/School/UIUC_ECE385_SP25/lab7_1/sdk/mb_lab7_1_wrapper/microblaze_0/standalone_microblaze_0/bsp/system.mss
TRACE::2025-04-03.12:46:32::SCWPlatform::Trying to open the hw design at D:/School/UIUC_ECE385_SP25/lab7_1/sdk/mb_lab7_1_wrapper/hw/mb_lab7_1_wrapper.xsa
TRACE::2025-04-03.12:46:32::SCWPlatform::DSA given D:/School/UIUC_ECE385_SP25/lab7_1/sdk/mb_lab7_1_wrapper/hw/mb_lab7_1_wrapper.xsa
TRACE::2025-04-03.12:46:32::SCWPlatform::DSA absoulate path D:/School/UIUC_ECE385_SP25/lab7_1/sdk/mb_lab7_1_wrapper/hw/mb_lab7_1_wrapper.xsa
TRACE::2025-04-03.12:46:32::SCWPlatform::DSA directory D:/School/UIUC_ECE385_SP25/lab7_1/sdk/mb_lab7_1_wrapper/hw
TRACE::2025-04-03.12:46:32::SCWPlatform:: Platform Path D:/School/UIUC_ECE385_SP25/lab7_1/sdk/mb_lab7_1_wrapper/hw/mb_lab7_1_wrapper.xsa
TRACE::2025-04-03.12:46:32::SCWPlatform:: Unique name xilinx:::0.0
TRACE::2025-04-03.12:46:32::SCWPlatform::Trying to set the existing hwdb with name mb_lab7_1_wrapper_0
TRACE::2025-04-03.12:46:32::SCWPlatform::Opened existing hwdb mb_lab7_1_wrapper_0
TRACE::2025-04-03.12:46:32::SCWPlatform::Found the Hw Db part of the input DSA
TRACE::2025-04-03.12:46:32::SCWMssOS::Checking the sw design at  D:/School/UIUC_ECE385_SP25/lab7_1/sdk/mb_lab7_1_wrapper/microblaze_0/standalone_microblaze_0/bsp/system.mss
TRACE::2025-04-03.12:46:32::SCWMssOS::DEBUG:  swdes dump  D:/School/UIUC_ECE385_SP25/lab7_1/sdk/mb_lab7_1_wrapper/microblaze_0/standalone_microblaze_0/bsp/system.mss|system||

TRACE::2025-04-03.12:46:32::SCWMssOS::Sw design exists and opened at  D:/School/UIUC_ECE385_SP25/lab7_1/sdk/mb_lab7_1_wrapper/microblaze_0/standalone_microblaze_0/bsp/system.mss
TRACE::2025-04-03.12:46:32::SCWWriter::formatted JSON is {
	"platformName":	"mb_lab7_1_wrapper",
	"sprVersion":	"2.0",
	"mode":	"gui",
	"dsaType":	"Fixed",
	"platformDesc":	"mb_lab7_1_wrapper",
	"platHandOff":	"D:/School/UIUC_ECE385_SP25/lab7_1/mb_lab7_1_wrapper.xsa",
	"platIntHandOff":	"<platformDir>/hw/mb_lab7_1_wrapper.xsa",
	"deviceType":	"FPGA",
	"platIsPrebuiltAutogen":	"false",
	"platIsNoBootBsp":	"false",
	"hasFsblMakeHasChanges":	"false",
	"hasPmufwMakeHasChanges":	"false",
	"platPreBuiltFlag":	false,
	"platformSamplesDir":	"",
	"platActiveSys":	"mb_lab7_1_wrapper",
	"systems":	[{
			"systemName":	"mb_lab7_1_wrapper",
			"systemDesc":	"mb_lab7_1_wrapper",
			"sysIsBootAutoGen":	"true",
			"systemDispName":	"mb_lab7_1_wrapper",
			"sysActiveDom":	"standalone_microblaze_0",
			"sysDefaultDom":	"standalone_microblaze_0",
			"domains":	[{
					"domainName":	"standalone_microblaze_0",
					"domainDispName":	"standalone_microblaze_0",
					"domainDesc":	"standalone_microblaze_0",
					"processors":	"microblaze_0",
					"os":	"standalone",
					"sdxOs":	"standalone",
					"debugEnable":	"False",
					"domRuntimes":	["cpp"],
					"swRepo":	"",
					"mssOsVer":	"8.0",
					"mssFile":	"",
					"md5Digest":	"5422c1e5be4ae93f4de8c50507402f2a",
					"compatibleApp":	"hello_world",
					"domType":	"mssDomain",
					"arch":	"32-bit",
					"appSettings":	{
						"appCompilerFlags":	"",
						"appLinkerFlags":	""
					},
					"addedLibs":	[],
					"libOptions":	{
						"libsContainingOptions":	[]
					},
					"prebuiltLibs":	{
						"prebuiltIncPath":	[],
						"prebuiltLibPath":	[]
					},
					"isolation":	{
					}
				}]
		}]
}
KEYINFO::2025-04-03.12:46:32::SCWPlatform::updated the xpfm file.
TRACE::2025-04-03.12:46:32::SCWPlatform::Trying to open the hw design at D:/School/UIUC_ECE385_SP25/lab7_1/sdk/mb_lab7_1_wrapper/hw/mb_lab7_1_wrapper.xsa
TRACE::2025-04-03.12:46:32::SCWPlatform::DSA given D:/School/UIUC_ECE385_SP25/lab7_1/sdk/mb_lab7_1_wrapper/hw/mb_lab7_1_wrapper.xsa
TRACE::2025-04-03.12:46:32::SCWPlatform::DSA absoulate path D:/School/UIUC_ECE385_SP25/lab7_1/sdk/mb_lab7_1_wrapper/hw/mb_lab7_1_wrapper.xsa
TRACE::2025-04-03.12:46:32::SCWPlatform::DSA directory D:/School/UIUC_ECE385_SP25/lab7_1/sdk/mb_lab7_1_wrapper/hw
TRACE::2025-04-03.12:46:32::SCWPlatform:: Platform Path D:/School/UIUC_ECE385_SP25/lab7_1/sdk/mb_lab7_1_wrapper/hw/mb_lab7_1_wrapper.xsa
TRACE::2025-04-03.12:46:32::SCWPlatform:: Unique name xilinx:::0.0
TRACE::2025-04-03.12:46:32::SCWPlatform::Trying to set the existing hwdb with name mb_lab7_1_wrapper_0
TRACE::2025-04-03.12:46:32::SCWPlatform::Opened existing hwdb mb_lab7_1_wrapper_0
TRACE::2025-04-03.12:46:32::SCWPlatform::Found the Hw Db part of the input DSA
TRACE::2025-04-03.12:46:32::SCWMssOS::Checking the sw design at  D:/School/UIUC_ECE385_SP25/lab7_1/sdk/mb_lab7_1_wrapper/microblaze_0/standalone_microblaze_0/bsp/system.mss
TRACE::2025-04-03.12:46:32::SCWMssOS::DEBUG:  swdes dump  D:/School/UIUC_ECE385_SP25/lab7_1/sdk/mb_lab7_1_wrapper/microblaze_0/standalone_microblaze_0/bsp/system.mss|system||

TRACE::2025-04-03.12:46:32::SCWMssOS::Sw design exists and opened at  D:/School/UIUC_ECE385_SP25/lab7_1/sdk/mb_lab7_1_wrapper/microblaze_0/standalone_microblaze_0/bsp/system.mss
TRACE::2025-04-03.13:03:44::SCWPlatform::Clearing the existing platform
TRACE::2025-04-03.13:03:44::SCWSystem::Clearing the existing sysconfig
TRACE::2025-04-03.13:03:44::SCWMssOS::Removing the swdes entry for  D:/School/UIUC_ECE385_SP25/lab7_1/sdk/mb_lab7_1_wrapper/microblaze_0/standalone_microblaze_0/bsp/system.mss
TRACE::2025-04-03.13:03:44::SCWSystem::Clearing the domains completed.
TRACE::2025-04-03.13:03:44::SCWPlatform::Clearing the opened hw db.
TRACE::2025-04-03.13:03:44::SCWPlatform::DSA given D:/School/UIUC_ECE385_SP25/lab7_1/sdk/mb_lab7_1_wrapper/hw/mb_lab7_1_wrapper.xsa
TRACE::2025-04-03.13:03:44::SCWPlatform::DSA absoulate path D:/School/UIUC_ECE385_SP25/lab7_1/sdk/mb_lab7_1_wrapper/hw/mb_lab7_1_wrapper.xsa
TRACE::2025-04-03.13:03:44::SCWPlatform:: Platform location is D:/School/UIUC_ECE385_SP25/lab7_1/sdk/mb_lab7_1_wrapper/hw
TRACE::2025-04-03.13:03:44::SCWPlatform:: Platform Path D:/School/UIUC_ECE385_SP25/lab7_1/sdk/mb_lab7_1_wrapper/hw/mb_lab7_1_wrapper.xsa
TRACE::2025-04-03.13:03:44::SCWPlatform:: Unique name xilinx:::0.0
TRACE::2025-04-03.13:03:44::SCWPlatform::Removing the HwDB with name D:/School/UIUC_ECE385_SP25/lab7_1/sdk/mb_lab7_1_wrapper/hw/mb_lab7_1_wrapper.xsa
TRACE::2025-04-03.13:03:44::SCWPlatform::Trying to open the hw design at D:/School/UIUC_ECE385_SP25/lab7_1/sdk/mb_lab7_1_wrapper/hw/mb_lab7_1_wrapper.xsa
TRACE::2025-04-03.13:03:44::SCWPlatform::DSA given D:/School/UIUC_ECE385_SP25/lab7_1/sdk/mb_lab7_1_wrapper/hw/mb_lab7_1_wrapper.xsa
TRACE::2025-04-03.13:03:44::SCWPlatform::DSA absoulate path D:/School/UIUC_ECE385_SP25/lab7_1/sdk/mb_lab7_1_wrapper/hw/mb_lab7_1_wrapper.xsa
TRACE::2025-04-03.13:03:44::SCWPlatform::DSA directory D:/School/UIUC_ECE385_SP25/lab7_1/sdk/mb_lab7_1_wrapper/hw
TRACE::2025-04-03.13:03:44::SCWPlatform:: Platform Path D:/School/UIUC_ECE385_SP25/lab7_1/sdk/mb_lab7_1_wrapper/hw/mb_lab7_1_wrapper.xsa
TRACE::2025-04-03.13:03:44::SCWPlatform:: Unique name xilinx:::0.0
TRACE::2025-04-03.13:03:44::SCWPlatform::Do not have an existing db opened. 
TRACE::2025-04-03.13:03:44::SCWPlatform::Opened new HwDB with name mb_lab7_1_wrapper_2
TRACE::2025-04-03.13:03:44::SCWReader::Active system found as  mb_lab7_1_wrapper
TRACE::2025-04-03.13:03:44::SCWReader::Handling sysconfig mb_lab7_1_wrapper
TRACE::2025-04-03.13:03:44::SCWDomain::checking for install qemu data   : 
TRACE::2025-04-03.13:03:44::SCWPlatform::Trying to open the hw design at D:/School/UIUC_ECE385_SP25/lab7_1/sdk/mb_lab7_1_wrapper/hw/mb_lab7_1_wrapper.xsa
TRACE::2025-04-03.13:03:44::SCWPlatform::DSA given D:/School/UIUC_ECE385_SP25/lab7_1/sdk/mb_lab7_1_wrapper/hw/mb_lab7_1_wrapper.xsa
TRACE::2025-04-03.13:03:44::SCWPlatform::DSA absoulate path D:/School/UIUC_ECE385_SP25/lab7_1/sdk/mb_lab7_1_wrapper/hw/mb_lab7_1_wrapper.xsa
TRACE::2025-04-03.13:03:44::SCWPlatform::DSA directory D:/School/UIUC_ECE385_SP25/lab7_1/sdk/mb_lab7_1_wrapper/hw
TRACE::2025-04-03.13:03:44::SCWPlatform:: Platform Path D:/School/UIUC_ECE385_SP25/lab7_1/sdk/mb_lab7_1_wrapper/hw/mb_lab7_1_wrapper.xsa
TRACE::2025-04-03.13:03:44::SCWPlatform:: Unique name xilinx:::0.0
TRACE::2025-04-03.13:03:44::SCWPlatform::Trying to set the existing hwdb with name mb_lab7_1_wrapper_2
TRACE::2025-04-03.13:03:44::SCWPlatform::Opened existing hwdb mb_lab7_1_wrapper_2
TRACE::2025-04-03.13:03:44::SCWPlatform::Found the Hw Db part of the input DSA
TRACE::2025-04-03.13:03:44::SCWPlatform::Trying to open the hw design at D:/School/UIUC_ECE385_SP25/lab7_1/sdk/mb_lab7_1_wrapper/hw/mb_lab7_1_wrapper.xsa
TRACE::2025-04-03.13:03:44::SCWPlatform::DSA given D:/School/UIUC_ECE385_SP25/lab7_1/sdk/mb_lab7_1_wrapper/hw/mb_lab7_1_wrapper.xsa
TRACE::2025-04-03.13:03:44::SCWPlatform::DSA absoulate path D:/School/UIUC_ECE385_SP25/lab7_1/sdk/mb_lab7_1_wrapper/hw/mb_lab7_1_wrapper.xsa
TRACE::2025-04-03.13:03:44::SCWPlatform::DSA directory D:/School/UIUC_ECE385_SP25/lab7_1/sdk/mb_lab7_1_wrapper/hw
TRACE::2025-04-03.13:03:44::SCWPlatform:: Platform Path D:/School/UIUC_ECE385_SP25/lab7_1/sdk/mb_lab7_1_wrapper/hw/mb_lab7_1_wrapper.xsa
TRACE::2025-04-03.13:03:44::SCWPlatform:: Unique name xilinx:::0.0
TRACE::2025-04-03.13:03:44::SCWPlatform::Trying to set the existing hwdb with name mb_lab7_1_wrapper_2
TRACE::2025-04-03.13:03:44::SCWPlatform::Opened existing hwdb mb_lab7_1_wrapper_2
TRACE::2025-04-03.13:03:44::SCWPlatform::Found the Hw Db part of the input DSA
TRACE::2025-04-03.13:03:44::SCWPlatform::Trying to open the hw design at D:/School/UIUC_ECE385_SP25/lab7_1/sdk/mb_lab7_1_wrapper/hw/mb_lab7_1_wrapper.xsa
TRACE::2025-04-03.13:03:44::SCWPlatform::DSA given D:/School/UIUC_ECE385_SP25/lab7_1/sdk/mb_lab7_1_wrapper/hw/mb_lab7_1_wrapper.xsa
TRACE::2025-04-03.13:03:44::SCWPlatform::DSA absoulate path D:/School/UIUC_ECE385_SP25/lab7_1/sdk/mb_lab7_1_wrapper/hw/mb_lab7_1_wrapper.xsa
TRACE::2025-04-03.13:03:44::SCWPlatform::DSA directory D:/School/UIUC_ECE385_SP25/lab7_1/sdk/mb_lab7_1_wrapper/hw
TRACE::2025-04-03.13:03:44::SCWPlatform:: Platform Path D:/School/UIUC_ECE385_SP25/lab7_1/sdk/mb_lab7_1_wrapper/hw/mb_lab7_1_wrapper.xsa
TRACE::2025-04-03.13:03:44::SCWPlatform:: Unique name xilinx:::0.0
TRACE::2025-04-03.13:03:44::SCWPlatform::Trying to set the existing hwdb with name mb_lab7_1_wrapper_2
TRACE::2025-04-03.13:03:44::SCWPlatform::Opened existing hwdb mb_lab7_1_wrapper_2
TRACE::2025-04-03.13:03:44::SCWPlatform::Found the Hw Db part of the input DSA
TRACE::2025-04-03.13:03:44::SCWPlatform::Trying to open the hw design at D:/School/UIUC_ECE385_SP25/lab7_1/sdk/mb_lab7_1_wrapper/hw/mb_lab7_1_wrapper.xsa
TRACE::2025-04-03.13:03:44::SCWPlatform::DSA given D:/School/UIUC_ECE385_SP25/lab7_1/sdk/mb_lab7_1_wrapper/hw/mb_lab7_1_wrapper.xsa
TRACE::2025-04-03.13:03:44::SCWPlatform::DSA absoulate path D:/School/UIUC_ECE385_SP25/lab7_1/sdk/mb_lab7_1_wrapper/hw/mb_lab7_1_wrapper.xsa
TRACE::2025-04-03.13:03:44::SCWPlatform::DSA directory D:/School/UIUC_ECE385_SP25/lab7_1/sdk/mb_lab7_1_wrapper/hw
TRACE::2025-04-03.13:03:44::SCWPlatform:: Platform Path D:/School/UIUC_ECE385_SP25/lab7_1/sdk/mb_lab7_1_wrapper/hw/mb_lab7_1_wrapper.xsa
TRACE::2025-04-03.13:03:44::SCWPlatform:: Unique name xilinx:::0.0
TRACE::2025-04-03.13:03:44::SCWPlatform::Trying to set the existing hwdb with name mb_lab7_1_wrapper_2
TRACE::2025-04-03.13:03:44::SCWPlatform::Opened existing hwdb mb_lab7_1_wrapper_2
TRACE::2025-04-03.13:03:44::SCWPlatform::Found the Hw Db part of the input DSA
TRACE::2025-04-03.13:03:44::SCWMssOS::Checking the sw design at  D:/School/UIUC_ECE385_SP25/lab7_1/sdk/mb_lab7_1_wrapper/microblaze_0/standalone_microblaze_0/bsp/system.mss
TRACE::2025-04-03.13:03:44::SCWMssOS::DEBUG:  swdes dump  
TRACE::2025-04-03.13:03:44::SCWMssOS::No sw design opened at  D:/School/UIUC_ECE385_SP25/lab7_1/sdk/mb_lab7_1_wrapper/microblaze_0/standalone_microblaze_0/bsp/system.mss
TRACE::2025-04-03.13:03:44::SCWMssOS::mss exists loading the mss file  D:/School/UIUC_ECE385_SP25/lab7_1/sdk/mb_lab7_1_wrapper/microblaze_0/standalone_microblaze_0/bsp/system.mss
TRACE::2025-04-03.13:03:44::SCWMssOS::Opened the sw design from mss  D:/School/UIUC_ECE385_SP25/lab7_1/sdk/mb_lab7_1_wrapper/microblaze_0/standalone_microblaze_0/bsp/system.mss
TRACE::2025-04-03.13:03:44::SCWMssOS::Adding the swdes entry D:/School/UIUC_ECE385_SP25/lab7_1/sdk/mb_lab7_1_wrapper/microblaze_0/standalone_microblaze_0/bsp/system.mss with des name system
TRACE::2025-04-03.13:03:44::SCWMssOS::updating the scw layer about changes
TRACE::2025-04-03.13:03:44::SCWMssOS::Opened the sw design.  D:/School/UIUC_ECE385_SP25/lab7_1/sdk/mb_lab7_1_wrapper/microblaze_0/standalone_microblaze_0/bsp/system.mss
TRACE::2025-04-03.13:03:44::SCWMssOS::Saving the mss changes D:/School/UIUC_ECE385_SP25/lab7_1/sdk/mb_lab7_1_wrapper/microblaze_0/standalone_microblaze_0/bsp/system.mss
TRACE::2025-04-03.13:03:44::SCWMssOS::Found a swdesign opened with the mssfile.
TRACE::2025-04-03.13:03:44::SCWMssOS::Completed writemss as part of save.
TRACE::2025-04-03.13:03:44::SCWMssOS::Commit changes completed.
TRACE::2025-04-03.13:03:44::SCWReader::Adding prebuilt librarypaths as   
TRACE::2025-04-03.13:03:44::SCWReader::Adding prebuilt incpaths  as   
TRACE::2025-04-03.13:03:44::SCWPlatform::Trying to open the hw design at D:/School/UIUC_ECE385_SP25/lab7_1/sdk/mb_lab7_1_wrapper/hw/mb_lab7_1_wrapper.xsa
TRACE::2025-04-03.13:03:44::SCWPlatform::DSA given D:/School/UIUC_ECE385_SP25/lab7_1/sdk/mb_lab7_1_wrapper/hw/mb_lab7_1_wrapper.xsa
TRACE::2025-04-03.13:03:44::SCWPlatform::DSA absoulate path D:/School/UIUC_ECE385_SP25/lab7_1/sdk/mb_lab7_1_wrapper/hw/mb_lab7_1_wrapper.xsa
TRACE::2025-04-03.13:03:44::SCWPlatform::DSA directory D:/School/UIUC_ECE385_SP25/lab7_1/sdk/mb_lab7_1_wrapper/hw
TRACE::2025-04-03.13:03:44::SCWPlatform:: Platform Path D:/School/UIUC_ECE385_SP25/lab7_1/sdk/mb_lab7_1_wrapper/hw/mb_lab7_1_wrapper.xsa
TRACE::2025-04-03.13:03:44::SCWPlatform:: Unique name xilinx:::0.0
TRACE::2025-04-03.13:03:44::SCWPlatform::Trying to set the existing hwdb with name mb_lab7_1_wrapper_2
TRACE::2025-04-03.13:03:44::SCWPlatform::Opened existing hwdb mb_lab7_1_wrapper_2
TRACE::2025-04-03.13:03:44::SCWPlatform::Found the Hw Db part of the input DSA
TRACE::2025-04-03.13:03:44::SCWMssOS::Checking the sw design at  D:/School/UIUC_ECE385_SP25/lab7_1/sdk/mb_lab7_1_wrapper/microblaze_0/standalone_microblaze_0/bsp/system.mss
TRACE::2025-04-03.13:03:44::SCWMssOS::DEBUG:  swdes dump  D:/School/UIUC_ECE385_SP25/lab7_1/sdk/mb_lab7_1_wrapper/microblaze_0/standalone_microblaze_0/bsp/system.mss|system||

TRACE::2025-04-03.13:03:44::SCWMssOS::Sw design exists and opened at  D:/School/UIUC_ECE385_SP25/lab7_1/sdk/mb_lab7_1_wrapper/microblaze_0/standalone_microblaze_0/bsp/system.mss
TRACE::2025-04-03.13:03:44::SCWReader::No isolation master present  
TRACE::2025-04-03.13:03:46::SCWPlatform::DSA given D:/School/UIUC_ECE385_SP25/lab7_1/sdk/mb_lab7_1_wrapper/tempdsa/mb_lab7_1_wrapper.xsa
TRACE::2025-04-03.13:03:46::SCWPlatform::DSA absoulate path D:/School/UIUC_ECE385_SP25/lab7_1/sdk/mb_lab7_1_wrapper/tempdsa/mb_lab7_1_wrapper.xsa
TRACE::2025-04-03.13:03:46::SCWPlatform:: Platform location is D:/School/UIUC_ECE385_SP25/lab7_1/sdk/mb_lab7_1_wrapper/tempdsa
TRACE::2025-04-03.13:03:46::SCWPlatform:: Platform Path D:/School/UIUC_ECE385_SP25/lab7_1/sdk/mb_lab7_1_wrapper/tempdsa/mb_lab7_1_wrapper.xsa
TRACE::2025-04-03.13:03:46::SCWPlatform:: Unique name xilinx:::0.0
TRACE::2025-04-03.13:03:47::SCWPlatform::Found the Hw Db part of the input DSA
TRACE::2025-04-03.13:03:47::SCWMssOS::Doing hw sync for the mss in domain: standalone_microblaze_0
TRACE::2025-04-03.13:03:47::SCWPlatform::Trying to open the hw design at D:/School/UIUC_ECE385_SP25/lab7_1/sdk/mb_lab7_1_wrapper/hw/mb_lab7_1_wrapper.xsa
TRACE::2025-04-03.13:03:47::SCWPlatform::DSA given D:/School/UIUC_ECE385_SP25/lab7_1/sdk/mb_lab7_1_wrapper/hw/mb_lab7_1_wrapper.xsa
TRACE::2025-04-03.13:03:47::SCWPlatform::DSA absoulate path D:/School/UIUC_ECE385_SP25/lab7_1/sdk/mb_lab7_1_wrapper/hw/mb_lab7_1_wrapper.xsa
TRACE::2025-04-03.13:03:47::SCWPlatform::DSA directory D:/School/UIUC_ECE385_SP25/lab7_1/sdk/mb_lab7_1_wrapper/hw
TRACE::2025-04-03.13:03:47::SCWPlatform:: Platform Path D:/School/UIUC_ECE385_SP25/lab7_1/sdk/mb_lab7_1_wrapper/hw/mb_lab7_1_wrapper.xsa
TRACE::2025-04-03.13:03:47::SCWPlatform:: Unique name xilinx:::0.0
TRACE::2025-04-03.13:03:47::SCWPlatform::Trying to set the existing hwdb with name mb_lab7_1_wrapper_2
TRACE::2025-04-03.13:03:47::SCWPlatform::Opened existing hwdb mb_lab7_1_wrapper_2
TRACE::2025-04-03.13:03:47::SCWPlatform::Found the Hw Db part of the input DSA
TRACE::2025-04-03.13:03:47::SCWPlatform::Trying to open the hw design at D:/School/UIUC_ECE385_SP25/lab7_1/sdk/mb_lab7_1_wrapper/hw/mb_lab7_1_wrapper.xsa
TRACE::2025-04-03.13:03:47::SCWPlatform::DSA given D:/School/UIUC_ECE385_SP25/lab7_1/sdk/mb_lab7_1_wrapper/hw/mb_lab7_1_wrapper.xsa
TRACE::2025-04-03.13:03:47::SCWPlatform::DSA absoulate path D:/School/UIUC_ECE385_SP25/lab7_1/sdk/mb_lab7_1_wrapper/hw/mb_lab7_1_wrapper.xsa
TRACE::2025-04-03.13:03:47::SCWPlatform::DSA directory D:/School/UIUC_ECE385_SP25/lab7_1/sdk/mb_lab7_1_wrapper/hw
TRACE::2025-04-03.13:03:47::SCWPlatform:: Platform Path D:/School/UIUC_ECE385_SP25/lab7_1/sdk/mb_lab7_1_wrapper/hw/mb_lab7_1_wrapper.xsa
TRACE::2025-04-03.13:03:47::SCWPlatform:: Unique name xilinx:::0.0
TRACE::2025-04-03.13:03:47::SCWPlatform::Trying to set the existing hwdb with name mb_lab7_1_wrapper_2
TRACE::2025-04-03.13:03:47::SCWPlatform::Opened existing hwdb mb_lab7_1_wrapper_2
TRACE::2025-04-03.13:03:47::SCWPlatform::Found the Hw Db part of the input DSA
TRACE::2025-04-03.13:03:47::SCWMssOS::Checking the sw design at  D:/School/UIUC_ECE385_SP25/lab7_1/sdk/mb_lab7_1_wrapper/microblaze_0/standalone_microblaze_0/bsp/system.mss
TRACE::2025-04-03.13:03:47::SCWMssOS::DEBUG:  swdes dump  D:/School/UIUC_ECE385_SP25/lab7_1/sdk/mb_lab7_1_wrapper/microblaze_0/standalone_microblaze_0/bsp/system.mss|system||

TRACE::2025-04-03.13:03:47::SCWMssOS::Sw design exists and opened at  D:/School/UIUC_ECE385_SP25/lab7_1/sdk/mb_lab7_1_wrapper/microblaze_0/standalone_microblaze_0/bsp/system.mss
TRACE::2025-04-03.13:03:47::SCWPlatform::Trying to open the hw design at D:/School/UIUC_ECE385_SP25/lab7_1/sdk/mb_lab7_1_wrapper/tempdsa/mb_lab7_1_wrapper.xsa
TRACE::2025-04-03.13:03:47::SCWPlatform::DSA given D:/School/UIUC_ECE385_SP25/lab7_1/sdk/mb_lab7_1_wrapper/tempdsa/mb_lab7_1_wrapper.xsa
TRACE::2025-04-03.13:03:47::SCWPlatform::DSA absoulate path D:/School/UIUC_ECE385_SP25/lab7_1/sdk/mb_lab7_1_wrapper/tempdsa/mb_lab7_1_wrapper.xsa
TRACE::2025-04-03.13:03:47::SCWPlatform::DSA directory D:/School/UIUC_ECE385_SP25/lab7_1/sdk/mb_lab7_1_wrapper/tempdsa
TRACE::2025-04-03.13:03:47::SCWPlatform:: Platform Path D:/School/UIUC_ECE385_SP25/lab7_1/sdk/mb_lab7_1_wrapper/tempdsa/mb_lab7_1_wrapper.xsa
TRACE::2025-04-03.13:03:47::SCWPlatform:: Unique name xilinx:::0.0
TRACE::2025-04-03.13:03:47::SCWPlatform::update - Opened existing hwdb mb_lab7_1_wrapper_3
TRACE::2025-04-03.13:03:47::SCWPlatform::Found the Hw Db part of the input DSA
TRACE::2025-04-03.13:03:47::SCWMssOS::Saving the mss changes D:/School/UIUC_ECE385_SP25/lab7_1/sdk/mb_lab7_1_wrapper/microblaze_0/standalone_microblaze_0/bsp/system.mss
TRACE::2025-04-03.13:03:47::SCWMssOS::Found a swdesign opened with the mssfile.
TRACE::2025-04-03.13:03:47::SCWMssOS::Completed writemss as part of save.
TRACE::2025-04-03.13:03:47::SCWMssOS::Commit changes completed.
TRACE::2025-04-03.13:03:47::SCWMssOS::Completed hw sync for the mss in domain: standalone_microblaze_0
TRACE::2025-04-03.13:03:47::SCWMssOS::Removing the swdes entry for  D:/School/UIUC_ECE385_SP25/lab7_1/sdk/mb_lab7_1_wrapper/microblaze_0/standalone_microblaze_0/bsp/system.mss
TRACE::2025-04-03.13:03:47::SCWPlatform::Trying to open the hw design at D:/School/UIUC_ECE385_SP25/lab7_1/sdk/mb_lab7_1_wrapper/hw/mb_lab7_1_wrapper.xsa
TRACE::2025-04-03.13:03:47::SCWPlatform::DSA given D:/School/UIUC_ECE385_SP25/lab7_1/sdk/mb_lab7_1_wrapper/hw/mb_lab7_1_wrapper.xsa
TRACE::2025-04-03.13:03:47::SCWPlatform::DSA absoulate path D:/School/UIUC_ECE385_SP25/lab7_1/sdk/mb_lab7_1_wrapper/hw/mb_lab7_1_wrapper.xsa
TRACE::2025-04-03.13:03:47::SCWPlatform::DSA directory D:/School/UIUC_ECE385_SP25/lab7_1/sdk/mb_lab7_1_wrapper/hw
TRACE::2025-04-03.13:03:47::SCWPlatform:: Platform Path D:/School/UIUC_ECE385_SP25/lab7_1/sdk/mb_lab7_1_wrapper/hw/mb_lab7_1_wrapper.xsa
TRACE::2025-04-03.13:03:47::SCWPlatform:: Unique name xilinx:::0.0
TRACE::2025-04-03.13:03:47::SCWPlatform::Do not have an existing db opened. 
TRACE::2025-04-03.13:03:47::SCWPlatform::Opened new HwDB with name mb_lab7_1_wrapper_4
TRACE::2025-04-03.13:03:47::SCWMssOS::Saving the mss changes D:/School/UIUC_ECE385_SP25/lab7_1/sdk/mb_lab7_1_wrapper/microblaze_0/standalone_microblaze_0/bsp/system.mss
TRACE::2025-04-03.13:03:47::SCWMssOS::Adding the swdes entry, mss present, able to open swdb D:/School/UIUC_ECE385_SP25/lab7_1/sdk/mb_lab7_1_wrapper/microblaze_0/standalone_microblaze_0/bsp/system.mss with des name system
TRACE::2025-04-03.13:03:47::SCWMssOS::Writing the mss file completed D:/School/UIUC_ECE385_SP25/lab7_1/sdk/mb_lab7_1_wrapper/microblaze_0/standalone_microblaze_0/bsp/system.mss
TRACE::2025-04-03.13:03:47::SCWMssOS::Commit changes completed.
TRACE::2025-04-03.13:03:47::SCWPlatform::Trying to open the hw design at D:/School/UIUC_ECE385_SP25/lab7_1/sdk/mb_lab7_1_wrapper/hw/mb_lab7_1_wrapper.xsa
TRACE::2025-04-03.13:03:47::SCWPlatform::DSA given D:/School/UIUC_ECE385_SP25/lab7_1/sdk/mb_lab7_1_wrapper/hw/mb_lab7_1_wrapper.xsa
TRACE::2025-04-03.13:03:47::SCWPlatform::DSA absoulate path D:/School/UIUC_ECE385_SP25/lab7_1/sdk/mb_lab7_1_wrapper/hw/mb_lab7_1_wrapper.xsa
TRACE::2025-04-03.13:03:47::SCWPlatform::DSA directory D:/School/UIUC_ECE385_SP25/lab7_1/sdk/mb_lab7_1_wrapper/hw
TRACE::2025-04-03.13:03:47::SCWPlatform:: Platform Path D:/School/UIUC_ECE385_SP25/lab7_1/sdk/mb_lab7_1_wrapper/hw/mb_lab7_1_wrapper.xsa
TRACE::2025-04-03.13:03:47::SCWPlatform:: Unique name xilinx:::0.0
TRACE::2025-04-03.13:03:47::SCWPlatform::Trying to set the existing hwdb with name mb_lab7_1_wrapper_4
TRACE::2025-04-03.13:03:47::SCWPlatform::Opened existing hwdb mb_lab7_1_wrapper_4
TRACE::2025-04-03.13:03:47::SCWPlatform::Found the Hw Db part of the input DSA
TRACE::2025-04-03.13:03:47::SCWMssOS::Checking the sw design at  D:/School/UIUC_ECE385_SP25/lab7_1/sdk/mb_lab7_1_wrapper/microblaze_0/standalone_microblaze_0/bsp/system.mss
TRACE::2025-04-03.13:03:47::SCWMssOS::DEBUG:  swdes dump  D:/School/UIUC_ECE385_SP25/lab7_1/sdk/mb_lab7_1_wrapper/microblaze_0/standalone_microblaze_0/bsp/system.mss|system||

TRACE::2025-04-03.13:03:47::SCWMssOS::Sw design exists and opened at  D:/School/UIUC_ECE385_SP25/lab7_1/sdk/mb_lab7_1_wrapper/microblaze_0/standalone_microblaze_0/bsp/system.mss
TRACE::2025-04-03.13:03:47::SCWWriter::formatted JSON is {
	"platformName":	"mb_lab7_1_wrapper",
	"sprVersion":	"2.0",
	"mode":	"gui",
	"dsaType":	"Fixed",
	"platformDesc":	"mb_lab7_1_wrapper",
	"platHandOff":	"D:/School/UIUC_ECE385_SP25/lab7_1/mb_lab7_1_wrapper.xsa",
	"platIntHandOff":	"<platformDir>/hw/mb_lab7_1_wrapper.xsa",
	"deviceType":	"FPGA",
	"platIsPrebuiltAutogen":	"false",
	"platIsNoBootBsp":	"false",
	"hasFsblMakeHasChanges":	"false",
	"hasPmufwMakeHasChanges":	"false",
	"platPreBuiltFlag":	false,
	"platformSamplesDir":	"",
	"platActiveSys":	"mb_lab7_1_wrapper",
	"systems":	[{
			"systemName":	"mb_lab7_1_wrapper",
			"systemDesc":	"mb_lab7_1_wrapper",
			"sysIsBootAutoGen":	"true",
			"systemDispName":	"mb_lab7_1_wrapper",
			"sysActiveDom":	"standalone_microblaze_0",
			"sysDefaultDom":	"standalone_microblaze_0",
			"domains":	[{
					"domainName":	"standalone_microblaze_0",
					"domainDispName":	"standalone_microblaze_0",
					"domainDesc":	"standalone_microblaze_0",
					"processors":	"microblaze_0",
					"os":	"standalone",
					"sdxOs":	"standalone",
					"debugEnable":	"False",
					"domRuntimes":	["cpp"],
					"swRepo":	"",
					"mssOsVer":	"8.0",
					"mssFile":	"",
					"md5Digest":	"5422c1e5be4ae93f4de8c50507402f2a1",
					"compatibleApp":	"",
					"domType":	"mssDomain",
					"arch":	"32-bit",
					"appSettings":	{
						"appCompilerFlags":	"",
						"appLinkerFlags":	""
					},
					"addedLibs":	[],
					"libOptions":	{
						"libsContainingOptions":	[]
					},
					"prebuiltLibs":	{
						"prebuiltIncPath":	[],
						"prebuiltLibPath":	[]
					},
					"isolation":	{
					}
				}]
		}]
}
TRACE::2025-04-03.13:04:05::SCWMssOS::cleaning the bsp 
TRACE::2025-04-03.13:04:05::SCWMssOS::System Command Ran  D: & cd  D:/School/UIUC_ECE385_SP25/lab7_1/sdk/mb_lab7_1_wrapper/microblaze_0/standalone_microblaze_0/bsp & make clean 
TRACE::2025-04-03.13:04:05::SCWMssOS::make -C microblaze_0/libsrc/bram_v4_8/src -s clean 

TRACE::2025-04-03.13:04:05::SCWMssOS::make -C microblaze_0/libsrc/cpu_v2_16/src -s clean 

TRACE::2025-04-03.13:04:05::SCWMssOS::make -C microblaze_0/libsrc/hdmi_text_controller_v1_0/src -s clean 

TRACE::2025-04-03.13:04:05::SCWMssOS::make -C microblaze_0/libsrc/intc_v3_15/src -s clean 

TRACE::2025-04-03.13:04:05::SCWMssOS::make -C microblaze_0/libsrc/standalone_v8_0/src -s clean 

TRACE::2025-04-03.13:04:05::SCWMssOS::make -C microblaze_0/libsrc/uartlite_v3_7/src -s clean 

TRACE::2025-04-03.13:04:05::SCWMssOS::rm -f microblaze_0/lib/libxil.a

LOG::2025-04-03.13:04:07::SCWPlatform::Started generating the artifacts platform mb_lab7_1_wrapper
TRACE::2025-04-03.13:04:07::SCWPlatform::Sanity checking of platform is completed
LOG::2025-04-03.13:04:07::SCWPlatform::Started generating the artifacts for system configuration mb_lab7_1_wrapper
LOG::2025-04-03.13:04:07::SCWSystem::Checking the domain standalone_microblaze_0
LOG::2025-04-03.13:04:07::SCWSystem::Not a boot domain 
LOG::2025-04-03.13:04:07::SCWSystem::Started Processing the domain standalone_microblaze_0
TRACE::2025-04-03.13:04:07::SCWDomain::Generating domain artifcats
TRACE::2025-04-03.13:04:07::SCWMssOS::Generating standalone artifcats
TRACE::2025-04-03.13:04:07::SCWMssOS:: Copying the user libraries. 
TRACE::2025-04-03.13:04:07::SCWPlatform::Trying to open the hw design at D:/School/UIUC_ECE385_SP25/lab7_1/sdk/mb_lab7_1_wrapper/hw/mb_lab7_1_wrapper.xsa
TRACE::2025-04-03.13:04:07::SCWPlatform::DSA given D:/School/UIUC_ECE385_SP25/lab7_1/sdk/mb_lab7_1_wrapper/hw/mb_lab7_1_wrapper.xsa
TRACE::2025-04-03.13:04:07::SCWPlatform::DSA absoulate path D:/School/UIUC_ECE385_SP25/lab7_1/sdk/mb_lab7_1_wrapper/hw/mb_lab7_1_wrapper.xsa
TRACE::2025-04-03.13:04:07::SCWPlatform::DSA directory D:/School/UIUC_ECE385_SP25/lab7_1/sdk/mb_lab7_1_wrapper/hw
TRACE::2025-04-03.13:04:07::SCWPlatform:: Platform Path D:/School/UIUC_ECE385_SP25/lab7_1/sdk/mb_lab7_1_wrapper/hw/mb_lab7_1_wrapper.xsa
TRACE::2025-04-03.13:04:07::SCWPlatform:: Unique name xilinx:::0.0
TRACE::2025-04-03.13:04:07::SCWPlatform::Trying to set the existing hwdb with name mb_lab7_1_wrapper_4
TRACE::2025-04-03.13:04:07::SCWPlatform::Opened existing hwdb mb_lab7_1_wrapper_4
TRACE::2025-04-03.13:04:07::SCWPlatform::Found the Hw Db part of the input DSA
TRACE::2025-04-03.13:04:07::SCWMssOS::Checking the sw design at  D:/School/UIUC_ECE385_SP25/lab7_1/sdk/mb_lab7_1_wrapper/microblaze_0/standalone_microblaze_0/bsp/system.mss
TRACE::2025-04-03.13:04:07::SCWMssOS::DEBUG:  swdes dump  D:/School/UIUC_ECE385_SP25/lab7_1/sdk/mb_lab7_1_wrapper/microblaze_0/standalone_microblaze_0/bsp/system.mss|system||

TRACE::2025-04-03.13:04:07::SCWMssOS::Sw design exists and opened at  D:/School/UIUC_ECE385_SP25/lab7_1/sdk/mb_lab7_1_wrapper/microblaze_0/standalone_microblaze_0/bsp/system.mss
TRACE::2025-04-03.13:04:07::SCWMssOS::Completed writing the mss file at D:/School/UIUC_ECE385_SP25/lab7_1/sdk/mb_lab7_1_wrapper/microblaze_0/standalone_microblaze_0/bsp
TRACE::2025-04-03.13:04:07::SCWMssOS::Mss edits present, copying mssfile into export location D:/School/UIUC_ECE385_SP25/lab7_1/sdk/mb_lab7_1_wrapper/microblaze_0/standalone_microblaze_0/bsp/system.mss
TRACE::2025-04-03.13:04:07::SCWMssOS::bsp generated is stale removing and regenerating. 
TRACE::2025-04-03.13:04:08::SCWMssOS::doing bsp build ... 
TRACE::2025-04-03.13:04:08::SCWMssOS::System Command Ran  D: & cd  D:/School/UIUC_ECE385_SP25/lab7_1/sdk/mb_lab7_1_wrapper/microblaze_0/standalone_microblaze_0/bsp & make 
TRACE::2025-04-03.13:04:08::SCWMssOS::make --no-print-directory seq_libs

TRACE::2025-04-03.13:04:08::SCWMssOS::"Running Make include in microblaze_0/libsrc/bram_v4_8/src"

TRACE::2025-04-03.13:04:08::SCWMssOS::make -C microblaze_0/libsrc/bram_v4_8/src -s include  "SHELL=CMD" "COMPILER=mb-gcc" "ASSEMBLER=mb-as" "ARCHIVER=mb-ar" "COMPILE
TRACE::2025-04-03.13:04:08::SCWMssOS::R_FLAGS=  -O2 -c -mcpu=v11.0 -mlittle-endian -mno-xl-reorder -mno-xl-soft-mul -mxl-barrel-shift -mxl-pattern-compare" "EXTRA_CO
TRACE::2025-04-03.13:04:08::SCWMssOS::MPILER_FLAGS=-g -ffunction-sections -fdata-sections -Wall -Wextra -fno-tree-loop-distribute-patterns"

TRACE::2025-04-03.13:04:08::SCWMssOS::"Running Make include in microblaze_0/libsrc/cpu_v2_16/src"

TRACE::2025-04-03.13:04:08::SCWMssOS::make -C microblaze_0/libsrc/cpu_v2_16/src -s include  "SHELL=CMD" "COMPILER=mb-gcc" "ASSEMBLER=mb-as" "ARCHIVER=mb-ar" "COMPILE
TRACE::2025-04-03.13:04:08::SCWMssOS::R_FLAGS=  -O2 -c -mcpu=v11.0 -mlittle-endian -mno-xl-reorder -mno-xl-soft-mul -mxl-barrel-shift -mxl-pattern-compare" "EXTRA_CO
TRACE::2025-04-03.13:04:08::SCWMssOS::MPILER_FLAGS=-g -ffunction-sections -fdata-sections -Wall -Wextra -fno-tree-loop-distribute-patterns"

TRACE::2025-04-03.13:04:08::SCWMssOS::"Running Make include in microblaze_0/libsrc/hdmi_text_controller_v1_0/src"

TRACE::2025-04-03.13:04:08::SCWMssOS::make -C microblaze_0/libsrc/hdmi_text_controller_v1_0/src -s include  "SHELL=CMD" "COMPILER=mb-gcc" "ASSEMBLER=mb-as" "ARCHIVER
TRACE::2025-04-03.13:04:08::SCWMssOS::=mb-ar" "COMPILER_FLAGS=  -O2 -c -mcpu=v11.0 -mlittle-endian -mno-xl-reorder -mno-xl-soft-mul -mxl-barrel-shift -mxl-pattern-co
TRACE::2025-04-03.13:04:08::SCWMssOS::mpare" "EXTRA_COMPILER_FLAGS=-g -ffunction-sections -fdata-sections -Wall -Wextra -fno-tree-loop-distribute-patterns"

TRACE::2025-04-03.13:04:08::SCWMssOS::"Running Make include in microblaze_0/libsrc/intc_v3_15/src"

TRACE::2025-04-03.13:04:08::SCWMssOS::make -C microblaze_0/libsrc/intc_v3_15/src -s include  "SHELL=CMD" "COMPILER=mb-gcc" "ASSEMBLER=mb-as" "ARCHIVER=mb-ar" "COMPIL
TRACE::2025-04-03.13:04:08::SCWMssOS::ER_FLAGS=  -O2 -c -mcpu=v11.0 -mlittle-endian -mno-xl-reorder -mno-xl-soft-mul -mxl-barrel-shift -mxl-pattern-compare" "EXTRA_C
TRACE::2025-04-03.13:04:08::SCWMssOS::OMPILER_FLAGS=-g -ffunction-sections -fdata-sections -Wall -Wextra -fno-tree-loop-distribute-patterns"

TRACE::2025-04-03.13:04:08::SCWMssOS::"Running Make include in microblaze_0/libsrc/standalone_v8_0/src"

TRACE::2025-04-03.13:04:08::SCWMssOS::make -C microblaze_0/libsrc/standalone_v8_0/src -s include  "SHELL=CMD" "COMPILER=mb-gcc" "ASSEMBLER=mb-as" "ARCHIVER=mb-ar" "C
TRACE::2025-04-03.13:04:08::SCWMssOS::OMPILER_FLAGS=  -O2 -c -mcpu=v11.0 -mlittle-endian -mno-xl-reorder -mno-xl-soft-mul -mxl-barrel-shift -mxl-pattern-compare" "EX
TRACE::2025-04-03.13:04:08::SCWMssOS::TRA_COMPILER_FLAGS=-g -ffunction-sections -fdata-sections -Wall -Wextra -fno-tree-loop-distribute-patterns"

TRACE::2025-04-03.13:04:09::SCWMssOS::"Running Make include in microblaze_0/libsrc/uartlite_v3_7/src"

TRACE::2025-04-03.13:04:09::SCWMssOS::make -C microblaze_0/libsrc/uartlite_v3_7/src -s include  "SHELL=CMD" "COMPILER=mb-gcc" "ASSEMBLER=mb-as" "ARCHIVER=mb-ar" "COM
TRACE::2025-04-03.13:04:09::SCWMssOS::PILER_FLAGS=  -O2 -c -mcpu=v11.0 -mlittle-endian -mno-xl-reorder -mno-xl-soft-mul -mxl-barrel-shift -mxl-pattern-compare" "EXTR
TRACE::2025-04-03.13:04:09::SCWMssOS::A_COMPILER_FLAGS=-g -ffunction-sections -fdata-sections -Wall -Wextra -fno-tree-loop-distribute-patterns"

TRACE::2025-04-03.13:04:09::SCWMssOS::"Running Make libs in microblaze_0/libsrc/hdmi_text_controller_v1_0/src"

TRACE::2025-04-03.13:04:09::SCWMssOS::make -C microblaze_0/libsrc/hdmi_text_controller_v1_0/src -s libs  "SHELL=CMD" "COMPILER=mb-gcc" "ASSEMBLER=mb-as" "ARCHIVER=mb
TRACE::2025-04-03.13:04:09::SCWMssOS::-ar" "COMPILER_FLAGS=  -O2 -c -mcpu=v11.0 -mlittle-endian -mno-xl-reorder -mno-xl-soft-mul -mxl-barrel-shift -mxl-pattern-compa
TRACE::2025-04-03.13:04:09::SCWMssOS::re" "EXTRA_COMPILER_FLAGS=-g -ffunction-sections -fdata-sections -Wall -Wextra -fno-tree-loop-distribute-patterns"

TRACE::2025-04-03.13:04:09::SCWMssOS::"Compiling hdmi_text_controller..."

TRACE::2025-04-03.13:04:09::SCWMssOS::'Finished building libraries sequentially.'

TRACE::2025-04-03.13:04:09::SCWMssOS::make -j 10 --no-print-directory par_libs

TRACE::2025-04-03.13:04:09::SCWMssOS::"Running Make include in microblaze_0/libsrc/bram_v4_8/src"

TRACE::2025-04-03.13:04:09::SCWMssOS::make -C microblaze_0/libsrc/bram_v4_8/src -s include  "SHELL=CMD" "COMPILER=mb-gcc" "ASSEMBLER=mb-as" "ARCHIVER=mb-ar" "COMPILE
TRACE::2025-04-03.13:04:09::SCWMssOS::R_FLAGS=  -O2 -c -mcpu=v11.0 -mlittle-endian -mno-xl-reorder -mno-xl-soft-mul -mxl-barrel-shift -mxl-pattern-compare" "EXTRA_CO
TRACE::2025-04-03.13:04:09::SCWMssOS::MPILER_FLAGS=-g -ffunction-sections -fdata-sections -Wall -Wextra -fno-tree-loop-distribute-patterns"

TRACE::2025-04-03.13:04:09::SCWMssOS::"Running Make include in microblaze_0/libsrc/cpu_v2_16/src"

TRACE::2025-04-03.13:04:09::SCWMssOS::make -C microblaze_0/libsrc/cpu_v2_16/src -s include  "SHELL=CMD" "COMPILER=mb-gcc" "ASSEMBLER=mb-as" "ARCHIVER=mb-ar" "COMPILE
TRACE::2025-04-03.13:04:09::SCWMssOS::R_FLAGS=  -O2 -c -mcpu=v11.0 -mlittle-endian -mno-xl-reorder -mno-xl-soft-mul -mxl-barrel-shift -mxl-pattern-compare" "EXTRA_CO
TRACE::2025-04-03.13:04:09::SCWMssOS::MPILER_FLAGS=-g -ffunction-sections -fdata-sections -Wall -Wextra -fno-tree-loop-distribute-patterns"

TRACE::2025-04-03.13:04:09::SCWMssOS::"Running Make include in microblaze_0/libsrc/hdmi_text_controller_v1_0/src"

TRACE::2025-04-03.13:04:09::SCWMssOS::make -C microblaze_0/libsrc/hdmi_text_controller_v1_0/src -s include  "SHELL=CMD" "COMPILER=mb-gcc" "ASSEMBLER=mb-as" "ARCHIVER
TRACE::2025-04-03.13:04:09::SCWMssOS::=mb-ar" "COMPILER_FLAGS=  -O2 -c -mcpu=v11.0 -mlittle-endian -mno-xl-reorder -mno-xl-soft-mul -mxl-barrel-shift -mxl-pattern-co
TRACE::2025-04-03.13:04:09::SCWMssOS::mpare" "EXTRA_COMPILER_FLAGS=-g -ffunction-sections -fdata-sections -Wall -Wextra -fno-tree-loop-distribute-patterns"

TRACE::2025-04-03.13:04:09::SCWMssOS::"Running Make include in microblaze_0/libsrc/intc_v3_15/src"

TRACE::2025-04-03.13:04:09::SCWMssOS::make -C microblaze_0/libsrc/intc_v3_15/src -s include  "SHELL=CMD" "COMPILER=mb-gcc" "ASSEMBLER=mb-as" "ARCHIVER=mb-ar" "COMPIL
TRACE::2025-04-03.13:04:09::SCWMssOS::ER_FLAGS=  -O2 -c -mcpu=v11.0 -mlittle-endian -mno-xl-reorder -mno-xl-soft-mul -mxl-barrel-shift -mxl-pattern-compare" "EXTRA_C
TRACE::2025-04-03.13:04:09::SCWMssOS::OMPILER_FLAGS=-g -ffunction-sections -fdata-sections -Wall -Wextra -fno-tree-loop-distribute-patterns"

TRACE::2025-04-03.13:04:09::SCWMssOS::"Running Make include in microblaze_0/libsrc/standalone_v8_0/src"

TRACE::2025-04-03.13:04:09::SCWMssOS::make -C microblaze_0/libsrc/standalone_v8_0/src -s include  "SHELL=CMD" "COMPILER=mb-gcc" "ASSEMBLER=mb-as" "ARCHIVER=mb-ar" "C
TRACE::2025-04-03.13:04:09::SCWMssOS::OMPILER_FLAGS=  -O2 -c -mcpu=v11.0 -mlittle-endian -mno-xl-reorder -mno-xl-soft-mul -mxl-barrel-shift -mxl-pattern-compare" "EX
TRACE::2025-04-03.13:04:09::SCWMssOS::TRA_COMPILER_FLAGS=-g -ffunction-sections -fdata-sections -Wall -Wextra -fno-tree-loop-distribute-patterns"

TRACE::2025-04-03.13:04:09::SCWMssOS::"Running Make include in microblaze_0/libsrc/uartlite_v3_7/src"

TRACE::2025-04-03.13:04:09::SCWMssOS::make -C microblaze_0/libsrc/uartlite_v3_7/src -s include  "SHELL=CMD" "COMPILER=mb-gcc" "ASSEMBLER=mb-as" "ARCHIVER=mb-ar" "COM
TRACE::2025-04-03.13:04:09::SCWMssOS::PILER_FLAGS=  -O2 -c -mcpu=v11.0 -mlittle-endian -mno-xl-reorder -mno-xl-soft-mul -mxl-barrel-shift -mxl-pattern-compare" "EXTR
TRACE::2025-04-03.13:04:09::SCWMssOS::A_COMPILER_FLAGS=-g -ffunction-sections -fdata-sections -Wall -Wextra -fno-tree-loop-distribute-patterns"

TRACE::2025-04-03.13:04:09::SCWMssOS::"Running Make libs in microblaze_0/libsrc/bram_v4_8/src"

TRACE::2025-04-03.13:04:09::SCWMssOS::make -C microblaze_0/libsrc/bram_v4_8/src -s libs  "SHELL=CMD" "COMPILER=mb-gcc" "ASSEMBLER=mb-as" "ARCHIVER=mb-ar" "COMPILER_F
TRACE::2025-04-03.13:04:09::SCWMssOS::LAGS=  -O2 -c -mcpu=v11.0 -mlittle-endian -mno-xl-reorder -mno-xl-soft-mul -mxl-barrel-shift -mxl-pattern-compare" "EXTRA_COMPI
TRACE::2025-04-03.13:04:09::SCWMssOS::LER_FLAGS=-g -ffunction-sections -fdata-sections -Wall -Wextra -fno-tree-loop-distribute-patterns"

TRACE::2025-04-03.13:04:09::SCWMssOS::"Running Make libs in microblaze_0/libsrc/cpu_v2_16/src"

TRACE::2025-04-03.13:04:09::SCWMssOS::make -C microblaze_0/libsrc/cpu_v2_16/src -s libs  "SHELL=CMD" "COMPILER=mb-gcc" "ASSEMBLER=mb-as" "ARCHIVER=mb-ar" "COMPILER_F
TRACE::2025-04-03.13:04:09::SCWMssOS::LAGS=  -O2 -c -mcpu=v11.0 -mlittle-endian -mno-xl-reorder -mno-xl-soft-mul -mxl-barrel-shift -mxl-pattern-compare" "EXTRA_COMPI
TRACE::2025-04-03.13:04:09::SCWMssOS::LER_FLAGS=-g -ffunction-sections -fdata-sections -Wall -Wextra -fno-tree-loop-distribute-patterns"

TRACE::2025-04-03.13:04:09::SCWMssOS::"Running Make libs in microblaze_0/libsrc/intc_v3_15/src"

TRACE::2025-04-03.13:04:10::SCWMssOS::make -C microblaze_0/libsrc/intc_v3_15/src -s libs  "SHELL=CMD" "COMPILER=mb-gcc" "ASSEMBLER=mb-as" "ARCHIVER=mb-ar" "COMPILER_
TRACE::2025-04-03.13:04:10::SCWMssOS::FLAGS=  -O2 -c -mcpu=v11.0 -mlittle-endian -mno-xl-reorder -mno-xl-soft-mul -mxl-barrel-shift -mxl-pattern-compare" "EXTRA_COMP
TRACE::2025-04-03.13:04:10::SCWMssOS::ILER_FLAGS=-g -ffunction-sections -fdata-sections -Wall -Wextra -fno-tree-loop-distribute-patterns"

TRACE::2025-04-03.13:04:10::SCWMssOS::"Running Make libs in microblaze_0/libsrc/standalone_v8_0/src"

TRACE::2025-04-03.13:04:10::SCWMssOS::make -C microblaze_0/libsrc/standalone_v8_0/src -s libs  "SHELL=CMD" "COMPILER=mb-gcc" "ASSEMBLER=mb-as" "ARCHIVER=mb-ar" "COMP
TRACE::2025-04-03.13:04:10::SCWMssOS::ILER_FLAGS=  -O2 -c -mcpu=v11.0 -mlittle-endian -mno-xl-reorder -mno-xl-soft-mul -mxl-barrel-shift -mxl-pattern-compare" "EXTRA
TRACE::2025-04-03.13:04:10::SCWMssOS::_COMPILER_FLAGS=-g -ffunction-sections -fdata-sections -Wall -Wextra -fno-tree-loop-distribute-patterns"

TRACE::2025-04-03.13:04:10::SCWMssOS::"Running Make libs in microblaze_0/libsrc/uartlite_v3_7/src"

TRACE::2025-04-03.13:04:10::SCWMssOS::make -C microblaze_0/libsrc/uartlite_v3_7/src -s libs  "SHELL=CMD" "COMPILER=mb-gcc" "ASSEMBLER=mb-as" "ARCHIVER=mb-ar" "COMPIL
TRACE::2025-04-03.13:04:10::SCWMssOS::ER_FLAGS=  -O2 -c -mcpu=v11.0 -mlittle-endian -mno-xl-reorder -mno-xl-soft-mul -mxl-barrel-shift -mxl-pattern-compare" "EXTRA_C
TRACE::2025-04-03.13:04:10::SCWMssOS::OMPILER_FLAGS=-g -ffunction-sections -fdata-sections -Wall -Wextra -fno-tree-loop-distribute-patterns"

TRACE::2025-04-03.13:04:10::SCWMssOS::"DEBUG NON_LTO_OBJECTS is ../../../lib/microblaze_interrupt_handler.o"

TRACE::2025-04-03.13:04:10::SCWMssOS::'Finished building libraries parallelly.'

TRACE::2025-04-03.13:04:10::SCWMssOS::make --no-print-directory archive

TRACE::2025-04-03.13:04:10::SCWMssOS::mb-ar -r  microblaze_0/lib/libxil.a microblaze_0/lib/_exit.o microblaze_0/lib/errno.o microblaze_0/lib/fcntl.o microblaze_0/lib
TRACE::2025-04-03.13:04:10::SCWMssOS::/hw_exception_handler.o microblaze_0/lib/inbyte.o microblaze_0/lib/microblaze_disable_dcache.o microblaze_0/lib/microblaze_disa
TRACE::2025-04-03.13:04:10::SCWMssOS::ble_exceptions.o microblaze_0/lib/microblaze_disable_icache.o microblaze_0/lib/microblaze_disable_interrupts.o microblaze_0/lib
TRACE::2025-04-03.13:04:10::SCWMssOS::/microblaze_enable_dcache.o microblaze_0/lib/microblaze_enable_exceptions.o microblaze_0/lib/microblaze_enable_icache.o microbl
TRACE::2025-04-03.13:04:10::SCWMssOS::aze_0/lib/microblaze_enable_interrupts.o microblaze_0/lib/microblaze_exception_handler.o microblaze_0/lib/microblaze_flush_cach
TRACE::2025-04-03.13:04:10::SCWMssOS::e_ext.o microblaze_0/lib/microblaze_flush_cache_ext_range.o microblaze_0/lib/microblaze_flush_dcache.o microblaze_0/lib/microbl
TRACE::2025-04-03.13:04:10::SCWMssOS::aze_flush_dcache_range.o microblaze_0/lib/microblaze_init_dcache_range.o microblaze_0/lib/microblaze_init_icache_range.o microb
TRACE::2025-04-03.13:04:10::SCWMssOS::laze_0/lib/microblaze_interrupt_handler.o microblaze_0/lib/microblaze_interrupts_g.o microblaze_0/lib/microblaze_invalidate_cac
TRACE::2025-04-03.13:04:10::SCWMssOS::he_ext.o microblaze_0/lib/microblaze_invalidate_cache_ext_range.o microblaze_0/lib/microblaze_invalidate_dcache.o microblaze_0/
TRACE::2025-04-03.13:04:10::SCWMssOS::lib/microblaze_invalidate_dcache_range.o microblaze_0/lib/microblaze_invalidate_icache.o microblaze_0/lib/microblaze_invalidate
TRACE::2025-04-03.13:04:10::SCWMssOS::_icache_range.o microblaze_0/lib/microblaze_scrub.o microblaze_0/lib/microblaze_selftest.o microblaze_0/lib/microblaze_sleep.o 
TRACE::2025-04-03.13:04:10::SCWMssOS::microblaze_0/lib/microblaze_update_dcache.o microblaze_0/lib/microblaze_update_icache.o microblaze_0/lib/outbyte.o microblaze_0
TRACE::2025-04-03.13:04:10::SCWMssOS::/lib/print.o microblaze_0/lib/pvr.o microblaze_0/lib/xbram.o microblaze_0/lib/xbram_g.o microblaze_0/lib/xbram_intr.o microblaz
TRACE::2025-04-03.13:04:10::SCWMssOS::e_0/lib/xbram_selftest.o microblaze_0/lib/xbram_sinit.o microblaze_0/lib/xil_assert.o microblaze_0/lib/xil_cache.o microblaze_0
TRACE::2025-04-03.13:04:10::SCWMssOS::/lib/xil_clocking.o microblaze_0/lib/xil_exception.o microblaze_0/lib/xil_mem.o microblaze_0/lib/xil_misc_psreset_api.o microbl
TRACE::2025-04-03.13:04:10::SCWMssOS::aze_0/lib/xil_printf.o microblaze_0/lib/xil_sleepcommon.o microblaze_0/lib/xil_testcache.o microblaze_0/lib/xil_testio.o microb
TRACE::2025-04-03.13:04:10::SCWMssOS::laze_0/lib/xil_testmem.o microblaze_0/lib/xil_util.o microblaze_0/lib/xintc.o microblaze_0/lib/xintc_g.o microblaze_0/lib/xintc
TRACE::2025-04-03.13:04:10::SCWMssOS::_intr.o microblaze_0/lib/xintc_l.o microblaze_0/lib/xintc_options.o microblaze_0/lib/xintc_selftest.o microblaze_0/lib/xinterru
TRACE::2025-04-03.13:04:10::SCWMssOS::pt_wrap.o microblaze_0/lib/xio.o microblaze_0/lib/xplatform_info.o microblaze_0/lib/xuartlite.o microblaze_0/lib/xuartlite_g.o 
TRACE::2025-04-03.13:04:10::SCWMssOS::microblaze_0/lib/xuartlite_intr.o microblaze_0/lib/xuartlite_l.o microblaze_0/lib/xuartlite_selftest.o microblaze_0/lib/xuartli
TRACE::2025-04-03.13:04:10::SCWMssOS::te_sinit.o microblaze_0/lib/xuartlite_stats.o

TRACE::2025-04-03.13:04:11::SCWMssOS::'Finished building libraries'

TRACE::2025-04-03.13:04:11::SCWMssOS:: Checking if to create the Supporting Applications
TRACE::2025-04-03.13:04:11::SCWMssOS:: No Linux domain exists, trying to generate FSBL 
LOG::2025-04-03.13:04:11::SCWSystem::Completed Processing the domain standalone_microblaze_0
LOG::2025-04-03.13:04:11::SCWSystem::Completed Processing the sysconfig mb_lab7_1_wrapper
LOG::2025-04-03.13:04:11::SCWPlatform::Completed generating the artifacts for system configuration mb_lab7_1_wrapper
TRACE::2025-04-03.13:04:11::SCWPlatform::Started preparing the platform 
TRACE::2025-04-03.13:04:11::SCWSystem::Writing the bif file for system config mb_lab7_1_wrapper
TRACE::2025-04-03.13:04:11::SCWSystem::dir created 
TRACE::2025-04-03.13:04:11::SCWSystem::Writing the bif 
TRACE::2025-04-03.13:04:11::SCWPlatform::Started writing the spfm file 
TRACE::2025-04-03.13:04:11::SCWPlatform::Started writing the xpfm file 
TRACE::2025-04-03.13:04:11::SCWPlatform::Completed generating the platform
TRACE::2025-04-03.13:04:11::SCWMssOS::Saving the mss changes D:/School/UIUC_ECE385_SP25/lab7_1/sdk/mb_lab7_1_wrapper/microblaze_0/standalone_microblaze_0/bsp/system.mss
TRACE::2025-04-03.13:04:11::SCWMssOS::Adding the swdes entry, mss present, able to open swdb D:/School/UIUC_ECE385_SP25/lab7_1/sdk/mb_lab7_1_wrapper/microblaze_0/standalone_microblaze_0/bsp/system.mss with des name system
TRACE::2025-04-03.13:04:11::SCWMssOS::Writing the mss file completed D:/School/UIUC_ECE385_SP25/lab7_1/sdk/mb_lab7_1_wrapper/microblaze_0/standalone_microblaze_0/bsp/system.mss
TRACE::2025-04-03.13:04:11::SCWMssOS::Commit changes completed.
TRACE::2025-04-03.13:04:11::SCWPlatform::Trying to open the hw design at D:/School/UIUC_ECE385_SP25/lab7_1/sdk/mb_lab7_1_wrapper/hw/mb_lab7_1_wrapper.xsa
TRACE::2025-04-03.13:04:11::SCWPlatform::DSA given D:/School/UIUC_ECE385_SP25/lab7_1/sdk/mb_lab7_1_wrapper/hw/mb_lab7_1_wrapper.xsa
TRACE::2025-04-03.13:04:11::SCWPlatform::DSA absoulate path D:/School/UIUC_ECE385_SP25/lab7_1/sdk/mb_lab7_1_wrapper/hw/mb_lab7_1_wrapper.xsa
TRACE::2025-04-03.13:04:11::SCWPlatform::DSA directory D:/School/UIUC_ECE385_SP25/lab7_1/sdk/mb_lab7_1_wrapper/hw
TRACE::2025-04-03.13:04:11::SCWPlatform:: Platform Path D:/School/UIUC_ECE385_SP25/lab7_1/sdk/mb_lab7_1_wrapper/hw/mb_lab7_1_wrapper.xsa
TRACE::2025-04-03.13:04:11::SCWPlatform:: Unique name xilinx:::0.0
TRACE::2025-04-03.13:04:11::SCWPlatform::Trying to set the existing hwdb with name mb_lab7_1_wrapper_4
TRACE::2025-04-03.13:04:11::SCWPlatform::Opened existing hwdb mb_lab7_1_wrapper_4
TRACE::2025-04-03.13:04:11::SCWPlatform::Found the Hw Db part of the input DSA
TRACE::2025-04-03.13:04:11::SCWMssOS::Checking the sw design at  D:/School/UIUC_ECE385_SP25/lab7_1/sdk/mb_lab7_1_wrapper/microblaze_0/standalone_microblaze_0/bsp/system.mss
TRACE::2025-04-03.13:04:11::SCWMssOS::DEBUG:  swdes dump  D:/School/UIUC_ECE385_SP25/lab7_1/sdk/mb_lab7_1_wrapper/microblaze_0/standalone_microblaze_0/bsp/system.mss|system||

TRACE::2025-04-03.13:04:11::SCWMssOS::Sw design exists and opened at  D:/School/UIUC_ECE385_SP25/lab7_1/sdk/mb_lab7_1_wrapper/microblaze_0/standalone_microblaze_0/bsp/system.mss
TRACE::2025-04-03.13:04:11::SCWWriter::formatted JSON is {
	"platformName":	"mb_lab7_1_wrapper",
	"sprVersion":	"2.0",
	"mode":	"gui",
	"dsaType":	"Fixed",
	"platformDesc":	"mb_lab7_1_wrapper",
	"platHandOff":	"D:/School/UIUC_ECE385_SP25/lab7_1/mb_lab7_1_wrapper.xsa",
	"platIntHandOff":	"<platformDir>/hw/mb_lab7_1_wrapper.xsa",
	"deviceType":	"FPGA",
	"platIsPrebuiltAutogen":	"false",
	"platIsNoBootBsp":	"false",
	"hasFsblMakeHasChanges":	"false",
	"hasPmufwMakeHasChanges":	"false",
	"platPreBuiltFlag":	false,
	"platformSamplesDir":	"",
	"platActiveSys":	"mb_lab7_1_wrapper",
	"systems":	[{
			"systemName":	"mb_lab7_1_wrapper",
			"systemDesc":	"mb_lab7_1_wrapper",
			"sysIsBootAutoGen":	"true",
			"systemDispName":	"mb_lab7_1_wrapper",
			"sysActiveDom":	"standalone_microblaze_0",
			"sysDefaultDom":	"standalone_microblaze_0",
			"domains":	[{
					"domainName":	"standalone_microblaze_0",
					"domainDispName":	"standalone_microblaze_0",
					"domainDesc":	"standalone_microblaze_0",
					"processors":	"microblaze_0",
					"os":	"standalone",
					"sdxOs":	"standalone",
					"debugEnable":	"False",
					"domRuntimes":	["cpp"],
					"swRepo":	"",
					"mssOsVer":	"8.0",
					"mssFile":	"",
					"md5Digest":	"5422c1e5be4ae93f4de8c50507402f2a",
					"compatibleApp":	"",
					"domType":	"mssDomain",
					"arch":	"32-bit",
					"appSettings":	{
						"appCompilerFlags":	"",
						"appLinkerFlags":	""
					},
					"addedLibs":	[],
					"libOptions":	{
						"libsContainingOptions":	[]
					},
					"prebuiltLibs":	{
						"prebuiltIncPath":	[],
						"prebuiltLibPath":	[]
					},
					"isolation":	{
					}
				}]
		}]
}
KEYINFO::2025-04-03.13:04:11::SCWPlatform::updated the xpfm file.
TRACE::2025-04-03.13:04:11::SCWPlatform::Trying to open the hw design at D:/School/UIUC_ECE385_SP25/lab7_1/sdk/mb_lab7_1_wrapper/hw/mb_lab7_1_wrapper.xsa
TRACE::2025-04-03.13:04:11::SCWPlatform::DSA given D:/School/UIUC_ECE385_SP25/lab7_1/sdk/mb_lab7_1_wrapper/hw/mb_lab7_1_wrapper.xsa
TRACE::2025-04-03.13:04:11::SCWPlatform::DSA absoulate path D:/School/UIUC_ECE385_SP25/lab7_1/sdk/mb_lab7_1_wrapper/hw/mb_lab7_1_wrapper.xsa
TRACE::2025-04-03.13:04:11::SCWPlatform::DSA directory D:/School/UIUC_ECE385_SP25/lab7_1/sdk/mb_lab7_1_wrapper/hw
TRACE::2025-04-03.13:04:11::SCWPlatform:: Platform Path D:/School/UIUC_ECE385_SP25/lab7_1/sdk/mb_lab7_1_wrapper/hw/mb_lab7_1_wrapper.xsa
TRACE::2025-04-03.13:04:11::SCWPlatform:: Unique name xilinx:::0.0
TRACE::2025-04-03.13:04:11::SCWPlatform::Trying to set the existing hwdb with name mb_lab7_1_wrapper_4
TRACE::2025-04-03.13:04:11::SCWPlatform::Opened existing hwdb mb_lab7_1_wrapper_4
TRACE::2025-04-03.13:04:11::SCWPlatform::Found the Hw Db part of the input DSA
TRACE::2025-04-03.13:04:11::SCWMssOS::Checking the sw design at  D:/School/UIUC_ECE385_SP25/lab7_1/sdk/mb_lab7_1_wrapper/microblaze_0/standalone_microblaze_0/bsp/system.mss
TRACE::2025-04-03.13:04:11::SCWMssOS::DEBUG:  swdes dump  D:/School/UIUC_ECE385_SP25/lab7_1/sdk/mb_lab7_1_wrapper/microblaze_0/standalone_microblaze_0/bsp/system.mss|system||

TRACE::2025-04-03.13:04:11::SCWMssOS::Sw design exists and opened at  D:/School/UIUC_ECE385_SP25/lab7_1/sdk/mb_lab7_1_wrapper/microblaze_0/standalone_microblaze_0/bsp/system.mss
