Copyright 1986-2022 Xilinx, Inc. All Rights Reserved.
------------------------------------------------------------------------------------------------------------------------------------------------------------------------------------------------------------------------------------
| Tool Version : Vivado v.2022.2 (win64) Build 3671981 Fri Oct 14 05:00:03 MDT 2022
| Date         : Tue Feb 25 23:52:28 2025
| Host         : Server running 64-bit major release  (build 9200)
| Command      : report_timing_summary -max_paths 10 -report_unconstrained -file processor_top_timing_summary_routed.rpt -pb processor_top_timing_summary_routed.pb -rpx processor_top_timing_summary_routed.rpx -warn_on_violation
| Design       : processor_top
| Device       : 7s50-csga324
| Speed File   : -1  PRODUCTION 1.23 2018-06-13
------------------------------------------------------------------------------------------------------------------------------------------------------------------------------------------------------------------------------------

Timing Summary Report

------------------------------------------------------------------------------------------------
| Timer Settings
| --------------
------------------------------------------------------------------------------------------------

  Enable Multi Corner Analysis               :  Yes
  Enable Pessimism Removal                   :  Yes
  Pessimism Removal Resolution               :  Nearest Common Node
  Enable Input Delay Default Clock           :  No
  Enable Preset / Clear Arcs                 :  No
  Disable Flight Delays                      :  No
  Ignore I/O Paths                           :  No
  Timing Early Launch at Borrowing Latches   :  No
  Borrow Time for Max Delay Exceptions       :  Yes
  Merge Timing Exceptions                    :  Yes

  Corner  Analyze    Analyze    
  Name    Max Paths  Min Paths  
  ------  ---------  ---------  
  Slow    Yes        Yes        
  Fast    Yes        Yes        


------------------------------------------------------------------------------------------------
| Report Methodology
| ------------------
------------------------------------------------------------------------------------------------

Rule       Severity  Description                    Violations  
---------  --------  -----------------------------  ----------  
TIMING-18  Warning   Missing input or output delay  43          

Note: This report is based on the most recent report_methodology run and may not be up-to-date. Run report_methodology on the current design for the latest report.



check_timing report

Table of Contents
-----------------
1. checking no_clock (0)
2. checking constant_clock (0)
3. checking pulse_width_clock (0)
4. checking unconstrained_internal_endpoints (0)
5. checking no_input_delay (3)
6. checking no_output_delay (37)
7. checking multiple_clock (0)
8. checking generated_clocks (0)
9. checking loops (0)
10. checking partial_input_delay (0)
11. checking partial_output_delay (0)
12. checking latch_loops (0)

1. checking no_clock (0)
------------------------
 There are 0 register/latch pins with no clock.


2. checking constant_clock (0)
------------------------------
 There are 0 register/latch pins with constant_clock.


3. checking pulse_width_clock (0)
---------------------------------
 There are 0 register/latch pins which need pulse_width check


4. checking unconstrained_internal_endpoints (0)
------------------------------------------------
 There are 0 pins that are not constrained for maximum delay.

 There are 0 pins that are not constrained for maximum delay due to constant clock.


5. checking no_input_delay (3)
------------------------------
 There are 3 input ports with no input delay specified. (HIGH)

 There are 0 input ports with no input delay but user has a false path constraint.


6. checking no_output_delay (37)
--------------------------------
 There are 37 ports with no output delay specified. (HIGH)

 There are 0 ports with no output delay but user has a false path constraint

 There are 0 ports with no output delay but with a timing clock defined on it or propagating through it


7. checking multiple_clock (0)
------------------------------
 There are 0 register/latch pins with multiple clocks.


8. checking generated_clocks (0)
--------------------------------
 There are 0 generated clocks that are not connected to a clock source.


9. checking loops (0)
---------------------
 There are 0 combinational loops in the design.


10. checking partial_input_delay (0)
------------------------------------
 There are 0 input ports with partial input delay specified.


11. checking partial_output_delay (0)
-------------------------------------
 There are 0 ports with partial output delay specified.


12. checking latch_loops (0)
----------------------------
 There are 0 combinational latch loops in the design through latch input



------------------------------------------------------------------------------------------------
| Design Timing Summary
| ---------------------
------------------------------------------------------------------------------------------------

    WNS(ns)      TNS(ns)  TNS Failing Endpoints  TNS Total Endpoints      WHS(ns)      THS(ns)  THS Failing Endpoints  THS Total Endpoints     WPWS(ns)     TPWS(ns)  TPWS Failing Endpoints  TPWS Total Endpoints  
    -------      -------  ---------------------  -------------------      -------      -------  ---------------------  -------------------     --------     --------  ----------------------  --------------------  
      5.592        0.000                      0                  382        0.205        0.000                      0                  382        4.500        0.000                       0                   142  


All user specified timing constraints are met.


------------------------------------------------------------------------------------------------
| Clock Summary
| -------------
------------------------------------------------------------------------------------------------

Clock  Waveform(ns)       Period(ns)      Frequency(MHz)
-----  ------------       ----------      --------------
clk    {0.000 5.000}      10.000          100.000         


------------------------------------------------------------------------------------------------
| Intra Clock Table
| -----------------
------------------------------------------------------------------------------------------------

Clock             WNS(ns)      TNS(ns)  TNS Failing Endpoints  TNS Total Endpoints      WHS(ns)      THS(ns)  THS Failing Endpoints  THS Total Endpoints     WPWS(ns)     TPWS(ns)  TPWS Failing Endpoints  TPWS Total Endpoints  
-----             -------      -------  ---------------------  -------------------      -------      -------  ---------------------  -------------------     --------     --------  ----------------------  --------------------  
clk                 5.592        0.000                      0                  382        0.205        0.000                      0                  382        4.500        0.000                       0                   142  


------------------------------------------------------------------------------------------------
| Inter Clock Table
| -----------------
------------------------------------------------------------------------------------------------

From Clock    To Clock          WNS(ns)      TNS(ns)  TNS Failing Endpoints  TNS Total Endpoints      WHS(ns)      THS(ns)  THS Failing Endpoints  THS Total Endpoints  
----------    --------          -------      -------  ---------------------  -------------------      -------      -------  ---------------------  -------------------  


------------------------------------------------------------------------------------------------
| Other Path Groups Table
| -----------------------
------------------------------------------------------------------------------------------------

Path Group    From Clock    To Clock          WNS(ns)      TNS(ns)  TNS Failing Endpoints  TNS Total Endpoints      WHS(ns)      THS(ns)  THS Failing Endpoints  THS Total Endpoints  
----------    ----------    --------          -------      -------  ---------------------  -------------------      -------      -------  ---------------------  -------------------  


------------------------------------------------------------------------------------------------
| User Ignored Path Table
| -----------------------
------------------------------------------------------------------------------------------------

Path Group    From Clock    To Clock    
----------    ----------    --------    


------------------------------------------------------------------------------------------------
| Unconstrained Path Table
| ------------------------
------------------------------------------------------------------------------------------------

Path Group    From Clock    To Clock    
----------    ----------    --------    
(none)        clk                         
(none)                      clk           


------------------------------------------------------------------------------------------------
| Timing Details
| --------------
------------------------------------------------------------------------------------------------


---------------------------------------------------------------------------------------------------
From Clock:  clk
  To Clock:  clk

Setup :            0  Failing Endpoints,  Worst Slack        5.592ns,  Total Violation        0.000ns
Hold  :            0  Failing Endpoints,  Worst Slack        0.205ns,  Total Violation        0.000ns
PW    :            0  Failing Endpoints,  Worst Slack        4.500ns,  Total Violation        0.000ns
---------------------------------------------------------------------------------------------------


Max Delay Paths
--------------------------------------------------------------------------------------
Slack (MET) :             5.592ns  (required time - arrival time)
  Source:                 button_sync[0]/q_reg/C
                            (rising edge-triggered cell FDRE clocked by clk  {rise@0.000ns fall@5.000ns period=10.000ns})
  Destination:            slc3/cpu/ir_reg/data_q_reg[15]_lopt_replica/R
                            (rising edge-triggered cell FDRE clocked by clk  {rise@0.000ns fall@5.000ns period=10.000ns})
  Path Group:             clk
  Path Type:              Setup (Max at Slow Process Corner)
  Requirement:            10.000ns  (clk rise@10.000ns - clk rise@0.000ns)
  Data Path Delay:        3.914ns  (logic 0.456ns (11.649%)  route 3.458ns (88.351%))
  Logic Levels:           0  
  Clock Path Skew:        -0.029ns (DCD - SCD + CPR)
    Destination Clock Delay (DCD):    4.832ns = ( 14.832 - 10.000 ) 
    Source Clock Delay      (SCD):    5.132ns
    Clock Pessimism Removal (CPR):    0.271ns
  Clock Uncertainty:      0.035ns  ((TSJ^2 + TIJ^2)^1/2 + DJ) / 2 + PE
    Total System Jitter     (TSJ):    0.071ns
    Total Input Jitter      (TIJ):    0.000ns
    Discrete Jitter          (DJ):    0.000ns
    Phase Error              (PE):    0.000ns

    Location             Delay type                Incr(ns)  Path(ns)    Netlist Resource(s)
  -------------------------------------------------------------------    -------------------
                         (clock clk rise edge)        0.000     0.000 r  
    N15                                               0.000     0.000 r  clk (IN)
                         net (fo=0)                   0.000     0.000    clk
    N15                  IBUF (Prop_ibuf_I_O)         1.440     1.440 r  clk_IBUF_inst/O
                         net (fo=1, routed)           1.972     3.412    clk_IBUF
    BUFGCTRL_X0Y0        BUFG (Prop_bufg_I_O)         0.096     3.508 r  clk_IBUF_BUFG_inst/O
                         net (fo=141, routed)         1.624     5.132    button_sync[0]/clk_IBUF_BUFG
    SLICE_X59Y91         FDRE                                         r  button_sync[0]/q_reg/C
  -------------------------------------------------------------------    -------------------
    SLICE_X59Y91         FDRE (Prop_fdre_C_Q)         0.456     5.588 r  button_sync[0]/q_reg/Q
                         net (fo=102, routed)         3.458     9.046    slc3/cpu/ir_reg/hex_seg_left_OBUF[0]
    SLICE_X58Y86         FDRE                                         r  slc3/cpu/ir_reg/data_q_reg[15]_lopt_replica/R
  -------------------------------------------------------------------    -------------------

                         (clock clk rise edge)       10.000    10.000 r  
    N15                                               0.000    10.000 r  clk (IN)
                         net (fo=0)                   0.000    10.000    clk
    N15                  IBUF (Prop_ibuf_I_O)         1.370    11.370 r  clk_IBUF_inst/O
                         net (fo=1, routed)           1.868    13.238    clk_IBUF
    BUFGCTRL_X0Y0        BUFG (Prop_bufg_I_O)         0.091    13.329 r  clk_IBUF_BUFG_inst/O
                         net (fo=141, routed)         1.503    14.832    slc3/cpu/ir_reg/clk_IBUF_BUFG
    SLICE_X58Y86         FDRE                                         r  slc3/cpu/ir_reg/data_q_reg[15]_lopt_replica/C
                         clock pessimism              0.271    15.103    
                         clock uncertainty           -0.035    15.067    
    SLICE_X58Y86         FDRE (Setup_fdre_C_R)       -0.429    14.638    slc3/cpu/ir_reg/data_q_reg[15]_lopt_replica
  -------------------------------------------------------------------
                         required time                         14.638    
                         arrival time                          -9.046    
  -------------------------------------------------------------------
                         slack                                  5.592    

Slack (MET) :             5.592ns  (required time - arrival time)
  Source:                 button_sync[0]/q_reg/C
                            (rising edge-triggered cell FDRE clocked by clk  {rise@0.000ns fall@5.000ns period=10.000ns})
  Destination:            slc3/cpu/ir_reg/data_q_reg[3]_lopt_replica/R
                            (rising edge-triggered cell FDRE clocked by clk  {rise@0.000ns fall@5.000ns period=10.000ns})
  Path Group:             clk
  Path Type:              Setup (Max at Slow Process Corner)
  Requirement:            10.000ns  (clk rise@10.000ns - clk rise@0.000ns)
  Data Path Delay:        3.914ns  (logic 0.456ns (11.649%)  route 3.458ns (88.351%))
  Logic Levels:           0  
  Clock Path Skew:        -0.029ns (DCD - SCD + CPR)
    Destination Clock Delay (DCD):    4.832ns = ( 14.832 - 10.000 ) 
    Source Clock Delay      (SCD):    5.132ns
    Clock Pessimism Removal (CPR):    0.271ns
  Clock Uncertainty:      0.035ns  ((TSJ^2 + TIJ^2)^1/2 + DJ) / 2 + PE
    Total System Jitter     (TSJ):    0.071ns
    Total Input Jitter      (TIJ):    0.000ns
    Discrete Jitter          (DJ):    0.000ns
    Phase Error              (PE):    0.000ns

    Location             Delay type                Incr(ns)  Path(ns)    Netlist Resource(s)
  -------------------------------------------------------------------    -------------------
                         (clock clk rise edge)        0.000     0.000 r  
    N15                                               0.000     0.000 r  clk (IN)
                         net (fo=0)                   0.000     0.000    clk
    N15                  IBUF (Prop_ibuf_I_O)         1.440     1.440 r  clk_IBUF_inst/O
                         net (fo=1, routed)           1.972     3.412    clk_IBUF
    BUFGCTRL_X0Y0        BUFG (Prop_bufg_I_O)         0.096     3.508 r  clk_IBUF_BUFG_inst/O
                         net (fo=141, routed)         1.624     5.132    button_sync[0]/clk_IBUF_BUFG
    SLICE_X59Y91         FDRE                                         r  button_sync[0]/q_reg/C
  -------------------------------------------------------------------    -------------------
    SLICE_X59Y91         FDRE (Prop_fdre_C_Q)         0.456     5.588 r  button_sync[0]/q_reg/Q
                         net (fo=102, routed)         3.458     9.046    slc3/cpu/ir_reg/hex_seg_left_OBUF[0]
    SLICE_X58Y86         FDRE                                         r  slc3/cpu/ir_reg/data_q_reg[3]_lopt_replica/R
  -------------------------------------------------------------------    -------------------

                         (clock clk rise edge)       10.000    10.000 r  
    N15                                               0.000    10.000 r  clk (IN)
                         net (fo=0)                   0.000    10.000    clk
    N15                  IBUF (Prop_ibuf_I_O)         1.370    11.370 r  clk_IBUF_inst/O
                         net (fo=1, routed)           1.868    13.238    clk_IBUF
    BUFGCTRL_X0Y0        BUFG (Prop_bufg_I_O)         0.091    13.329 r  clk_IBUF_BUFG_inst/O
                         net (fo=141, routed)         1.503    14.832    slc3/cpu/ir_reg/clk_IBUF_BUFG
    SLICE_X58Y86         FDRE                                         r  slc3/cpu/ir_reg/data_q_reg[3]_lopt_replica/C
                         clock pessimism              0.271    15.103    
                         clock uncertainty           -0.035    15.067    
    SLICE_X58Y86         FDRE (Setup_fdre_C_R)       -0.429    14.638    slc3/cpu/ir_reg/data_q_reg[3]_lopt_replica
  -------------------------------------------------------------------
                         required time                         14.638    
                         arrival time                          -9.046    
  -------------------------------------------------------------------
                         slack                                  5.592    

Slack (MET) :             5.592ns  (required time - arrival time)
  Source:                 button_sync[0]/q_reg/C
                            (rising edge-triggered cell FDRE clocked by clk  {rise@0.000ns fall@5.000ns period=10.000ns})
  Destination:            slc3/cpu/ir_reg/data_q_reg[7]_lopt_replica/R
                            (rising edge-triggered cell FDRE clocked by clk  {rise@0.000ns fall@5.000ns period=10.000ns})
  Path Group:             clk
  Path Type:              Setup (Max at Slow Process Corner)
  Requirement:            10.000ns  (clk rise@10.000ns - clk rise@0.000ns)
  Data Path Delay:        3.914ns  (logic 0.456ns (11.649%)  route 3.458ns (88.351%))
  Logic Levels:           0  
  Clock Path Skew:        -0.029ns (DCD - SCD + CPR)
    Destination Clock Delay (DCD):    4.832ns = ( 14.832 - 10.000 ) 
    Source Clock Delay      (SCD):    5.132ns
    Clock Pessimism Removal (CPR):    0.271ns
  Clock Uncertainty:      0.035ns  ((TSJ^2 + TIJ^2)^1/2 + DJ) / 2 + PE
    Total System Jitter     (TSJ):    0.071ns
    Total Input Jitter      (TIJ):    0.000ns
    Discrete Jitter          (DJ):    0.000ns
    Phase Error              (PE):    0.000ns

    Location             Delay type                Incr(ns)  Path(ns)    Netlist Resource(s)
  -------------------------------------------------------------------    -------------------
                         (clock clk rise edge)        0.000     0.000 r  
    N15                                               0.000     0.000 r  clk (IN)
                         net (fo=0)                   0.000     0.000    clk
    N15                  IBUF (Prop_ibuf_I_O)         1.440     1.440 r  clk_IBUF_inst/O
                         net (fo=1, routed)           1.972     3.412    clk_IBUF
    BUFGCTRL_X0Y0        BUFG (Prop_bufg_I_O)         0.096     3.508 r  clk_IBUF_BUFG_inst/O
                         net (fo=141, routed)         1.624     5.132    button_sync[0]/clk_IBUF_BUFG
    SLICE_X59Y91         FDRE                                         r  button_sync[0]/q_reg/C
  -------------------------------------------------------------------    -------------------
    SLICE_X59Y91         FDRE (Prop_fdre_C_Q)         0.456     5.588 r  button_sync[0]/q_reg/Q
                         net (fo=102, routed)         3.458     9.046    slc3/cpu/ir_reg/hex_seg_left_OBUF[0]
    SLICE_X58Y86         FDRE                                         r  slc3/cpu/ir_reg/data_q_reg[7]_lopt_replica/R
  -------------------------------------------------------------------    -------------------

                         (clock clk rise edge)       10.000    10.000 r  
    N15                                               0.000    10.000 r  clk (IN)
                         net (fo=0)                   0.000    10.000    clk
    N15                  IBUF (Prop_ibuf_I_O)         1.370    11.370 r  clk_IBUF_inst/O
                         net (fo=1, routed)           1.868    13.238    clk_IBUF
    BUFGCTRL_X0Y0        BUFG (Prop_bufg_I_O)         0.091    13.329 r  clk_IBUF_BUFG_inst/O
                         net (fo=141, routed)         1.503    14.832    slc3/cpu/ir_reg/clk_IBUF_BUFG
    SLICE_X58Y86         FDRE                                         r  slc3/cpu/ir_reg/data_q_reg[7]_lopt_replica/C
                         clock pessimism              0.271    15.103    
                         clock uncertainty           -0.035    15.067    
    SLICE_X58Y86         FDRE (Setup_fdre_C_R)       -0.429    14.638    slc3/cpu/ir_reg/data_q_reg[7]_lopt_replica
  -------------------------------------------------------------------
                         required time                         14.638    
                         arrival time                          -9.046    
  -------------------------------------------------------------------
                         slack                                  5.592    

Slack (MET) :             5.592ns  (required time - arrival time)
  Source:                 button_sync[0]/q_reg/C
                            (rising edge-triggered cell FDRE clocked by clk  {rise@0.000ns fall@5.000ns period=10.000ns})
  Destination:            slc3/cpu/ir_reg/data_q_reg[8]_lopt_replica/R
                            (rising edge-triggered cell FDRE clocked by clk  {rise@0.000ns fall@5.000ns period=10.000ns})
  Path Group:             clk
  Path Type:              Setup (Max at Slow Process Corner)
  Requirement:            10.000ns  (clk rise@10.000ns - clk rise@0.000ns)
  Data Path Delay:        3.914ns  (logic 0.456ns (11.649%)  route 3.458ns (88.351%))
  Logic Levels:           0  
  Clock Path Skew:        -0.029ns (DCD - SCD + CPR)
    Destination Clock Delay (DCD):    4.832ns = ( 14.832 - 10.000 ) 
    Source Clock Delay      (SCD):    5.132ns
    Clock Pessimism Removal (CPR):    0.271ns
  Clock Uncertainty:      0.035ns  ((TSJ^2 + TIJ^2)^1/2 + DJ) / 2 + PE
    Total System Jitter     (TSJ):    0.071ns
    Total Input Jitter      (TIJ):    0.000ns
    Discrete Jitter          (DJ):    0.000ns
    Phase Error              (PE):    0.000ns

    Location             Delay type                Incr(ns)  Path(ns)    Netlist Resource(s)
  -------------------------------------------------------------------    -------------------
                         (clock clk rise edge)        0.000     0.000 r  
    N15                                               0.000     0.000 r  clk (IN)
                         net (fo=0)                   0.000     0.000    clk
    N15                  IBUF (Prop_ibuf_I_O)         1.440     1.440 r  clk_IBUF_inst/O
                         net (fo=1, routed)           1.972     3.412    clk_IBUF
    BUFGCTRL_X0Y0        BUFG (Prop_bufg_I_O)         0.096     3.508 r  clk_IBUF_BUFG_inst/O
                         net (fo=141, routed)         1.624     5.132    button_sync[0]/clk_IBUF_BUFG
    SLICE_X59Y91         FDRE                                         r  button_sync[0]/q_reg/C
  -------------------------------------------------------------------    -------------------
    SLICE_X59Y91         FDRE (Prop_fdre_C_Q)         0.456     5.588 r  button_sync[0]/q_reg/Q
                         net (fo=102, routed)         3.458     9.046    slc3/cpu/ir_reg/hex_seg_left_OBUF[0]
    SLICE_X58Y86         FDRE                                         r  slc3/cpu/ir_reg/data_q_reg[8]_lopt_replica/R
  -------------------------------------------------------------------    -------------------

                         (clock clk rise edge)       10.000    10.000 r  
    N15                                               0.000    10.000 r  clk (IN)
                         net (fo=0)                   0.000    10.000    clk
    N15                  IBUF (Prop_ibuf_I_O)         1.370    11.370 r  clk_IBUF_inst/O
                         net (fo=1, routed)           1.868    13.238    clk_IBUF
    BUFGCTRL_X0Y0        BUFG (Prop_bufg_I_O)         0.091    13.329 r  clk_IBUF_BUFG_inst/O
                         net (fo=141, routed)         1.503    14.832    slc3/cpu/ir_reg/clk_IBUF_BUFG
    SLICE_X58Y86         FDRE                                         r  slc3/cpu/ir_reg/data_q_reg[8]_lopt_replica/C
                         clock pessimism              0.271    15.103    
                         clock uncertainty           -0.035    15.067    
    SLICE_X58Y86         FDRE (Setup_fdre_C_R)       -0.429    14.638    slc3/cpu/ir_reg/data_q_reg[8]_lopt_replica
  -------------------------------------------------------------------
                         required time                         14.638    
                         arrival time                          -9.046    
  -------------------------------------------------------------------
                         slack                                  5.592    

Slack (MET) :             5.592ns  (required time - arrival time)
  Source:                 button_sync[0]/q_reg/C
                            (rising edge-triggered cell FDRE clocked by clk  {rise@0.000ns fall@5.000ns period=10.000ns})
  Destination:            slc3/cpu/ir_reg/data_q_reg[9]_lopt_replica/R
                            (rising edge-triggered cell FDRE clocked by clk  {rise@0.000ns fall@5.000ns period=10.000ns})
  Path Group:             clk
  Path Type:              Setup (Max at Slow Process Corner)
  Requirement:            10.000ns  (clk rise@10.000ns - clk rise@0.000ns)
  Data Path Delay:        3.914ns  (logic 0.456ns (11.649%)  route 3.458ns (88.351%))
  Logic Levels:           0  
  Clock Path Skew:        -0.029ns (DCD - SCD + CPR)
    Destination Clock Delay (DCD):    4.832ns = ( 14.832 - 10.000 ) 
    Source Clock Delay      (SCD):    5.132ns
    Clock Pessimism Removal (CPR):    0.271ns
  Clock Uncertainty:      0.035ns  ((TSJ^2 + TIJ^2)^1/2 + DJ) / 2 + PE
    Total System Jitter     (TSJ):    0.071ns
    Total Input Jitter      (TIJ):    0.000ns
    Discrete Jitter          (DJ):    0.000ns
    Phase Error              (PE):    0.000ns

    Location             Delay type                Incr(ns)  Path(ns)    Netlist Resource(s)
  -------------------------------------------------------------------    -------------------
                         (clock clk rise edge)        0.000     0.000 r  
    N15                                               0.000     0.000 r  clk (IN)
                         net (fo=0)                   0.000     0.000    clk
    N15                  IBUF (Prop_ibuf_I_O)         1.440     1.440 r  clk_IBUF_inst/O
                         net (fo=1, routed)           1.972     3.412    clk_IBUF
    BUFGCTRL_X0Y0        BUFG (Prop_bufg_I_O)         0.096     3.508 r  clk_IBUF_BUFG_inst/O
                         net (fo=141, routed)         1.624     5.132    button_sync[0]/clk_IBUF_BUFG
    SLICE_X59Y91         FDRE                                         r  button_sync[0]/q_reg/C
  -------------------------------------------------------------------    -------------------
    SLICE_X59Y91         FDRE (Prop_fdre_C_Q)         0.456     5.588 r  button_sync[0]/q_reg/Q
                         net (fo=102, routed)         3.458     9.046    slc3/cpu/ir_reg/hex_seg_left_OBUF[0]
    SLICE_X58Y86         FDRE                                         r  slc3/cpu/ir_reg/data_q_reg[9]_lopt_replica/R
  -------------------------------------------------------------------    -------------------

                         (clock clk rise edge)       10.000    10.000 r  
    N15                                               0.000    10.000 r  clk (IN)
                         net (fo=0)                   0.000    10.000    clk
    N15                  IBUF (Prop_ibuf_I_O)         1.370    11.370 r  clk_IBUF_inst/O
                         net (fo=1, routed)           1.868    13.238    clk_IBUF
    BUFGCTRL_X0Y0        BUFG (Prop_bufg_I_O)         0.091    13.329 r  clk_IBUF_BUFG_inst/O
                         net (fo=141, routed)         1.503    14.832    slc3/cpu/ir_reg/clk_IBUF_BUFG
    SLICE_X58Y86         FDRE                                         r  slc3/cpu/ir_reg/data_q_reg[9]_lopt_replica/C
                         clock pessimism              0.271    15.103    
                         clock uncertainty           -0.035    15.067    
    SLICE_X58Y86         FDRE (Setup_fdre_C_R)       -0.429    14.638    slc3/cpu/ir_reg/data_q_reg[9]_lopt_replica
  -------------------------------------------------------------------
                         required time                         14.638    
                         arrival time                          -9.046    
  -------------------------------------------------------------------
                         slack                                  5.592    

Slack (MET) :             5.597ns  (required time - arrival time)
  Source:                 button_sync[0]/q_reg/C
                            (rising edge-triggered cell FDRE clocked by clk  {rise@0.000ns fall@5.000ns period=10.000ns})
  Destination:            slc3/cpu/ir_reg/data_q_reg[10]_lopt_replica/R
                            (rising edge-triggered cell FDRE clocked by clk  {rise@0.000ns fall@5.000ns period=10.000ns})
  Path Group:             clk
  Path Type:              Setup (Max at Slow Process Corner)
  Requirement:            10.000ns  (clk rise@10.000ns - clk rise@0.000ns)
  Data Path Delay:        3.910ns  (logic 0.456ns (11.662%)  route 3.454ns (88.338%))
  Logic Levels:           0  
  Clock Path Skew:        -0.029ns (DCD - SCD + CPR)
    Destination Clock Delay (DCD):    4.832ns = ( 14.832 - 10.000 ) 
    Source Clock Delay      (SCD):    5.132ns
    Clock Pessimism Removal (CPR):    0.271ns
  Clock Uncertainty:      0.035ns  ((TSJ^2 + TIJ^2)^1/2 + DJ) / 2 + PE
    Total System Jitter     (TSJ):    0.071ns
    Total Input Jitter      (TIJ):    0.000ns
    Discrete Jitter          (DJ):    0.000ns
    Phase Error              (PE):    0.000ns

    Location             Delay type                Incr(ns)  Path(ns)    Netlist Resource(s)
  -------------------------------------------------------------------    -------------------
                         (clock clk rise edge)        0.000     0.000 r  
    N15                                               0.000     0.000 r  clk (IN)
                         net (fo=0)                   0.000     0.000    clk
    N15                  IBUF (Prop_ibuf_I_O)         1.440     1.440 r  clk_IBUF_inst/O
                         net (fo=1, routed)           1.972     3.412    clk_IBUF
    BUFGCTRL_X0Y0        BUFG (Prop_bufg_I_O)         0.096     3.508 r  clk_IBUF_BUFG_inst/O
                         net (fo=141, routed)         1.624     5.132    button_sync[0]/clk_IBUF_BUFG
    SLICE_X59Y91         FDRE                                         r  button_sync[0]/q_reg/C
  -------------------------------------------------------------------    -------------------
    SLICE_X59Y91         FDRE (Prop_fdre_C_Q)         0.456     5.588 r  button_sync[0]/q_reg/Q
                         net (fo=102, routed)         3.454     9.042    slc3/cpu/ir_reg/hex_seg_left_OBUF[0]
    SLICE_X59Y86         FDRE                                         r  slc3/cpu/ir_reg/data_q_reg[10]_lopt_replica/R
  -------------------------------------------------------------------    -------------------

                         (clock clk rise edge)       10.000    10.000 r  
    N15                                               0.000    10.000 r  clk (IN)
                         net (fo=0)                   0.000    10.000    clk
    N15                  IBUF (Prop_ibuf_I_O)         1.370    11.370 r  clk_IBUF_inst/O
                         net (fo=1, routed)           1.868    13.238    clk_IBUF
    BUFGCTRL_X0Y0        BUFG (Prop_bufg_I_O)         0.091    13.329 r  clk_IBUF_BUFG_inst/O
                         net (fo=141, routed)         1.503    14.832    slc3/cpu/ir_reg/clk_IBUF_BUFG
    SLICE_X59Y86         FDRE                                         r  slc3/cpu/ir_reg/data_q_reg[10]_lopt_replica/C
                         clock pessimism              0.271    15.103    
                         clock uncertainty           -0.035    15.067    
    SLICE_X59Y86         FDRE (Setup_fdre_C_R)       -0.429    14.638    slc3/cpu/ir_reg/data_q_reg[10]_lopt_replica
  -------------------------------------------------------------------
                         required time                         14.638    
                         arrival time                          -9.042    
  -------------------------------------------------------------------
                         slack                                  5.597    

Slack (MET) :             5.597ns  (required time - arrival time)
  Source:                 button_sync[0]/q_reg/C
                            (rising edge-triggered cell FDRE clocked by clk  {rise@0.000ns fall@5.000ns period=10.000ns})
  Destination:            slc3/cpu/ir_reg/data_q_reg[15]/R
                            (rising edge-triggered cell FDRE clocked by clk  {rise@0.000ns fall@5.000ns period=10.000ns})
  Path Group:             clk
  Path Type:              Setup (Max at Slow Process Corner)
  Requirement:            10.000ns  (clk rise@10.000ns - clk rise@0.000ns)
  Data Path Delay:        3.910ns  (logic 0.456ns (11.662%)  route 3.454ns (88.338%))
  Logic Levels:           0  
  Clock Path Skew:        -0.029ns (DCD - SCD + CPR)
    Destination Clock Delay (DCD):    4.832ns = ( 14.832 - 10.000 ) 
    Source Clock Delay      (SCD):    5.132ns
    Clock Pessimism Removal (CPR):    0.271ns
  Clock Uncertainty:      0.035ns  ((TSJ^2 + TIJ^2)^1/2 + DJ) / 2 + PE
    Total System Jitter     (TSJ):    0.071ns
    Total Input Jitter      (TIJ):    0.000ns
    Discrete Jitter          (DJ):    0.000ns
    Phase Error              (PE):    0.000ns

    Location             Delay type                Incr(ns)  Path(ns)    Netlist Resource(s)
  -------------------------------------------------------------------    -------------------
                         (clock clk rise edge)        0.000     0.000 r  
    N15                                               0.000     0.000 r  clk (IN)
                         net (fo=0)                   0.000     0.000    clk
    N15                  IBUF (Prop_ibuf_I_O)         1.440     1.440 r  clk_IBUF_inst/O
                         net (fo=1, routed)           1.972     3.412    clk_IBUF
    BUFGCTRL_X0Y0        BUFG (Prop_bufg_I_O)         0.096     3.508 r  clk_IBUF_BUFG_inst/O
                         net (fo=141, routed)         1.624     5.132    button_sync[0]/clk_IBUF_BUFG
    SLICE_X59Y91         FDRE                                         r  button_sync[0]/q_reg/C
  -------------------------------------------------------------------    -------------------
    SLICE_X59Y91         FDRE (Prop_fdre_C_Q)         0.456     5.588 r  button_sync[0]/q_reg/Q
                         net (fo=102, routed)         3.454     9.042    slc3/cpu/ir_reg/hex_seg_left_OBUF[0]
    SLICE_X59Y86         FDRE                                         r  slc3/cpu/ir_reg/data_q_reg[15]/R
  -------------------------------------------------------------------    -------------------

                         (clock clk rise edge)       10.000    10.000 r  
    N15                                               0.000    10.000 r  clk (IN)
                         net (fo=0)                   0.000    10.000    clk
    N15                  IBUF (Prop_ibuf_I_O)         1.370    11.370 r  clk_IBUF_inst/O
                         net (fo=1, routed)           1.868    13.238    clk_IBUF
    BUFGCTRL_X0Y0        BUFG (Prop_bufg_I_O)         0.091    13.329 r  clk_IBUF_BUFG_inst/O
                         net (fo=141, routed)         1.503    14.832    slc3/cpu/ir_reg/clk_IBUF_BUFG
    SLICE_X59Y86         FDRE                                         r  slc3/cpu/ir_reg/data_q_reg[15]/C
                         clock pessimism              0.271    15.103    
                         clock uncertainty           -0.035    15.067    
    SLICE_X59Y86         FDRE (Setup_fdre_C_R)       -0.429    14.638    slc3/cpu/ir_reg/data_q_reg[15]
  -------------------------------------------------------------------
                         required time                         14.638    
                         arrival time                          -9.042    
  -------------------------------------------------------------------
                         slack                                  5.597    

Slack (MET) :             5.597ns  (required time - arrival time)
  Source:                 button_sync[0]/q_reg/C
                            (rising edge-triggered cell FDRE clocked by clk  {rise@0.000ns fall@5.000ns period=10.000ns})
  Destination:            slc3/cpu/ir_reg/data_q_reg[7]/R
                            (rising edge-triggered cell FDRE clocked by clk  {rise@0.000ns fall@5.000ns period=10.000ns})
  Path Group:             clk
  Path Type:              Setup (Max at Slow Process Corner)
  Requirement:            10.000ns  (clk rise@10.000ns - clk rise@0.000ns)
  Data Path Delay:        3.910ns  (logic 0.456ns (11.662%)  route 3.454ns (88.338%))
  Logic Levels:           0  
  Clock Path Skew:        -0.029ns (DCD - SCD + CPR)
    Destination Clock Delay (DCD):    4.832ns = ( 14.832 - 10.000 ) 
    Source Clock Delay      (SCD):    5.132ns
    Clock Pessimism Removal (CPR):    0.271ns
  Clock Uncertainty:      0.035ns  ((TSJ^2 + TIJ^2)^1/2 + DJ) / 2 + PE
    Total System Jitter     (TSJ):    0.071ns
    Total Input Jitter      (TIJ):    0.000ns
    Discrete Jitter          (DJ):    0.000ns
    Phase Error              (PE):    0.000ns

    Location             Delay type                Incr(ns)  Path(ns)    Netlist Resource(s)
  -------------------------------------------------------------------    -------------------
                         (clock clk rise edge)        0.000     0.000 r  
    N15                                               0.000     0.000 r  clk (IN)
                         net (fo=0)                   0.000     0.000    clk
    N15                  IBUF (Prop_ibuf_I_O)         1.440     1.440 r  clk_IBUF_inst/O
                         net (fo=1, routed)           1.972     3.412    clk_IBUF
    BUFGCTRL_X0Y0        BUFG (Prop_bufg_I_O)         0.096     3.508 r  clk_IBUF_BUFG_inst/O
                         net (fo=141, routed)         1.624     5.132    button_sync[0]/clk_IBUF_BUFG
    SLICE_X59Y91         FDRE                                         r  button_sync[0]/q_reg/C
  -------------------------------------------------------------------    -------------------
    SLICE_X59Y91         FDRE (Prop_fdre_C_Q)         0.456     5.588 r  button_sync[0]/q_reg/Q
                         net (fo=102, routed)         3.454     9.042    slc3/cpu/ir_reg/hex_seg_left_OBUF[0]
    SLICE_X59Y86         FDRE                                         r  slc3/cpu/ir_reg/data_q_reg[7]/R
  -------------------------------------------------------------------    -------------------

                         (clock clk rise edge)       10.000    10.000 r  
    N15                                               0.000    10.000 r  clk (IN)
                         net (fo=0)                   0.000    10.000    clk
    N15                  IBUF (Prop_ibuf_I_O)         1.370    11.370 r  clk_IBUF_inst/O
                         net (fo=1, routed)           1.868    13.238    clk_IBUF
    BUFGCTRL_X0Y0        BUFG (Prop_bufg_I_O)         0.091    13.329 r  clk_IBUF_BUFG_inst/O
                         net (fo=141, routed)         1.503    14.832    slc3/cpu/ir_reg/clk_IBUF_BUFG
    SLICE_X59Y86         FDRE                                         r  slc3/cpu/ir_reg/data_q_reg[7]/C
                         clock pessimism              0.271    15.103    
                         clock uncertainty           -0.035    15.067    
    SLICE_X59Y86         FDRE (Setup_fdre_C_R)       -0.429    14.638    slc3/cpu/ir_reg/data_q_reg[7]
  -------------------------------------------------------------------
                         required time                         14.638    
                         arrival time                          -9.042    
  -------------------------------------------------------------------
                         slack                                  5.597    

Slack (MET) :             5.597ns  (required time - arrival time)
  Source:                 button_sync[0]/q_reg/C
                            (rising edge-triggered cell FDRE clocked by clk  {rise@0.000ns fall@5.000ns period=10.000ns})
  Destination:            slc3/cpu/ir_reg/data_q_reg[8]/R
                            (rising edge-triggered cell FDRE clocked by clk  {rise@0.000ns fall@5.000ns period=10.000ns})
  Path Group:             clk
  Path Type:              Setup (Max at Slow Process Corner)
  Requirement:            10.000ns  (clk rise@10.000ns - clk rise@0.000ns)
  Data Path Delay:        3.910ns  (logic 0.456ns (11.662%)  route 3.454ns (88.338%))
  Logic Levels:           0  
  Clock Path Skew:        -0.029ns (DCD - SCD + CPR)
    Destination Clock Delay (DCD):    4.832ns = ( 14.832 - 10.000 ) 
    Source Clock Delay      (SCD):    5.132ns
    Clock Pessimism Removal (CPR):    0.271ns
  Clock Uncertainty:      0.035ns  ((TSJ^2 + TIJ^2)^1/2 + DJ) / 2 + PE
    Total System Jitter     (TSJ):    0.071ns
    Total Input Jitter      (TIJ):    0.000ns
    Discrete Jitter          (DJ):    0.000ns
    Phase Error              (PE):    0.000ns

    Location             Delay type                Incr(ns)  Path(ns)    Netlist Resource(s)
  -------------------------------------------------------------------    -------------------
                         (clock clk rise edge)        0.000     0.000 r  
    N15                                               0.000     0.000 r  clk (IN)
                         net (fo=0)                   0.000     0.000    clk
    N15                  IBUF (Prop_ibuf_I_O)         1.440     1.440 r  clk_IBUF_inst/O
                         net (fo=1, routed)           1.972     3.412    clk_IBUF
    BUFGCTRL_X0Y0        BUFG (Prop_bufg_I_O)         0.096     3.508 r  clk_IBUF_BUFG_inst/O
                         net (fo=141, routed)         1.624     5.132    button_sync[0]/clk_IBUF_BUFG
    SLICE_X59Y91         FDRE                                         r  button_sync[0]/q_reg/C
  -------------------------------------------------------------------    -------------------
    SLICE_X59Y91         FDRE (Prop_fdre_C_Q)         0.456     5.588 r  button_sync[0]/q_reg/Q
                         net (fo=102, routed)         3.454     9.042    slc3/cpu/ir_reg/hex_seg_left_OBUF[0]
    SLICE_X59Y86         FDRE                                         r  slc3/cpu/ir_reg/data_q_reg[8]/R
  -------------------------------------------------------------------    -------------------

                         (clock clk rise edge)       10.000    10.000 r  
    N15                                               0.000    10.000 r  clk (IN)
                         net (fo=0)                   0.000    10.000    clk
    N15                  IBUF (Prop_ibuf_I_O)         1.370    11.370 r  clk_IBUF_inst/O
                         net (fo=1, routed)           1.868    13.238    clk_IBUF
    BUFGCTRL_X0Y0        BUFG (Prop_bufg_I_O)         0.091    13.329 r  clk_IBUF_BUFG_inst/O
                         net (fo=141, routed)         1.503    14.832    slc3/cpu/ir_reg/clk_IBUF_BUFG
    SLICE_X59Y86         FDRE                                         r  slc3/cpu/ir_reg/data_q_reg[8]/C
                         clock pessimism              0.271    15.103    
                         clock uncertainty           -0.035    15.067    
    SLICE_X59Y86         FDRE (Setup_fdre_C_R)       -0.429    14.638    slc3/cpu/ir_reg/data_q_reg[8]
  -------------------------------------------------------------------
                         required time                         14.638    
                         arrival time                          -9.042    
  -------------------------------------------------------------------
                         slack                                  5.597    

Slack (MET) :             5.878ns  (required time - arrival time)
  Source:                 button_sync[0]/q_reg/C
                            (rising edge-triggered cell FDRE clocked by clk  {rise@0.000ns fall@5.000ns period=10.000ns})
  Destination:            slc3/cpu/ir_reg/data_q_reg[5]/R
                            (rising edge-triggered cell FDRE clocked by clk  {rise@0.000ns fall@5.000ns period=10.000ns})
  Path Group:             clk
  Path Type:              Setup (Max at Slow Process Corner)
  Requirement:            10.000ns  (clk rise@10.000ns - clk rise@0.000ns)
  Data Path Delay:        3.628ns  (logic 0.456ns (12.570%)  route 3.172ns (87.430%))
  Logic Levels:           0  
  Clock Path Skew:        -0.030ns (DCD - SCD + CPR)
    Destination Clock Delay (DCD):    4.831ns = ( 14.831 - 10.000 ) 
    Source Clock Delay      (SCD):    5.132ns
    Clock Pessimism Removal (CPR):    0.271ns
  Clock Uncertainty:      0.035ns  ((TSJ^2 + TIJ^2)^1/2 + DJ) / 2 + PE
    Total System Jitter     (TSJ):    0.071ns
    Total Input Jitter      (TIJ):    0.000ns
    Discrete Jitter          (DJ):    0.000ns
    Phase Error              (PE):    0.000ns

    Location             Delay type                Incr(ns)  Path(ns)    Netlist Resource(s)
  -------------------------------------------------------------------    -------------------
                         (clock clk rise edge)        0.000     0.000 r  
    N15                                               0.000     0.000 r  clk (IN)
                         net (fo=0)                   0.000     0.000    clk
    N15                  IBUF (Prop_ibuf_I_O)         1.440     1.440 r  clk_IBUF_inst/O
                         net (fo=1, routed)           1.972     3.412    clk_IBUF
    BUFGCTRL_X0Y0        BUFG (Prop_bufg_I_O)         0.096     3.508 r  clk_IBUF_BUFG_inst/O
                         net (fo=141, routed)         1.624     5.132    button_sync[0]/clk_IBUF_BUFG
    SLICE_X59Y91         FDRE                                         r  button_sync[0]/q_reg/C
  -------------------------------------------------------------------    -------------------
    SLICE_X59Y91         FDRE (Prop_fdre_C_Q)         0.456     5.588 r  button_sync[0]/q_reg/Q
                         net (fo=102, routed)         3.172     8.760    slc3/cpu/ir_reg/hex_seg_left_OBUF[0]
    SLICE_X58Y84         FDRE                                         r  slc3/cpu/ir_reg/data_q_reg[5]/R
  -------------------------------------------------------------------    -------------------

                         (clock clk rise edge)       10.000    10.000 r  
    N15                                               0.000    10.000 r  clk (IN)
                         net (fo=0)                   0.000    10.000    clk
    N15                  IBUF (Prop_ibuf_I_O)         1.370    11.370 r  clk_IBUF_inst/O
                         net (fo=1, routed)           1.868    13.238    clk_IBUF
    BUFGCTRL_X0Y0        BUFG (Prop_bufg_I_O)         0.091    13.329 r  clk_IBUF_BUFG_inst/O
                         net (fo=141, routed)         1.502    14.831    slc3/cpu/ir_reg/clk_IBUF_BUFG
    SLICE_X58Y84         FDRE                                         r  slc3/cpu/ir_reg/data_q_reg[5]/C
                         clock pessimism              0.271    15.102    
                         clock uncertainty           -0.035    15.066    
    SLICE_X58Y84         FDRE (Setup_fdre_C_R)       -0.429    14.637    slc3/cpu/ir_reg/data_q_reg[5]
  -------------------------------------------------------------------
                         required time                         14.637    
                         arrival time                          -8.760    
  -------------------------------------------------------------------
                         slack                                  5.878    





Min Delay Paths
--------------------------------------------------------------------------------------
Slack (MET) :             0.205ns  (arrival time - required time)
  Source:                 button_sync[1]/ff2_reg/C
                            (rising edge-triggered cell FDRE clocked by clk  {rise@0.000ns fall@5.000ns period=10.000ns})
  Destination:            button_sync[1]/q_reg/D
                            (rising edge-triggered cell FDRE clocked by clk  {rise@0.000ns fall@5.000ns period=10.000ns})
  Path Group:             clk
  Path Type:              Hold (Min at Fast Process Corner)
  Requirement:            0.000ns  (clk rise@0.000ns - clk rise@0.000ns)
  Data Path Delay:        0.296ns  (logic 0.227ns (76.736%)  route 0.069ns (23.264%))
  Logic Levels:           1  (LUT4=1)
  Clock Path Skew:        0.000ns (DCD - SCD - CPR)
    Destination Clock Delay (DCD):    1.974ns
    Source Clock Delay      (SCD):    1.459ns
    Clock Pessimism Removal (CPR):    0.515ns

    Location             Delay type                Incr(ns)  Path(ns)    Netlist Resource(s)
  -------------------------------------------------------------------    -------------------
                         (clock clk rise edge)        0.000     0.000 r  
    N15                                               0.000     0.000 r  clk (IN)
                         net (fo=0)                   0.000     0.000    clk
    N15                  IBUF (Prop_ibuf_I_O)         0.209     0.209 r  clk_IBUF_inst/O
                         net (fo=1, routed)           0.634     0.843    clk_IBUF
    BUFGCTRL_X0Y0        BUFG (Prop_bufg_I_O)         0.026     0.869 r  clk_IBUF_BUFG_inst/O
                         net (fo=141, routed)         0.591     1.459    button_sync[1]/clk_IBUF_BUFG
    SLICE_X59Y92         FDRE                                         r  button_sync[1]/ff2_reg/C
  -------------------------------------------------------------------    -------------------
    SLICE_X59Y92         FDRE (Prop_fdre_C_Q)         0.128     1.587 r  button_sync[1]/ff2_reg/Q
                         net (fo=2, routed)           0.069     1.656    button_sync[1]/ff2
    SLICE_X59Y92         LUT4 (Prop_lut4_I1_O)        0.099     1.755 r  button_sync[1]/q_i_1/O
                         net (fo=1, routed)           0.000     1.755    button_sync[1]/q_i_1_n_0
    SLICE_X59Y92         FDRE                                         r  button_sync[1]/q_reg/D
  -------------------------------------------------------------------    -------------------

                         (clock clk rise edge)        0.000     0.000 r  
    N15                                               0.000     0.000 r  clk (IN)
                         net (fo=0)                   0.000     0.000    clk
    N15                  IBUF (Prop_ibuf_I_O)         0.396     0.396 r  clk_IBUF_inst/O
                         net (fo=1, routed)           0.689     1.085    clk_IBUF
    BUFGCTRL_X0Y0        BUFG (Prop_bufg_I_O)         0.029     1.114 r  clk_IBUF_BUFG_inst/O
                         net (fo=141, routed)         0.860     1.974    button_sync[1]/clk_IBUF_BUFG
    SLICE_X59Y92         FDRE                                         r  button_sync[1]/q_reg/C
                         clock pessimism             -0.515     1.459    
    SLICE_X59Y92         FDRE (Hold_fdre_C_D)         0.091     1.550    button_sync[1]/q_reg
  -------------------------------------------------------------------
                         required time                         -1.550    
                         arrival time                           1.755    
  -------------------------------------------------------------------
                         slack                                  0.205    

Slack (MET) :             0.235ns  (arrival time - required time)
  Source:                 button_sync[2]/q_reg/C
                            (rising edge-triggered cell FDRE clocked by clk  {rise@0.000ns fall@5.000ns period=10.000ns})
  Destination:            slc3/cpu/cpu_control/FSM_sequential_state_reg[0]/D
                            (rising edge-triggered cell FDRE clocked by clk  {rise@0.000ns fall@5.000ns period=10.000ns})
  Path Group:             clk
  Path Type:              Hold (Min at Fast Process Corner)
  Requirement:            0.000ns  (clk rise@0.000ns - clk rise@0.000ns)
  Data Path Delay:        0.341ns  (logic 0.186ns (54.618%)  route 0.155ns (45.382%))
  Logic Levels:           1  (LUT5=1)
  Clock Path Skew:        0.015ns (DCD - SCD - CPR)
    Destination Clock Delay (DCD):    1.973ns
    Source Clock Delay      (SCD):    1.459ns
    Clock Pessimism Removal (CPR):    0.499ns

    Location             Delay type                Incr(ns)  Path(ns)    Netlist Resource(s)
  -------------------------------------------------------------------    -------------------
                         (clock clk rise edge)        0.000     0.000 r  
    N15                                               0.000     0.000 r  clk (IN)
                         net (fo=0)                   0.000     0.000    clk
    N15                  IBUF (Prop_ibuf_I_O)         0.209     0.209 r  clk_IBUF_inst/O
                         net (fo=1, routed)           0.634     0.843    clk_IBUF
    BUFGCTRL_X0Y0        BUFG (Prop_bufg_I_O)         0.026     0.869 r  clk_IBUF_BUFG_inst/O
                         net (fo=141, routed)         0.591     1.459    button_sync[2]/clk_IBUF_BUFG
    SLICE_X59Y91         FDRE                                         r  button_sync[2]/q_reg/C
  -------------------------------------------------------------------    -------------------
    SLICE_X59Y91         FDRE (Prop_fdre_C_Q)         0.141     1.600 r  button_sync[2]/q_reg/Q
                         net (fo=2, routed)           0.155     1.755    slc3/cpu/cpu_control/run_s
    SLICE_X59Y89         LUT5 (Prop_lut5_I0_O)        0.045     1.800 r  slc3/cpu/cpu_control/FSM_sequential_state[0]_i_1/O
                         net (fo=1, routed)           0.000     1.800    slc3/cpu/cpu_control/FSM_sequential_state[0]_i_1_n_0
    SLICE_X59Y89         FDRE                                         r  slc3/cpu/cpu_control/FSM_sequential_state_reg[0]/D
  -------------------------------------------------------------------    -------------------

                         (clock clk rise edge)        0.000     0.000 r  
    N15                                               0.000     0.000 r  clk (IN)
                         net (fo=0)                   0.000     0.000    clk
    N15                  IBUF (Prop_ibuf_I_O)         0.396     0.396 r  clk_IBUF_inst/O
                         net (fo=1, routed)           0.689     1.085    clk_IBUF
    BUFGCTRL_X0Y0        BUFG (Prop_bufg_I_O)         0.029     1.114 r  clk_IBUF_BUFG_inst/O
                         net (fo=141, routed)         0.860     1.973    slc3/cpu/cpu_control/clk_IBUF_BUFG
    SLICE_X59Y89         FDRE                                         r  slc3/cpu/cpu_control/FSM_sequential_state_reg[0]/C
                         clock pessimism             -0.499     1.474    
    SLICE_X59Y89         FDRE (Hold_fdre_C_D)         0.091     1.565    slc3/cpu/cpu_control/FSM_sequential_state_reg[0]
  -------------------------------------------------------------------
                         required time                         -1.565    
                         arrival time                           1.800    
  -------------------------------------------------------------------
                         slack                                  0.235    

Slack (MET) :             0.243ns  (arrival time - required time)
  Source:                 button_sync[0]/ff1_reg/C
                            (rising edge-triggered cell FDRE clocked by clk  {rise@0.000ns fall@5.000ns period=10.000ns})
  Destination:            button_sync[0]/ff2_reg/D
                            (rising edge-triggered cell FDRE clocked by clk  {rise@0.000ns fall@5.000ns period=10.000ns})
  Path Group:             clk
  Path Type:              Hold (Min at Fast Process Corner)
  Requirement:            0.000ns  (clk rise@0.000ns - clk rise@0.000ns)
  Data Path Delay:        0.334ns  (logic 0.164ns (49.056%)  route 0.170ns (50.944%))
  Logic Levels:           0  
  Clock Path Skew:        0.016ns (DCD - SCD - CPR)
    Destination Clock Delay (DCD):    1.974ns
    Source Clock Delay      (SCD):    1.459ns
    Clock Pessimism Removal (CPR):    0.499ns

    Location             Delay type                Incr(ns)  Path(ns)    Netlist Resource(s)
  -------------------------------------------------------------------    -------------------
                         (clock clk rise edge)        0.000     0.000 r  
    N15                                               0.000     0.000 r  clk (IN)
                         net (fo=0)                   0.000     0.000    clk
    N15                  IBUF (Prop_ibuf_I_O)         0.209     0.209 r  clk_IBUF_inst/O
                         net (fo=1, routed)           0.634     0.843    clk_IBUF
    BUFGCTRL_X0Y0        BUFG (Prop_bufg_I_O)         0.026     0.869 r  clk_IBUF_BUFG_inst/O
                         net (fo=141, routed)         0.591     1.459    button_sync[0]/clk_IBUF_BUFG
    SLICE_X60Y91         FDRE                                         r  button_sync[0]/ff1_reg/C
  -------------------------------------------------------------------    -------------------
    SLICE_X60Y91         FDRE (Prop_fdre_C_Q)         0.164     1.623 r  button_sync[0]/ff1_reg/Q
                         net (fo=3, routed)           0.170     1.794    button_sync[0]/ff1
    SLICE_X59Y91         FDRE                                         r  button_sync[0]/ff2_reg/D
  -------------------------------------------------------------------    -------------------

                         (clock clk rise edge)        0.000     0.000 r  
    N15                                               0.000     0.000 r  clk (IN)
                         net (fo=0)                   0.000     0.000    clk
    N15                  IBUF (Prop_ibuf_I_O)         0.396     0.396 r  clk_IBUF_inst/O
                         net (fo=1, routed)           0.689     1.085    clk_IBUF
    BUFGCTRL_X0Y0        BUFG (Prop_bufg_I_O)         0.029     1.114 r  clk_IBUF_BUFG_inst/O
                         net (fo=141, routed)         0.860     1.974    button_sync[0]/clk_IBUF_BUFG
    SLICE_X59Y91         FDRE                                         r  button_sync[0]/ff2_reg/C
                         clock pessimism             -0.499     1.475    
    SLICE_X59Y91         FDRE (Hold_fdre_C_D)         0.075     1.550    button_sync[0]/ff2_reg
  -------------------------------------------------------------------
                         required time                         -1.550    
                         arrival time                           1.794    
  -------------------------------------------------------------------
                         slack                                  0.243    

Slack (MET) :             0.251ns  (arrival time - required time)
  Source:                 button_sync[1]/ff1_reg/C
                            (rising edge-triggered cell FDRE clocked by clk  {rise@0.000ns fall@5.000ns period=10.000ns})
  Destination:            button_sync[1]/ff2_reg/D
                            (rising edge-triggered cell FDRE clocked by clk  {rise@0.000ns fall@5.000ns period=10.000ns})
  Path Group:             clk
  Path Type:              Hold (Min at Fast Process Corner)
  Requirement:            0.000ns  (clk rise@0.000ns - clk rise@0.000ns)
  Data Path Delay:        0.342ns  (logic 0.164ns (47.961%)  route 0.178ns (52.039%))
  Logic Levels:           0  
  Clock Path Skew:        0.016ns (DCD - SCD - CPR)
    Destination Clock Delay (DCD):    1.974ns
    Source Clock Delay      (SCD):    1.459ns
    Clock Pessimism Removal (CPR):    0.499ns

    Location             Delay type                Incr(ns)  Path(ns)    Netlist Resource(s)
  -------------------------------------------------------------------    -------------------
                         (clock clk rise edge)        0.000     0.000 r  
    N15                                               0.000     0.000 r  clk (IN)
                         net (fo=0)                   0.000     0.000    clk
    N15                  IBUF (Prop_ibuf_I_O)         0.209     0.209 r  clk_IBUF_inst/O
                         net (fo=1, routed)           0.634     0.843    clk_IBUF
    BUFGCTRL_X0Y0        BUFG (Prop_bufg_I_O)         0.026     0.869 r  clk_IBUF_BUFG_inst/O
                         net (fo=141, routed)         0.591     1.459    button_sync[1]/clk_IBUF_BUFG
    SLICE_X60Y91         FDRE                                         r  button_sync[1]/ff1_reg/C
  -------------------------------------------------------------------    -------------------
    SLICE_X60Y91         FDRE (Prop_fdre_C_Q)         0.164     1.623 r  button_sync[1]/ff1_reg/Q
                         net (fo=3, routed)           0.178     1.801    button_sync[1]/ff1
    SLICE_X59Y92         FDRE                                         r  button_sync[1]/ff2_reg/D
  -------------------------------------------------------------------    -------------------

                         (clock clk rise edge)        0.000     0.000 r  
    N15                                               0.000     0.000 r  clk (IN)
                         net (fo=0)                   0.000     0.000    clk
    N15                  IBUF (Prop_ibuf_I_O)         0.396     0.396 r  clk_IBUF_inst/O
                         net (fo=1, routed)           0.689     1.085    clk_IBUF
    BUFGCTRL_X0Y0        BUFG (Prop_bufg_I_O)         0.029     1.114 r  clk_IBUF_BUFG_inst/O
                         net (fo=141, routed)         0.860     1.974    button_sync[1]/clk_IBUF_BUFG
    SLICE_X59Y92         FDRE                                         r  button_sync[1]/ff2_reg/C
                         clock pessimism             -0.499     1.475    
    SLICE_X59Y92         FDRE (Hold_fdre_C_D)         0.075     1.550    button_sync[1]/ff2_reg
  -------------------------------------------------------------------
                         required time                         -1.550    
                         arrival time                           1.801    
  -------------------------------------------------------------------
                         slack                                  0.251    

Slack (MET) :             0.251ns  (arrival time - required time)
  Source:                 slc3/cpu/mdr_reg/data_q_reg[0]/C
                            (rising edge-triggered cell FDRE clocked by clk  {rise@0.000ns fall@5.000ns period=10.000ns})
  Destination:            slc3/cpu/mdr_reg/data_q_reg[0]/D
                            (rising edge-triggered cell FDRE clocked by clk  {rise@0.000ns fall@5.000ns period=10.000ns})
  Path Group:             clk
  Path Type:              Hold (Min at Fast Process Corner)
  Requirement:            0.000ns  (clk rise@0.000ns - clk rise@0.000ns)
  Data Path Delay:        0.342ns  (logic 0.186ns (54.369%)  route 0.156ns (45.631%))
  Logic Levels:           1  (LUT5=1)
  Clock Path Skew:        0.000ns (DCD - SCD - CPR)
    Destination Clock Delay (DCD):    1.971ns
    Source Clock Delay      (SCD):    1.457ns
    Clock Pessimism Removal (CPR):    0.514ns

    Location             Delay type                Incr(ns)  Path(ns)    Netlist Resource(s)
  -------------------------------------------------------------------    -------------------
                         (clock clk rise edge)        0.000     0.000 r  
    N15                                               0.000     0.000 r  clk (IN)
                         net (fo=0)                   0.000     0.000    clk
    N15                  IBUF (Prop_ibuf_I_O)         0.209     0.209 r  clk_IBUF_inst/O
                         net (fo=1, routed)           0.634     0.843    clk_IBUF
    BUFGCTRL_X0Y0        BUFG (Prop_bufg_I_O)         0.026     0.869 r  clk_IBUF_BUFG_inst/O
                         net (fo=141, routed)         0.589     1.457    slc3/cpu/mdr_reg/clk_IBUF_BUFG
    SLICE_X59Y87         FDRE                                         r  slc3/cpu/mdr_reg/data_q_reg[0]/C
  -------------------------------------------------------------------    -------------------
    SLICE_X59Y87         FDRE (Prop_fdre_C_Q)         0.141     1.598 r  slc3/cpu/mdr_reg/data_q_reg[0]/Q
                         net (fo=1, routed)           0.156     1.754    slc3/cpu/bus_mux/Q[0]
    SLICE_X59Y87         LUT5 (Prop_lut5_I2_O)        0.045     1.799 r  slc3/cpu/bus_mux/out__14/O
                         net (fo=3, routed)           0.000     1.799    slc3/cpu/mdr_reg/D[0]
    SLICE_X59Y87         FDRE                                         r  slc3/cpu/mdr_reg/data_q_reg[0]/D
  -------------------------------------------------------------------    -------------------

                         (clock clk rise edge)        0.000     0.000 r  
    N15                                               0.000     0.000 r  clk (IN)
                         net (fo=0)                   0.000     0.000    clk
    N15                  IBUF (Prop_ibuf_I_O)         0.396     0.396 r  clk_IBUF_inst/O
                         net (fo=1, routed)           0.689     1.085    clk_IBUF
    BUFGCTRL_X0Y0        BUFG (Prop_bufg_I_O)         0.029     1.114 r  clk_IBUF_BUFG_inst/O
                         net (fo=141, routed)         0.858     1.971    slc3/cpu/mdr_reg/clk_IBUF_BUFG
    SLICE_X59Y87         FDRE                                         r  slc3/cpu/mdr_reg/data_q_reg[0]/C
                         clock pessimism             -0.514     1.457    
    SLICE_X59Y87         FDRE (Hold_fdre_C_D)         0.091     1.548    slc3/cpu/mdr_reg/data_q_reg[0]
  -------------------------------------------------------------------
                         required time                         -1.548    
                         arrival time                           1.799    
  -------------------------------------------------------------------
                         slack                                  0.251    

Slack (MET) :             0.252ns  (arrival time - required time)
  Source:                 slc3/cpu/mdr_reg/data_q_reg[2]/C
                            (rising edge-triggered cell FDRE clocked by clk  {rise@0.000ns fall@5.000ns period=10.000ns})
  Destination:            slc3/cpu/mdr_reg/data_q_reg[2]/D
                            (rising edge-triggered cell FDRE clocked by clk  {rise@0.000ns fall@5.000ns period=10.000ns})
  Path Group:             clk
  Path Type:              Hold (Min at Fast Process Corner)
  Requirement:            0.000ns  (clk rise@0.000ns - clk rise@0.000ns)
  Data Path Delay:        0.372ns  (logic 0.209ns (56.167%)  route 0.163ns (43.833%))
  Logic Levels:           1  (LUT5=1)
  Clock Path Skew:        0.000ns (DCD - SCD - CPR)
    Destination Clock Delay (DCD):    1.969ns
    Source Clock Delay      (SCD):    1.456ns
    Clock Pessimism Removal (CPR):    0.513ns

    Location             Delay type                Incr(ns)  Path(ns)    Netlist Resource(s)
  -------------------------------------------------------------------    -------------------
                         (clock clk rise edge)        0.000     0.000 r  
    N15                                               0.000     0.000 r  clk (IN)
                         net (fo=0)                   0.000     0.000    clk
    N15                  IBUF (Prop_ibuf_I_O)         0.209     0.209 r  clk_IBUF_inst/O
                         net (fo=1, routed)           0.634     0.843    clk_IBUF
    BUFGCTRL_X0Y0        BUFG (Prop_bufg_I_O)         0.026     0.869 r  clk_IBUF_BUFG_inst/O
                         net (fo=141, routed)         0.588     1.456    slc3/cpu/mdr_reg/clk_IBUF_BUFG
    SLICE_X60Y84         FDRE                                         r  slc3/cpu/mdr_reg/data_q_reg[2]/C
  -------------------------------------------------------------------    -------------------
    SLICE_X60Y84         FDRE (Prop_fdre_C_Q)         0.164     1.620 r  slc3/cpu/mdr_reg/data_q_reg[2]/Q
                         net (fo=1, routed)           0.163     1.783    slc3/cpu/bus_mux/Q[2]
    SLICE_X60Y84         LUT5 (Prop_lut5_I2_O)        0.045     1.828 r  slc3/cpu/bus_mux/out__12/O
                         net (fo=3, routed)           0.000     1.828    slc3/cpu/mdr_reg/D[2]
    SLICE_X60Y84         FDRE                                         r  slc3/cpu/mdr_reg/data_q_reg[2]/D
  -------------------------------------------------------------------    -------------------

                         (clock clk rise edge)        0.000     0.000 r  
    N15                                               0.000     0.000 r  clk (IN)
                         net (fo=0)                   0.000     0.000    clk
    N15                  IBUF (Prop_ibuf_I_O)         0.396     0.396 r  clk_IBUF_inst/O
                         net (fo=1, routed)           0.689     1.085    clk_IBUF
    BUFGCTRL_X0Y0        BUFG (Prop_bufg_I_O)         0.029     1.114 r  clk_IBUF_BUFG_inst/O
                         net (fo=141, routed)         0.855     1.969    slc3/cpu/mdr_reg/clk_IBUF_BUFG
    SLICE_X60Y84         FDRE                                         r  slc3/cpu/mdr_reg/data_q_reg[2]/C
                         clock pessimism             -0.513     1.456    
    SLICE_X60Y84         FDRE (Hold_fdre_C_D)         0.120     1.576    slc3/cpu/mdr_reg/data_q_reg[2]
  -------------------------------------------------------------------
                         required time                         -1.576    
                         arrival time                           1.828    
  -------------------------------------------------------------------
                         slack                                  0.252    

Slack (MET) :             0.252ns  (arrival time - required time)
  Source:                 slc3/io_bridge/hex_o/counter_reg[11]/C
                            (rising edge-triggered cell FDRE clocked by clk  {rise@0.000ns fall@5.000ns period=10.000ns})
  Destination:            slc3/io_bridge/hex_o/counter_reg[11]/D
                            (rising edge-triggered cell FDRE clocked by clk  {rise@0.000ns fall@5.000ns period=10.000ns})
  Path Group:             clk
  Path Type:              Hold (Min at Fast Process Corner)
  Requirement:            0.000ns  (clk rise@0.000ns - clk rise@0.000ns)
  Data Path Delay:        0.357ns  (logic 0.249ns (69.714%)  route 0.108ns (30.286%))
  Logic Levels:           1  (CARRY4=1)
  Clock Path Skew:        0.000ns (DCD - SCD - CPR)
    Destination Clock Delay (DCD):    1.976ns
    Source Clock Delay      (SCD):    1.460ns
    Clock Pessimism Removal (CPR):    0.516ns

    Location             Delay type                Incr(ns)  Path(ns)    Netlist Resource(s)
  -------------------------------------------------------------------    -------------------
                         (clock clk rise edge)        0.000     0.000 r  
    N15                                               0.000     0.000 r  clk (IN)
                         net (fo=0)                   0.000     0.000    clk
    N15                  IBUF (Prop_ibuf_I_O)         0.209     0.209 r  clk_IBUF_inst/O
                         net (fo=1, routed)           0.634     0.843    clk_IBUF
    BUFGCTRL_X0Y0        BUFG (Prop_bufg_I_O)         0.026     0.869 r  clk_IBUF_BUFG_inst/O
                         net (fo=141, routed)         0.592     1.460    slc3/io_bridge/hex_o/clk_IBUF_BUFG
    SLICE_X63Y91         FDRE                                         r  slc3/io_bridge/hex_o/counter_reg[11]/C
  -------------------------------------------------------------------    -------------------
    SLICE_X63Y91         FDRE (Prop_fdre_C_Q)         0.141     1.601 r  slc3/io_bridge/hex_o/counter_reg[11]/Q
                         net (fo=1, routed)           0.108     1.710    slc3/io_bridge/hex_o/counter_reg_n_0_[11]
    SLICE_X63Y91         CARRY4 (Prop_carry4_S[3]_O[3])
                                                      0.108     1.818 r  slc3/io_bridge/hex_o/counter_reg[8]_i_1/O[3]
                         net (fo=1, routed)           0.000     1.818    slc3/io_bridge/hex_o/counter_reg[8]_i_1_n_4
    SLICE_X63Y91         FDRE                                         r  slc3/io_bridge/hex_o/counter_reg[11]/D
  -------------------------------------------------------------------    -------------------

                         (clock clk rise edge)        0.000     0.000 r  
    N15                                               0.000     0.000 r  clk (IN)
                         net (fo=0)                   0.000     0.000    clk
    N15                  IBUF (Prop_ibuf_I_O)         0.396     0.396 r  clk_IBUF_inst/O
                         net (fo=1, routed)           0.689     1.085    clk_IBUF
    BUFGCTRL_X0Y0        BUFG (Prop_bufg_I_O)         0.029     1.114 r  clk_IBUF_BUFG_inst/O
                         net (fo=141, routed)         0.862     1.976    slc3/io_bridge/hex_o/clk_IBUF_BUFG
    SLICE_X63Y91         FDRE                                         r  slc3/io_bridge/hex_o/counter_reg[11]/C
                         clock pessimism             -0.516     1.460    
    SLICE_X63Y91         FDRE (Hold_fdre_C_D)         0.105     1.565    slc3/io_bridge/hex_o/counter_reg[11]
  -------------------------------------------------------------------
                         required time                         -1.565    
                         arrival time                           1.818    
  -------------------------------------------------------------------
                         slack                                  0.252    

Slack (MET) :             0.252ns  (arrival time - required time)
  Source:                 slc3/io_bridge/hex_o/counter_reg[7]/C
                            (rising edge-triggered cell FDRE clocked by clk  {rise@0.000ns fall@5.000ns period=10.000ns})
  Destination:            slc3/io_bridge/hex_o/counter_reg[7]/D
                            (rising edge-triggered cell FDRE clocked by clk  {rise@0.000ns fall@5.000ns period=10.000ns})
  Path Group:             clk
  Path Type:              Hold (Min at Fast Process Corner)
  Requirement:            0.000ns  (clk rise@0.000ns - clk rise@0.000ns)
  Data Path Delay:        0.357ns  (logic 0.249ns (69.714%)  route 0.108ns (30.286%))
  Logic Levels:           1  (CARRY4=1)
  Clock Path Skew:        0.000ns (DCD - SCD - CPR)
    Destination Clock Delay (DCD):    1.976ns
    Source Clock Delay      (SCD):    1.460ns
    Clock Pessimism Removal (CPR):    0.516ns

    Location             Delay type                Incr(ns)  Path(ns)    Netlist Resource(s)
  -------------------------------------------------------------------    -------------------
                         (clock clk rise edge)        0.000     0.000 r  
    N15                                               0.000     0.000 r  clk (IN)
                         net (fo=0)                   0.000     0.000    clk
    N15                  IBUF (Prop_ibuf_I_O)         0.209     0.209 r  clk_IBUF_inst/O
                         net (fo=1, routed)           0.634     0.843    clk_IBUF
    BUFGCTRL_X0Y0        BUFG (Prop_bufg_I_O)         0.026     0.869 r  clk_IBUF_BUFG_inst/O
                         net (fo=141, routed)         0.592     1.460    slc3/io_bridge/hex_o/clk_IBUF_BUFG
    SLICE_X63Y90         FDRE                                         r  slc3/io_bridge/hex_o/counter_reg[7]/C
  -------------------------------------------------------------------    -------------------
    SLICE_X63Y90         FDRE (Prop_fdre_C_Q)         0.141     1.601 r  slc3/io_bridge/hex_o/counter_reg[7]/Q
                         net (fo=1, routed)           0.108     1.710    slc3/io_bridge/hex_o/counter_reg_n_0_[7]
    SLICE_X63Y90         CARRY4 (Prop_carry4_S[3]_O[3])
                                                      0.108     1.818 r  slc3/io_bridge/hex_o/counter_reg[4]_i_1/O[3]
                         net (fo=1, routed)           0.000     1.818    slc3/io_bridge/hex_o/counter_reg[4]_i_1_n_4
    SLICE_X63Y90         FDRE                                         r  slc3/io_bridge/hex_o/counter_reg[7]/D
  -------------------------------------------------------------------    -------------------

                         (clock clk rise edge)        0.000     0.000 r  
    N15                                               0.000     0.000 r  clk (IN)
                         net (fo=0)                   0.000     0.000    clk
    N15                  IBUF (Prop_ibuf_I_O)         0.396     0.396 r  clk_IBUF_inst/O
                         net (fo=1, routed)           0.689     1.085    clk_IBUF
    BUFGCTRL_X0Y0        BUFG (Prop_bufg_I_O)         0.029     1.114 r  clk_IBUF_BUFG_inst/O
                         net (fo=141, routed)         0.862     1.976    slc3/io_bridge/hex_o/clk_IBUF_BUFG
    SLICE_X63Y90         FDRE                                         r  slc3/io_bridge/hex_o/counter_reg[7]/C
                         clock pessimism             -0.516     1.460    
    SLICE_X63Y90         FDRE (Hold_fdre_C_D)         0.105     1.565    slc3/io_bridge/hex_o/counter_reg[7]
  -------------------------------------------------------------------
                         required time                         -1.565    
                         arrival time                           1.818    
  -------------------------------------------------------------------
                         slack                                  0.252    

Slack (MET) :             0.252ns  (arrival time - required time)
  Source:                 button_sync[0]/counter_reg[11]/C
                            (rising edge-triggered cell FDRE clocked by clk  {rise@0.000ns fall@5.000ns period=10.000ns})
  Destination:            button_sync[0]/counter_reg[11]/D
                            (rising edge-triggered cell FDRE clocked by clk  {rise@0.000ns fall@5.000ns period=10.000ns})
  Path Group:             clk
  Path Type:              Hold (Min at Fast Process Corner)
  Requirement:            0.000ns  (clk rise@0.000ns - clk rise@0.000ns)
  Data Path Delay:        0.357ns  (logic 0.249ns (69.714%)  route 0.108ns (30.286%))
  Logic Levels:           1  (CARRY4=1)
  Clock Path Skew:        0.000ns (DCD - SCD - CPR)
    Destination Clock Delay (DCD):    1.976ns
    Source Clock Delay      (SCD):    1.461ns
    Clock Pessimism Removal (CPR):    0.515ns

    Location             Delay type                Incr(ns)  Path(ns)    Netlist Resource(s)
  -------------------------------------------------------------------    -------------------
                         (clock clk rise edge)        0.000     0.000 r  
    N15                                               0.000     0.000 r  clk (IN)
                         net (fo=0)                   0.000     0.000    clk
    N15                  IBUF (Prop_ibuf_I_O)         0.209     0.209 r  clk_IBUF_inst/O
                         net (fo=1, routed)           0.634     0.843    clk_IBUF
    BUFGCTRL_X0Y0        BUFG (Prop_bufg_I_O)         0.026     0.869 r  clk_IBUF_BUFG_inst/O
                         net (fo=141, routed)         0.593     1.461    button_sync[0]/clk_IBUF_BUFG
    SLICE_X59Y97         FDRE                                         r  button_sync[0]/counter_reg[11]/C
  -------------------------------------------------------------------    -------------------
    SLICE_X59Y97         FDRE (Prop_fdre_C_Q)         0.141     1.602 r  button_sync[0]/counter_reg[11]/Q
                         net (fo=1, routed)           0.108     1.711    button_sync[0]/counter_reg_n_0_[11]
    SLICE_X59Y97         CARRY4 (Prop_carry4_S[3]_O[3])
                                                      0.108     1.819 r  button_sync[0]/counter_reg[8]_i_1__2/O[3]
                         net (fo=1, routed)           0.000     1.819    button_sync[0]/counter_reg[8]_i_1__2_n_4
    SLICE_X59Y97         FDRE                                         r  button_sync[0]/counter_reg[11]/D
  -------------------------------------------------------------------    -------------------

                         (clock clk rise edge)        0.000     0.000 r  
    N15                                               0.000     0.000 r  clk (IN)
                         net (fo=0)                   0.000     0.000    clk
    N15                  IBUF (Prop_ibuf_I_O)         0.396     0.396 r  clk_IBUF_inst/O
                         net (fo=1, routed)           0.689     1.085    clk_IBUF
    BUFGCTRL_X0Y0        BUFG (Prop_bufg_I_O)         0.029     1.114 r  clk_IBUF_BUFG_inst/O
                         net (fo=141, routed)         0.863     1.976    button_sync[0]/clk_IBUF_BUFG
    SLICE_X59Y97         FDRE                                         r  button_sync[0]/counter_reg[11]/C
                         clock pessimism             -0.515     1.461    
    SLICE_X59Y97         FDRE (Hold_fdre_C_D)         0.105     1.566    button_sync[0]/counter_reg[11]
  -------------------------------------------------------------------
                         required time                         -1.566    
                         arrival time                           1.819    
  -------------------------------------------------------------------
                         slack                                  0.252    

Slack (MET) :             0.252ns  (arrival time - required time)
  Source:                 button_sync[0]/counter_reg[3]/C
                            (rising edge-triggered cell FDRE clocked by clk  {rise@0.000ns fall@5.000ns period=10.000ns})
  Destination:            button_sync[0]/counter_reg[3]/D
                            (rising edge-triggered cell FDRE clocked by clk  {rise@0.000ns fall@5.000ns period=10.000ns})
  Path Group:             clk
  Path Type:              Hold (Min at Fast Process Corner)
  Requirement:            0.000ns  (clk rise@0.000ns - clk rise@0.000ns)
  Data Path Delay:        0.357ns  (logic 0.249ns (69.714%)  route 0.108ns (30.286%))
  Logic Levels:           1  (CARRY4=1)
  Clock Path Skew:        0.000ns (DCD - SCD - CPR)
    Destination Clock Delay (DCD):    1.975ns
    Source Clock Delay      (SCD):    1.460ns
    Clock Pessimism Removal (CPR):    0.515ns

    Location             Delay type                Incr(ns)  Path(ns)    Netlist Resource(s)
  -------------------------------------------------------------------    -------------------
                         (clock clk rise edge)        0.000     0.000 r  
    N15                                               0.000     0.000 r  clk (IN)
                         net (fo=0)                   0.000     0.000    clk
    N15                  IBUF (Prop_ibuf_I_O)         0.209     0.209 r  clk_IBUF_inst/O
                         net (fo=1, routed)           0.634     0.843    clk_IBUF
    BUFGCTRL_X0Y0        BUFG (Prop_bufg_I_O)         0.026     0.869 r  clk_IBUF_BUFG_inst/O
                         net (fo=141, routed)         0.592     1.460    button_sync[0]/clk_IBUF_BUFG
    SLICE_X59Y95         FDRE                                         r  button_sync[0]/counter_reg[3]/C
  -------------------------------------------------------------------    -------------------
    SLICE_X59Y95         FDRE (Prop_fdre_C_Q)         0.141     1.601 r  button_sync[0]/counter_reg[3]/Q
                         net (fo=1, routed)           0.108     1.710    button_sync[0]/counter_reg_n_0_[3]
    SLICE_X59Y95         CARRY4 (Prop_carry4_S[3]_O[3])
                                                      0.108     1.818 r  button_sync[0]/counter_reg[0]_i_3__1/O[3]
                         net (fo=1, routed)           0.000     1.818    button_sync[0]/counter_reg[0]_i_3__1_n_4
    SLICE_X59Y95         FDRE                                         r  button_sync[0]/counter_reg[3]/D
  -------------------------------------------------------------------    -------------------

                         (clock clk rise edge)        0.000     0.000 r  
    N15                                               0.000     0.000 r  clk (IN)
                         net (fo=0)                   0.000     0.000    clk
    N15                  IBUF (Prop_ibuf_I_O)         0.396     0.396 r  clk_IBUF_inst/O
                         net (fo=1, routed)           0.689     1.085    clk_IBUF
    BUFGCTRL_X0Y0        BUFG (Prop_bufg_I_O)         0.029     1.114 r  clk_IBUF_BUFG_inst/O
                         net (fo=141, routed)         0.861     1.975    button_sync[0]/clk_IBUF_BUFG
    SLICE_X59Y95         FDRE                                         r  button_sync[0]/counter_reg[3]/C
                         clock pessimism             -0.515     1.460    
    SLICE_X59Y95         FDRE (Hold_fdre_C_D)         0.105     1.565    button_sync[0]/counter_reg[3]
  -------------------------------------------------------------------
                         required time                         -1.565    
                         arrival time                           1.818    
  -------------------------------------------------------------------
                         slack                                  0.252    





Pulse Width Checks
--------------------------------------------------------------------------------------
Clock Name:         clk
Waveform(ns):       { 0.000 5.000 }
Period(ns):         10.000
Sources:            { clk }

Check Type        Corner  Lib Pin  Reference Pin  Required(ns)  Actual(ns)  Slack(ns)  Location       Pin
Min Period        n/a     BUFG/I   n/a            2.155         10.000      7.845      BUFGCTRL_X0Y0  clk_IBUF_BUFG_inst/I
Min Period        n/a     FDRE/C   n/a            1.000         10.000      9.000      SLICE_X59Y95   button_sync[0]/counter_reg[0]/C
Min Period        n/a     FDRE/C   n/a            1.000         10.000      9.000      SLICE_X59Y97   button_sync[0]/counter_reg[10]/C
Min Period        n/a     FDRE/C   n/a            1.000         10.000      9.000      SLICE_X59Y97   button_sync[0]/counter_reg[11]/C
Min Period        n/a     FDRE/C   n/a            1.000         10.000      9.000      SLICE_X59Y98   button_sync[0]/counter_reg[12]/C
Min Period        n/a     FDRE/C   n/a            1.000         10.000      9.000      SLICE_X59Y98   button_sync[0]/counter_reg[13]/C
Min Period        n/a     FDRE/C   n/a            1.000         10.000      9.000      SLICE_X59Y98   button_sync[0]/counter_reg[14]/C
Min Period        n/a     FDRE/C   n/a            1.000         10.000      9.000      SLICE_X59Y98   button_sync[0]/counter_reg[15]/C
Min Period        n/a     FDRE/C   n/a            1.000         10.000      9.000      SLICE_X59Y95   button_sync[0]/counter_reg[1]/C
Min Period        n/a     FDRE/C   n/a            1.000         10.000      9.000      SLICE_X59Y95   button_sync[0]/counter_reg[2]/C
Low Pulse Width   Slow    FDRE/C   n/a            0.500         5.000       4.500      SLICE_X59Y95   button_sync[0]/counter_reg[0]/C
Low Pulse Width   Fast    FDRE/C   n/a            0.500         5.000       4.500      SLICE_X59Y95   button_sync[0]/counter_reg[0]/C
Low Pulse Width   Slow    FDRE/C   n/a            0.500         5.000       4.500      SLICE_X59Y97   button_sync[0]/counter_reg[10]/C
Low Pulse Width   Fast    FDRE/C   n/a            0.500         5.000       4.500      SLICE_X59Y97   button_sync[0]/counter_reg[10]/C
Low Pulse Width   Slow    FDRE/C   n/a            0.500         5.000       4.500      SLICE_X59Y97   button_sync[0]/counter_reg[11]/C
Low Pulse Width   Fast    FDRE/C   n/a            0.500         5.000       4.500      SLICE_X59Y97   button_sync[0]/counter_reg[11]/C
Low Pulse Width   Slow    FDRE/C   n/a            0.500         5.000       4.500      SLICE_X59Y98   button_sync[0]/counter_reg[12]/C
Low Pulse Width   Fast    FDRE/C   n/a            0.500         5.000       4.500      SLICE_X59Y98   button_sync[0]/counter_reg[12]/C
Low Pulse Width   Slow    FDRE/C   n/a            0.500         5.000       4.500      SLICE_X59Y98   button_sync[0]/counter_reg[13]/C
Low Pulse Width   Fast    FDRE/C   n/a            0.500         5.000       4.500      SLICE_X59Y98   button_sync[0]/counter_reg[13]/C
High Pulse Width  Slow    FDRE/C   n/a            0.500         5.000       4.500      SLICE_X59Y95   button_sync[0]/counter_reg[0]/C
High Pulse Width  Fast    FDRE/C   n/a            0.500         5.000       4.500      SLICE_X59Y95   button_sync[0]/counter_reg[0]/C
High Pulse Width  Slow    FDRE/C   n/a            0.500         5.000       4.500      SLICE_X59Y97   button_sync[0]/counter_reg[10]/C
High Pulse Width  Fast    FDRE/C   n/a            0.500         5.000       4.500      SLICE_X59Y97   button_sync[0]/counter_reg[10]/C
High Pulse Width  Slow    FDRE/C   n/a            0.500         5.000       4.500      SLICE_X59Y97   button_sync[0]/counter_reg[11]/C
High Pulse Width  Fast    FDRE/C   n/a            0.500         5.000       4.500      SLICE_X59Y97   button_sync[0]/counter_reg[11]/C
High Pulse Width  Slow    FDRE/C   n/a            0.500         5.000       4.500      SLICE_X59Y98   button_sync[0]/counter_reg[12]/C
High Pulse Width  Fast    FDRE/C   n/a            0.500         5.000       4.500      SLICE_X59Y98   button_sync[0]/counter_reg[12]/C
High Pulse Width  Slow    FDRE/C   n/a            0.500         5.000       4.500      SLICE_X59Y98   button_sync[0]/counter_reg[13]/C
High Pulse Width  Fast    FDRE/C   n/a            0.500         5.000       4.500      SLICE_X59Y98   button_sync[0]/counter_reg[13]/C



--------------------------------------------------------------------------------------
Path Group:  (none)
From Clock:  clk
  To Clock:  

Max Delay            37 Endpoints
Min Delay            37 Endpoints
--------------------------------------------------------------------------------------


Max Delay Paths
--------------------------------------------------------------------------------------
Slack:                    inf
  Source:                 button_sync[0]/q_reg/C
                            (rising edge-triggered cell FDRE clocked by clk  {rise@0.000ns fall@5.000ns period=10.000ns})
  Destination:            hex_grid_left[1]
                            (output port)
  Path Group:             (none)
  Path Type:              Max at Slow Process Corner
  Data Path Delay:        9.549ns  (logic 3.710ns (38.856%)  route 5.839ns (61.144%))
  Logic Levels:           2  (LUT3=1 OBUF=1)
  Clock Uncertainty:      0.025ns  ((TSJ^2 + TIJ^2)^1/2 + DJ) / 2 + PE
    Total System Jitter     (TSJ):    0.050ns
    Total Input Jitter      (TIJ):    0.000ns
    Discrete Jitter          (DJ):    0.000ns
    Phase Error              (PE):    0.000ns

    Location             Delay type                Incr(ns)  Path(ns)    Netlist Resource(s)
  -------------------------------------------------------------------    -------------------
                         (clock clk rise edge)        0.000     0.000 r  
    N15                                               0.000     0.000 r  clk (IN)
                         net (fo=0)                   0.000     0.000    clk
    N15                  IBUF (Prop_ibuf_I_O)         1.440     1.440 r  clk_IBUF_inst/O
                         net (fo=1, routed)           1.972     3.412    clk_IBUF
    BUFGCTRL_X0Y0        BUFG (Prop_bufg_I_O)         0.096     3.508 r  clk_IBUF_BUFG_inst/O
                         net (fo=141, routed)         1.624     5.132    button_sync[0]/clk_IBUF_BUFG
    SLICE_X59Y91         FDRE                                         r  button_sync[0]/q_reg/C
  -------------------------------------------------------------------    -------------------
    SLICE_X59Y91         FDRE (Prop_fdre_C_Q)         0.456     5.588 r  button_sync[0]/q_reg/Q
                         net (fo=102, routed)         2.809     8.397    slc3/io_bridge/hex_o/hex_seg_left_OBUF[0]
    SLICE_X64Y83         LUT3 (Prop_lut3_I0_O)        0.150     8.547 r  slc3/io_bridge/hex_o/hex_grid_left_OBUF[1]_inst_i_1/O
                         net (fo=2, routed)           3.030    11.577    hex_grid_right_OBUF[1]
    H6                   OBUF (Prop_obuf_I_O)         3.104    14.681 r  hex_grid_left_OBUF[1]_inst/O
                         net (fo=0)                   0.000    14.681    hex_grid_left[1]
    H6                                                                r  hex_grid_left[1] (OUT)
  -------------------------------------------------------------------    -------------------

Slack:                    inf
  Source:                 button_sync[0]/q_reg/C
                            (rising edge-triggered cell FDRE clocked by clk  {rise@0.000ns fall@5.000ns period=10.000ns})
  Destination:            hex_grid_right[3]
                            (output port)
  Path Group:             (none)
  Path Type:              Max at Slow Process Corner
  Data Path Delay:        9.340ns  (logic 3.729ns (39.928%)  route 5.611ns (60.072%))
  Logic Levels:           2  (LUT3=1 OBUF=1)
  Clock Uncertainty:      0.025ns  ((TSJ^2 + TIJ^2)^1/2 + DJ) / 2 + PE
    Total System Jitter     (TSJ):    0.050ns
    Total Input Jitter      (TIJ):    0.000ns
    Discrete Jitter          (DJ):    0.000ns
    Phase Error              (PE):    0.000ns

    Location             Delay type                Incr(ns)  Path(ns)    Netlist Resource(s)
  -------------------------------------------------------------------    -------------------
                         (clock clk rise edge)        0.000     0.000 r  
    N15                                               0.000     0.000 r  clk (IN)
                         net (fo=0)                   0.000     0.000    clk
    N15                  IBUF (Prop_ibuf_I_O)         1.440     1.440 r  clk_IBUF_inst/O
                         net (fo=1, routed)           1.972     3.412    clk_IBUF
    BUFGCTRL_X0Y0        BUFG (Prop_bufg_I_O)         0.096     3.508 r  clk_IBUF_BUFG_inst/O
                         net (fo=141, routed)         1.624     5.132    button_sync[0]/clk_IBUF_BUFG
    SLICE_X59Y91         FDRE                                         r  button_sync[0]/q_reg/C
  -------------------------------------------------------------------    -------------------
    SLICE_X59Y91         FDRE (Prop_fdre_C_Q)         0.456     5.588 r  button_sync[0]/q_reg/Q
                         net (fo=102, routed)         2.806     8.394    slc3/io_bridge/hex_o/hex_seg_left_OBUF[0]
    SLICE_X64Y83         LUT3 (Prop_lut3_I0_O)        0.150     8.544 r  slc3/io_bridge/hex_o/hex_grid_left_OBUF[3]_inst_i_1/O
                         net (fo=2, routed)           2.805    11.349    hex_grid_right_OBUF[3]
    H5                   OBUF (Prop_obuf_I_O)         3.123    14.472 r  hex_grid_right_OBUF[3]_inst/O
                         net (fo=0)                   0.000    14.472    hex_grid_right[3]
    H5                                                                r  hex_grid_right[3] (OUT)
  -------------------------------------------------------------------    -------------------

Slack:                    inf
  Source:                 button_sync[0]/q_reg/C
                            (rising edge-triggered cell FDRE clocked by clk  {rise@0.000ns fall@5.000ns period=10.000ns})
  Destination:            hex_seg_right[1]
                            (output port)
  Path Group:             (none)
  Path Type:              Max at Slow Process Corner
  Data Path Delay:        9.212ns  (logic 3.480ns (37.773%)  route 5.732ns (62.227%))
  Logic Levels:           2  (LUT5=1 OBUF=1)
  Clock Uncertainty:      0.025ns  ((TSJ^2 + TIJ^2)^1/2 + DJ) / 2 + PE
    Total System Jitter     (TSJ):    0.050ns
    Total Input Jitter      (TIJ):    0.000ns
    Discrete Jitter          (DJ):    0.000ns
    Phase Error              (PE):    0.000ns

    Location             Delay type                Incr(ns)  Path(ns)    Netlist Resource(s)
  -------------------------------------------------------------------    -------------------
                         (clock clk rise edge)        0.000     0.000 r  
    N15                                               0.000     0.000 r  clk (IN)
                         net (fo=0)                   0.000     0.000    clk
    N15                  IBUF (Prop_ibuf_I_O)         1.440     1.440 r  clk_IBUF_inst/O
                         net (fo=1, routed)           1.972     3.412    clk_IBUF
    BUFGCTRL_X0Y0        BUFG (Prop_bufg_I_O)         0.096     3.508 r  clk_IBUF_BUFG_inst/O
                         net (fo=141, routed)         1.624     5.132    button_sync[0]/clk_IBUF_BUFG
    SLICE_X59Y91         FDRE                                         r  button_sync[0]/q_reg/C
  -------------------------------------------------------------------    -------------------
    SLICE_X59Y91         FDRE (Prop_fdre_C_Q)         0.456     5.588 r  button_sync[0]/q_reg/Q
                         net (fo=102, routed)         3.374     8.962    slc3/cpu/ir_reg/hex_seg_left_OBUF[0]
    SLICE_X62Y86         LUT5 (Prop_lut5_I1_O)        0.124     9.086 r  slc3/cpu/ir_reg/hex_seg_right_OBUF[1]_inst_i_1/O
                         net (fo=1, routed)           2.358    11.444    hex_seg_right_OBUF[1]
    G5                   OBUF (Prop_obuf_I_O)         2.900    14.344 r  hex_seg_right_OBUF[1]_inst/O
                         net (fo=0)                   0.000    14.344    hex_seg_right[1]
    G5                                                                r  hex_seg_right[1] (OUT)
  -------------------------------------------------------------------    -------------------

Slack:                    inf
  Source:                 button_sync[0]/q_reg/C
                            (rising edge-triggered cell FDRE clocked by clk  {rise@0.000ns fall@5.000ns period=10.000ns})
  Destination:            hex_grid_left[0]
                            (output port)
  Path Group:             (none)
  Path Type:              Max at Slow Process Corner
  Data Path Delay:        9.160ns  (logic 3.487ns (38.071%)  route 5.673ns (61.929%))
  Logic Levels:           2  (LUT3=1 OBUF=1)
  Clock Uncertainty:      0.025ns  ((TSJ^2 + TIJ^2)^1/2 + DJ) / 2 + PE
    Total System Jitter     (TSJ):    0.050ns
    Total Input Jitter      (TIJ):    0.000ns
    Discrete Jitter          (DJ):    0.000ns
    Phase Error              (PE):    0.000ns

    Location             Delay type                Incr(ns)  Path(ns)    Netlist Resource(s)
  -------------------------------------------------------------------    -------------------
                         (clock clk rise edge)        0.000     0.000 r  
    N15                                               0.000     0.000 r  clk (IN)
                         net (fo=0)                   0.000     0.000    clk
    N15                  IBUF (Prop_ibuf_I_O)         1.440     1.440 r  clk_IBUF_inst/O
                         net (fo=1, routed)           1.972     3.412    clk_IBUF
    BUFGCTRL_X0Y0        BUFG (Prop_bufg_I_O)         0.096     3.508 r  clk_IBUF_BUFG_inst/O
                         net (fo=141, routed)         1.624     5.132    button_sync[0]/clk_IBUF_BUFG
    SLICE_X59Y91         FDRE                                         r  button_sync[0]/q_reg/C
  -------------------------------------------------------------------    -------------------
    SLICE_X59Y91         FDRE (Prop_fdre_C_Q)         0.456     5.588 r  button_sync[0]/q_reg/Q
                         net (fo=102, routed)         2.809     8.397    slc3/io_bridge/hex_o/hex_seg_left_OBUF[0]
    SLICE_X64Y83         LUT3 (Prop_lut3_I0_O)        0.124     8.521 r  slc3/io_bridge/hex_o/hex_grid_left_OBUF[0]_inst_i_1/O
                         net (fo=2, routed)           2.864    11.384    hex_grid_right_OBUF[0]
    G6                   OBUF (Prop_obuf_I_O)         2.907    14.292 r  hex_grid_left_OBUF[0]_inst/O
                         net (fo=0)                   0.000    14.292    hex_grid_left[0]
    G6                                                                r  hex_grid_left[0] (OUT)
  -------------------------------------------------------------------    -------------------

Slack:                    inf
  Source:                 button_sync[0]/q_reg/C
                            (rising edge-triggered cell FDRE clocked by clk  {rise@0.000ns fall@5.000ns period=10.000ns})
  Destination:            hex_grid_right[1]
                            (output port)
  Path Group:             (none)
  Path Type:              Max at Slow Process Corner
  Data Path Delay:        8.816ns  (logic 3.731ns (42.318%)  route 5.085ns (57.682%))
  Logic Levels:           2  (LUT3=1 OBUF=1)
  Clock Uncertainty:      0.025ns  ((TSJ^2 + TIJ^2)^1/2 + DJ) / 2 + PE
    Total System Jitter     (TSJ):    0.050ns
    Total Input Jitter      (TIJ):    0.000ns
    Discrete Jitter          (DJ):    0.000ns
    Phase Error              (PE):    0.000ns

    Location             Delay type                Incr(ns)  Path(ns)    Netlist Resource(s)
  -------------------------------------------------------------------    -------------------
                         (clock clk rise edge)        0.000     0.000 r  
    N15                                               0.000     0.000 r  clk (IN)
                         net (fo=0)                   0.000     0.000    clk
    N15                  IBUF (Prop_ibuf_I_O)         1.440     1.440 r  clk_IBUF_inst/O
                         net (fo=1, routed)           1.972     3.412    clk_IBUF
    BUFGCTRL_X0Y0        BUFG (Prop_bufg_I_O)         0.096     3.508 r  clk_IBUF_BUFG_inst/O
                         net (fo=141, routed)         1.624     5.132    button_sync[0]/clk_IBUF_BUFG
    SLICE_X59Y91         FDRE                                         r  button_sync[0]/q_reg/C
  -------------------------------------------------------------------    -------------------
    SLICE_X59Y91         FDRE (Prop_fdre_C_Q)         0.456     5.588 r  button_sync[0]/q_reg/Q
                         net (fo=102, routed)         2.809     8.397    slc3/io_bridge/hex_o/hex_seg_left_OBUF[0]
    SLICE_X64Y83         LUT3 (Prop_lut3_I0_O)        0.150     8.547 r  slc3/io_bridge/hex_o/hex_grid_left_OBUF[1]_inst_i_1/O
                         net (fo=2, routed)           2.276    10.823    hex_grid_right_OBUF[1]
    E3                   OBUF (Prop_obuf_I_O)         3.125    13.948 r  hex_grid_right_OBUF[1]_inst/O
                         net (fo=0)                   0.000    13.948    hex_grid_right[1]
    E3                                                                r  hex_grid_right[1] (OUT)
  -------------------------------------------------------------------    -------------------

Slack:                    inf
  Source:                 button_sync[0]/q_reg/C
                            (rising edge-triggered cell FDRE clocked by clk  {rise@0.000ns fall@5.000ns period=10.000ns})
  Destination:            hex_seg_right[0]
                            (output port)
  Path Group:             (none)
  Path Type:              Max at Slow Process Corner
  Data Path Delay:        8.726ns  (logic 3.498ns (40.094%)  route 5.227ns (59.906%))
  Logic Levels:           2  (LUT5=1 OBUF=1)
  Clock Uncertainty:      0.025ns  ((TSJ^2 + TIJ^2)^1/2 + DJ) / 2 + PE
    Total System Jitter     (TSJ):    0.050ns
    Total Input Jitter      (TIJ):    0.000ns
    Discrete Jitter          (DJ):    0.000ns
    Phase Error              (PE):    0.000ns

    Location             Delay type                Incr(ns)  Path(ns)    Netlist Resource(s)
  -------------------------------------------------------------------    -------------------
                         (clock clk rise edge)        0.000     0.000 r  
    N15                                               0.000     0.000 r  clk (IN)
                         net (fo=0)                   0.000     0.000    clk
    N15                  IBUF (Prop_ibuf_I_O)         1.440     1.440 r  clk_IBUF_inst/O
                         net (fo=1, routed)           1.972     3.412    clk_IBUF
    BUFGCTRL_X0Y0        BUFG (Prop_bufg_I_O)         0.096     3.508 r  clk_IBUF_BUFG_inst/O
                         net (fo=141, routed)         1.624     5.132    button_sync[0]/clk_IBUF_BUFG
    SLICE_X59Y91         FDRE                                         r  button_sync[0]/q_reg/C
  -------------------------------------------------------------------    -------------------
    SLICE_X59Y91         FDRE (Prop_fdre_C_Q)         0.456     5.588 r  button_sync[0]/q_reg/Q
                         net (fo=102, routed)         2.941     8.528    slc3/cpu/ir_reg/hex_seg_left_OBUF[0]
    SLICE_X61Y85         LUT5 (Prop_lut5_I1_O)        0.124     8.652 r  slc3/cpu/ir_reg/hex_seg_right_OBUF[0]_inst_i_1/O
                         net (fo=1, routed)           2.286    10.939    hex_seg_right_OBUF[0]
    F3                   OBUF (Prop_obuf_I_O)         2.918    13.857 r  hex_seg_right_OBUF[0]_inst/O
                         net (fo=0)                   0.000    13.857    hex_seg_right[0]
    F3                                                                r  hex_seg_right[0] (OUT)
  -------------------------------------------------------------------    -------------------

Slack:                    inf
  Source:                 button_sync[0]/q_reg/C
                            (rising edge-triggered cell FDRE clocked by clk  {rise@0.000ns fall@5.000ns period=10.000ns})
  Destination:            hex_seg_right[2]
                            (output port)
  Path Group:             (none)
  Path Type:              Max at Slow Process Corner
  Data Path Delay:        8.628ns  (logic 3.458ns (40.083%)  route 5.170ns (59.917%))
  Logic Levels:           2  (LUT5=1 OBUF=1)
  Clock Uncertainty:      0.025ns  ((TSJ^2 + TIJ^2)^1/2 + DJ) / 2 + PE
    Total System Jitter     (TSJ):    0.050ns
    Total Input Jitter      (TIJ):    0.000ns
    Discrete Jitter          (DJ):    0.000ns
    Phase Error              (PE):    0.000ns

    Location             Delay type                Incr(ns)  Path(ns)    Netlist Resource(s)
  -------------------------------------------------------------------    -------------------
                         (clock clk rise edge)        0.000     0.000 r  
    N15                                               0.000     0.000 r  clk (IN)
                         net (fo=0)                   0.000     0.000    clk
    N15                  IBUF (Prop_ibuf_I_O)         1.440     1.440 r  clk_IBUF_inst/O
                         net (fo=1, routed)           1.972     3.412    clk_IBUF
    BUFGCTRL_X0Y0        BUFG (Prop_bufg_I_O)         0.096     3.508 r  clk_IBUF_BUFG_inst/O
                         net (fo=141, routed)         1.624     5.132    button_sync[0]/clk_IBUF_BUFG
    SLICE_X59Y91         FDRE                                         r  button_sync[0]/q_reg/C
  -------------------------------------------------------------------    -------------------
    SLICE_X59Y91         FDRE (Prop_fdre_C_Q)         0.456     5.588 r  button_sync[0]/q_reg/Q
                         net (fo=102, routed)         2.663     8.251    slc3/cpu/ir_reg/hex_seg_left_OBUF[0]
    SLICE_X61Y84         LUT5 (Prop_lut5_I1_O)        0.124     8.375 r  slc3/cpu/ir_reg/hex_seg_right_OBUF[2]_inst_i_1/O
                         net (fo=1, routed)           2.506    10.882    hex_seg_right_OBUF[2]
    J3                   OBUF (Prop_obuf_I_O)         2.878    13.760 r  hex_seg_right_OBUF[2]_inst/O
                         net (fo=0)                   0.000    13.760    hex_seg_right[2]
    J3                                                                r  hex_seg_right[2] (OUT)
  -------------------------------------------------------------------    -------------------

Slack:                    inf
  Source:                 slc3/io_bridge/hex_o/counter_reg[15]/C
                            (rising edge-triggered cell FDRE clocked by clk  {rise@0.000ns fall@5.000ns period=10.000ns})
  Destination:            hex_seg_right[3]
                            (output port)
  Path Group:             (none)
  Path Type:              Max at Slow Process Corner
  Data Path Delay:        8.557ns  (logic 3.602ns (42.091%)  route 4.955ns (57.909%))
  Logic Levels:           3  (LUT5=1 LUT6=1 OBUF=1)
  Clock Uncertainty:      0.025ns  ((TSJ^2 + TIJ^2)^1/2 + DJ) / 2 + PE
    Total System Jitter     (TSJ):    0.050ns
    Total Input Jitter      (TIJ):    0.000ns
    Discrete Jitter          (DJ):    0.000ns
    Phase Error              (PE):    0.000ns

    Location             Delay type                Incr(ns)  Path(ns)    Netlist Resource(s)
  -------------------------------------------------------------------    -------------------
                         (clock clk rise edge)        0.000     0.000 r  
    N15                                               0.000     0.000 r  clk (IN)
                         net (fo=0)                   0.000     0.000    clk
    N15                  IBUF (Prop_ibuf_I_O)         1.440     1.440 r  clk_IBUF_inst/O
                         net (fo=1, routed)           1.972     3.412    clk_IBUF
    BUFGCTRL_X0Y0        BUFG (Prop_bufg_I_O)         0.096     3.508 r  clk_IBUF_BUFG_inst/O
                         net (fo=141, routed)         1.625     5.133    slc3/io_bridge/hex_o/clk_IBUF_BUFG
    SLICE_X63Y92         FDRE                                         r  slc3/io_bridge/hex_o/counter_reg[15]/C
  -------------------------------------------------------------------    -------------------
    SLICE_X63Y92         FDRE (Prop_fdre_C_Q)         0.456     5.589 f  slc3/io_bridge/hex_o/counter_reg[15]/Q
                         net (fo=33, routed)          1.267     6.856    slc3/cpu/ir_reg/p_0_in[0]
    SLICE_X62Y84         LUT6 (Prop_lut6_I1_O)        0.124     6.980 r  slc3/cpu/ir_reg/hex_seg_right_OBUF[3]_inst_i_2/O
                         net (fo=1, routed)           0.920     7.900    slc3/cpu/ir_reg/hex_seg_right_OBUF[3]_inst_i_2_n_0
    SLICE_X62Y87         LUT5 (Prop_lut5_I0_O)        0.124     8.024 r  slc3/cpu/ir_reg/hex_seg_right_OBUF[3]_inst_i_1/O
                         net (fo=1, routed)           2.768    10.792    hex_seg_right_OBUF[3]
    H4                   OBUF (Prop_obuf_I_O)         2.898    13.689 r  hex_seg_right_OBUF[3]_inst/O
                         net (fo=0)                   0.000    13.689    hex_seg_right[3]
    H4                                                                r  hex_seg_right[3] (OUT)
  -------------------------------------------------------------------    -------------------

Slack:                    inf
  Source:                 button_sync[0]/q_reg/C
                            (rising edge-triggered cell FDRE clocked by clk  {rise@0.000ns fall@5.000ns period=10.000ns})
  Destination:            hex_grid_right[2]
                            (output port)
  Path Group:             (none)
  Path Type:              Max at Slow Process Corner
  Data Path Delay:        8.467ns  (logic 3.480ns (41.104%)  route 4.987ns (58.896%))
  Logic Levels:           2  (LUT3=1 OBUF=1)
  Clock Uncertainty:      0.025ns  ((TSJ^2 + TIJ^2)^1/2 + DJ) / 2 + PE
    Total System Jitter     (TSJ):    0.050ns
    Total Input Jitter      (TIJ):    0.000ns
    Discrete Jitter          (DJ):    0.000ns
    Phase Error              (PE):    0.000ns

    Location             Delay type                Incr(ns)  Path(ns)    Netlist Resource(s)
  -------------------------------------------------------------------    -------------------
                         (clock clk rise edge)        0.000     0.000 r  
    N15                                               0.000     0.000 r  clk (IN)
                         net (fo=0)                   0.000     0.000    clk
    N15                  IBUF (Prop_ibuf_I_O)         1.440     1.440 r  clk_IBUF_inst/O
                         net (fo=1, routed)           1.972     3.412    clk_IBUF
    BUFGCTRL_X0Y0        BUFG (Prop_bufg_I_O)         0.096     3.508 r  clk_IBUF_BUFG_inst/O
                         net (fo=141, routed)         1.624     5.132    button_sync[0]/clk_IBUF_BUFG
    SLICE_X59Y91         FDRE                                         r  button_sync[0]/q_reg/C
  -------------------------------------------------------------------    -------------------
    SLICE_X59Y91         FDRE (Prop_fdre_C_Q)         0.456     5.588 r  button_sync[0]/q_reg/Q
                         net (fo=102, routed)         2.806     8.394    slc3/io_bridge/hex_o/hex_seg_left_OBUF[0]
    SLICE_X64Y83         LUT3 (Prop_lut3_I0_O)        0.124     8.518 r  slc3/io_bridge/hex_o/hex_grid_left_OBUF[2]_inst_i_1/O
                         net (fo=2, routed)           2.181    10.699    hex_grid_right_OBUF[2]
    F5                   OBUF (Prop_obuf_I_O)         2.900    13.599 r  hex_grid_right_OBUF[2]_inst/O
                         net (fo=0)                   0.000    13.599    hex_grid_right[2]
    F5                                                                r  hex_grid_right[2] (OUT)
  -------------------------------------------------------------------    -------------------

Slack:                    inf
  Source:                 button_sync[0]/q_reg/C
                            (rising edge-triggered cell FDRE clocked by clk  {rise@0.000ns fall@5.000ns period=10.000ns})
  Destination:            hex_seg_right[4]
                            (output port)
  Path Group:             (none)
  Path Type:              Max at Slow Process Corner
  Data Path Delay:        8.449ns  (logic 3.495ns (41.361%)  route 4.954ns (58.639%))
  Logic Levels:           2  (LUT5=1 OBUF=1)
  Clock Uncertainty:      0.025ns  ((TSJ^2 + TIJ^2)^1/2 + DJ) / 2 + PE
    Total System Jitter     (TSJ):    0.050ns
    Total Input Jitter      (TIJ):    0.000ns
    Discrete Jitter          (DJ):    0.000ns
    Phase Error              (PE):    0.000ns

    Location             Delay type                Incr(ns)  Path(ns)    Netlist Resource(s)
  -------------------------------------------------------------------    -------------------
                         (clock clk rise edge)        0.000     0.000 r  
    N15                                               0.000     0.000 r  clk (IN)
                         net (fo=0)                   0.000     0.000    clk
    N15                  IBUF (Prop_ibuf_I_O)         1.440     1.440 r  clk_IBUF_inst/O
                         net (fo=1, routed)           1.972     3.412    clk_IBUF
    BUFGCTRL_X0Y0        BUFG (Prop_bufg_I_O)         0.096     3.508 r  clk_IBUF_BUFG_inst/O
                         net (fo=141, routed)         1.624     5.132    button_sync[0]/clk_IBUF_BUFG
    SLICE_X59Y91         FDRE                                         r  button_sync[0]/q_reg/C
  -------------------------------------------------------------------    -------------------
    SLICE_X59Y91         FDRE (Prop_fdre_C_Q)         0.456     5.588 r  button_sync[0]/q_reg/Q
                         net (fo=102, routed)         2.829     8.417    slc3/cpu/ir_reg/hex_seg_left_OBUF[0]
    SLICE_X62Y85         LUT5 (Prop_lut5_I1_O)        0.124     8.541 r  slc3/cpu/ir_reg/hex_seg_right_OBUF[4]_inst_i_1/O
                         net (fo=1, routed)           2.126    10.666    hex_seg_right_OBUF[4]
    F4                   OBUF (Prop_obuf_I_O)         2.915    13.581 r  hex_seg_right_OBUF[4]_inst/O
                         net (fo=0)                   0.000    13.581    hex_seg_right[4]
    F4                                                                r  hex_seg_right[4] (OUT)
  -------------------------------------------------------------------    -------------------





Min Delay Paths
--------------------------------------------------------------------------------------
Slack:                    inf
  Source:                 slc3/cpu/ir_reg/data_q_reg[6]/C
                            (rising edge-triggered cell FDRE clocked by clk  {rise@0.000ns fall@5.000ns period=10.000ns})
  Destination:            hex_seg_right[6]
                            (output port)
  Path Group:             (none)
  Path Type:              Min at Fast Process Corner
  Data Path Delay:        2.081ns  (logic 1.401ns (67.305%)  route 0.680ns (32.695%))
  Logic Levels:           3  (LUT5=1 LUT6=1 OBUF=1)
  Clock Uncertainty:      0.025ns  ((TSJ^2 + TIJ^2)^1/2 + DJ) / 2 + PE
    Total System Jitter     (TSJ):    0.050ns
    Total Input Jitter      (TIJ):    0.000ns
    Discrete Jitter          (DJ):    0.000ns
    Phase Error              (PE):    0.000ns

    Location             Delay type                Incr(ns)  Path(ns)    Netlist Resource(s)
  -------------------------------------------------------------------    -------------------
                         (clock clk rise edge)        0.000     0.000 r  
    N15                                               0.000     0.000 r  clk (IN)
                         net (fo=0)                   0.000     0.000    clk
    N15                  IBUF (Prop_ibuf_I_O)         0.209     0.209 r  clk_IBUF_inst/O
                         net (fo=1, routed)           0.634     0.843    clk_IBUF
    BUFGCTRL_X0Y0        BUFG (Prop_bufg_I_O)         0.026     0.869 r  clk_IBUF_BUFG_inst/O
                         net (fo=141, routed)         0.588     1.456    slc3/cpu/ir_reg/clk_IBUF_BUFG
    SLICE_X58Y84         FDRE                                         r  slc3/cpu/ir_reg/data_q_reg[6]/C
  -------------------------------------------------------------------    -------------------
    SLICE_X58Y84         FDRE (Prop_fdre_C_Q)         0.141     1.597 r  slc3/cpu/ir_reg/data_q_reg[6]/Q
                         net (fo=7, routed)           0.220     1.818    slc3/cpu/ir_reg/Q[6]
    SLICE_X63Y85         LUT6 (Prop_lut6_I4_O)        0.045     1.863 r  slc3/cpu/ir_reg/hex_seg_right_OBUF[6]_inst_i_3/O
                         net (fo=1, routed)           0.052     1.915    slc3/cpu/ir_reg/hex_seg_right_OBUF[6]_inst_i_3_n_0
    SLICE_X63Y85         LUT5 (Prop_lut5_I2_O)        0.045     1.960 r  slc3/cpu/ir_reg/hex_seg_right_OBUF[6]_inst_i_1/O
                         net (fo=1, routed)           0.408     2.368    hex_seg_right_OBUF[6]
    E5                   OBUF (Prop_obuf_I_O)         1.170     3.537 r  hex_seg_right_OBUF[6]_inst/O
                         net (fo=0)                   0.000     3.537    hex_seg_right[6]
    E5                                                                r  hex_seg_right[6] (OUT)
  -------------------------------------------------------------------    -------------------

Slack:                    inf
  Source:                 button_sync[0]/q_reg/C
                            (rising edge-triggered cell FDRE clocked by clk  {rise@0.000ns fall@5.000ns period=10.000ns})
  Destination:            hex_seg_left[0]
                            (output port)
  Path Group:             (none)
  Path Type:              Min at Fast Process Corner
  Data Path Delay:        2.146ns  (logic 1.305ns (60.793%)  route 0.841ns (39.207%))
  Logic Levels:           1  (OBUF=1)
  Clock Uncertainty:      0.025ns  ((TSJ^2 + TIJ^2)^1/2 + DJ) / 2 + PE
    Total System Jitter     (TSJ):    0.050ns
    Total Input Jitter      (TIJ):    0.000ns
    Discrete Jitter          (DJ):    0.000ns
    Phase Error              (PE):    0.000ns

    Location             Delay type                Incr(ns)  Path(ns)    Netlist Resource(s)
  -------------------------------------------------------------------    -------------------
                         (clock clk rise edge)        0.000     0.000 r  
    N15                                               0.000     0.000 r  clk (IN)
                         net (fo=0)                   0.000     0.000    clk
    N15                  IBUF (Prop_ibuf_I_O)         0.209     0.209 r  clk_IBUF_inst/O
                         net (fo=1, routed)           0.634     0.843    clk_IBUF
    BUFGCTRL_X0Y0        BUFG (Prop_bufg_I_O)         0.026     0.869 r  clk_IBUF_BUFG_inst/O
                         net (fo=141, routed)         0.591     1.459    button_sync[0]/clk_IBUF_BUFG
    SLICE_X59Y91         FDRE                                         r  button_sync[0]/q_reg/C
  -------------------------------------------------------------------    -------------------
    SLICE_X59Y91         FDRE (Prop_fdre_C_Q)         0.141     1.600 r  button_sync[0]/q_reg/Q
                         net (fo=102, routed)         0.841     2.442    hex_seg_left_OBUF[0]
    E6                   OBUF (Prop_obuf_I_O)         1.164     3.606 r  hex_seg_left_OBUF[0]_inst/O
                         net (fo=0)                   0.000     3.606    hex_seg_left[0]
    E6                                                                r  hex_seg_left[0] (OUT)
  -------------------------------------------------------------------    -------------------

Slack:                    inf
  Source:                 slc3/cpu/ir_reg/data_q_reg[7]/C
                            (rising edge-triggered cell FDRE clocked by clk  {rise@0.000ns fall@5.000ns period=10.000ns})
  Destination:            hex_seg_right[0]
                            (output port)
  Path Group:             (none)
  Path Type:              Min at Fast Process Corner
  Data Path Delay:        2.191ns  (logic 1.413ns (64.494%)  route 0.778ns (35.506%))
  Logic Levels:           3  (LUT5=1 LUT6=1 OBUF=1)
  Clock Uncertainty:      0.025ns  ((TSJ^2 + TIJ^2)^1/2 + DJ) / 2 + PE
    Total System Jitter     (TSJ):    0.050ns
    Total Input Jitter      (TIJ):    0.000ns
    Discrete Jitter          (DJ):    0.000ns
    Phase Error              (PE):    0.000ns

    Location             Delay type                Incr(ns)  Path(ns)    Netlist Resource(s)
  -------------------------------------------------------------------    -------------------
                         (clock clk rise edge)        0.000     0.000 r  
    N15                                               0.000     0.000 r  clk (IN)
                         net (fo=0)                   0.000     0.000    clk
    N15                  IBUF (Prop_ibuf_I_O)         0.209     0.209 r  clk_IBUF_inst/O
                         net (fo=1, routed)           0.634     0.843    clk_IBUF
    BUFGCTRL_X0Y0        BUFG (Prop_bufg_I_O)         0.026     0.869 r  clk_IBUF_BUFG_inst/O
                         net (fo=141, routed)         0.588     1.456    slc3/cpu/ir_reg/clk_IBUF_BUFG
    SLICE_X59Y86         FDRE                                         r  slc3/cpu/ir_reg/data_q_reg[7]/C
  -------------------------------------------------------------------    -------------------
    SLICE_X59Y86         FDRE (Prop_fdre_C_Q)         0.141     1.597 r  slc3/cpu/ir_reg/data_q_reg[7]/Q
                         net (fo=7, routed)           0.117     1.714    slc3/cpu/ir_reg/Q[7]
    SLICE_X61Y85         LUT6 (Prop_lut6_I4_O)        0.045     1.759 r  slc3/cpu/ir_reg/hex_seg_right_OBUF[0]_inst_i_3/O
                         net (fo=1, routed)           0.052     1.811    slc3/cpu/ir_reg/hex_seg_right_OBUF[0]_inst_i_3_n_0
    SLICE_X61Y85         LUT5 (Prop_lut5_I2_O)        0.045     1.856 r  slc3/cpu/ir_reg/hex_seg_right_OBUF[0]_inst_i_1/O
                         net (fo=1, routed)           0.609     2.465    hex_seg_right_OBUF[0]
    F3                   OBUF (Prop_obuf_I_O)         1.182     3.648 r  hex_seg_right_OBUF[0]_inst/O
                         net (fo=0)                   0.000     3.648    hex_seg_right[0]
    F3                                                                r  hex_seg_right[0] (OUT)
  -------------------------------------------------------------------    -------------------

Slack:                    inf
  Source:                 button_sync[0]/q_reg/C
                            (rising edge-triggered cell FDRE clocked by clk  {rise@0.000ns fall@5.000ns period=10.000ns})
  Destination:            hex_seg_left[5]
                            (output port)
  Path Group:             (none)
  Path Type:              Min at Fast Process Corner
  Data Path Delay:        2.214ns  (logic 1.310ns (59.151%)  route 0.904ns (40.849%))
  Logic Levels:           1  (OBUF=1)
  Clock Uncertainty:      0.025ns  ((TSJ^2 + TIJ^2)^1/2 + DJ) / 2 + PE
    Total System Jitter     (TSJ):    0.050ns
    Total Input Jitter      (TIJ):    0.000ns
    Discrete Jitter          (DJ):    0.000ns
    Phase Error              (PE):    0.000ns

    Location             Delay type                Incr(ns)  Path(ns)    Netlist Resource(s)
  -------------------------------------------------------------------    -------------------
                         (clock clk rise edge)        0.000     0.000 r  
    N15                                               0.000     0.000 r  clk (IN)
                         net (fo=0)                   0.000     0.000    clk
    N15                  IBUF (Prop_ibuf_I_O)         0.209     0.209 r  clk_IBUF_inst/O
                         net (fo=1, routed)           0.634     0.843    clk_IBUF
    BUFGCTRL_X0Y0        BUFG (Prop_bufg_I_O)         0.026     0.869 r  clk_IBUF_BUFG_inst/O
                         net (fo=141, routed)         0.591     1.459    button_sync[0]/clk_IBUF_BUFG
    SLICE_X59Y91         FDRE                                         r  button_sync[0]/q_reg/C
  -------------------------------------------------------------------    -------------------
    SLICE_X59Y91         FDRE (Prop_fdre_C_Q)         0.141     1.600 r  button_sync[0]/q_reg/Q
                         net (fo=102, routed)         0.904     2.505    hex_seg_left_OBUF[0]
    D6                   OBUF (Prop_obuf_I_O)         1.169     3.674 r  hex_seg_left_OBUF[5]_inst/O
                         net (fo=0)                   0.000     3.674    hex_seg_left[5]
    D6                                                                r  hex_seg_left[5] (OUT)
  -------------------------------------------------------------------    -------------------

Slack:                    inf
  Source:                 slc3/cpu/ir_reg/data_q_reg[6]/C
                            (rising edge-triggered cell FDRE clocked by clk  {rise@0.000ns fall@5.000ns period=10.000ns})
  Destination:            hex_seg_right[4]
                            (output port)
  Path Group:             (none)
  Path Type:              Min at Fast Process Corner
  Data Path Delay:        2.282ns  (logic 1.410ns (61.771%)  route 0.872ns (38.229%))
  Logic Levels:           3  (LUT5=1 LUT6=1 OBUF=1)
  Clock Uncertainty:      0.025ns  ((TSJ^2 + TIJ^2)^1/2 + DJ) / 2 + PE
    Total System Jitter     (TSJ):    0.050ns
    Total Input Jitter      (TIJ):    0.000ns
    Discrete Jitter          (DJ):    0.000ns
    Phase Error              (PE):    0.000ns

    Location             Delay type                Incr(ns)  Path(ns)    Netlist Resource(s)
  -------------------------------------------------------------------    -------------------
                         (clock clk rise edge)        0.000     0.000 r  
    N15                                               0.000     0.000 r  clk (IN)
                         net (fo=0)                   0.000     0.000    clk
    N15                  IBUF (Prop_ibuf_I_O)         0.209     0.209 r  clk_IBUF_inst/O
                         net (fo=1, routed)           0.634     0.843    clk_IBUF
    BUFGCTRL_X0Y0        BUFG (Prop_bufg_I_O)         0.026     0.869 r  clk_IBUF_BUFG_inst/O
                         net (fo=141, routed)         0.588     1.456    slc3/cpu/ir_reg/clk_IBUF_BUFG
    SLICE_X58Y84         FDRE                                         r  slc3/cpu/ir_reg/data_q_reg[6]/C
  -------------------------------------------------------------------    -------------------
    SLICE_X58Y84         FDRE (Prop_fdre_C_Q)         0.141     1.597 r  slc3/cpu/ir_reg/data_q_reg[6]/Q
                         net (fo=7, routed)           0.266     1.864    slc3/cpu/ir_reg/Q[6]
    SLICE_X62Y85         LUT6 (Prop_lut6_I0_O)        0.045     1.909 r  slc3/cpu/ir_reg/hex_seg_right_OBUF[4]_inst_i_3/O
                         net (fo=1, routed)           0.059     1.968    slc3/cpu/ir_reg/hex_seg_right_OBUF[4]_inst_i_3_n_0
    SLICE_X62Y85         LUT5 (Prop_lut5_I2_O)        0.045     2.013 r  slc3/cpu/ir_reg/hex_seg_right_OBUF[4]_inst_i_1/O
                         net (fo=1, routed)           0.547     2.560    hex_seg_right_OBUF[4]
    F4                   OBUF (Prop_obuf_I_O)         1.179     3.738 r  hex_seg_right_OBUF[4]_inst/O
                         net (fo=0)                   0.000     3.738    hex_seg_right[4]
    F4                                                                r  hex_seg_right[4] (OUT)
  -------------------------------------------------------------------    -------------------

Slack:                    inf
  Source:                 slc3/cpu/ir_reg/data_q_reg[12]_lopt_replica/C
                            (rising edge-triggered cell FDRE clocked by clk  {rise@0.000ns fall@5.000ns period=10.000ns})
  Destination:            led_o[12]
                            (output port)
  Path Group:             (none)
  Path Type:              Min at Fast Process Corner
  Data Path Delay:        2.284ns  (logic 1.371ns (60.045%)  route 0.913ns (39.955%))
  Logic Levels:           1  (OBUF=1)
  Clock Uncertainty:      0.025ns  ((TSJ^2 + TIJ^2)^1/2 + DJ) / 2 + PE
    Total System Jitter     (TSJ):    0.050ns
    Total Input Jitter      (TIJ):    0.000ns
    Discrete Jitter          (DJ):    0.000ns
    Phase Error              (PE):    0.000ns

    Location             Delay type                Incr(ns)  Path(ns)    Netlist Resource(s)
  -------------------------------------------------------------------    -------------------
                         (clock clk rise edge)        0.000     0.000 r  
    N15                                               0.000     0.000 r  clk (IN)
                         net (fo=0)                   0.000     0.000    clk
    N15                  IBUF (Prop_ibuf_I_O)         0.209     0.209 r  clk_IBUF_inst/O
                         net (fo=1, routed)           0.634     0.843    clk_IBUF
    BUFGCTRL_X0Y0        BUFG (Prop_bufg_I_O)         0.026     0.869 r  clk_IBUF_BUFG_inst/O
                         net (fo=141, routed)         0.589     1.457    slc3/cpu/ir_reg/clk_IBUF_BUFG
    SLICE_X58Y87         FDRE                                         r  slc3/cpu/ir_reg/data_q_reg[12]_lopt_replica/C
  -------------------------------------------------------------------    -------------------
    SLICE_X58Y87         FDRE (Prop_fdre_C_Q)         0.141     1.598 r  slc3/cpu/ir_reg/data_q_reg[12]_lopt_replica/Q
                         net (fo=1, routed)           0.913     2.511    lopt_3
    C18                  OBUF (Prop_obuf_I_O)         1.230     3.741 r  led_o_OBUF[12]_inst/O
                         net (fo=0)                   0.000     3.741    led_o[12]
    C18                                                               r  led_o[12] (OUT)
  -------------------------------------------------------------------    -------------------

Slack:                    inf
  Source:                 button_sync[0]/q_reg/C
                            (rising edge-triggered cell FDRE clocked by clk  {rise@0.000ns fall@5.000ns period=10.000ns})
  Destination:            hex_seg_left[2]
                            (output port)
  Path Group:             (none)
  Path Type:              Min at Fast Process Corner
  Data Path Delay:        2.288ns  (logic 1.314ns (57.436%)  route 0.974ns (42.564%))
  Logic Levels:           1  (OBUF=1)
  Clock Uncertainty:      0.025ns  ((TSJ^2 + TIJ^2)^1/2 + DJ) / 2 + PE
    Total System Jitter     (TSJ):    0.050ns
    Total Input Jitter      (TIJ):    0.000ns
    Discrete Jitter          (DJ):    0.000ns
    Phase Error              (PE):    0.000ns

    Location             Delay type                Incr(ns)  Path(ns)    Netlist Resource(s)
  -------------------------------------------------------------------    -------------------
                         (clock clk rise edge)        0.000     0.000 r  
    N15                                               0.000     0.000 r  clk (IN)
                         net (fo=0)                   0.000     0.000    clk
    N15                  IBUF (Prop_ibuf_I_O)         0.209     0.209 r  clk_IBUF_inst/O
                         net (fo=1, routed)           0.634     0.843    clk_IBUF
    BUFGCTRL_X0Y0        BUFG (Prop_bufg_I_O)         0.026     0.869 r  clk_IBUF_BUFG_inst/O
                         net (fo=141, routed)         0.591     1.459    button_sync[0]/clk_IBUF_BUFG
    SLICE_X59Y91         FDRE                                         r  button_sync[0]/q_reg/C
  -------------------------------------------------------------------    -------------------
    SLICE_X59Y91         FDRE (Prop_fdre_C_Q)         0.141     1.600 r  button_sync[0]/q_reg/Q
                         net (fo=102, routed)         0.974     2.574    hex_seg_left_OBUF[0]
    D5                   OBUF (Prop_obuf_I_O)         1.173     3.747 r  hex_seg_left_OBUF[2]_inst/O
                         net (fo=0)                   0.000     3.747    hex_seg_left[2]
    D5                                                                r  hex_seg_left[2] (OUT)
  -------------------------------------------------------------------    -------------------

Slack:                    inf
  Source:                 slc3/io_bridge/hex_o/counter_reg[15]/C
                            (rising edge-triggered cell FDRE clocked by clk  {rise@0.000ns fall@5.000ns period=10.000ns})
  Destination:            hex_grid_left[2]
                            (output port)
  Path Group:             (none)
  Path Type:              Min at Fast Process Corner
  Data Path Delay:        2.289ns  (logic 1.361ns (59.475%)  route 0.928ns (40.525%))
  Logic Levels:           2  (LUT3=1 OBUF=1)
  Clock Uncertainty:      0.025ns  ((TSJ^2 + TIJ^2)^1/2 + DJ) / 2 + PE
    Total System Jitter     (TSJ):    0.050ns
    Total Input Jitter      (TIJ):    0.000ns
    Discrete Jitter          (DJ):    0.000ns
    Phase Error              (PE):    0.000ns

    Location             Delay type                Incr(ns)  Path(ns)    Netlist Resource(s)
  -------------------------------------------------------------------    -------------------
                         (clock clk rise edge)        0.000     0.000 r  
    N15                                               0.000     0.000 r  clk (IN)
                         net (fo=0)                   0.000     0.000    clk
    N15                  IBUF (Prop_ibuf_I_O)         0.209     0.209 r  clk_IBUF_inst/O
                         net (fo=1, routed)           0.634     0.843    clk_IBUF
    BUFGCTRL_X0Y0        BUFG (Prop_bufg_I_O)         0.026     0.869 r  clk_IBUF_BUFG_inst/O
                         net (fo=141, routed)         0.592     1.460    slc3/io_bridge/hex_o/clk_IBUF_BUFG
    SLICE_X63Y92         FDRE                                         r  slc3/io_bridge/hex_o/counter_reg[15]/C
  -------------------------------------------------------------------    -------------------
    SLICE_X63Y92         FDRE (Prop_fdre_C_Q)         0.141     1.601 r  slc3/io_bridge/hex_o/counter_reg[15]/Q
                         net (fo=33, routed)          0.577     2.178    slc3/io_bridge/hex_o/S[0]
    SLICE_X64Y83         LUT3 (Prop_lut3_I2_O)        0.045     2.223 r  slc3/io_bridge/hex_o/hex_grid_left_OBUF[2]_inst_i_1/O
                         net (fo=2, routed)           0.351     2.574    hex_grid_right_OBUF[2]
    C3                   OBUF (Prop_obuf_I_O)         1.175     3.749 r  hex_grid_left_OBUF[2]_inst/O
                         net (fo=0)                   0.000     3.749    hex_grid_left[2]
    C3                                                                r  hex_grid_left[2] (OUT)
  -------------------------------------------------------------------    -------------------

Slack:                    inf
  Source:                 button_sync[0]/q_reg/C
                            (rising edge-triggered cell FDRE clocked by clk  {rise@0.000ns fall@5.000ns period=10.000ns})
  Destination:            hex_seg_left[4]
                            (output port)
  Path Group:             (none)
  Path Type:              Min at Fast Process Corner
  Data Path Delay:        2.292ns  (logic 1.321ns (57.628%)  route 0.971ns (42.372%))
  Logic Levels:           1  (OBUF=1)
  Clock Uncertainty:      0.025ns  ((TSJ^2 + TIJ^2)^1/2 + DJ) / 2 + PE
    Total System Jitter     (TSJ):    0.050ns
    Total Input Jitter      (TIJ):    0.000ns
    Discrete Jitter          (DJ):    0.000ns
    Phase Error              (PE):    0.000ns

    Location             Delay type                Incr(ns)  Path(ns)    Netlist Resource(s)
  -------------------------------------------------------------------    -------------------
                         (clock clk rise edge)        0.000     0.000 r  
    N15                                               0.000     0.000 r  clk (IN)
                         net (fo=0)                   0.000     0.000    clk
    N15                  IBUF (Prop_ibuf_I_O)         0.209     0.209 r  clk_IBUF_inst/O
                         net (fo=1, routed)           0.634     0.843    clk_IBUF
    BUFGCTRL_X0Y0        BUFG (Prop_bufg_I_O)         0.026     0.869 r  clk_IBUF_BUFG_inst/O
                         net (fo=141, routed)         0.591     1.459    button_sync[0]/clk_IBUF_BUFG
    SLICE_X59Y91         FDRE                                         r  button_sync[0]/q_reg/C
  -------------------------------------------------------------------    -------------------
    SLICE_X59Y91         FDRE (Prop_fdre_C_Q)         0.141     1.600 r  button_sync[0]/q_reg/Q
                         net (fo=102, routed)         0.971     2.571    hex_seg_left_OBUF[0]
    D7                   OBUF (Prop_obuf_I_O)         1.180     3.751 r  hex_seg_left_OBUF[4]_inst/O
                         net (fo=0)                   0.000     3.751    hex_seg_left[4]
    D7                                                                r  hex_seg_left[4] (OUT)
  -------------------------------------------------------------------    -------------------

Slack:                    inf
  Source:                 button_sync[0]/q_reg/C
                            (rising edge-triggered cell FDRE clocked by clk  {rise@0.000ns fall@5.000ns period=10.000ns})
  Destination:            hex_seg_left[3]
                            (output port)
  Path Group:             (none)
  Path Type:              Min at Fast Process Corner
  Data Path Delay:        2.343ns  (logic 1.313ns (56.030%)  route 1.030ns (43.970%))
  Logic Levels:           1  (OBUF=1)
  Clock Uncertainty:      0.025ns  ((TSJ^2 + TIJ^2)^1/2 + DJ) / 2 + PE
    Total System Jitter     (TSJ):    0.050ns
    Total Input Jitter      (TIJ):    0.000ns
    Discrete Jitter          (DJ):    0.000ns
    Phase Error              (PE):    0.000ns

    Location             Delay type                Incr(ns)  Path(ns)    Netlist Resource(s)
  -------------------------------------------------------------------    -------------------
                         (clock clk rise edge)        0.000     0.000 r  
    N15                                               0.000     0.000 r  clk (IN)
                         net (fo=0)                   0.000     0.000    clk
    N15                  IBUF (Prop_ibuf_I_O)         0.209     0.209 r  clk_IBUF_inst/O
                         net (fo=1, routed)           0.634     0.843    clk_IBUF
    BUFGCTRL_X0Y0        BUFG (Prop_bufg_I_O)         0.026     0.869 r  clk_IBUF_BUFG_inst/O
                         net (fo=141, routed)         0.591     1.459    button_sync[0]/clk_IBUF_BUFG
    SLICE_X59Y91         FDRE                                         r  button_sync[0]/q_reg/C
  -------------------------------------------------------------------    -------------------
    SLICE_X59Y91         FDRE (Prop_fdre_C_Q)         0.141     1.600 r  button_sync[0]/q_reg/Q
                         net (fo=102, routed)         1.030     2.631    hex_seg_left_OBUF[0]
    C5                   OBUF (Prop_obuf_I_O)         1.172     3.802 r  hex_seg_left_OBUF[3]_inst/O
                         net (fo=0)                   0.000     3.802    hex_seg_left[3]
    C5                                                                r  hex_seg_left[3] (OUT)
  -------------------------------------------------------------------    -------------------





--------------------------------------------------------------------------------------
Path Group:  (none)
From Clock:  
  To Clock:  clk

Max Delay             3 Endpoints
Min Delay             3 Endpoints
--------------------------------------------------------------------------------------


Max Delay Paths
--------------------------------------------------------------------------------------
Slack:                    inf
  Source:                 continue_i
                            (input port)
  Destination:            button_sync[1]/ff1_reg/D
                            (rising edge-triggered cell FDRE clocked by clk  {rise@0.000ns fall@5.000ns period=10.000ns})
  Path Group:             (none)
  Path Type:              Setup (Max at Slow Process Corner)
  Data Path Delay:        3.437ns  (logic 1.325ns (38.562%)  route 2.111ns (61.438%))
  Logic Levels:           1  (IBUF=1)
  Clock Path Skew:        4.836ns (DCD - SCD + CPR)
    Destination Clock Delay (DCD):    4.836ns
    Source Clock Delay      (SCD):    0.000ns
    Clock Pessimism Removal (CPR):    0.000ns
  Clock Uncertainty:      0.025ns  ((TSJ^2 + TIJ^2)^1/2 + DJ) / 2 + PE
    Total System Jitter     (TSJ):    0.050ns
    Total Input Jitter      (TIJ):    0.000ns
    Discrete Jitter          (DJ):    0.000ns
    Phase Error              (PE):    0.000ns

    Location             Delay type                Incr(ns)  Path(ns)    Netlist Resource(s)
  -------------------------------------------------------------------    -------------------
    G2                                                0.000     0.000 r  continue_i (IN)
                         net (fo=0)                   0.000     0.000    continue_i
    G2                   IBUF (Prop_ibuf_I_O)         1.325     1.325 r  continue_i_IBUF_inst/O
                         net (fo=1, routed)           2.111     3.437    button_sync[1]/continue_i_IBUF
    SLICE_X60Y91         FDRE                                         r  button_sync[1]/ff1_reg/D
  -------------------------------------------------------------------    -------------------

                         (clock clk rise edge)        0.000     0.000 r  
    N15                                               0.000     0.000 r  clk (IN)
                         net (fo=0)                   0.000     0.000    clk
    N15                  IBUF (Prop_ibuf_I_O)         1.370     1.370 r  clk_IBUF_inst/O
                         net (fo=1, routed)           1.868     3.238    clk_IBUF
    BUFGCTRL_X0Y0        BUFG (Prop_bufg_I_O)         0.091     3.329 r  clk_IBUF_BUFG_inst/O
                         net (fo=141, routed)         1.507     4.836    button_sync[1]/clk_IBUF_BUFG
    SLICE_X60Y91         FDRE                                         r  button_sync[1]/ff1_reg/C

Slack:                    inf
  Source:                 run_i
                            (input port)
  Destination:            button_sync[2]/ff1_reg/D
                            (rising edge-triggered cell FDRE clocked by clk  {rise@0.000ns fall@5.000ns period=10.000ns})
  Path Group:             (none)
  Path Type:              Setup (Max at Slow Process Corner)
  Data Path Delay:        3.405ns  (logic 1.322ns (38.814%)  route 2.083ns (61.186%))
  Logic Levels:           1  (IBUF=1)
  Clock Path Skew:        4.836ns (DCD - SCD + CPR)
    Destination Clock Delay (DCD):    4.836ns
    Source Clock Delay      (SCD):    0.000ns
    Clock Pessimism Removal (CPR):    0.000ns
  Clock Uncertainty:      0.025ns  ((TSJ^2 + TIJ^2)^1/2 + DJ) / 2 + PE
    Total System Jitter     (TSJ):    0.050ns
    Total Input Jitter      (TIJ):    0.000ns
    Discrete Jitter          (DJ):    0.000ns
    Phase Error              (PE):    0.000ns

    Location             Delay type                Incr(ns)  Path(ns)    Netlist Resource(s)
  -------------------------------------------------------------------    -------------------
    J1                                                0.000     0.000 r  run_i (IN)
                         net (fo=0)                   0.000     0.000    run_i
    J1                   IBUF (Prop_ibuf_I_O)         1.322     1.322 r  run_i_IBUF_inst/O
                         net (fo=1, routed)           2.083     3.405    button_sync[2]/run_i_IBUF
    SLICE_X60Y91         FDRE                                         r  button_sync[2]/ff1_reg/D
  -------------------------------------------------------------------    -------------------

                         (clock clk rise edge)        0.000     0.000 r  
    N15                                               0.000     0.000 r  clk (IN)
                         net (fo=0)                   0.000     0.000    clk
    N15                  IBUF (Prop_ibuf_I_O)         1.370     1.370 r  clk_IBUF_inst/O
                         net (fo=1, routed)           1.868     3.238    clk_IBUF
    BUFGCTRL_X0Y0        BUFG (Prop_bufg_I_O)         0.091     3.329 r  clk_IBUF_BUFG_inst/O
                         net (fo=141, routed)         1.507     4.836    button_sync[2]/clk_IBUF_BUFG
    SLICE_X60Y91         FDRE                                         r  button_sync[2]/ff1_reg/C

Slack:                    inf
  Source:                 reset
                            (input port)
  Destination:            button_sync[0]/ff1_reg/D
                            (rising edge-triggered cell FDRE clocked by clk  {rise@0.000ns fall@5.000ns period=10.000ns})
  Path Group:             (none)
  Path Type:              Setup (Max at Slow Process Corner)
  Data Path Delay:        3.374ns  (logic 1.316ns (39.016%)  route 2.058ns (60.984%))
  Logic Levels:           1  (IBUF=1)
  Clock Path Skew:        4.836ns (DCD - SCD + CPR)
    Destination Clock Delay (DCD):    4.836ns
    Source Clock Delay      (SCD):    0.000ns
    Clock Pessimism Removal (CPR):    0.000ns
  Clock Uncertainty:      0.025ns  ((TSJ^2 + TIJ^2)^1/2 + DJ) / 2 + PE
    Total System Jitter     (TSJ):    0.050ns
    Total Input Jitter      (TIJ):    0.000ns
    Discrete Jitter          (DJ):    0.000ns
    Phase Error              (PE):    0.000ns

    Location             Delay type                Incr(ns)  Path(ns)    Netlist Resource(s)
  -------------------------------------------------------------------    -------------------
    J2                                                0.000     0.000 r  reset (IN)
                         net (fo=0)                   0.000     0.000    reset
    J2                   IBUF (Prop_ibuf_I_O)         1.316     1.316 r  reset_IBUF_inst/O
                         net (fo=1, routed)           2.058     3.374    button_sync[0]/reset_IBUF
    SLICE_X60Y91         FDRE                                         r  button_sync[0]/ff1_reg/D
  -------------------------------------------------------------------    -------------------

                         (clock clk rise edge)        0.000     0.000 r  
    N15                                               0.000     0.000 r  clk (IN)
                         net (fo=0)                   0.000     0.000    clk
    N15                  IBUF (Prop_ibuf_I_O)         1.370     1.370 r  clk_IBUF_inst/O
                         net (fo=1, routed)           1.868     3.238    clk_IBUF
    BUFGCTRL_X0Y0        BUFG (Prop_bufg_I_O)         0.091     3.329 r  clk_IBUF_BUFG_inst/O
                         net (fo=141, routed)         1.507     4.836    button_sync[0]/clk_IBUF_BUFG
    SLICE_X60Y91         FDRE                                         r  button_sync[0]/ff1_reg/C





Min Delay Paths
--------------------------------------------------------------------------------------
Slack:                    inf
  Source:                 reset
                            (input port)
  Destination:            button_sync[0]/ff1_reg/D
                            (rising edge-triggered cell FDRE clocked by clk  {rise@0.000ns fall@5.000ns period=10.000ns})
  Path Group:             (none)
  Path Type:              Hold (Min at Fast Process Corner)
  Data Path Delay:        1.210ns  (logic 0.394ns (32.518%)  route 0.817ns (67.482%))
  Logic Levels:           1  (IBUF=1)
  Clock Path Skew:        1.974ns (DCD - SCD - CPR)
    Destination Clock Delay (DCD):    1.974ns
    Source Clock Delay      (SCD):    0.000ns
    Clock Pessimism Removal (CPR):    -0.000ns

    Location             Delay type                Incr(ns)  Path(ns)    Netlist Resource(s)
  -------------------------------------------------------------------    -------------------
    J2                                                0.000     0.000 r  reset (IN)
                         net (fo=0)                   0.000     0.000    reset
    J2                   IBUF (Prop_ibuf_I_O)         0.394     0.394 r  reset_IBUF_inst/O
                         net (fo=1, routed)           0.817     1.210    button_sync[0]/reset_IBUF
    SLICE_X60Y91         FDRE                                         r  button_sync[0]/ff1_reg/D
  -------------------------------------------------------------------    -------------------

                         (clock clk rise edge)        0.000     0.000 r  
    N15                                               0.000     0.000 r  clk (IN)
                         net (fo=0)                   0.000     0.000    clk
    N15                  IBUF (Prop_ibuf_I_O)         0.396     0.396 r  clk_IBUF_inst/O
                         net (fo=1, routed)           0.689     1.085    clk_IBUF
    BUFGCTRL_X0Y0        BUFG (Prop_bufg_I_O)         0.029     1.114 r  clk_IBUF_BUFG_inst/O
                         net (fo=141, routed)         0.860     1.974    button_sync[0]/clk_IBUF_BUFG
    SLICE_X60Y91         FDRE                                         r  button_sync[0]/ff1_reg/C

Slack:                    inf
  Source:                 run_i
                            (input port)
  Destination:            button_sync[2]/ff1_reg/D
                            (rising edge-triggered cell FDRE clocked by clk  {rise@0.000ns fall@5.000ns period=10.000ns})
  Path Group:             (none)
  Path Type:              Hold (Min at Fast Process Corner)
  Data Path Delay:        1.238ns  (logic 0.399ns (32.197%)  route 0.839ns (67.803%))
  Logic Levels:           1  (IBUF=1)
  Clock Path Skew:        1.974ns (DCD - SCD - CPR)
    Destination Clock Delay (DCD):    1.974ns
    Source Clock Delay      (SCD):    0.000ns
    Clock Pessimism Removal (CPR):    -0.000ns

    Location             Delay type                Incr(ns)  Path(ns)    Netlist Resource(s)
  -------------------------------------------------------------------    -------------------
    J1                                                0.000     0.000 r  run_i (IN)
                         net (fo=0)                   0.000     0.000    run_i
    J1                   IBUF (Prop_ibuf_I_O)         0.399     0.399 r  run_i_IBUF_inst/O
                         net (fo=1, routed)           0.839     1.238    button_sync[2]/run_i_IBUF
    SLICE_X60Y91         FDRE                                         r  button_sync[2]/ff1_reg/D
  -------------------------------------------------------------------    -------------------

                         (clock clk rise edge)        0.000     0.000 r  
    N15                                               0.000     0.000 r  clk (IN)
                         net (fo=0)                   0.000     0.000    clk
    N15                  IBUF (Prop_ibuf_I_O)         0.396     0.396 r  clk_IBUF_inst/O
                         net (fo=1, routed)           0.689     1.085    clk_IBUF
    BUFGCTRL_X0Y0        BUFG (Prop_bufg_I_O)         0.029     1.114 r  clk_IBUF_BUFG_inst/O
                         net (fo=141, routed)         0.860     1.974    button_sync[2]/clk_IBUF_BUFG
    SLICE_X60Y91         FDRE                                         r  button_sync[2]/ff1_reg/C

Slack:                    inf
  Source:                 continue_i
                            (input port)
  Destination:            button_sync[1]/ff1_reg/D
                            (rising edge-triggered cell FDRE clocked by clk  {rise@0.000ns fall@5.000ns period=10.000ns})
  Path Group:             (none)
  Path Type:              Hold (Min at Fast Process Corner)
  Data Path Delay:        1.275ns  (logic 0.402ns (31.556%)  route 0.872ns (68.444%))
  Logic Levels:           1  (IBUF=1)
  Clock Path Skew:        1.974ns (DCD - SCD - CPR)
    Destination Clock Delay (DCD):    1.974ns
    Source Clock Delay      (SCD):    0.000ns
    Clock Pessimism Removal (CPR):    -0.000ns

    Location             Delay type                Incr(ns)  Path(ns)    Netlist Resource(s)
  -------------------------------------------------------------------    -------------------
    G2                                                0.000     0.000 r  continue_i (IN)
                         net (fo=0)                   0.000     0.000    continue_i
    G2                   IBUF (Prop_ibuf_I_O)         0.402     0.402 r  continue_i_IBUF_inst/O
                         net (fo=1, routed)           0.872     1.275    button_sync[1]/continue_i_IBUF
    SLICE_X60Y91         FDRE                                         r  button_sync[1]/ff1_reg/D
  -------------------------------------------------------------------    -------------------

                         (clock clk rise edge)        0.000     0.000 r  
    N15                                               0.000     0.000 r  clk (IN)
                         net (fo=0)                   0.000     0.000    clk
    N15                  IBUF (Prop_ibuf_I_O)         0.396     0.396 r  clk_IBUF_inst/O
                         net (fo=1, routed)           0.689     1.085    clk_IBUF
    BUFGCTRL_X0Y0        BUFG (Prop_bufg_I_O)         0.029     1.114 r  clk_IBUF_BUFG_inst/O
                         net (fo=141, routed)         0.860     1.974    button_sync[1]/clk_IBUF_BUFG
    SLICE_X60Y91         FDRE                                         r  button_sync[1]/ff1_reg/C





