TRACE::2025-03-26.16:38:23::SCWPlatform::Trying to open the hw design at D:/School/UIUC_ECE385_SP25/lab6_2/sdk/mb_usb_hdmi_top/hw/mb_usb_hdmi_top.xsa
TRACE::2025-03-26.16:38:23::SCWPlatform::DSA given D:/School/UIUC_ECE385_SP25/lab6_2/sdk/mb_usb_hdmi_top/hw/mb_usb_hdmi_top.xsa
TRACE::2025-03-26.16:38:23::SCWPlatform::DSA absoulate path D:/School/UIUC_ECE385_SP25/lab6_2/sdk/mb_usb_hdmi_top/hw/mb_usb_hdmi_top.xsa
TRACE::2025-03-26.16:38:23::SCWPlatform::DSA directory D:/School/UIUC_ECE385_SP25/lab6_2/sdk/mb_usb_hdmi_top/hw
TRACE::2025-03-26.16:38:23::SCWPlatform:: Platform Path D:/School/UIUC_ECE385_SP25/lab6_2/sdk/mb_usb_hdmi_top/hw/mb_usb_hdmi_top.xsa
TRACE::2025-03-26.16:38:23::SCWPlatform:: Unique name xilinx:::0.0
TRACE::2025-03-26.16:38:23::SCWPlatform::Do not have an existing db opened. 
TRACE::2025-03-26.16:38:23::SCWPlatform::Opened new HwDB with name mb_usb_hdmi_top_0
TRACE::2025-03-26.16:38:23::SCWWriter::formatted JSON is {
	"platformName":	"mb_usb_hdmi_top",
	"sprVersion":	"2.0",
	"mode":	"gui",
	"dsaType":	"Fixed",
	"platformDesc":	"mb_usb_hdmi_top",
	"platHandOff":	"D:/School/UIUC_ECE385_SP25/lab6_2/mb_usb_hdmi_top.xsa",
	"platIntHandOff":	"<platformDir>/hw/mb_usb_hdmi_top.xsa",
	"deviceType":	"FPGA",
	"platIsPrebuiltAutogen":	"false",
	"platIsNoBootBsp":	"false",
	"hasFsblMakeHasChanges":	"false",
	"hasPmufwMakeHasChanges":	"false",
	"platPreBuiltFlag":	false,
	"platformSamplesDir":	""
}
TRACE::2025-03-26.16:38:23::SCWWriter::formatted JSON is {
	"platformName":	"mb_usb_hdmi_top",
	"sprVersion":	"2.0",
	"mode":	"gui",
	"dsaType":	"Fixed",
	"platformDesc":	"mb_usb_hdmi_top",
	"platHandOff":	"D:/School/UIUC_ECE385_SP25/lab6_2/mb_usb_hdmi_top.xsa",
	"platIntHandOff":	"<platformDir>/hw/mb_usb_hdmi_top.xsa",
	"deviceType":	"FPGA",
	"platIsPrebuiltAutogen":	"false",
	"platIsNoBootBsp":	"false",
	"hasFsblMakeHasChanges":	"false",
	"hasPmufwMakeHasChanges":	"false",
	"platPreBuiltFlag":	false,
	"platformSamplesDir":	"",
	"platActiveSys":	"mb_usb_hdmi_top",
	"systems":	[{
			"systemName":	"mb_usb_hdmi_top",
			"systemDesc":	"mb_usb_hdmi_top",
			"sysIsBootAutoGen":	"true",
			"systemDispName":	"mb_usb_hdmi_top"
		}]
}
TRACE::2025-03-26.16:38:23::SCWPlatform::Boot application domains not present, creating them
TRACE::2025-03-26.16:38:23::SCWPlatform::Pure FPGA device, no boot application will be created.
TRACE::2025-03-26.16:38:23::SCWWriter::formatted JSON is {
	"platformName":	"mb_usb_hdmi_top",
	"sprVersion":	"2.0",
	"mode":	"gui",
	"dsaType":	"Fixed",
	"platformDesc":	"mb_usb_hdmi_top",
	"platHandOff":	"D:/School/UIUC_ECE385_SP25/lab6_2/mb_usb_hdmi_top.xsa",
	"platIntHandOff":	"<platformDir>/hw/mb_usb_hdmi_top.xsa",
	"deviceType":	"FPGA",
	"platIsPrebuiltAutogen":	"false",
	"platIsNoBootBsp":	"false",
	"hasFsblMakeHasChanges":	"false",
	"hasPmufwMakeHasChanges":	"false",
	"platPreBuiltFlag":	false,
	"platformSamplesDir":	"",
	"platActiveSys":	"mb_usb_hdmi_top",
	"systems":	[{
			"systemName":	"mb_usb_hdmi_top",
			"systemDesc":	"mb_usb_hdmi_top",
			"sysIsBootAutoGen":	"true",
			"systemDispName":	"mb_usb_hdmi_top"
		}]
}
TRACE::2025-03-26.16:38:23::SCWWriter::formatted JSON is {
	"platformName":	"mb_usb_hdmi_top",
	"sprVersion":	"2.0",
	"mode":	"gui",
	"dsaType":	"Fixed",
	"platformDesc":	"mb_usb_hdmi_top",
	"platHandOff":	"D:/School/UIUC_ECE385_SP25/lab6_2/mb_usb_hdmi_top.xsa",
	"platIntHandOff":	"<platformDir>/hw/mb_usb_hdmi_top.xsa",
	"deviceType":	"FPGA",
	"platIsPrebuiltAutogen":	"false",
	"platIsNoBootBsp":	"false",
	"hasFsblMakeHasChanges":	"false",
	"hasPmufwMakeHasChanges":	"false",
	"platPreBuiltFlag":	false,
	"platformSamplesDir":	"",
	"platActiveSys":	"mb_usb_hdmi_top",
	"systems":	[{
			"systemName":	"mb_usb_hdmi_top",
			"systemDesc":	"mb_usb_hdmi_top",
			"sysIsBootAutoGen":	"true",
			"systemDispName":	"mb_usb_hdmi_top"
		}]
}
TRACE::2025-03-26.16:38:23::SCWPlatform::Trying to open the hw design at D:/School/UIUC_ECE385_SP25/lab6_2/sdk/mb_usb_hdmi_top/hw/mb_usb_hdmi_top.xsa
TRACE::2025-03-26.16:38:23::SCWPlatform::DSA given D:/School/UIUC_ECE385_SP25/lab6_2/sdk/mb_usb_hdmi_top/hw/mb_usb_hdmi_top.xsa
TRACE::2025-03-26.16:38:23::SCWPlatform::DSA absoulate path D:/School/UIUC_ECE385_SP25/lab6_2/sdk/mb_usb_hdmi_top/hw/mb_usb_hdmi_top.xsa
TRACE::2025-03-26.16:38:23::SCWPlatform::DSA directory D:/School/UIUC_ECE385_SP25/lab6_2/sdk/mb_usb_hdmi_top/hw
TRACE::2025-03-26.16:38:23::SCWPlatform:: Platform Path D:/School/UIUC_ECE385_SP25/lab6_2/sdk/mb_usb_hdmi_top/hw/mb_usb_hdmi_top.xsa
TRACE::2025-03-26.16:38:23::SCWPlatform:: Unique name xilinx:::0.0
TRACE::2025-03-26.16:38:23::SCWPlatform::Trying to set the existing hwdb with name mb_usb_hdmi_top_0
TRACE::2025-03-26.16:38:23::SCWPlatform::Opened existing hwdb mb_usb_hdmi_top_0
TRACE::2025-03-26.16:38:23::SCWPlatform::Found the Hw Db part of the input DSA
TRACE::2025-03-26.16:38:23::SCWPlatform::Trying to open the hw design at D:/School/UIUC_ECE385_SP25/lab6_2/sdk/mb_usb_hdmi_top/hw/mb_usb_hdmi_top.xsa
TRACE::2025-03-26.16:38:23::SCWPlatform::DSA given D:/School/UIUC_ECE385_SP25/lab6_2/sdk/mb_usb_hdmi_top/hw/mb_usb_hdmi_top.xsa
TRACE::2025-03-26.16:38:23::SCWPlatform::DSA absoulate path D:/School/UIUC_ECE385_SP25/lab6_2/sdk/mb_usb_hdmi_top/hw/mb_usb_hdmi_top.xsa
TRACE::2025-03-26.16:38:23::SCWPlatform::DSA directory D:/School/UIUC_ECE385_SP25/lab6_2/sdk/mb_usb_hdmi_top/hw
TRACE::2025-03-26.16:38:23::SCWPlatform:: Platform Path D:/School/UIUC_ECE385_SP25/lab6_2/sdk/mb_usb_hdmi_top/hw/mb_usb_hdmi_top.xsa
TRACE::2025-03-26.16:38:23::SCWPlatform:: Unique name xilinx:::0.0
TRACE::2025-03-26.16:38:23::SCWPlatform::Trying to set the existing hwdb with name mb_usb_hdmi_top_0
TRACE::2025-03-26.16:38:23::SCWPlatform::Opened existing hwdb mb_usb_hdmi_top_0
TRACE::2025-03-26.16:38:23::SCWPlatform::Found the Hw Db part of the input DSA
TRACE::2025-03-26.16:38:23::SCWDomain::checking for install qemu data   : 
TRACE::2025-03-26.16:38:23::SCWPlatform::Trying to open the hw design at D:/School/UIUC_ECE385_SP25/lab6_2/sdk/mb_usb_hdmi_top/hw/mb_usb_hdmi_top.xsa
TRACE::2025-03-26.16:38:23::SCWPlatform::DSA given D:/School/UIUC_ECE385_SP25/lab6_2/sdk/mb_usb_hdmi_top/hw/mb_usb_hdmi_top.xsa
TRACE::2025-03-26.16:38:23::SCWPlatform::DSA absoulate path D:/School/UIUC_ECE385_SP25/lab6_2/sdk/mb_usb_hdmi_top/hw/mb_usb_hdmi_top.xsa
TRACE::2025-03-26.16:38:23::SCWPlatform::DSA directory D:/School/UIUC_ECE385_SP25/lab6_2/sdk/mb_usb_hdmi_top/hw
TRACE::2025-03-26.16:38:23::SCWPlatform:: Platform Path D:/School/UIUC_ECE385_SP25/lab6_2/sdk/mb_usb_hdmi_top/hw/mb_usb_hdmi_top.xsa
TRACE::2025-03-26.16:38:23::SCWPlatform:: Unique name xilinx:::0.0
TRACE::2025-03-26.16:38:23::SCWPlatform::Trying to set the existing hwdb with name mb_usb_hdmi_top_0
TRACE::2025-03-26.16:38:23::SCWPlatform::Opened existing hwdb mb_usb_hdmi_top_0
TRACE::2025-03-26.16:38:23::SCWPlatform::Found the Hw Db part of the input DSA
TRACE::2025-03-26.16:38:23::SCWPlatform::Trying to open the hw design at D:/School/UIUC_ECE385_SP25/lab6_2/sdk/mb_usb_hdmi_top/hw/mb_usb_hdmi_top.xsa
TRACE::2025-03-26.16:38:23::SCWPlatform::DSA given D:/School/UIUC_ECE385_SP25/lab6_2/sdk/mb_usb_hdmi_top/hw/mb_usb_hdmi_top.xsa
TRACE::2025-03-26.16:38:23::SCWPlatform::DSA absoulate path D:/School/UIUC_ECE385_SP25/lab6_2/sdk/mb_usb_hdmi_top/hw/mb_usb_hdmi_top.xsa
TRACE::2025-03-26.16:38:23::SCWPlatform::DSA directory D:/School/UIUC_ECE385_SP25/lab6_2/sdk/mb_usb_hdmi_top/hw
TRACE::2025-03-26.16:38:23::SCWPlatform:: Platform Path D:/School/UIUC_ECE385_SP25/lab6_2/sdk/mb_usb_hdmi_top/hw/mb_usb_hdmi_top.xsa
TRACE::2025-03-26.16:38:23::SCWPlatform:: Unique name xilinx:::0.0
TRACE::2025-03-26.16:38:23::SCWPlatform::Trying to set the existing hwdb with name mb_usb_hdmi_top_0
TRACE::2025-03-26.16:38:23::SCWPlatform::Opened existing hwdb mb_usb_hdmi_top_0
TRACE::2025-03-26.16:38:23::SCWPlatform::Found the Hw Db part of the input DSA
TRACE::2025-03-26.16:38:23::SCWPlatform::Trying to open the hw design at D:/School/UIUC_ECE385_SP25/lab6_2/sdk/mb_usb_hdmi_top/hw/mb_usb_hdmi_top.xsa
TRACE::2025-03-26.16:38:23::SCWPlatform::DSA given D:/School/UIUC_ECE385_SP25/lab6_2/sdk/mb_usb_hdmi_top/hw/mb_usb_hdmi_top.xsa
TRACE::2025-03-26.16:38:23::SCWPlatform::DSA absoulate path D:/School/UIUC_ECE385_SP25/lab6_2/sdk/mb_usb_hdmi_top/hw/mb_usb_hdmi_top.xsa
TRACE::2025-03-26.16:38:23::SCWPlatform::DSA directory D:/School/UIUC_ECE385_SP25/lab6_2/sdk/mb_usb_hdmi_top/hw
TRACE::2025-03-26.16:38:23::SCWPlatform:: Platform Path D:/School/UIUC_ECE385_SP25/lab6_2/sdk/mb_usb_hdmi_top/hw/mb_usb_hdmi_top.xsa
TRACE::2025-03-26.16:38:23::SCWPlatform:: Unique name xilinx:::0.0
TRACE::2025-03-26.16:38:23::SCWPlatform::Trying to set the existing hwdb with name mb_usb_hdmi_top_0
TRACE::2025-03-26.16:38:23::SCWPlatform::Opened existing hwdb mb_usb_hdmi_top_0
TRACE::2025-03-26.16:38:23::SCWPlatform::Found the Hw Db part of the input DSA
TRACE::2025-03-26.16:38:23::SCWMssOS::Checking the sw design at  D:/School/UIUC_ECE385_SP25/lab6_2/sdk/mb_usb_hdmi_top/microblaze_0/standalone_microblaze_0/bsp/system.mss
TRACE::2025-03-26.16:38:23::SCWMssOS::DEBUG:  swdes dump  
TRACE::2025-03-26.16:38:23::SCWMssOS::No sw design opened at  D:/School/UIUC_ECE385_SP25/lab6_2/sdk/mb_usb_hdmi_top/microblaze_0/standalone_microblaze_0/bsp/system.mss
TRACE::2025-03-26.16:38:23::SCWMssOS::mss does not exists at D:/School/UIUC_ECE385_SP25/lab6_2/sdk/mb_usb_hdmi_top/microblaze_0/standalone_microblaze_0/bsp/system.mss
TRACE::2025-03-26.16:38:23::SCWMssOS::Creating sw design at  D:/School/UIUC_ECE385_SP25/lab6_2/sdk/mb_usb_hdmi_top/microblaze_0/standalone_microblaze_0/bsp/system.mss
TRACE::2025-03-26.16:38:23::SCWMssOS::Adding the swdes entry, created swdb D:/School/UIUC_ECE385_SP25/lab6_2/sdk/mb_usb_hdmi_top/microblaze_0/standalone_microblaze_0/bsp/system.mss with des name D:/School/UIUC_ECE385_SP25/lab6_2/sdk/mb_usb_hdmi_top/microblaze_0/standalone_microblaze_0/bsp/system.mss
TRACE::2025-03-26.16:38:23::SCWMssOS::updating the scw layer changes to swdes at   D:/School/UIUC_ECE385_SP25/lab6_2/sdk/mb_usb_hdmi_top/microblaze_0/standalone_microblaze_0/bsp/system.mss
TRACE::2025-03-26.16:38:23::SCWMssOS::Writing mss at D:/School/UIUC_ECE385_SP25/lab6_2/sdk/mb_usb_hdmi_top/microblaze_0/standalone_microblaze_0/bsp/system.mss
TRACE::2025-03-26.16:38:23::SCWMssOS::Completed writing the mss file at D:/School/UIUC_ECE385_SP25/lab6_2/sdk/mb_usb_hdmi_top/microblaze_0/standalone_microblaze_0/bsp
TRACE::2025-03-26.16:38:23::SCWMssOS::Picking up changes from newly written mss file into SCW Layer. 
TRACE::2025-03-26.16:38:23::SCWMssOS::Updated the changes from newly written mss file into SCW Layer. 
TRACE::2025-03-26.16:38:23::SCWMssOS::Completed writing the mss file at D:/School/UIUC_ECE385_SP25/lab6_2/sdk/mb_usb_hdmi_top/microblaze_0/standalone_microblaze_0/bsp
TRACE::2025-03-26.16:38:23::SCWMssOS::Forcing BSP Sources regeneration.
TRACE::2025-03-26.16:38:24::SCWMssOS::Saving the mss changes D:/School/UIUC_ECE385_SP25/lab6_2/sdk/mb_usb_hdmi_top/microblaze_0/standalone_microblaze_0/bsp/system.mss
TRACE::2025-03-26.16:38:24::SCWMssOS::Adding the swdes entry, mss present, able to open swdb D:/School/UIUC_ECE385_SP25/lab6_2/sdk/mb_usb_hdmi_top/microblaze_0/standalone_microblaze_0/bsp/system.mss with des name system
TRACE::2025-03-26.16:38:24::SCWMssOS::Writing the mss file completed D:/School/UIUC_ECE385_SP25/lab6_2/sdk/mb_usb_hdmi_top/microblaze_0/standalone_microblaze_0/bsp/system.mss
TRACE::2025-03-26.16:38:24::SCWMssOS::Commit changes completed.
TRACE::2025-03-26.16:38:24::SCWPlatform::Trying to open the hw design at D:/School/UIUC_ECE385_SP25/lab6_2/sdk/mb_usb_hdmi_top/hw/mb_usb_hdmi_top.xsa
TRACE::2025-03-26.16:38:24::SCWPlatform::DSA given D:/School/UIUC_ECE385_SP25/lab6_2/sdk/mb_usb_hdmi_top/hw/mb_usb_hdmi_top.xsa
TRACE::2025-03-26.16:38:24::SCWPlatform::DSA absoulate path D:/School/UIUC_ECE385_SP25/lab6_2/sdk/mb_usb_hdmi_top/hw/mb_usb_hdmi_top.xsa
TRACE::2025-03-26.16:38:24::SCWPlatform::DSA directory D:/School/UIUC_ECE385_SP25/lab6_2/sdk/mb_usb_hdmi_top/hw
TRACE::2025-03-26.16:38:24::SCWPlatform:: Platform Path D:/School/UIUC_ECE385_SP25/lab6_2/sdk/mb_usb_hdmi_top/hw/mb_usb_hdmi_top.xsa
TRACE::2025-03-26.16:38:24::SCWPlatform:: Unique name xilinx:::0.0
TRACE::2025-03-26.16:38:24::SCWPlatform::Trying to set the existing hwdb with name mb_usb_hdmi_top_0
TRACE::2025-03-26.16:38:24::SCWPlatform::Opened existing hwdb mb_usb_hdmi_top_0
TRACE::2025-03-26.16:38:24::SCWPlatform::Found the Hw Db part of the input DSA
TRACE::2025-03-26.16:38:24::SCWMssOS::Checking the sw design at  D:/School/UIUC_ECE385_SP25/lab6_2/sdk/mb_usb_hdmi_top/microblaze_0/standalone_microblaze_0/bsp/system.mss
TRACE::2025-03-26.16:38:24::SCWMssOS::DEBUG:  swdes dump  D:/School/UIUC_ECE385_SP25/lab6_2/sdk/mb_usb_hdmi_top/microblaze_0/standalone_microblaze_0/bsp/system.mss|system||

TRACE::2025-03-26.16:38:24::SCWMssOS::Sw design exists and opened at  D:/School/UIUC_ECE385_SP25/lab6_2/sdk/mb_usb_hdmi_top/microblaze_0/standalone_microblaze_0/bsp/system.mss
TRACE::2025-03-26.16:38:24::SCWPlatform::Trying to open the hw design at D:/School/UIUC_ECE385_SP25/lab6_2/sdk/mb_usb_hdmi_top/hw/mb_usb_hdmi_top.xsa
TRACE::2025-03-26.16:38:24::SCWPlatform::DSA given D:/School/UIUC_ECE385_SP25/lab6_2/sdk/mb_usb_hdmi_top/hw/mb_usb_hdmi_top.xsa
TRACE::2025-03-26.16:38:24::SCWPlatform::DSA absoulate path D:/School/UIUC_ECE385_SP25/lab6_2/sdk/mb_usb_hdmi_top/hw/mb_usb_hdmi_top.xsa
TRACE::2025-03-26.16:38:24::SCWPlatform::DSA directory D:/School/UIUC_ECE385_SP25/lab6_2/sdk/mb_usb_hdmi_top/hw
TRACE::2025-03-26.16:38:24::SCWPlatform:: Platform Path D:/School/UIUC_ECE385_SP25/lab6_2/sdk/mb_usb_hdmi_top/hw/mb_usb_hdmi_top.xsa
TRACE::2025-03-26.16:38:24::SCWPlatform:: Unique name xilinx:::0.0
TRACE::2025-03-26.16:38:24::SCWPlatform::Trying to set the existing hwdb with name mb_usb_hdmi_top_0
TRACE::2025-03-26.16:38:24::SCWPlatform::Opened existing hwdb mb_usb_hdmi_top_0
TRACE::2025-03-26.16:38:24::SCWPlatform::Found the Hw Db part of the input DSA
TRACE::2025-03-26.16:38:24::SCWMssOS::Checking the sw design at  D:/School/UIUC_ECE385_SP25/lab6_2/sdk/mb_usb_hdmi_top/microblaze_0/standalone_microblaze_0/bsp/system.mss
TRACE::2025-03-26.16:38:24::SCWMssOS::DEBUG:  swdes dump  D:/School/UIUC_ECE385_SP25/lab6_2/sdk/mb_usb_hdmi_top/microblaze_0/standalone_microblaze_0/bsp/system.mss|system||

TRACE::2025-03-26.16:38:24::SCWMssOS::Sw design exists and opened at  D:/School/UIUC_ECE385_SP25/lab6_2/sdk/mb_usb_hdmi_top/microblaze_0/standalone_microblaze_0/bsp/system.mss
TRACE::2025-03-26.16:38:24::SCWPlatform::Trying to open the hw design at D:/School/UIUC_ECE385_SP25/lab6_2/sdk/mb_usb_hdmi_top/hw/mb_usb_hdmi_top.xsa
TRACE::2025-03-26.16:38:24::SCWPlatform::DSA given D:/School/UIUC_ECE385_SP25/lab6_2/sdk/mb_usb_hdmi_top/hw/mb_usb_hdmi_top.xsa
TRACE::2025-03-26.16:38:24::SCWPlatform::DSA absoulate path D:/School/UIUC_ECE385_SP25/lab6_2/sdk/mb_usb_hdmi_top/hw/mb_usb_hdmi_top.xsa
TRACE::2025-03-26.16:38:24::SCWPlatform::DSA directory D:/School/UIUC_ECE385_SP25/lab6_2/sdk/mb_usb_hdmi_top/hw
TRACE::2025-03-26.16:38:24::SCWPlatform:: Platform Path D:/School/UIUC_ECE385_SP25/lab6_2/sdk/mb_usb_hdmi_top/hw/mb_usb_hdmi_top.xsa
TRACE::2025-03-26.16:38:24::SCWPlatform:: Unique name xilinx:::0.0
TRACE::2025-03-26.16:38:24::SCWPlatform::Trying to set the existing hwdb with name mb_usb_hdmi_top_0
TRACE::2025-03-26.16:38:24::SCWPlatform::Opened existing hwdb mb_usb_hdmi_top_0
TRACE::2025-03-26.16:38:24::SCWPlatform::Found the Hw Db part of the input DSA
TRACE::2025-03-26.16:38:24::SCWMssOS::Checking the sw design at  D:/School/UIUC_ECE385_SP25/lab6_2/sdk/mb_usb_hdmi_top/microblaze_0/standalone_microblaze_0/bsp/system.mss
TRACE::2025-03-26.16:38:24::SCWMssOS::DEBUG:  swdes dump  D:/School/UIUC_ECE385_SP25/lab6_2/sdk/mb_usb_hdmi_top/microblaze_0/standalone_microblaze_0/bsp/system.mss|system||

TRACE::2025-03-26.16:38:24::SCWMssOS::Sw design exists and opened at  D:/School/UIUC_ECE385_SP25/lab6_2/sdk/mb_usb_hdmi_top/microblaze_0/standalone_microblaze_0/bsp/system.mss
TRACE::2025-03-26.16:38:24::SCWWriter::formatted JSON is {
	"platformName":	"mb_usb_hdmi_top",
	"sprVersion":	"2.0",
	"mode":	"gui",
	"dsaType":	"Fixed",
	"platformDesc":	"mb_usb_hdmi_top",
	"platHandOff":	"D:/School/UIUC_ECE385_SP25/lab6_2/mb_usb_hdmi_top.xsa",
	"platIntHandOff":	"<platformDir>/hw/mb_usb_hdmi_top.xsa",
	"deviceType":	"FPGA",
	"platIsPrebuiltAutogen":	"false",
	"platIsNoBootBsp":	"false",
	"hasFsblMakeHasChanges":	"false",
	"hasPmufwMakeHasChanges":	"false",
	"platPreBuiltFlag":	false,
	"platformSamplesDir":	"",
	"platActiveSys":	"mb_usb_hdmi_top",
	"systems":	[{
			"systemName":	"mb_usb_hdmi_top",
			"systemDesc":	"mb_usb_hdmi_top",
			"sysIsBootAutoGen":	"true",
			"systemDispName":	"mb_usb_hdmi_top",
			"sysActiveDom":	"standalone_microblaze_0",
			"sysDefaultDom":	"standalone_microblaze_0",
			"domains":	[{
					"domainName":	"standalone_microblaze_0",
					"domainDispName":	"standalone_microblaze_0",
					"domainDesc":	"standalone_microblaze_0",
					"processors":	"microblaze_0",
					"os":	"standalone",
					"sdxOs":	"standalone",
					"debugEnable":	"False",
					"domRuntimes":	["cpp"],
					"swRepo":	"",
					"mssOsVer":	"8.0",
					"mssFile":	"",
					"md5Digest":	"304529987e879521ca977c68d163f362",
					"compatibleApp":	"hello_world",
					"domType":	"mssDomain",
					"arch":	"32-bit",
					"appSettings":	{
						"appCompilerFlags":	"",
						"appLinkerFlags":	""
					},
					"addedLibs":	[],
					"libOptions":	{
						"libsContainingOptions":	[]
					},
					"prebuiltLibs":	{
						"prebuiltIncPath":	[],
						"prebuiltLibPath":	[]
					},
					"isolation":	{
					}
				}]
		}]
}
LOG::2025-03-26.16:38:24::SCWPlatform::Started generating the artifacts platform mb_usb_hdmi_top
TRACE::2025-03-26.16:38:24::SCWPlatform::Sanity checking of platform is completed
LOG::2025-03-26.16:38:24::SCWPlatform::Started generating the artifacts for system configuration mb_usb_hdmi_top
LOG::2025-03-26.16:38:24::SCWSystem::Checking the domain standalone_microblaze_0
LOG::2025-03-26.16:38:24::SCWSystem::Not a boot domain 
LOG::2025-03-26.16:38:24::SCWSystem::Started Processing the domain standalone_microblaze_0
TRACE::2025-03-26.16:38:24::SCWDomain::Generating domain artifcats
TRACE::2025-03-26.16:38:24::SCWMssOS::Generating standalone artifcats
TRACE::2025-03-26.16:38:24::SCWMssOS:: Copying the user libraries. 
TRACE::2025-03-26.16:38:24::SCWPlatform::Trying to open the hw design at D:/School/UIUC_ECE385_SP25/lab6_2/sdk/mb_usb_hdmi_top/hw/mb_usb_hdmi_top.xsa
TRACE::2025-03-26.16:38:24::SCWPlatform::DSA given D:/School/UIUC_ECE385_SP25/lab6_2/sdk/mb_usb_hdmi_top/hw/mb_usb_hdmi_top.xsa
TRACE::2025-03-26.16:38:24::SCWPlatform::DSA absoulate path D:/School/UIUC_ECE385_SP25/lab6_2/sdk/mb_usb_hdmi_top/hw/mb_usb_hdmi_top.xsa
TRACE::2025-03-26.16:38:24::SCWPlatform::DSA directory D:/School/UIUC_ECE385_SP25/lab6_2/sdk/mb_usb_hdmi_top/hw
TRACE::2025-03-26.16:38:24::SCWPlatform:: Platform Path D:/School/UIUC_ECE385_SP25/lab6_2/sdk/mb_usb_hdmi_top/hw/mb_usb_hdmi_top.xsa
TRACE::2025-03-26.16:38:24::SCWPlatform:: Unique name xilinx:::0.0
TRACE::2025-03-26.16:38:24::SCWPlatform::Trying to set the existing hwdb with name mb_usb_hdmi_top_0
TRACE::2025-03-26.16:38:24::SCWPlatform::Opened existing hwdb mb_usb_hdmi_top_0
TRACE::2025-03-26.16:38:24::SCWPlatform::Found the Hw Db part of the input DSA
TRACE::2025-03-26.16:38:24::SCWMssOS::Checking the sw design at  D:/School/UIUC_ECE385_SP25/lab6_2/sdk/mb_usb_hdmi_top/microblaze_0/standalone_microblaze_0/bsp/system.mss
TRACE::2025-03-26.16:38:24::SCWMssOS::DEBUG:  swdes dump  D:/School/UIUC_ECE385_SP25/lab6_2/sdk/mb_usb_hdmi_top/microblaze_0/standalone_microblaze_0/bsp/system.mss|system||

TRACE::2025-03-26.16:38:24::SCWMssOS::Sw design exists and opened at  D:/School/UIUC_ECE385_SP25/lab6_2/sdk/mb_usb_hdmi_top/microblaze_0/standalone_microblaze_0/bsp/system.mss
TRACE::2025-03-26.16:38:24::SCWMssOS::Completed writing the mss file at D:/School/UIUC_ECE385_SP25/lab6_2/sdk/mb_usb_hdmi_top/microblaze_0/standalone_microblaze_0/bsp
TRACE::2025-03-26.16:38:24::SCWMssOS::Mss edits present, copying mssfile into export location D:/School/UIUC_ECE385_SP25/lab6_2/sdk/mb_usb_hdmi_top/microblaze_0/standalone_microblaze_0/bsp/system.mss
TRACE::2025-03-26.16:38:24::SCWMssOS::bsp generated is upto date with the mss file. Skipping bsp generation.
TRACE::2025-03-26.16:38:24::SCWMssOS::BSP is already built. skipping the bsp build ... 
TRACE::2025-03-26.16:38:24::SCWDomain::Skipping the build for domain :  standalone_microblaze_0
TRACE::2025-03-26.16:38:24::SCWMssOS::skipping the bsp build ... 
TRACE::2025-03-26.16:38:24::SCWMssOS::Copying to export directory.
TRACE::2025-03-26.16:38:24::SCWMssOS:: Checking if to create the Supporting Applications
TRACE::2025-03-26.16:38:24::SCWMssOS:: No Linux domain exists, trying to generate FSBL 
LOG::2025-03-26.16:38:24::SCWSystem::Completed Processing the domain standalone_microblaze_0
LOG::2025-03-26.16:38:24::SCWSystem::Completed Processing the sysconfig mb_usb_hdmi_top
LOG::2025-03-26.16:38:24::SCWPlatform::Completed generating the artifacts for system configuration mb_usb_hdmi_top
TRACE::2025-03-26.16:38:24::SCWPlatform::Started preparing the platform 
TRACE::2025-03-26.16:38:24::SCWSystem::Writing the bif file for system config mb_usb_hdmi_top
TRACE::2025-03-26.16:38:24::SCWSystem::dir created 
TRACE::2025-03-26.16:38:24::SCWSystem::Writing the bif 
TRACE::2025-03-26.16:38:24::SCWPlatform::Started writing the spfm file 
TRACE::2025-03-26.16:38:24::SCWPlatform::Started writing the xpfm file 
TRACE::2025-03-26.16:38:24::SCWPlatform::Completed generating the platform
TRACE::2025-03-26.16:38:24::SCWMssOS::Saving the mss changes D:/School/UIUC_ECE385_SP25/lab6_2/sdk/mb_usb_hdmi_top/microblaze_0/standalone_microblaze_0/bsp/system.mss
TRACE::2025-03-26.16:38:24::SCWMssOS::Found a swdesign opened with the mssfile.
TRACE::2025-03-26.16:38:24::SCWMssOS::Completed writemss as part of save.
TRACE::2025-03-26.16:38:24::SCWMssOS::Commit changes completed.
TRACE::2025-03-26.16:38:24::SCWPlatform::Trying to open the hw design at D:/School/UIUC_ECE385_SP25/lab6_2/sdk/mb_usb_hdmi_top/hw/mb_usb_hdmi_top.xsa
TRACE::2025-03-26.16:38:24::SCWPlatform::DSA given D:/School/UIUC_ECE385_SP25/lab6_2/sdk/mb_usb_hdmi_top/hw/mb_usb_hdmi_top.xsa
TRACE::2025-03-26.16:38:24::SCWPlatform::DSA absoulate path D:/School/UIUC_ECE385_SP25/lab6_2/sdk/mb_usb_hdmi_top/hw/mb_usb_hdmi_top.xsa
TRACE::2025-03-26.16:38:24::SCWPlatform::DSA directory D:/School/UIUC_ECE385_SP25/lab6_2/sdk/mb_usb_hdmi_top/hw
TRACE::2025-03-26.16:38:24::SCWPlatform:: Platform Path D:/School/UIUC_ECE385_SP25/lab6_2/sdk/mb_usb_hdmi_top/hw/mb_usb_hdmi_top.xsa
TRACE::2025-03-26.16:38:24::SCWPlatform:: Unique name xilinx:::0.0
TRACE::2025-03-26.16:38:24::SCWPlatform::Trying to set the existing hwdb with name mb_usb_hdmi_top_0
TRACE::2025-03-26.16:38:24::SCWPlatform::Opened existing hwdb mb_usb_hdmi_top_0
TRACE::2025-03-26.16:38:24::SCWPlatform::Found the Hw Db part of the input DSA
TRACE::2025-03-26.16:38:24::SCWMssOS::Checking the sw design at  D:/School/UIUC_ECE385_SP25/lab6_2/sdk/mb_usb_hdmi_top/microblaze_0/standalone_microblaze_0/bsp/system.mss
TRACE::2025-03-26.16:38:24::SCWMssOS::DEBUG:  swdes dump  D:/School/UIUC_ECE385_SP25/lab6_2/sdk/mb_usb_hdmi_top/microblaze_0/standalone_microblaze_0/bsp/system.mss|system||

TRACE::2025-03-26.16:38:24::SCWMssOS::Sw design exists and opened at  D:/School/UIUC_ECE385_SP25/lab6_2/sdk/mb_usb_hdmi_top/microblaze_0/standalone_microblaze_0/bsp/system.mss
TRACE::2025-03-26.16:38:24::SCWPlatform::Trying to open the hw design at D:/School/UIUC_ECE385_SP25/lab6_2/sdk/mb_usb_hdmi_top/hw/mb_usb_hdmi_top.xsa
TRACE::2025-03-26.16:38:24::SCWPlatform::DSA given D:/School/UIUC_ECE385_SP25/lab6_2/sdk/mb_usb_hdmi_top/hw/mb_usb_hdmi_top.xsa
TRACE::2025-03-26.16:38:24::SCWPlatform::DSA absoulate path D:/School/UIUC_ECE385_SP25/lab6_2/sdk/mb_usb_hdmi_top/hw/mb_usb_hdmi_top.xsa
TRACE::2025-03-26.16:38:24::SCWPlatform::DSA directory D:/School/UIUC_ECE385_SP25/lab6_2/sdk/mb_usb_hdmi_top/hw
TRACE::2025-03-26.16:38:24::SCWPlatform:: Platform Path D:/School/UIUC_ECE385_SP25/lab6_2/sdk/mb_usb_hdmi_top/hw/mb_usb_hdmi_top.xsa
TRACE::2025-03-26.16:38:24::SCWPlatform:: Unique name xilinx:::0.0
TRACE::2025-03-26.16:38:24::SCWPlatform::Trying to set the existing hwdb with name mb_usb_hdmi_top_0
TRACE::2025-03-26.16:38:24::SCWPlatform::Opened existing hwdb mb_usb_hdmi_top_0
TRACE::2025-03-26.16:38:24::SCWPlatform::Found the Hw Db part of the input DSA
TRACE::2025-03-26.16:38:24::SCWMssOS::Checking the sw design at  D:/School/UIUC_ECE385_SP25/lab6_2/sdk/mb_usb_hdmi_top/microblaze_0/standalone_microblaze_0/bsp/system.mss
TRACE::2025-03-26.16:38:24::SCWMssOS::DEBUG:  swdes dump  D:/School/UIUC_ECE385_SP25/lab6_2/sdk/mb_usb_hdmi_top/microblaze_0/standalone_microblaze_0/bsp/system.mss|system||

TRACE::2025-03-26.16:38:24::SCWMssOS::Sw design exists and opened at  D:/School/UIUC_ECE385_SP25/lab6_2/sdk/mb_usb_hdmi_top/microblaze_0/standalone_microblaze_0/bsp/system.mss
TRACE::2025-03-26.16:38:24::SCWPlatform::Trying to open the hw design at D:/School/UIUC_ECE385_SP25/lab6_2/sdk/mb_usb_hdmi_top/hw/mb_usb_hdmi_top.xsa
TRACE::2025-03-26.16:38:24::SCWPlatform::DSA given D:/School/UIUC_ECE385_SP25/lab6_2/sdk/mb_usb_hdmi_top/hw/mb_usb_hdmi_top.xsa
TRACE::2025-03-26.16:38:24::SCWPlatform::DSA absoulate path D:/School/UIUC_ECE385_SP25/lab6_2/sdk/mb_usb_hdmi_top/hw/mb_usb_hdmi_top.xsa
TRACE::2025-03-26.16:38:24::SCWPlatform::DSA directory D:/School/UIUC_ECE385_SP25/lab6_2/sdk/mb_usb_hdmi_top/hw
TRACE::2025-03-26.16:38:24::SCWPlatform:: Platform Path D:/School/UIUC_ECE385_SP25/lab6_2/sdk/mb_usb_hdmi_top/hw/mb_usb_hdmi_top.xsa
TRACE::2025-03-26.16:38:24::SCWPlatform:: Unique name xilinx:::0.0
TRACE::2025-03-26.16:38:24::SCWPlatform::Trying to set the existing hwdb with name mb_usb_hdmi_top_0
TRACE::2025-03-26.16:38:24::SCWPlatform::Opened existing hwdb mb_usb_hdmi_top_0
TRACE::2025-03-26.16:38:24::SCWPlatform::Found the Hw Db part of the input DSA
TRACE::2025-03-26.16:38:24::SCWMssOS::Checking the sw design at  D:/School/UIUC_ECE385_SP25/lab6_2/sdk/mb_usb_hdmi_top/microblaze_0/standalone_microblaze_0/bsp/system.mss
TRACE::2025-03-26.16:38:24::SCWMssOS::DEBUG:  swdes dump  D:/School/UIUC_ECE385_SP25/lab6_2/sdk/mb_usb_hdmi_top/microblaze_0/standalone_microblaze_0/bsp/system.mss|system||

TRACE::2025-03-26.16:38:24::SCWMssOS::Sw design exists and opened at  D:/School/UIUC_ECE385_SP25/lab6_2/sdk/mb_usb_hdmi_top/microblaze_0/standalone_microblaze_0/bsp/system.mss
TRACE::2025-03-26.16:38:24::SCWWriter::formatted JSON is {
	"platformName":	"mb_usb_hdmi_top",
	"sprVersion":	"2.0",
	"mode":	"gui",
	"dsaType":	"Fixed",
	"platformDesc":	"mb_usb_hdmi_top",
	"platHandOff":	"D:/School/UIUC_ECE385_SP25/lab6_2/mb_usb_hdmi_top.xsa",
	"platIntHandOff":	"<platformDir>/hw/mb_usb_hdmi_top.xsa",
	"deviceType":	"FPGA",
	"platIsPrebuiltAutogen":	"false",
	"platIsNoBootBsp":	"false",
	"hasFsblMakeHasChanges":	"false",
	"hasPmufwMakeHasChanges":	"false",
	"platPreBuiltFlag":	false,
	"platformSamplesDir":	"",
	"platActiveSys":	"mb_usb_hdmi_top",
	"systems":	[{
			"systemName":	"mb_usb_hdmi_top",
			"systemDesc":	"mb_usb_hdmi_top",
			"sysIsBootAutoGen":	"true",
			"systemDispName":	"mb_usb_hdmi_top",
			"sysActiveDom":	"standalone_microblaze_0",
			"sysDefaultDom":	"standalone_microblaze_0",
			"domains":	[{
					"domainName":	"standalone_microblaze_0",
					"domainDispName":	"standalone_microblaze_0",
					"domainDesc":	"standalone_microblaze_0",
					"processors":	"microblaze_0",
					"os":	"standalone",
					"sdxOs":	"standalone",
					"debugEnable":	"False",
					"domRuntimes":	["cpp"],
					"swRepo":	"",
					"mssOsVer":	"8.0",
					"mssFile":	"",
					"md5Digest":	"304529987e879521ca977c68d163f362",
					"compatibleApp":	"hello_world",
					"domType":	"mssDomain",
					"arch":	"32-bit",
					"appSettings":	{
						"appCompilerFlags":	"",
						"appLinkerFlags":	""
					},
					"addedLibs":	[],
					"libOptions":	{
						"libsContainingOptions":	[]
					},
					"prebuiltLibs":	{
						"prebuiltIncPath":	[],
						"prebuiltLibPath":	[]
					},
					"isolation":	{
					}
				}]
		}]
}
KEYINFO::2025-03-26.16:38:24::SCWPlatform::updated the xpfm file.
TRACE::2025-03-26.16:38:24::SCWPlatform::Trying to open the hw design at D:/School/UIUC_ECE385_SP25/lab6_2/sdk/mb_usb_hdmi_top/hw/mb_usb_hdmi_top.xsa
TRACE::2025-03-26.16:38:24::SCWPlatform::DSA given D:/School/UIUC_ECE385_SP25/lab6_2/sdk/mb_usb_hdmi_top/hw/mb_usb_hdmi_top.xsa
TRACE::2025-03-26.16:38:24::SCWPlatform::DSA absoulate path D:/School/UIUC_ECE385_SP25/lab6_2/sdk/mb_usb_hdmi_top/hw/mb_usb_hdmi_top.xsa
TRACE::2025-03-26.16:38:24::SCWPlatform::DSA directory D:/School/UIUC_ECE385_SP25/lab6_2/sdk/mb_usb_hdmi_top/hw
TRACE::2025-03-26.16:38:24::SCWPlatform:: Platform Path D:/School/UIUC_ECE385_SP25/lab6_2/sdk/mb_usb_hdmi_top/hw/mb_usb_hdmi_top.xsa
TRACE::2025-03-26.16:38:24::SCWPlatform:: Unique name xilinx:::0.0
TRACE::2025-03-26.16:38:24::SCWPlatform::Trying to set the existing hwdb with name mb_usb_hdmi_top_0
TRACE::2025-03-26.16:38:24::SCWPlatform::Opened existing hwdb mb_usb_hdmi_top_0
TRACE::2025-03-26.16:38:24::SCWPlatform::Found the Hw Db part of the input DSA
TRACE::2025-03-26.16:38:24::SCWMssOS::Checking the sw design at  D:/School/UIUC_ECE385_SP25/lab6_2/sdk/mb_usb_hdmi_top/microblaze_0/standalone_microblaze_0/bsp/system.mss
TRACE::2025-03-26.16:38:24::SCWMssOS::DEBUG:  swdes dump  D:/School/UIUC_ECE385_SP25/lab6_2/sdk/mb_usb_hdmi_top/microblaze_0/standalone_microblaze_0/bsp/system.mss|system||

TRACE::2025-03-26.16:38:24::SCWMssOS::Sw design exists and opened at  D:/School/UIUC_ECE385_SP25/lab6_2/sdk/mb_usb_hdmi_top/microblaze_0/standalone_microblaze_0/bsp/system.mss
TRACE::2025-03-26.16:38:24::SCWMssOS::Saving the mss changes D:/School/UIUC_ECE385_SP25/lab6_2/sdk/mb_usb_hdmi_top/microblaze_0/standalone_microblaze_0/bsp/system.mss
TRACE::2025-03-26.16:38:24::SCWMssOS::Found a swdesign opened with the mssfile.
TRACE::2025-03-26.16:38:24::SCWMssOS::Completed writemss as part of save.
TRACE::2025-03-26.16:38:24::SCWMssOS::Commit changes completed.
TRACE::2025-03-26.16:38:24::SCWPlatform::Trying to open the hw design at D:/School/UIUC_ECE385_SP25/lab6_2/sdk/mb_usb_hdmi_top/hw/mb_usb_hdmi_top.xsa
TRACE::2025-03-26.16:38:24::SCWPlatform::DSA given D:/School/UIUC_ECE385_SP25/lab6_2/sdk/mb_usb_hdmi_top/hw/mb_usb_hdmi_top.xsa
TRACE::2025-03-26.16:38:24::SCWPlatform::DSA absoulate path D:/School/UIUC_ECE385_SP25/lab6_2/sdk/mb_usb_hdmi_top/hw/mb_usb_hdmi_top.xsa
TRACE::2025-03-26.16:38:24::SCWPlatform::DSA directory D:/School/UIUC_ECE385_SP25/lab6_2/sdk/mb_usb_hdmi_top/hw
TRACE::2025-03-26.16:38:24::SCWPlatform:: Platform Path D:/School/UIUC_ECE385_SP25/lab6_2/sdk/mb_usb_hdmi_top/hw/mb_usb_hdmi_top.xsa
TRACE::2025-03-26.16:38:24::SCWPlatform:: Unique name xilinx:::0.0
TRACE::2025-03-26.16:38:24::SCWPlatform::Trying to set the existing hwdb with name mb_usb_hdmi_top_0
TRACE::2025-03-26.16:38:24::SCWPlatform::Opened existing hwdb mb_usb_hdmi_top_0
TRACE::2025-03-26.16:38:24::SCWPlatform::Found the Hw Db part of the input DSA
TRACE::2025-03-26.16:38:24::SCWMssOS::Checking the sw design at  D:/School/UIUC_ECE385_SP25/lab6_2/sdk/mb_usb_hdmi_top/microblaze_0/standalone_microblaze_0/bsp/system.mss
TRACE::2025-03-26.16:38:24::SCWMssOS::DEBUG:  swdes dump  D:/School/UIUC_ECE385_SP25/lab6_2/sdk/mb_usb_hdmi_top/microblaze_0/standalone_microblaze_0/bsp/system.mss|system||

TRACE::2025-03-26.16:38:24::SCWMssOS::Sw design exists and opened at  D:/School/UIUC_ECE385_SP25/lab6_2/sdk/mb_usb_hdmi_top/microblaze_0/standalone_microblaze_0/bsp/system.mss
TRACE::2025-03-26.16:38:24::SCWPlatform::Trying to open the hw design at D:/School/UIUC_ECE385_SP25/lab6_2/sdk/mb_usb_hdmi_top/hw/mb_usb_hdmi_top.xsa
TRACE::2025-03-26.16:38:24::SCWPlatform::DSA given D:/School/UIUC_ECE385_SP25/lab6_2/sdk/mb_usb_hdmi_top/hw/mb_usb_hdmi_top.xsa
TRACE::2025-03-26.16:38:24::SCWPlatform::DSA absoulate path D:/School/UIUC_ECE385_SP25/lab6_2/sdk/mb_usb_hdmi_top/hw/mb_usb_hdmi_top.xsa
TRACE::2025-03-26.16:38:24::SCWPlatform::DSA directory D:/School/UIUC_ECE385_SP25/lab6_2/sdk/mb_usb_hdmi_top/hw
TRACE::2025-03-26.16:38:24::SCWPlatform:: Platform Path D:/School/UIUC_ECE385_SP25/lab6_2/sdk/mb_usb_hdmi_top/hw/mb_usb_hdmi_top.xsa
TRACE::2025-03-26.16:38:24::SCWPlatform:: Unique name xilinx:::0.0
TRACE::2025-03-26.16:38:24::SCWPlatform::Trying to set the existing hwdb with name mb_usb_hdmi_top_0
TRACE::2025-03-26.16:38:24::SCWPlatform::Opened existing hwdb mb_usb_hdmi_top_0
TRACE::2025-03-26.16:38:24::SCWPlatform::Found the Hw Db part of the input DSA
TRACE::2025-03-26.16:38:24::SCWMssOS::Checking the sw design at  D:/School/UIUC_ECE385_SP25/lab6_2/sdk/mb_usb_hdmi_top/microblaze_0/standalone_microblaze_0/bsp/system.mss
TRACE::2025-03-26.16:38:24::SCWMssOS::DEBUG:  swdes dump  D:/School/UIUC_ECE385_SP25/lab6_2/sdk/mb_usb_hdmi_top/microblaze_0/standalone_microblaze_0/bsp/system.mss|system||

TRACE::2025-03-26.16:38:24::SCWMssOS::Sw design exists and opened at  D:/School/UIUC_ECE385_SP25/lab6_2/sdk/mb_usb_hdmi_top/microblaze_0/standalone_microblaze_0/bsp/system.mss
TRACE::2025-03-26.16:38:24::SCWPlatform::Trying to open the hw design at D:/School/UIUC_ECE385_SP25/lab6_2/sdk/mb_usb_hdmi_top/hw/mb_usb_hdmi_top.xsa
TRACE::2025-03-26.16:38:24::SCWPlatform::DSA given D:/School/UIUC_ECE385_SP25/lab6_2/sdk/mb_usb_hdmi_top/hw/mb_usb_hdmi_top.xsa
TRACE::2025-03-26.16:38:24::SCWPlatform::DSA absoulate path D:/School/UIUC_ECE385_SP25/lab6_2/sdk/mb_usb_hdmi_top/hw/mb_usb_hdmi_top.xsa
TRACE::2025-03-26.16:38:24::SCWPlatform::DSA directory D:/School/UIUC_ECE385_SP25/lab6_2/sdk/mb_usb_hdmi_top/hw
TRACE::2025-03-26.16:38:24::SCWPlatform:: Platform Path D:/School/UIUC_ECE385_SP25/lab6_2/sdk/mb_usb_hdmi_top/hw/mb_usb_hdmi_top.xsa
TRACE::2025-03-26.16:38:24::SCWPlatform:: Unique name xilinx:::0.0
TRACE::2025-03-26.16:38:24::SCWPlatform::Trying to set the existing hwdb with name mb_usb_hdmi_top_0
TRACE::2025-03-26.16:38:24::SCWPlatform::Opened existing hwdb mb_usb_hdmi_top_0
TRACE::2025-03-26.16:38:24::SCWPlatform::Found the Hw Db part of the input DSA
TRACE::2025-03-26.16:38:24::SCWMssOS::Checking the sw design at  D:/School/UIUC_ECE385_SP25/lab6_2/sdk/mb_usb_hdmi_top/microblaze_0/standalone_microblaze_0/bsp/system.mss
TRACE::2025-03-26.16:38:24::SCWMssOS::DEBUG:  swdes dump  D:/School/UIUC_ECE385_SP25/lab6_2/sdk/mb_usb_hdmi_top/microblaze_0/standalone_microblaze_0/bsp/system.mss|system||

TRACE::2025-03-26.16:38:24::SCWMssOS::Sw design exists and opened at  D:/School/UIUC_ECE385_SP25/lab6_2/sdk/mb_usb_hdmi_top/microblaze_0/standalone_microblaze_0/bsp/system.mss
TRACE::2025-03-26.16:38:24::SCWWriter::formatted JSON is {
	"platformName":	"mb_usb_hdmi_top",
	"sprVersion":	"2.0",
	"mode":	"gui",
	"dsaType":	"Fixed",
	"platformDesc":	"mb_usb_hdmi_top",
	"platHandOff":	"D:/School/UIUC_ECE385_SP25/lab6_2/mb_usb_hdmi_top.xsa",
	"platIntHandOff":	"<platformDir>/hw/mb_usb_hdmi_top.xsa",
	"deviceType":	"FPGA",
	"platIsPrebuiltAutogen":	"false",
	"platIsNoBootBsp":	"false",
	"hasFsblMakeHasChanges":	"false",
	"hasPmufwMakeHasChanges":	"false",
	"platPreBuiltFlag":	false,
	"platformSamplesDir":	"",
	"platActiveSys":	"mb_usb_hdmi_top",
	"systems":	[{
			"systemName":	"mb_usb_hdmi_top",
			"systemDesc":	"mb_usb_hdmi_top",
			"sysIsBootAutoGen":	"true",
			"systemDispName":	"mb_usb_hdmi_top",
			"sysActiveDom":	"standalone_microblaze_0",
			"sysDefaultDom":	"standalone_microblaze_0",
			"domains":	[{
					"domainName":	"standalone_microblaze_0",
					"domainDispName":	"standalone_microblaze_0",
					"domainDesc":	"standalone_microblaze_0",
					"processors":	"microblaze_0",
					"os":	"standalone",
					"sdxOs":	"standalone",
					"debugEnable":	"False",
					"domRuntimes":	["cpp"],
					"swRepo":	"",
					"mssOsVer":	"8.0",
					"mssFile":	"",
					"md5Digest":	"304529987e879521ca977c68d163f362",
					"compatibleApp":	"hello_world",
					"domType":	"mssDomain",
					"arch":	"32-bit",
					"appSettings":	{
						"appCompilerFlags":	"",
						"appLinkerFlags":	""
					},
					"addedLibs":	[],
					"libOptions":	{
						"libsContainingOptions":	[]
					},
					"prebuiltLibs":	{
						"prebuiltIncPath":	[],
						"prebuiltLibPath":	[]
					},
					"isolation":	{
					}
				}]
		}]
}
TRACE::2025-03-26.16:38:24::SCWPlatform::Trying to open the hw design at D:/School/UIUC_ECE385_SP25/lab6_2/sdk/mb_usb_hdmi_top/hw/mb_usb_hdmi_top.xsa
TRACE::2025-03-26.16:38:24::SCWPlatform::DSA given D:/School/UIUC_ECE385_SP25/lab6_2/sdk/mb_usb_hdmi_top/hw/mb_usb_hdmi_top.xsa
TRACE::2025-03-26.16:38:24::SCWPlatform::DSA absoulate path D:/School/UIUC_ECE385_SP25/lab6_2/sdk/mb_usb_hdmi_top/hw/mb_usb_hdmi_top.xsa
TRACE::2025-03-26.16:38:24::SCWPlatform::DSA directory D:/School/UIUC_ECE385_SP25/lab6_2/sdk/mb_usb_hdmi_top/hw
TRACE::2025-03-26.16:38:24::SCWPlatform:: Platform Path D:/School/UIUC_ECE385_SP25/lab6_2/sdk/mb_usb_hdmi_top/hw/mb_usb_hdmi_top.xsa
TRACE::2025-03-26.16:38:24::SCWPlatform:: Unique name xilinx:::0.0
TRACE::2025-03-26.16:38:24::SCWPlatform::Trying to set the existing hwdb with name mb_usb_hdmi_top_0
TRACE::2025-03-26.16:38:24::SCWPlatform::Opened existing hwdb mb_usb_hdmi_top_0
TRACE::2025-03-26.16:38:24::SCWPlatform::Found the Hw Db part of the input DSA
TRACE::2025-03-26.16:38:24::SCWMssOS::Checking the sw design at  D:/School/UIUC_ECE385_SP25/lab6_2/sdk/mb_usb_hdmi_top/microblaze_0/standalone_microblaze_0/bsp/system.mss
TRACE::2025-03-26.16:38:24::SCWMssOS::DEBUG:  swdes dump  D:/School/UIUC_ECE385_SP25/lab6_2/sdk/mb_usb_hdmi_top/microblaze_0/standalone_microblaze_0/bsp/system.mss|system||

TRACE::2025-03-26.16:38:24::SCWMssOS::Sw design exists and opened at  D:/School/UIUC_ECE385_SP25/lab6_2/sdk/mb_usb_hdmi_top/microblaze_0/standalone_microblaze_0/bsp/system.mss
TRACE::2025-03-26.16:38:24::SCWPlatform::Trying to open the hw design at D:/School/UIUC_ECE385_SP25/lab6_2/sdk/mb_usb_hdmi_top/hw/mb_usb_hdmi_top.xsa
TRACE::2025-03-26.16:38:24::SCWPlatform::DSA given D:/School/UIUC_ECE385_SP25/lab6_2/sdk/mb_usb_hdmi_top/hw/mb_usb_hdmi_top.xsa
TRACE::2025-03-26.16:38:24::SCWPlatform::DSA absoulate path D:/School/UIUC_ECE385_SP25/lab6_2/sdk/mb_usb_hdmi_top/hw/mb_usb_hdmi_top.xsa
TRACE::2025-03-26.16:38:24::SCWPlatform::DSA directory D:/School/UIUC_ECE385_SP25/lab6_2/sdk/mb_usb_hdmi_top/hw
TRACE::2025-03-26.16:38:24::SCWPlatform:: Platform Path D:/School/UIUC_ECE385_SP25/lab6_2/sdk/mb_usb_hdmi_top/hw/mb_usb_hdmi_top.xsa
TRACE::2025-03-26.16:38:24::SCWPlatform:: Unique name xilinx:::0.0
TRACE::2025-03-26.16:38:24::SCWPlatform::Trying to set the existing hwdb with name mb_usb_hdmi_top_0
TRACE::2025-03-26.16:38:24::SCWPlatform::Opened existing hwdb mb_usb_hdmi_top_0
TRACE::2025-03-26.16:38:24::SCWPlatform::Found the Hw Db part of the input DSA
TRACE::2025-03-26.16:38:24::SCWMssOS::Checking the sw design at  D:/School/UIUC_ECE385_SP25/lab6_2/sdk/mb_usb_hdmi_top/microblaze_0/standalone_microblaze_0/bsp/system.mss
TRACE::2025-03-26.16:38:24::SCWMssOS::DEBUG:  swdes dump  D:/School/UIUC_ECE385_SP25/lab6_2/sdk/mb_usb_hdmi_top/microblaze_0/standalone_microblaze_0/bsp/system.mss|system||

TRACE::2025-03-26.16:38:24::SCWMssOS::Sw design exists and opened at  D:/School/UIUC_ECE385_SP25/lab6_2/sdk/mb_usb_hdmi_top/microblaze_0/standalone_microblaze_0/bsp/system.mss
TRACE::2025-03-26.16:38:24::SCWMssOS::Saving the mss changes D:/School/UIUC_ECE385_SP25/lab6_2/sdk/mb_usb_hdmi_top/microblaze_0/standalone_microblaze_0/bsp/system.mss
TRACE::2025-03-26.16:38:24::SCWMssOS::Found a swdesign opened with the mssfile.
TRACE::2025-03-26.16:38:24::SCWMssOS::Completed writemss as part of save.
TRACE::2025-03-26.16:38:24::SCWMssOS::Commit changes completed.
TRACE::2025-03-26.16:38:24::SCWPlatform::Trying to open the hw design at D:/School/UIUC_ECE385_SP25/lab6_2/sdk/mb_usb_hdmi_top/hw/mb_usb_hdmi_top.xsa
TRACE::2025-03-26.16:38:24::SCWPlatform::DSA given D:/School/UIUC_ECE385_SP25/lab6_2/sdk/mb_usb_hdmi_top/hw/mb_usb_hdmi_top.xsa
TRACE::2025-03-26.16:38:24::SCWPlatform::DSA absoulate path D:/School/UIUC_ECE385_SP25/lab6_2/sdk/mb_usb_hdmi_top/hw/mb_usb_hdmi_top.xsa
TRACE::2025-03-26.16:38:24::SCWPlatform::DSA directory D:/School/UIUC_ECE385_SP25/lab6_2/sdk/mb_usb_hdmi_top/hw
TRACE::2025-03-26.16:38:24::SCWPlatform:: Platform Path D:/School/UIUC_ECE385_SP25/lab6_2/sdk/mb_usb_hdmi_top/hw/mb_usb_hdmi_top.xsa
TRACE::2025-03-26.16:38:24::SCWPlatform:: Unique name xilinx:::0.0
TRACE::2025-03-26.16:38:24::SCWPlatform::Trying to set the existing hwdb with name mb_usb_hdmi_top_0
TRACE::2025-03-26.16:38:24::SCWPlatform::Opened existing hwdb mb_usb_hdmi_top_0
TRACE::2025-03-26.16:38:24::SCWPlatform::Found the Hw Db part of the input DSA
TRACE::2025-03-26.16:38:24::SCWMssOS::Checking the sw design at  D:/School/UIUC_ECE385_SP25/lab6_2/sdk/mb_usb_hdmi_top/microblaze_0/standalone_microblaze_0/bsp/system.mss
TRACE::2025-03-26.16:38:24::SCWMssOS::DEBUG:  swdes dump  D:/School/UIUC_ECE385_SP25/lab6_2/sdk/mb_usb_hdmi_top/microblaze_0/standalone_microblaze_0/bsp/system.mss|system||

TRACE::2025-03-26.16:38:24::SCWMssOS::Sw design exists and opened at  D:/School/UIUC_ECE385_SP25/lab6_2/sdk/mb_usb_hdmi_top/microblaze_0/standalone_microblaze_0/bsp/system.mss
TRACE::2025-03-26.16:38:24::SCWPlatform::Trying to open the hw design at D:/School/UIUC_ECE385_SP25/lab6_2/sdk/mb_usb_hdmi_top/hw/mb_usb_hdmi_top.xsa
TRACE::2025-03-26.16:38:24::SCWPlatform::DSA given D:/School/UIUC_ECE385_SP25/lab6_2/sdk/mb_usb_hdmi_top/hw/mb_usb_hdmi_top.xsa
TRACE::2025-03-26.16:38:24::SCWPlatform::DSA absoulate path D:/School/UIUC_ECE385_SP25/lab6_2/sdk/mb_usb_hdmi_top/hw/mb_usb_hdmi_top.xsa
TRACE::2025-03-26.16:38:24::SCWPlatform::DSA directory D:/School/UIUC_ECE385_SP25/lab6_2/sdk/mb_usb_hdmi_top/hw
TRACE::2025-03-26.16:38:24::SCWPlatform:: Platform Path D:/School/UIUC_ECE385_SP25/lab6_2/sdk/mb_usb_hdmi_top/hw/mb_usb_hdmi_top.xsa
TRACE::2025-03-26.16:38:24::SCWPlatform:: Unique name xilinx:::0.0
TRACE::2025-03-26.16:38:24::SCWPlatform::Trying to set the existing hwdb with name mb_usb_hdmi_top_0
TRACE::2025-03-26.16:38:24::SCWPlatform::Opened existing hwdb mb_usb_hdmi_top_0
TRACE::2025-03-26.16:38:24::SCWPlatform::Found the Hw Db part of the input DSA
TRACE::2025-03-26.16:38:24::SCWMssOS::Checking the sw design at  D:/School/UIUC_ECE385_SP25/lab6_2/sdk/mb_usb_hdmi_top/microblaze_0/standalone_microblaze_0/bsp/system.mss
TRACE::2025-03-26.16:38:24::SCWMssOS::DEBUG:  swdes dump  D:/School/UIUC_ECE385_SP25/lab6_2/sdk/mb_usb_hdmi_top/microblaze_0/standalone_microblaze_0/bsp/system.mss|system||

TRACE::2025-03-26.16:38:24::SCWMssOS::Sw design exists and opened at  D:/School/UIUC_ECE385_SP25/lab6_2/sdk/mb_usb_hdmi_top/microblaze_0/standalone_microblaze_0/bsp/system.mss
TRACE::2025-03-26.16:38:24::SCWPlatform::Trying to open the hw design at D:/School/UIUC_ECE385_SP25/lab6_2/sdk/mb_usb_hdmi_top/hw/mb_usb_hdmi_top.xsa
TRACE::2025-03-26.16:38:24::SCWPlatform::DSA given D:/School/UIUC_ECE385_SP25/lab6_2/sdk/mb_usb_hdmi_top/hw/mb_usb_hdmi_top.xsa
TRACE::2025-03-26.16:38:24::SCWPlatform::DSA absoulate path D:/School/UIUC_ECE385_SP25/lab6_2/sdk/mb_usb_hdmi_top/hw/mb_usb_hdmi_top.xsa
TRACE::2025-03-26.16:38:24::SCWPlatform::DSA directory D:/School/UIUC_ECE385_SP25/lab6_2/sdk/mb_usb_hdmi_top/hw
TRACE::2025-03-26.16:38:24::SCWPlatform:: Platform Path D:/School/UIUC_ECE385_SP25/lab6_2/sdk/mb_usb_hdmi_top/hw/mb_usb_hdmi_top.xsa
TRACE::2025-03-26.16:38:24::SCWPlatform:: Unique name xilinx:::0.0
TRACE::2025-03-26.16:38:24::SCWPlatform::Trying to set the existing hwdb with name mb_usb_hdmi_top_0
TRACE::2025-03-26.16:38:24::SCWPlatform::Opened existing hwdb mb_usb_hdmi_top_0
TRACE::2025-03-26.16:38:24::SCWPlatform::Found the Hw Db part of the input DSA
TRACE::2025-03-26.16:38:24::SCWMssOS::Checking the sw design at  D:/School/UIUC_ECE385_SP25/lab6_2/sdk/mb_usb_hdmi_top/microblaze_0/standalone_microblaze_0/bsp/system.mss
TRACE::2025-03-26.16:38:24::SCWMssOS::DEBUG:  swdes dump  D:/School/UIUC_ECE385_SP25/lab6_2/sdk/mb_usb_hdmi_top/microblaze_0/standalone_microblaze_0/bsp/system.mss|system||

TRACE::2025-03-26.16:38:24::SCWMssOS::Sw design exists and opened at  D:/School/UIUC_ECE385_SP25/lab6_2/sdk/mb_usb_hdmi_top/microblaze_0/standalone_microblaze_0/bsp/system.mss
TRACE::2025-03-26.16:38:24::SCWWriter::formatted JSON is {
	"platformName":	"mb_usb_hdmi_top",
	"sprVersion":	"2.0",
	"mode":	"gui",
	"dsaType":	"Fixed",
	"platformDesc":	"mb_usb_hdmi_top",
	"platHandOff":	"D:/School/UIUC_ECE385_SP25/lab6_2/mb_usb_hdmi_top.xsa",
	"platIntHandOff":	"<platformDir>/hw/mb_usb_hdmi_top.xsa",
	"deviceType":	"FPGA",
	"platIsPrebuiltAutogen":	"false",
	"platIsNoBootBsp":	"false",
	"hasFsblMakeHasChanges":	"false",
	"hasPmufwMakeHasChanges":	"false",
	"platPreBuiltFlag":	false,
	"platformSamplesDir":	"",
	"platActiveSys":	"mb_usb_hdmi_top",
	"systems":	[{
			"systemName":	"mb_usb_hdmi_top",
			"systemDesc":	"mb_usb_hdmi_top",
			"sysIsBootAutoGen":	"true",
			"systemDispName":	"mb_usb_hdmi_top",
			"sysActiveDom":	"standalone_microblaze_0",
			"sysDefaultDom":	"standalone_microblaze_0",
			"domains":	[{
					"domainName":	"standalone_microblaze_0",
					"domainDispName":	"standalone_microblaze_0",
					"domainDesc":	"standalone_microblaze_0",
					"processors":	"microblaze_0",
					"os":	"standalone",
					"sdxOs":	"standalone",
					"debugEnable":	"False",
					"domRuntimes":	["cpp"],
					"swRepo":	"",
					"mssOsVer":	"8.0",
					"mssFile":	"",
					"md5Digest":	"304529987e879521ca977c68d163f362",
					"compatibleApp":	"hello_world",
					"domType":	"mssDomain",
					"arch":	"32-bit",
					"appSettings":	{
						"appCompilerFlags":	"",
						"appLinkerFlags":	""
					},
					"addedLibs":	[],
					"libOptions":	{
						"libsContainingOptions":	[]
					},
					"prebuiltLibs":	{
						"prebuiltIncPath":	[],
						"prebuiltLibPath":	[]
					},
					"isolation":	{
					}
				}]
		}]
}
LOG::2025-03-26.16:38:24::SCWPlatform::Started generating the artifacts platform mb_usb_hdmi_top
TRACE::2025-03-26.16:38:24::SCWPlatform::Sanity checking of platform is completed
LOG::2025-03-26.16:38:24::SCWPlatform::Started generating the artifacts for system configuration mb_usb_hdmi_top
LOG::2025-03-26.16:38:24::SCWSystem::Started Processing the domain standalone_microblaze_0
TRACE::2025-03-26.16:38:24::SCWDomain::Generating domain artifcats
TRACE::2025-03-26.16:38:24::SCWMssOS::Generating standalone artifcats
TRACE::2025-03-26.16:38:24::SCWMssOS:: Copying the user libraries. 
TRACE::2025-03-26.16:38:24::SCWPlatform::Trying to open the hw design at D:/School/UIUC_ECE385_SP25/lab6_2/sdk/mb_usb_hdmi_top/hw/mb_usb_hdmi_top.xsa
TRACE::2025-03-26.16:38:24::SCWPlatform::DSA given D:/School/UIUC_ECE385_SP25/lab6_2/sdk/mb_usb_hdmi_top/hw/mb_usb_hdmi_top.xsa
TRACE::2025-03-26.16:38:24::SCWPlatform::DSA absoulate path D:/School/UIUC_ECE385_SP25/lab6_2/sdk/mb_usb_hdmi_top/hw/mb_usb_hdmi_top.xsa
TRACE::2025-03-26.16:38:24::SCWPlatform::DSA directory D:/School/UIUC_ECE385_SP25/lab6_2/sdk/mb_usb_hdmi_top/hw
TRACE::2025-03-26.16:38:24::SCWPlatform:: Platform Path D:/School/UIUC_ECE385_SP25/lab6_2/sdk/mb_usb_hdmi_top/hw/mb_usb_hdmi_top.xsa
TRACE::2025-03-26.16:38:24::SCWPlatform:: Unique name xilinx:::0.0
TRACE::2025-03-26.16:38:24::SCWPlatform::Trying to set the existing hwdb with name mb_usb_hdmi_top_0
TRACE::2025-03-26.16:38:24::SCWPlatform::Opened existing hwdb mb_usb_hdmi_top_0
TRACE::2025-03-26.16:38:24::SCWPlatform::Found the Hw Db part of the input DSA
TRACE::2025-03-26.16:38:24::SCWMssOS::Checking the sw design at  D:/School/UIUC_ECE385_SP25/lab6_2/sdk/mb_usb_hdmi_top/microblaze_0/standalone_microblaze_0/bsp/system.mss
TRACE::2025-03-26.16:38:24::SCWMssOS::DEBUG:  swdes dump  D:/School/UIUC_ECE385_SP25/lab6_2/sdk/mb_usb_hdmi_top/microblaze_0/standalone_microblaze_0/bsp/system.mss|system||

TRACE::2025-03-26.16:38:24::SCWMssOS::Sw design exists and opened at  D:/School/UIUC_ECE385_SP25/lab6_2/sdk/mb_usb_hdmi_top/microblaze_0/standalone_microblaze_0/bsp/system.mss
TRACE::2025-03-26.16:38:24::SCWMssOS::Completed writing the mss file at D:/School/UIUC_ECE385_SP25/lab6_2/sdk/mb_usb_hdmi_top/microblaze_0/standalone_microblaze_0/bsp
TRACE::2025-03-26.16:38:24::SCWMssOS::Mss edits present, copying mssfile into export location D:/School/UIUC_ECE385_SP25/lab6_2/sdk/mb_usb_hdmi_top/microblaze_0/standalone_microblaze_0/bsp/system.mss
TRACE::2025-03-26.16:38:24::SCWMssOS::bsp generated is upto date with the mss file. Skipping bsp generation.
TRACE::2025-03-26.16:38:24::SCWMssOS::BSP is already built. skipping the bsp build ... 
TRACE::2025-03-26.16:38:24::SCWDomain::Building the domain as part of full build :  standalone_microblaze_0
TRACE::2025-03-26.16:38:24::SCWMssOS::skipping the bsp build ... 
TRACE::2025-03-26.16:38:24::SCWMssOS::Copying to export directory.
TRACE::2025-03-26.16:38:24::SCWMssOS:: Checking if to create the Supporting Applications
TRACE::2025-03-26.16:38:24::SCWMssOS:: No Linux domain exists, trying to generate FSBL 
LOG::2025-03-26.16:38:24::SCWSystem::Completed Processing the domain standalone_microblaze_0
LOG::2025-03-26.16:38:24::SCWSystem::Completed Processing the sysconfig mb_usb_hdmi_top
LOG::2025-03-26.16:38:24::SCWPlatform::Completed generating the artifacts for system configuration mb_usb_hdmi_top
TRACE::2025-03-26.16:38:24::SCWPlatform::Started preparing the platform 
TRACE::2025-03-26.16:38:24::SCWSystem::Writing the bif file for system config mb_usb_hdmi_top
TRACE::2025-03-26.16:38:24::SCWSystem::dir created 
TRACE::2025-03-26.16:38:24::SCWSystem::Writing the bif 
TRACE::2025-03-26.16:38:24::SCWPlatform::Started writing the spfm file 
TRACE::2025-03-26.16:38:24::SCWPlatform::Started writing the xpfm file 
TRACE::2025-03-26.16:38:24::SCWPlatform::Completed generating the platform
TRACE::2025-03-26.16:38:24::SCWMssOS::Saving the mss changes D:/School/UIUC_ECE385_SP25/lab6_2/sdk/mb_usb_hdmi_top/microblaze_0/standalone_microblaze_0/bsp/system.mss
TRACE::2025-03-26.16:38:24::SCWMssOS::Found a swdesign opened with the mssfile.
TRACE::2025-03-26.16:38:24::SCWMssOS::Completed writemss as part of save.
TRACE::2025-03-26.16:38:24::SCWMssOS::Commit changes completed.
TRACE::2025-03-26.16:38:24::SCWPlatform::Trying to open the hw design at D:/School/UIUC_ECE385_SP25/lab6_2/sdk/mb_usb_hdmi_top/hw/mb_usb_hdmi_top.xsa
TRACE::2025-03-26.16:38:24::SCWPlatform::DSA given D:/School/UIUC_ECE385_SP25/lab6_2/sdk/mb_usb_hdmi_top/hw/mb_usb_hdmi_top.xsa
TRACE::2025-03-26.16:38:24::SCWPlatform::DSA absoulate path D:/School/UIUC_ECE385_SP25/lab6_2/sdk/mb_usb_hdmi_top/hw/mb_usb_hdmi_top.xsa
TRACE::2025-03-26.16:38:24::SCWPlatform::DSA directory D:/School/UIUC_ECE385_SP25/lab6_2/sdk/mb_usb_hdmi_top/hw
TRACE::2025-03-26.16:38:24::SCWPlatform:: Platform Path D:/School/UIUC_ECE385_SP25/lab6_2/sdk/mb_usb_hdmi_top/hw/mb_usb_hdmi_top.xsa
TRACE::2025-03-26.16:38:24::SCWPlatform:: Unique name xilinx:::0.0
TRACE::2025-03-26.16:38:24::SCWPlatform::Trying to set the existing hwdb with name mb_usb_hdmi_top_0
TRACE::2025-03-26.16:38:24::SCWPlatform::Opened existing hwdb mb_usb_hdmi_top_0
TRACE::2025-03-26.16:38:24::SCWPlatform::Found the Hw Db part of the input DSA
TRACE::2025-03-26.16:38:24::SCWMssOS::Checking the sw design at  D:/School/UIUC_ECE385_SP25/lab6_2/sdk/mb_usb_hdmi_top/microblaze_0/standalone_microblaze_0/bsp/system.mss
TRACE::2025-03-26.16:38:24::SCWMssOS::DEBUG:  swdes dump  D:/School/UIUC_ECE385_SP25/lab6_2/sdk/mb_usb_hdmi_top/microblaze_0/standalone_microblaze_0/bsp/system.mss|system||

TRACE::2025-03-26.16:38:24::SCWMssOS::Sw design exists and opened at  D:/School/UIUC_ECE385_SP25/lab6_2/sdk/mb_usb_hdmi_top/microblaze_0/standalone_microblaze_0/bsp/system.mss
TRACE::2025-03-26.16:38:24::SCWPlatform::Trying to open the hw design at D:/School/UIUC_ECE385_SP25/lab6_2/sdk/mb_usb_hdmi_top/hw/mb_usb_hdmi_top.xsa
TRACE::2025-03-26.16:38:24::SCWPlatform::DSA given D:/School/UIUC_ECE385_SP25/lab6_2/sdk/mb_usb_hdmi_top/hw/mb_usb_hdmi_top.xsa
TRACE::2025-03-26.16:38:24::SCWPlatform::DSA absoulate path D:/School/UIUC_ECE385_SP25/lab6_2/sdk/mb_usb_hdmi_top/hw/mb_usb_hdmi_top.xsa
TRACE::2025-03-26.16:38:24::SCWPlatform::DSA directory D:/School/UIUC_ECE385_SP25/lab6_2/sdk/mb_usb_hdmi_top/hw
TRACE::2025-03-26.16:38:24::SCWPlatform:: Platform Path D:/School/UIUC_ECE385_SP25/lab6_2/sdk/mb_usb_hdmi_top/hw/mb_usb_hdmi_top.xsa
TRACE::2025-03-26.16:38:24::SCWPlatform:: Unique name xilinx:::0.0
TRACE::2025-03-26.16:38:24::SCWPlatform::Trying to set the existing hwdb with name mb_usb_hdmi_top_0
TRACE::2025-03-26.16:38:24::SCWPlatform::Opened existing hwdb mb_usb_hdmi_top_0
TRACE::2025-03-26.16:38:24::SCWPlatform::Found the Hw Db part of the input DSA
TRACE::2025-03-26.16:38:24::SCWMssOS::Checking the sw design at  D:/School/UIUC_ECE385_SP25/lab6_2/sdk/mb_usb_hdmi_top/microblaze_0/standalone_microblaze_0/bsp/system.mss
TRACE::2025-03-26.16:38:24::SCWMssOS::DEBUG:  swdes dump  D:/School/UIUC_ECE385_SP25/lab6_2/sdk/mb_usb_hdmi_top/microblaze_0/standalone_microblaze_0/bsp/system.mss|system||

TRACE::2025-03-26.16:38:24::SCWMssOS::Sw design exists and opened at  D:/School/UIUC_ECE385_SP25/lab6_2/sdk/mb_usb_hdmi_top/microblaze_0/standalone_microblaze_0/bsp/system.mss
TRACE::2025-03-26.16:38:24::SCWPlatform::Trying to open the hw design at D:/School/UIUC_ECE385_SP25/lab6_2/sdk/mb_usb_hdmi_top/hw/mb_usb_hdmi_top.xsa
TRACE::2025-03-26.16:38:24::SCWPlatform::DSA given D:/School/UIUC_ECE385_SP25/lab6_2/sdk/mb_usb_hdmi_top/hw/mb_usb_hdmi_top.xsa
TRACE::2025-03-26.16:38:24::SCWPlatform::DSA absoulate path D:/School/UIUC_ECE385_SP25/lab6_2/sdk/mb_usb_hdmi_top/hw/mb_usb_hdmi_top.xsa
TRACE::2025-03-26.16:38:24::SCWPlatform::DSA directory D:/School/UIUC_ECE385_SP25/lab6_2/sdk/mb_usb_hdmi_top/hw
TRACE::2025-03-26.16:38:24::SCWPlatform:: Platform Path D:/School/UIUC_ECE385_SP25/lab6_2/sdk/mb_usb_hdmi_top/hw/mb_usb_hdmi_top.xsa
TRACE::2025-03-26.16:38:24::SCWPlatform:: Unique name xilinx:::0.0
TRACE::2025-03-26.16:38:24::SCWPlatform::Trying to set the existing hwdb with name mb_usb_hdmi_top_0
TRACE::2025-03-26.16:38:24::SCWPlatform::Opened existing hwdb mb_usb_hdmi_top_0
TRACE::2025-03-26.16:38:24::SCWPlatform::Found the Hw Db part of the input DSA
TRACE::2025-03-26.16:38:24::SCWMssOS::Checking the sw design at  D:/School/UIUC_ECE385_SP25/lab6_2/sdk/mb_usb_hdmi_top/microblaze_0/standalone_microblaze_0/bsp/system.mss
TRACE::2025-03-26.16:38:24::SCWMssOS::DEBUG:  swdes dump  D:/School/UIUC_ECE385_SP25/lab6_2/sdk/mb_usb_hdmi_top/microblaze_0/standalone_microblaze_0/bsp/system.mss|system||

TRACE::2025-03-26.16:38:24::SCWMssOS::Sw design exists and opened at  D:/School/UIUC_ECE385_SP25/lab6_2/sdk/mb_usb_hdmi_top/microblaze_0/standalone_microblaze_0/bsp/system.mss
TRACE::2025-03-26.16:38:24::SCWWriter::formatted JSON is {
	"platformName":	"mb_usb_hdmi_top",
	"sprVersion":	"2.0",
	"mode":	"gui",
	"dsaType":	"Fixed",
	"platformDesc":	"mb_usb_hdmi_top",
	"platHandOff":	"D:/School/UIUC_ECE385_SP25/lab6_2/mb_usb_hdmi_top.xsa",
	"platIntHandOff":	"<platformDir>/hw/mb_usb_hdmi_top.xsa",
	"deviceType":	"FPGA",
	"platIsPrebuiltAutogen":	"false",
	"platIsNoBootBsp":	"false",
	"hasFsblMakeHasChanges":	"false",
	"hasPmufwMakeHasChanges":	"false",
	"platPreBuiltFlag":	false,
	"platformSamplesDir":	"",
	"platActiveSys":	"mb_usb_hdmi_top",
	"systems":	[{
			"systemName":	"mb_usb_hdmi_top",
			"systemDesc":	"mb_usb_hdmi_top",
			"sysIsBootAutoGen":	"true",
			"systemDispName":	"mb_usb_hdmi_top",
			"sysActiveDom":	"standalone_microblaze_0",
			"sysDefaultDom":	"standalone_microblaze_0",
			"domains":	[{
					"domainName":	"standalone_microblaze_0",
					"domainDispName":	"standalone_microblaze_0",
					"domainDesc":	"standalone_microblaze_0",
					"processors":	"microblaze_0",
					"os":	"standalone",
					"sdxOs":	"standalone",
					"debugEnable":	"False",
					"domRuntimes":	["cpp"],
					"swRepo":	"",
					"mssOsVer":	"8.0",
					"mssFile":	"",
					"md5Digest":	"304529987e879521ca977c68d163f362",
					"compatibleApp":	"hello_world",
					"domType":	"mssDomain",
					"arch":	"32-bit",
					"appSettings":	{
						"appCompilerFlags":	"",
						"appLinkerFlags":	""
					},
					"addedLibs":	[],
					"libOptions":	{
						"libsContainingOptions":	[]
					},
					"prebuiltLibs":	{
						"prebuiltIncPath":	[],
						"prebuiltLibPath":	[]
					},
					"isolation":	{
					}
				}]
		}]
}
KEYINFO::2025-03-26.16:38:24::SCWPlatform::updated the xpfm file.
TRACE::2025-03-26.16:39:52::SCWPlatform::Clearing the existing platform
TRACE::2025-03-26.16:39:52::SCWSystem::Clearing the existing sysconfig
TRACE::2025-03-26.16:39:52::SCWMssOS::Removing the swdes entry for  D:/School/UIUC_ECE385_SP25/lab6_2/sdk/mb_usb_hdmi_top/microblaze_0/standalone_microblaze_0/bsp/system.mss
TRACE::2025-03-26.16:39:52::SCWSystem::Clearing the domains completed.
TRACE::2025-03-26.16:39:52::SCWPlatform::Clearing the opened hw db.
TRACE::2025-03-26.16:39:52::SCWPlatform::DSA given D:/School/UIUC_ECE385_SP25/lab6_2/sdk/mb_usb_hdmi_top/hw/mb_usb_hdmi_top.xsa
TRACE::2025-03-26.16:39:52::SCWPlatform::DSA absoulate path D:/School/UIUC_ECE385_SP25/lab6_2/sdk/mb_usb_hdmi_top/hw/mb_usb_hdmi_top.xsa
TRACE::2025-03-26.16:39:52::SCWPlatform:: Platform location is D:/School/UIUC_ECE385_SP25/lab6_2/sdk/mb_usb_hdmi_top/hw
TRACE::2025-03-26.16:39:52::SCWPlatform:: Platform Path D:/School/UIUC_ECE385_SP25/lab6_2/sdk/mb_usb_hdmi_top/hw/mb_usb_hdmi_top.xsa
TRACE::2025-03-26.16:39:52::SCWPlatform:: Unique name xilinx:::0.0
TRACE::2025-03-26.16:39:52::SCWPlatform::Removing the HwDB with name D:/School/UIUC_ECE385_SP25/lab6_2/sdk/mb_usb_hdmi_top/hw/mb_usb_hdmi_top.xsa
TRACE::2025-03-26.16:39:52::SCWPlatform::Trying to open the hw design at D:/School/UIUC_ECE385_SP25/lab6_2/sdk/mb_usb_hdmi_top/hw/mb_usb_hdmi_top.xsa
TRACE::2025-03-26.16:39:52::SCWPlatform::DSA given D:/School/UIUC_ECE385_SP25/lab6_2/sdk/mb_usb_hdmi_top/hw/mb_usb_hdmi_top.xsa
TRACE::2025-03-26.16:39:52::SCWPlatform::DSA absoulate path D:/School/UIUC_ECE385_SP25/lab6_2/sdk/mb_usb_hdmi_top/hw/mb_usb_hdmi_top.xsa
TRACE::2025-03-26.16:39:52::SCWPlatform::DSA directory D:/School/UIUC_ECE385_SP25/lab6_2/sdk/mb_usb_hdmi_top/hw
TRACE::2025-03-26.16:39:52::SCWPlatform:: Platform Path D:/School/UIUC_ECE385_SP25/lab6_2/sdk/mb_usb_hdmi_top/hw/mb_usb_hdmi_top.xsa
TRACE::2025-03-26.16:39:52::SCWPlatform:: Unique name xilinx:::0.0
TRACE::2025-03-26.16:39:52::SCWPlatform::Do not have an existing db opened. 
TRACE::2025-03-26.16:39:52::SCWPlatform::Opened new HwDB with name mb_usb_hdmi_top_2
TRACE::2025-03-26.16:39:52::SCWReader::Active system found as  mb_usb_hdmi_top
TRACE::2025-03-26.16:39:52::SCWReader::Handling sysconfig mb_usb_hdmi_top
TRACE::2025-03-26.16:39:52::SCWDomain::checking for install qemu data   : 
TRACE::2025-03-26.16:39:52::SCWPlatform::Trying to open the hw design at D:/School/UIUC_ECE385_SP25/lab6_2/sdk/mb_usb_hdmi_top/hw/mb_usb_hdmi_top.xsa
TRACE::2025-03-26.16:39:52::SCWPlatform::DSA given D:/School/UIUC_ECE385_SP25/lab6_2/sdk/mb_usb_hdmi_top/hw/mb_usb_hdmi_top.xsa
TRACE::2025-03-26.16:39:52::SCWPlatform::DSA absoulate path D:/School/UIUC_ECE385_SP25/lab6_2/sdk/mb_usb_hdmi_top/hw/mb_usb_hdmi_top.xsa
TRACE::2025-03-26.16:39:52::SCWPlatform::DSA directory D:/School/UIUC_ECE385_SP25/lab6_2/sdk/mb_usb_hdmi_top/hw
TRACE::2025-03-26.16:39:52::SCWPlatform:: Platform Path D:/School/UIUC_ECE385_SP25/lab6_2/sdk/mb_usb_hdmi_top/hw/mb_usb_hdmi_top.xsa
TRACE::2025-03-26.16:39:52::SCWPlatform:: Unique name xilinx:::0.0
TRACE::2025-03-26.16:39:52::SCWPlatform::Trying to set the existing hwdb with name mb_usb_hdmi_top_2
TRACE::2025-03-26.16:39:52::SCWPlatform::Opened existing hwdb mb_usb_hdmi_top_2
TRACE::2025-03-26.16:39:52::SCWPlatform::Found the Hw Db part of the input DSA
TRACE::2025-03-26.16:39:52::SCWPlatform::Trying to open the hw design at D:/School/UIUC_ECE385_SP25/lab6_2/sdk/mb_usb_hdmi_top/hw/mb_usb_hdmi_top.xsa
TRACE::2025-03-26.16:39:52::SCWPlatform::DSA given D:/School/UIUC_ECE385_SP25/lab6_2/sdk/mb_usb_hdmi_top/hw/mb_usb_hdmi_top.xsa
TRACE::2025-03-26.16:39:52::SCWPlatform::DSA absoulate path D:/School/UIUC_ECE385_SP25/lab6_2/sdk/mb_usb_hdmi_top/hw/mb_usb_hdmi_top.xsa
TRACE::2025-03-26.16:39:52::SCWPlatform::DSA directory D:/School/UIUC_ECE385_SP25/lab6_2/sdk/mb_usb_hdmi_top/hw
TRACE::2025-03-26.16:39:52::SCWPlatform:: Platform Path D:/School/UIUC_ECE385_SP25/lab6_2/sdk/mb_usb_hdmi_top/hw/mb_usb_hdmi_top.xsa
TRACE::2025-03-26.16:39:52::SCWPlatform:: Unique name xilinx:::0.0
TRACE::2025-03-26.16:39:52::SCWPlatform::Trying to set the existing hwdb with name mb_usb_hdmi_top_2
TRACE::2025-03-26.16:39:52::SCWPlatform::Opened existing hwdb mb_usb_hdmi_top_2
TRACE::2025-03-26.16:39:52::SCWPlatform::Found the Hw Db part of the input DSA
TRACE::2025-03-26.16:39:52::SCWPlatform::Trying to open the hw design at D:/School/UIUC_ECE385_SP25/lab6_2/sdk/mb_usb_hdmi_top/hw/mb_usb_hdmi_top.xsa
TRACE::2025-03-26.16:39:52::SCWPlatform::DSA given D:/School/UIUC_ECE385_SP25/lab6_2/sdk/mb_usb_hdmi_top/hw/mb_usb_hdmi_top.xsa
TRACE::2025-03-26.16:39:52::SCWPlatform::DSA absoulate path D:/School/UIUC_ECE385_SP25/lab6_2/sdk/mb_usb_hdmi_top/hw/mb_usb_hdmi_top.xsa
TRACE::2025-03-26.16:39:52::SCWPlatform::DSA directory D:/School/UIUC_ECE385_SP25/lab6_2/sdk/mb_usb_hdmi_top/hw
TRACE::2025-03-26.16:39:52::SCWPlatform:: Platform Path D:/School/UIUC_ECE385_SP25/lab6_2/sdk/mb_usb_hdmi_top/hw/mb_usb_hdmi_top.xsa
TRACE::2025-03-26.16:39:52::SCWPlatform:: Unique name xilinx:::0.0
TRACE::2025-03-26.16:39:52::SCWPlatform::Trying to set the existing hwdb with name mb_usb_hdmi_top_2
TRACE::2025-03-26.16:39:52::SCWPlatform::Opened existing hwdb mb_usb_hdmi_top_2
TRACE::2025-03-26.16:39:52::SCWPlatform::Found the Hw Db part of the input DSA
TRACE::2025-03-26.16:39:52::SCWPlatform::Trying to open the hw design at D:/School/UIUC_ECE385_SP25/lab6_2/sdk/mb_usb_hdmi_top/hw/mb_usb_hdmi_top.xsa
TRACE::2025-03-26.16:39:52::SCWPlatform::DSA given D:/School/UIUC_ECE385_SP25/lab6_2/sdk/mb_usb_hdmi_top/hw/mb_usb_hdmi_top.xsa
TRACE::2025-03-26.16:39:52::SCWPlatform::DSA absoulate path D:/School/UIUC_ECE385_SP25/lab6_2/sdk/mb_usb_hdmi_top/hw/mb_usb_hdmi_top.xsa
TRACE::2025-03-26.16:39:52::SCWPlatform::DSA directory D:/School/UIUC_ECE385_SP25/lab6_2/sdk/mb_usb_hdmi_top/hw
TRACE::2025-03-26.16:39:52::SCWPlatform:: Platform Path D:/School/UIUC_ECE385_SP25/lab6_2/sdk/mb_usb_hdmi_top/hw/mb_usb_hdmi_top.xsa
TRACE::2025-03-26.16:39:52::SCWPlatform:: Unique name xilinx:::0.0
TRACE::2025-03-26.16:39:52::SCWPlatform::Trying to set the existing hwdb with name mb_usb_hdmi_top_2
TRACE::2025-03-26.16:39:52::SCWPlatform::Opened existing hwdb mb_usb_hdmi_top_2
TRACE::2025-03-26.16:39:52::SCWPlatform::Found the Hw Db part of the input DSA
TRACE::2025-03-26.16:39:52::SCWMssOS::Checking the sw design at  D:/School/UIUC_ECE385_SP25/lab6_2/sdk/mb_usb_hdmi_top/microblaze_0/standalone_microblaze_0/bsp/system.mss
TRACE::2025-03-26.16:39:52::SCWMssOS::DEBUG:  swdes dump  
TRACE::2025-03-26.16:39:52::SCWMssOS::No sw design opened at  D:/School/UIUC_ECE385_SP25/lab6_2/sdk/mb_usb_hdmi_top/microblaze_0/standalone_microblaze_0/bsp/system.mss
TRACE::2025-03-26.16:39:52::SCWMssOS::mss exists loading the mss file  D:/School/UIUC_ECE385_SP25/lab6_2/sdk/mb_usb_hdmi_top/microblaze_0/standalone_microblaze_0/bsp/system.mss
TRACE::2025-03-26.16:39:52::SCWMssOS::Opened the sw design from mss  D:/School/UIUC_ECE385_SP25/lab6_2/sdk/mb_usb_hdmi_top/microblaze_0/standalone_microblaze_0/bsp/system.mss
TRACE::2025-03-26.16:39:52::SCWMssOS::Adding the swdes entry D:/School/UIUC_ECE385_SP25/lab6_2/sdk/mb_usb_hdmi_top/microblaze_0/standalone_microblaze_0/bsp/system.mss with des name system
TRACE::2025-03-26.16:39:52::SCWMssOS::updating the scw layer about changes
TRACE::2025-03-26.16:39:52::SCWMssOS::Opened the sw design.  D:/School/UIUC_ECE385_SP25/lab6_2/sdk/mb_usb_hdmi_top/microblaze_0/standalone_microblaze_0/bsp/system.mss
TRACE::2025-03-26.16:39:52::SCWMssOS::Saving the mss changes D:/School/UIUC_ECE385_SP25/lab6_2/sdk/mb_usb_hdmi_top/microblaze_0/standalone_microblaze_0/bsp/system.mss
TRACE::2025-03-26.16:39:52::SCWMssOS::Found a swdesign opened with the mssfile.
TRACE::2025-03-26.16:39:52::SCWMssOS::Completed writemss as part of save.
TRACE::2025-03-26.16:39:52::SCWMssOS::Commit changes completed.
TRACE::2025-03-26.16:39:52::SCWReader::Adding prebuilt librarypaths as   
TRACE::2025-03-26.16:39:52::SCWReader::Adding prebuilt incpaths  as   
TRACE::2025-03-26.16:39:52::SCWPlatform::Trying to open the hw design at D:/School/UIUC_ECE385_SP25/lab6_2/sdk/mb_usb_hdmi_top/hw/mb_usb_hdmi_top.xsa
TRACE::2025-03-26.16:39:52::SCWPlatform::DSA given D:/School/UIUC_ECE385_SP25/lab6_2/sdk/mb_usb_hdmi_top/hw/mb_usb_hdmi_top.xsa
TRACE::2025-03-26.16:39:52::SCWPlatform::DSA absoulate path D:/School/UIUC_ECE385_SP25/lab6_2/sdk/mb_usb_hdmi_top/hw/mb_usb_hdmi_top.xsa
TRACE::2025-03-26.16:39:52::SCWPlatform::DSA directory D:/School/UIUC_ECE385_SP25/lab6_2/sdk/mb_usb_hdmi_top/hw
TRACE::2025-03-26.16:39:52::SCWPlatform:: Platform Path D:/School/UIUC_ECE385_SP25/lab6_2/sdk/mb_usb_hdmi_top/hw/mb_usb_hdmi_top.xsa
TRACE::2025-03-26.16:39:52::SCWPlatform:: Unique name xilinx:::0.0
TRACE::2025-03-26.16:39:52::SCWPlatform::Trying to set the existing hwdb with name mb_usb_hdmi_top_2
TRACE::2025-03-26.16:39:52::SCWPlatform::Opened existing hwdb mb_usb_hdmi_top_2
TRACE::2025-03-26.16:39:52::SCWPlatform::Found the Hw Db part of the input DSA
TRACE::2025-03-26.16:39:52::SCWMssOS::Checking the sw design at  D:/School/UIUC_ECE385_SP25/lab6_2/sdk/mb_usb_hdmi_top/microblaze_0/standalone_microblaze_0/bsp/system.mss
TRACE::2025-03-26.16:39:52::SCWMssOS::DEBUG:  swdes dump  D:/School/UIUC_ECE385_SP25/lab6_2/sdk/mb_usb_hdmi_top/microblaze_0/standalone_microblaze_0/bsp/system.mss|system||

TRACE::2025-03-26.16:39:52::SCWMssOS::Sw design exists and opened at  D:/School/UIUC_ECE385_SP25/lab6_2/sdk/mb_usb_hdmi_top/microblaze_0/standalone_microblaze_0/bsp/system.mss
TRACE::2025-03-26.16:39:52::SCWReader::No isolation master present  
TRACE::2025-03-26.16:39:56::SCWPlatform::DSA given D:/School/UIUC_ECE385_SP25/lab6_2/sdk/mb_usb_hdmi_top/tempdsa/mb_usb_hdmi_top.xsa
TRACE::2025-03-26.16:39:56::SCWPlatform::DSA absoulate path D:/School/UIUC_ECE385_SP25/lab6_2/sdk/mb_usb_hdmi_top/tempdsa/mb_usb_hdmi_top.xsa
TRACE::2025-03-26.16:39:56::SCWPlatform:: Platform location is D:/School/UIUC_ECE385_SP25/lab6_2/sdk/mb_usb_hdmi_top/tempdsa
TRACE::2025-03-26.16:39:56::SCWPlatform:: Platform Path D:/School/UIUC_ECE385_SP25/lab6_2/sdk/mb_usb_hdmi_top/tempdsa/mb_usb_hdmi_top.xsa
TRACE::2025-03-26.16:39:56::SCWPlatform:: Unique name xilinx:::0.0
TRACE::2025-03-26.16:39:57::SCWPlatform::Found the Hw Db part of the input DSA
TRACE::2025-03-26.16:39:57::SCWMssOS::Doing hw sync for the mss in domain: standalone_microblaze_0
TRACE::2025-03-26.16:39:57::SCWPlatform::Trying to open the hw design at D:/School/UIUC_ECE385_SP25/lab6_2/sdk/mb_usb_hdmi_top/hw/mb_usb_hdmi_top.xsa
TRACE::2025-03-26.16:39:57::SCWPlatform::DSA given D:/School/UIUC_ECE385_SP25/lab6_2/sdk/mb_usb_hdmi_top/hw/mb_usb_hdmi_top.xsa
TRACE::2025-03-26.16:39:57::SCWPlatform::DSA absoulate path D:/School/UIUC_ECE385_SP25/lab6_2/sdk/mb_usb_hdmi_top/hw/mb_usb_hdmi_top.xsa
TRACE::2025-03-26.16:39:57::SCWPlatform::DSA directory D:/School/UIUC_ECE385_SP25/lab6_2/sdk/mb_usb_hdmi_top/hw
TRACE::2025-03-26.16:39:57::SCWPlatform:: Platform Path D:/School/UIUC_ECE385_SP25/lab6_2/sdk/mb_usb_hdmi_top/hw/mb_usb_hdmi_top.xsa
TRACE::2025-03-26.16:39:57::SCWPlatform:: Unique name xilinx:::0.0
TRACE::2025-03-26.16:39:57::SCWPlatform::Trying to set the existing hwdb with name mb_usb_hdmi_top_2
TRACE::2025-03-26.16:39:57::SCWPlatform::Opened existing hwdb mb_usb_hdmi_top_2
TRACE::2025-03-26.16:39:57::SCWPlatform::Found the Hw Db part of the input DSA
TRACE::2025-03-26.16:39:57::SCWPlatform::Trying to open the hw design at D:/School/UIUC_ECE385_SP25/lab6_2/sdk/mb_usb_hdmi_top/hw/mb_usb_hdmi_top.xsa
TRACE::2025-03-26.16:39:57::SCWPlatform::DSA given D:/School/UIUC_ECE385_SP25/lab6_2/sdk/mb_usb_hdmi_top/hw/mb_usb_hdmi_top.xsa
TRACE::2025-03-26.16:39:57::SCWPlatform::DSA absoulate path D:/School/UIUC_ECE385_SP25/lab6_2/sdk/mb_usb_hdmi_top/hw/mb_usb_hdmi_top.xsa
TRACE::2025-03-26.16:39:57::SCWPlatform::DSA directory D:/School/UIUC_ECE385_SP25/lab6_2/sdk/mb_usb_hdmi_top/hw
TRACE::2025-03-26.16:39:57::SCWPlatform:: Platform Path D:/School/UIUC_ECE385_SP25/lab6_2/sdk/mb_usb_hdmi_top/hw/mb_usb_hdmi_top.xsa
TRACE::2025-03-26.16:39:57::SCWPlatform:: Unique name xilinx:::0.0
TRACE::2025-03-26.16:39:57::SCWPlatform::Trying to set the existing hwdb with name mb_usb_hdmi_top_2
TRACE::2025-03-26.16:39:57::SCWPlatform::Opened existing hwdb mb_usb_hdmi_top_2
TRACE::2025-03-26.16:39:57::SCWPlatform::Found the Hw Db part of the input DSA
TRACE::2025-03-26.16:39:57::SCWMssOS::Checking the sw design at  D:/School/UIUC_ECE385_SP25/lab6_2/sdk/mb_usb_hdmi_top/microblaze_0/standalone_microblaze_0/bsp/system.mss
TRACE::2025-03-26.16:39:57::SCWMssOS::DEBUG:  swdes dump  D:/School/UIUC_ECE385_SP25/lab6_2/sdk/mb_usb_hdmi_top/microblaze_0/standalone_microblaze_0/bsp/system.mss|system||

TRACE::2025-03-26.16:39:57::SCWMssOS::Sw design exists and opened at  D:/School/UIUC_ECE385_SP25/lab6_2/sdk/mb_usb_hdmi_top/microblaze_0/standalone_microblaze_0/bsp/system.mss
TRACE::2025-03-26.16:39:57::SCWPlatform::Trying to open the hw design at D:/School/UIUC_ECE385_SP25/lab6_2/sdk/mb_usb_hdmi_top/tempdsa/mb_usb_hdmi_top.xsa
TRACE::2025-03-26.16:39:57::SCWPlatform::DSA given D:/School/UIUC_ECE385_SP25/lab6_2/sdk/mb_usb_hdmi_top/tempdsa/mb_usb_hdmi_top.xsa
TRACE::2025-03-26.16:39:57::SCWPlatform::DSA absoulate path D:/School/UIUC_ECE385_SP25/lab6_2/sdk/mb_usb_hdmi_top/tempdsa/mb_usb_hdmi_top.xsa
TRACE::2025-03-26.16:39:57::SCWPlatform::DSA directory D:/School/UIUC_ECE385_SP25/lab6_2/sdk/mb_usb_hdmi_top/tempdsa
TRACE::2025-03-26.16:39:57::SCWPlatform:: Platform Path D:/School/UIUC_ECE385_SP25/lab6_2/sdk/mb_usb_hdmi_top/tempdsa/mb_usb_hdmi_top.xsa
TRACE::2025-03-26.16:39:57::SCWPlatform:: Unique name xilinx:::0.0
TRACE::2025-03-26.16:39:57::SCWPlatform::update - Opened existing hwdb mb_usb_hdmi_top_3
TRACE::2025-03-26.16:39:57::SCWPlatform::Found the Hw Db part of the input DSA
TRACE::2025-03-26.16:39:57::SCWMssOS::Saving the mss changes D:/School/UIUC_ECE385_SP25/lab6_2/sdk/mb_usb_hdmi_top/microblaze_0/standalone_microblaze_0/bsp/system.mss
TRACE::2025-03-26.16:39:57::SCWMssOS::Found a swdesign opened with the mssfile.
TRACE::2025-03-26.16:39:57::SCWMssOS::Completed writemss as part of save.
TRACE::2025-03-26.16:39:57::SCWMssOS::Commit changes completed.
TRACE::2025-03-26.16:39:57::SCWMssOS::Completed hw sync for the mss in domain: standalone_microblaze_0
TRACE::2025-03-26.16:39:57::SCWMssOS::Removing the swdes entry for  D:/School/UIUC_ECE385_SP25/lab6_2/sdk/mb_usb_hdmi_top/microblaze_0/standalone_microblaze_0/bsp/system.mss
TRACE::2025-03-26.16:39:57::SCWPlatform::Trying to open the hw design at D:/School/UIUC_ECE385_SP25/lab6_2/sdk/mb_usb_hdmi_top/hw/mb_usb_hdmi_top.xsa
TRACE::2025-03-26.16:39:57::SCWPlatform::DSA given D:/School/UIUC_ECE385_SP25/lab6_2/sdk/mb_usb_hdmi_top/hw/mb_usb_hdmi_top.xsa
TRACE::2025-03-26.16:39:57::SCWPlatform::DSA absoulate path D:/School/UIUC_ECE385_SP25/lab6_2/sdk/mb_usb_hdmi_top/hw/mb_usb_hdmi_top.xsa
TRACE::2025-03-26.16:39:57::SCWPlatform::DSA directory D:/School/UIUC_ECE385_SP25/lab6_2/sdk/mb_usb_hdmi_top/hw
TRACE::2025-03-26.16:39:57::SCWPlatform:: Platform Path D:/School/UIUC_ECE385_SP25/lab6_2/sdk/mb_usb_hdmi_top/hw/mb_usb_hdmi_top.xsa
TRACE::2025-03-26.16:39:57::SCWPlatform:: Unique name xilinx:::0.0
TRACE::2025-03-26.16:39:57::SCWPlatform::Do not have an existing db opened. 
TRACE::2025-03-26.16:39:57::SCWPlatform::Opened new HwDB with name mb_usb_hdmi_top_4
TRACE::2025-03-26.16:39:57::SCWMssOS::Saving the mss changes D:/School/UIUC_ECE385_SP25/lab6_2/sdk/mb_usb_hdmi_top/microblaze_0/standalone_microblaze_0/bsp/system.mss
TRACE::2025-03-26.16:39:57::SCWMssOS::Adding the swdes entry, mss present, able to open swdb D:/School/UIUC_ECE385_SP25/lab6_2/sdk/mb_usb_hdmi_top/microblaze_0/standalone_microblaze_0/bsp/system.mss with des name system
TRACE::2025-03-26.16:39:57::SCWMssOS::Writing the mss file completed D:/School/UIUC_ECE385_SP25/lab6_2/sdk/mb_usb_hdmi_top/microblaze_0/standalone_microblaze_0/bsp/system.mss
TRACE::2025-03-26.16:39:57::SCWMssOS::Commit changes completed.
TRACE::2025-03-26.16:39:57::SCWPlatform::Trying to open the hw design at D:/School/UIUC_ECE385_SP25/lab6_2/sdk/mb_usb_hdmi_top/hw/mb_usb_hdmi_top.xsa
TRACE::2025-03-26.16:39:57::SCWPlatform::DSA given D:/School/UIUC_ECE385_SP25/lab6_2/sdk/mb_usb_hdmi_top/hw/mb_usb_hdmi_top.xsa
TRACE::2025-03-26.16:39:57::SCWPlatform::DSA absoulate path D:/School/UIUC_ECE385_SP25/lab6_2/sdk/mb_usb_hdmi_top/hw/mb_usb_hdmi_top.xsa
TRACE::2025-03-26.16:39:57::SCWPlatform::DSA directory D:/School/UIUC_ECE385_SP25/lab6_2/sdk/mb_usb_hdmi_top/hw
TRACE::2025-03-26.16:39:57::SCWPlatform:: Platform Path D:/School/UIUC_ECE385_SP25/lab6_2/sdk/mb_usb_hdmi_top/hw/mb_usb_hdmi_top.xsa
TRACE::2025-03-26.16:39:57::SCWPlatform:: Unique name xilinx:::0.0
TRACE::2025-03-26.16:39:57::SCWPlatform::Trying to set the existing hwdb with name mb_usb_hdmi_top_4
TRACE::2025-03-26.16:39:57::SCWPlatform::Opened existing hwdb mb_usb_hdmi_top_4
TRACE::2025-03-26.16:39:57::SCWPlatform::Found the Hw Db part of the input DSA
TRACE::2025-03-26.16:39:57::SCWMssOS::Checking the sw design at  D:/School/UIUC_ECE385_SP25/lab6_2/sdk/mb_usb_hdmi_top/microblaze_0/standalone_microblaze_0/bsp/system.mss
TRACE::2025-03-26.16:39:57::SCWMssOS::DEBUG:  swdes dump  D:/School/UIUC_ECE385_SP25/lab6_2/sdk/mb_usb_hdmi_top/microblaze_0/standalone_microblaze_0/bsp/system.mss|system||

TRACE::2025-03-26.16:39:57::SCWMssOS::Sw design exists and opened at  D:/School/UIUC_ECE385_SP25/lab6_2/sdk/mb_usb_hdmi_top/microblaze_0/standalone_microblaze_0/bsp/system.mss
TRACE::2025-03-26.16:39:57::SCWWriter::formatted JSON is {
	"platformName":	"mb_usb_hdmi_top",
	"sprVersion":	"2.0",
	"mode":	"gui",
	"dsaType":	"Fixed",
	"platformDesc":	"mb_usb_hdmi_top",
	"platHandOff":	"D:/School/UIUC_ECE385_SP25/lab6_2/mb_usb_hdmi_top.xsa",
	"platIntHandOff":	"<platformDir>/hw/mb_usb_hdmi_top.xsa",
	"deviceType":	"FPGA",
	"platIsPrebuiltAutogen":	"false",
	"platIsNoBootBsp":	"false",
	"hasFsblMakeHasChanges":	"false",
	"hasPmufwMakeHasChanges":	"false",
	"platPreBuiltFlag":	false,
	"platformSamplesDir":	"",
	"platActiveSys":	"mb_usb_hdmi_top",
	"systems":	[{
			"systemName":	"mb_usb_hdmi_top",
			"systemDesc":	"mb_usb_hdmi_top",
			"sysIsBootAutoGen":	"true",
			"systemDispName":	"mb_usb_hdmi_top",
			"sysActiveDom":	"standalone_microblaze_0",
			"sysDefaultDom":	"standalone_microblaze_0",
			"domains":	[{
					"domainName":	"standalone_microblaze_0",
					"domainDispName":	"standalone_microblaze_0",
					"domainDesc":	"standalone_microblaze_0",
					"processors":	"microblaze_0",
					"os":	"standalone",
					"sdxOs":	"standalone",
					"debugEnable":	"False",
					"domRuntimes":	["cpp"],
					"swRepo":	"",
					"mssOsVer":	"8.0",
					"mssFile":	"",
					"md5Digest":	"304529987e879521ca977c68d163f3621",
					"compatibleApp":	"",
					"domType":	"mssDomain",
					"arch":	"32-bit",
					"appSettings":	{
						"appCompilerFlags":	"",
						"appLinkerFlags":	""
					},
					"addedLibs":	[],
					"libOptions":	{
						"libsContainingOptions":	[]
					},
					"prebuiltLibs":	{
						"prebuiltIncPath":	[],
						"prebuiltLibPath":	[]
					},
					"isolation":	{
					}
				}]
		}]
}
TRACE::2025-03-26.16:54:07::SCWPlatform::Clearing the existing platform
TRACE::2025-03-26.16:54:07::SCWSystem::Clearing the existing sysconfig
TRACE::2025-03-26.16:54:07::SCWMssOS::Removing the swdes entry for  D:/School/UIUC_ECE385_SP25/lab6_2/sdk/mb_usb_hdmi_top/microblaze_0/standalone_microblaze_0/bsp/system.mss
TRACE::2025-03-26.16:54:07::SCWSystem::Clearing the domains completed.
TRACE::2025-03-26.16:54:07::SCWPlatform::Clearing the opened hw db.
TRACE::2025-03-26.16:54:07::SCWPlatform::DSA given D:/School/UIUC_ECE385_SP25/lab6_2/sdk/mb_usb_hdmi_top/hw/mb_usb_hdmi_top.xsa
TRACE::2025-03-26.16:54:07::SCWPlatform::DSA absoulate path D:/School/UIUC_ECE385_SP25/lab6_2/sdk/mb_usb_hdmi_top/hw/mb_usb_hdmi_top.xsa
TRACE::2025-03-26.16:54:07::SCWPlatform:: Platform location is D:/School/UIUC_ECE385_SP25/lab6_2/sdk/mb_usb_hdmi_top/hw
TRACE::2025-03-26.16:54:07::SCWPlatform:: Platform Path D:/School/UIUC_ECE385_SP25/lab6_2/sdk/mb_usb_hdmi_top/hw/mb_usb_hdmi_top.xsa
TRACE::2025-03-26.16:54:07::SCWPlatform:: Unique name xilinx:::0.0
TRACE::2025-03-26.16:54:07::SCWPlatform::Removing the HwDB with name D:/School/UIUC_ECE385_SP25/lab6_2/sdk/mb_usb_hdmi_top/hw/mb_usb_hdmi_top.xsa
TRACE::2025-03-26.16:54:07::SCWPlatform::Trying to open the hw design at D:/School/UIUC_ECE385_SP25/lab6_2/sdk/mb_usb_hdmi_top/hw/mb_usb_hdmi_top.xsa
TRACE::2025-03-26.16:54:07::SCWPlatform::DSA given D:/School/UIUC_ECE385_SP25/lab6_2/sdk/mb_usb_hdmi_top/hw/mb_usb_hdmi_top.xsa
TRACE::2025-03-26.16:54:07::SCWPlatform::DSA absoulate path D:/School/UIUC_ECE385_SP25/lab6_2/sdk/mb_usb_hdmi_top/hw/mb_usb_hdmi_top.xsa
TRACE::2025-03-26.16:54:07::SCWPlatform::DSA directory D:/School/UIUC_ECE385_SP25/lab6_2/sdk/mb_usb_hdmi_top/hw
TRACE::2025-03-26.16:54:07::SCWPlatform:: Platform Path D:/School/UIUC_ECE385_SP25/lab6_2/sdk/mb_usb_hdmi_top/hw/mb_usb_hdmi_top.xsa
TRACE::2025-03-26.16:54:07::SCWPlatform:: Unique name xilinx:::0.0
TRACE::2025-03-26.16:54:07::SCWPlatform::Do not have an existing db opened. 
TRACE::2025-03-26.16:54:07::SCWPlatform::Opened new HwDB with name mb_usb_hdmi_top_5
TRACE::2025-03-26.16:54:07::SCWReader::Active system found as  mb_usb_hdmi_top
TRACE::2025-03-26.16:54:07::SCWReader::Handling sysconfig mb_usb_hdmi_top
TRACE::2025-03-26.16:54:07::SCWDomain::checking for install qemu data   : 
TRACE::2025-03-26.16:54:07::SCWPlatform::Trying to open the hw design at D:/School/UIUC_ECE385_SP25/lab6_2/sdk/mb_usb_hdmi_top/hw/mb_usb_hdmi_top.xsa
TRACE::2025-03-26.16:54:07::SCWPlatform::DSA given D:/School/UIUC_ECE385_SP25/lab6_2/sdk/mb_usb_hdmi_top/hw/mb_usb_hdmi_top.xsa
TRACE::2025-03-26.16:54:07::SCWPlatform::DSA absoulate path D:/School/UIUC_ECE385_SP25/lab6_2/sdk/mb_usb_hdmi_top/hw/mb_usb_hdmi_top.xsa
TRACE::2025-03-26.16:54:07::SCWPlatform::DSA directory D:/School/UIUC_ECE385_SP25/lab6_2/sdk/mb_usb_hdmi_top/hw
TRACE::2025-03-26.16:54:07::SCWPlatform:: Platform Path D:/School/UIUC_ECE385_SP25/lab6_2/sdk/mb_usb_hdmi_top/hw/mb_usb_hdmi_top.xsa
TRACE::2025-03-26.16:54:07::SCWPlatform:: Unique name xilinx:::0.0
TRACE::2025-03-26.16:54:07::SCWPlatform::Trying to set the existing hwdb with name mb_usb_hdmi_top_5
TRACE::2025-03-26.16:54:07::SCWPlatform::Opened existing hwdb mb_usb_hdmi_top_5
TRACE::2025-03-26.16:54:07::SCWPlatform::Found the Hw Db part of the input DSA
TRACE::2025-03-26.16:54:07::SCWPlatform::Trying to open the hw design at D:/School/UIUC_ECE385_SP25/lab6_2/sdk/mb_usb_hdmi_top/hw/mb_usb_hdmi_top.xsa
TRACE::2025-03-26.16:54:07::SCWPlatform::DSA given D:/School/UIUC_ECE385_SP25/lab6_2/sdk/mb_usb_hdmi_top/hw/mb_usb_hdmi_top.xsa
TRACE::2025-03-26.16:54:07::SCWPlatform::DSA absoulate path D:/School/UIUC_ECE385_SP25/lab6_2/sdk/mb_usb_hdmi_top/hw/mb_usb_hdmi_top.xsa
TRACE::2025-03-26.16:54:07::SCWPlatform::DSA directory D:/School/UIUC_ECE385_SP25/lab6_2/sdk/mb_usb_hdmi_top/hw
TRACE::2025-03-26.16:54:07::SCWPlatform:: Platform Path D:/School/UIUC_ECE385_SP25/lab6_2/sdk/mb_usb_hdmi_top/hw/mb_usb_hdmi_top.xsa
TRACE::2025-03-26.16:54:07::SCWPlatform:: Unique name xilinx:::0.0
TRACE::2025-03-26.16:54:07::SCWPlatform::Trying to set the existing hwdb with name mb_usb_hdmi_top_5
TRACE::2025-03-26.16:54:07::SCWPlatform::Opened existing hwdb mb_usb_hdmi_top_5
TRACE::2025-03-26.16:54:07::SCWPlatform::Found the Hw Db part of the input DSA
TRACE::2025-03-26.16:54:07::SCWPlatform::Trying to open the hw design at D:/School/UIUC_ECE385_SP25/lab6_2/sdk/mb_usb_hdmi_top/hw/mb_usb_hdmi_top.xsa
TRACE::2025-03-26.16:54:07::SCWPlatform::DSA given D:/School/UIUC_ECE385_SP25/lab6_2/sdk/mb_usb_hdmi_top/hw/mb_usb_hdmi_top.xsa
TRACE::2025-03-26.16:54:07::SCWPlatform::DSA absoulate path D:/School/UIUC_ECE385_SP25/lab6_2/sdk/mb_usb_hdmi_top/hw/mb_usb_hdmi_top.xsa
TRACE::2025-03-26.16:54:07::SCWPlatform::DSA directory D:/School/UIUC_ECE385_SP25/lab6_2/sdk/mb_usb_hdmi_top/hw
TRACE::2025-03-26.16:54:07::SCWPlatform:: Platform Path D:/School/UIUC_ECE385_SP25/lab6_2/sdk/mb_usb_hdmi_top/hw/mb_usb_hdmi_top.xsa
TRACE::2025-03-26.16:54:07::SCWPlatform:: Unique name xilinx:::0.0
TRACE::2025-03-26.16:54:07::SCWPlatform::Trying to set the existing hwdb with name mb_usb_hdmi_top_5
TRACE::2025-03-26.16:54:07::SCWPlatform::Opened existing hwdb mb_usb_hdmi_top_5
TRACE::2025-03-26.16:54:07::SCWPlatform::Found the Hw Db part of the input DSA
TRACE::2025-03-26.16:54:07::SCWPlatform::Trying to open the hw design at D:/School/UIUC_ECE385_SP25/lab6_2/sdk/mb_usb_hdmi_top/hw/mb_usb_hdmi_top.xsa
TRACE::2025-03-26.16:54:07::SCWPlatform::DSA given D:/School/UIUC_ECE385_SP25/lab6_2/sdk/mb_usb_hdmi_top/hw/mb_usb_hdmi_top.xsa
TRACE::2025-03-26.16:54:07::SCWPlatform::DSA absoulate path D:/School/UIUC_ECE385_SP25/lab6_2/sdk/mb_usb_hdmi_top/hw/mb_usb_hdmi_top.xsa
TRACE::2025-03-26.16:54:07::SCWPlatform::DSA directory D:/School/UIUC_ECE385_SP25/lab6_2/sdk/mb_usb_hdmi_top/hw
TRACE::2025-03-26.16:54:07::SCWPlatform:: Platform Path D:/School/UIUC_ECE385_SP25/lab6_2/sdk/mb_usb_hdmi_top/hw/mb_usb_hdmi_top.xsa
TRACE::2025-03-26.16:54:07::SCWPlatform:: Unique name xilinx:::0.0
TRACE::2025-03-26.16:54:07::SCWPlatform::Trying to set the existing hwdb with name mb_usb_hdmi_top_5
TRACE::2025-03-26.16:54:07::SCWPlatform::Opened existing hwdb mb_usb_hdmi_top_5
TRACE::2025-03-26.16:54:07::SCWPlatform::Found the Hw Db part of the input DSA
TRACE::2025-03-26.16:54:07::SCWMssOS::Checking the sw design at  D:/School/UIUC_ECE385_SP25/lab6_2/sdk/mb_usb_hdmi_top/microblaze_0/standalone_microblaze_0/bsp/system.mss
TRACE::2025-03-26.16:54:07::SCWMssOS::DEBUG:  swdes dump  
TRACE::2025-03-26.16:54:07::SCWMssOS::No sw design opened at  D:/School/UIUC_ECE385_SP25/lab6_2/sdk/mb_usb_hdmi_top/microblaze_0/standalone_microblaze_0/bsp/system.mss
TRACE::2025-03-26.16:54:07::SCWMssOS::mss exists loading the mss file  D:/School/UIUC_ECE385_SP25/lab6_2/sdk/mb_usb_hdmi_top/microblaze_0/standalone_microblaze_0/bsp/system.mss
TRACE::2025-03-26.16:54:07::SCWMssOS::Opened the sw design from mss  D:/School/UIUC_ECE385_SP25/lab6_2/sdk/mb_usb_hdmi_top/microblaze_0/standalone_microblaze_0/bsp/system.mss
TRACE::2025-03-26.16:54:07::SCWMssOS::Adding the swdes entry D:/School/UIUC_ECE385_SP25/lab6_2/sdk/mb_usb_hdmi_top/microblaze_0/standalone_microblaze_0/bsp/system.mss with des name system
TRACE::2025-03-26.16:54:07::SCWMssOS::updating the scw layer about changes
TRACE::2025-03-26.16:54:07::SCWMssOS::Opened the sw design.  D:/School/UIUC_ECE385_SP25/lab6_2/sdk/mb_usb_hdmi_top/microblaze_0/standalone_microblaze_0/bsp/system.mss
TRACE::2025-03-26.16:54:07::SCWMssOS::Saving the mss changes D:/School/UIUC_ECE385_SP25/lab6_2/sdk/mb_usb_hdmi_top/microblaze_0/standalone_microblaze_0/bsp/system.mss
TRACE::2025-03-26.16:54:07::SCWMssOS::Found a swdesign opened with the mssfile.
TRACE::2025-03-26.16:54:07::SCWMssOS::Completed writemss as part of save.
TRACE::2025-03-26.16:54:07::SCWMssOS::Commit changes completed.
TRACE::2025-03-26.16:54:07::SCWReader::Adding prebuilt librarypaths as   
TRACE::2025-03-26.16:54:07::SCWReader::Adding prebuilt incpaths  as   
TRACE::2025-03-26.16:54:07::SCWPlatform::Trying to open the hw design at D:/School/UIUC_ECE385_SP25/lab6_2/sdk/mb_usb_hdmi_top/hw/mb_usb_hdmi_top.xsa
TRACE::2025-03-26.16:54:07::SCWPlatform::DSA given D:/School/UIUC_ECE385_SP25/lab6_2/sdk/mb_usb_hdmi_top/hw/mb_usb_hdmi_top.xsa
TRACE::2025-03-26.16:54:07::SCWPlatform::DSA absoulate path D:/School/UIUC_ECE385_SP25/lab6_2/sdk/mb_usb_hdmi_top/hw/mb_usb_hdmi_top.xsa
TRACE::2025-03-26.16:54:07::SCWPlatform::DSA directory D:/School/UIUC_ECE385_SP25/lab6_2/sdk/mb_usb_hdmi_top/hw
TRACE::2025-03-26.16:54:07::SCWPlatform:: Platform Path D:/School/UIUC_ECE385_SP25/lab6_2/sdk/mb_usb_hdmi_top/hw/mb_usb_hdmi_top.xsa
TRACE::2025-03-26.16:54:07::SCWPlatform:: Unique name xilinx:::0.0
TRACE::2025-03-26.16:54:07::SCWPlatform::Trying to set the existing hwdb with name mb_usb_hdmi_top_5
TRACE::2025-03-26.16:54:07::SCWPlatform::Opened existing hwdb mb_usb_hdmi_top_5
TRACE::2025-03-26.16:54:07::SCWPlatform::Found the Hw Db part of the input DSA
TRACE::2025-03-26.16:54:07::SCWMssOS::Checking the sw design at  D:/School/UIUC_ECE385_SP25/lab6_2/sdk/mb_usb_hdmi_top/microblaze_0/standalone_microblaze_0/bsp/system.mss
TRACE::2025-03-26.16:54:07::SCWMssOS::DEBUG:  swdes dump  D:/School/UIUC_ECE385_SP25/lab6_2/sdk/mb_usb_hdmi_top/microblaze_0/standalone_microblaze_0/bsp/system.mss|system||

TRACE::2025-03-26.16:54:07::SCWMssOS::Sw design exists and opened at  D:/School/UIUC_ECE385_SP25/lab6_2/sdk/mb_usb_hdmi_top/microblaze_0/standalone_microblaze_0/bsp/system.mss
TRACE::2025-03-26.16:54:07::SCWReader::No isolation master present  
TRACE::2025-03-26.16:54:10::SCWPlatform::DSA given D:/School/UIUC_ECE385_SP25/lab6_2/sdk/mb_usb_hdmi_top/tempdsa/mb_usb_hdmi_top.xsa
TRACE::2025-03-26.16:54:10::SCWPlatform::DSA absoulate path D:/School/UIUC_ECE385_SP25/lab6_2/sdk/mb_usb_hdmi_top/tempdsa/mb_usb_hdmi_top.xsa
TRACE::2025-03-26.16:54:10::SCWPlatform:: Platform location is D:/School/UIUC_ECE385_SP25/lab6_2/sdk/mb_usb_hdmi_top/tempdsa
TRACE::2025-03-26.16:54:10::SCWPlatform:: Platform Path D:/School/UIUC_ECE385_SP25/lab6_2/sdk/mb_usb_hdmi_top/tempdsa/mb_usb_hdmi_top.xsa
TRACE::2025-03-26.16:54:10::SCWPlatform:: Unique name xilinx:::0.0
TRACE::2025-03-26.16:54:10::SCWPlatform::Found the Hw Db part of the input DSA
TRACE::2025-03-26.16:54:10::SCWMssOS::Doing hw sync for the mss in domain: standalone_microblaze_0
TRACE::2025-03-26.16:54:10::SCWPlatform::Trying to open the hw design at D:/School/UIUC_ECE385_SP25/lab6_2/sdk/mb_usb_hdmi_top/hw/mb_usb_hdmi_top.xsa
TRACE::2025-03-26.16:54:10::SCWPlatform::DSA given D:/School/UIUC_ECE385_SP25/lab6_2/sdk/mb_usb_hdmi_top/hw/mb_usb_hdmi_top.xsa
TRACE::2025-03-26.16:54:10::SCWPlatform::DSA absoulate path D:/School/UIUC_ECE385_SP25/lab6_2/sdk/mb_usb_hdmi_top/hw/mb_usb_hdmi_top.xsa
TRACE::2025-03-26.16:54:10::SCWPlatform::DSA directory D:/School/UIUC_ECE385_SP25/lab6_2/sdk/mb_usb_hdmi_top/hw
TRACE::2025-03-26.16:54:10::SCWPlatform:: Platform Path D:/School/UIUC_ECE385_SP25/lab6_2/sdk/mb_usb_hdmi_top/hw/mb_usb_hdmi_top.xsa
TRACE::2025-03-26.16:54:10::SCWPlatform:: Unique name xilinx:::0.0
TRACE::2025-03-26.16:54:10::SCWPlatform::Trying to set the existing hwdb with name mb_usb_hdmi_top_5
TRACE::2025-03-26.16:54:10::SCWPlatform::Opened existing hwdb mb_usb_hdmi_top_5
TRACE::2025-03-26.16:54:10::SCWPlatform::Found the Hw Db part of the input DSA
TRACE::2025-03-26.16:54:10::SCWPlatform::Trying to open the hw design at D:/School/UIUC_ECE385_SP25/lab6_2/sdk/mb_usb_hdmi_top/hw/mb_usb_hdmi_top.xsa
TRACE::2025-03-26.16:54:10::SCWPlatform::DSA given D:/School/UIUC_ECE385_SP25/lab6_2/sdk/mb_usb_hdmi_top/hw/mb_usb_hdmi_top.xsa
TRACE::2025-03-26.16:54:10::SCWPlatform::DSA absoulate path D:/School/UIUC_ECE385_SP25/lab6_2/sdk/mb_usb_hdmi_top/hw/mb_usb_hdmi_top.xsa
TRACE::2025-03-26.16:54:10::SCWPlatform::DSA directory D:/School/UIUC_ECE385_SP25/lab6_2/sdk/mb_usb_hdmi_top/hw
TRACE::2025-03-26.16:54:10::SCWPlatform:: Platform Path D:/School/UIUC_ECE385_SP25/lab6_2/sdk/mb_usb_hdmi_top/hw/mb_usb_hdmi_top.xsa
TRACE::2025-03-26.16:54:10::SCWPlatform:: Unique name xilinx:::0.0
TRACE::2025-03-26.16:54:10::SCWPlatform::Trying to set the existing hwdb with name mb_usb_hdmi_top_5
TRACE::2025-03-26.16:54:10::SCWPlatform::Opened existing hwdb mb_usb_hdmi_top_5
TRACE::2025-03-26.16:54:10::SCWPlatform::Found the Hw Db part of the input DSA
TRACE::2025-03-26.16:54:10::SCWMssOS::Checking the sw design at  D:/School/UIUC_ECE385_SP25/lab6_2/sdk/mb_usb_hdmi_top/microblaze_0/standalone_microblaze_0/bsp/system.mss
TRACE::2025-03-26.16:54:10::SCWMssOS::DEBUG:  swdes dump  D:/School/UIUC_ECE385_SP25/lab6_2/sdk/mb_usb_hdmi_top/microblaze_0/standalone_microblaze_0/bsp/system.mss|system||

TRACE::2025-03-26.16:54:10::SCWMssOS::Sw design exists and opened at  D:/School/UIUC_ECE385_SP25/lab6_2/sdk/mb_usb_hdmi_top/microblaze_0/standalone_microblaze_0/bsp/system.mss
TRACE::2025-03-26.16:54:10::SCWPlatform::Trying to open the hw design at D:/School/UIUC_ECE385_SP25/lab6_2/sdk/mb_usb_hdmi_top/tempdsa/mb_usb_hdmi_top.xsa
TRACE::2025-03-26.16:54:10::SCWPlatform::DSA given D:/School/UIUC_ECE385_SP25/lab6_2/sdk/mb_usb_hdmi_top/tempdsa/mb_usb_hdmi_top.xsa
TRACE::2025-03-26.16:54:10::SCWPlatform::DSA absoulate path D:/School/UIUC_ECE385_SP25/lab6_2/sdk/mb_usb_hdmi_top/tempdsa/mb_usb_hdmi_top.xsa
TRACE::2025-03-26.16:54:10::SCWPlatform::DSA directory D:/School/UIUC_ECE385_SP25/lab6_2/sdk/mb_usb_hdmi_top/tempdsa
TRACE::2025-03-26.16:54:10::SCWPlatform:: Platform Path D:/School/UIUC_ECE385_SP25/lab6_2/sdk/mb_usb_hdmi_top/tempdsa/mb_usb_hdmi_top.xsa
TRACE::2025-03-26.16:54:10::SCWPlatform:: Unique name xilinx:::0.0
TRACE::2025-03-26.16:54:10::SCWPlatform::update - Opened existing hwdb mb_usb_hdmi_top_6
TRACE::2025-03-26.16:54:10::SCWPlatform::Found the Hw Db part of the input DSA
TRACE::2025-03-26.16:54:10::SCWMssOS::Saving the mss changes D:/School/UIUC_ECE385_SP25/lab6_2/sdk/mb_usb_hdmi_top/microblaze_0/standalone_microblaze_0/bsp/system.mss
TRACE::2025-03-26.16:54:10::SCWMssOS::Found a swdesign opened with the mssfile.
TRACE::2025-03-26.16:54:10::SCWMssOS::Completed writemss as part of save.
TRACE::2025-03-26.16:54:10::SCWMssOS::Commit changes completed.
TRACE::2025-03-26.16:54:10::SCWMssOS::Completed hw sync for the mss in domain: standalone_microblaze_0
TRACE::2025-03-26.16:54:10::SCWMssOS::Removing the swdes entry for  D:/School/UIUC_ECE385_SP25/lab6_2/sdk/mb_usb_hdmi_top/microblaze_0/standalone_microblaze_0/bsp/system.mss
TRACE::2025-03-26.16:54:10::SCWPlatform::Trying to open the hw design at D:/School/UIUC_ECE385_SP25/lab6_2/sdk/mb_usb_hdmi_top/hw/mb_usb_hdmi_top.xsa
TRACE::2025-03-26.16:54:10::SCWPlatform::DSA given D:/School/UIUC_ECE385_SP25/lab6_2/sdk/mb_usb_hdmi_top/hw/mb_usb_hdmi_top.xsa
TRACE::2025-03-26.16:54:10::SCWPlatform::DSA absoulate path D:/School/UIUC_ECE385_SP25/lab6_2/sdk/mb_usb_hdmi_top/hw/mb_usb_hdmi_top.xsa
TRACE::2025-03-26.16:54:10::SCWPlatform::DSA directory D:/School/UIUC_ECE385_SP25/lab6_2/sdk/mb_usb_hdmi_top/hw
TRACE::2025-03-26.16:54:10::SCWPlatform:: Platform Path D:/School/UIUC_ECE385_SP25/lab6_2/sdk/mb_usb_hdmi_top/hw/mb_usb_hdmi_top.xsa
TRACE::2025-03-26.16:54:10::SCWPlatform:: Unique name xilinx:::0.0
TRACE::2025-03-26.16:54:10::SCWPlatform::Do not have an existing db opened. 
TRACE::2025-03-26.16:54:10::SCWPlatform::Opened new HwDB with name mb_usb_hdmi_top_7
TRACE::2025-03-26.16:54:10::SCWMssOS::Saving the mss changes D:/School/UIUC_ECE385_SP25/lab6_2/sdk/mb_usb_hdmi_top/microblaze_0/standalone_microblaze_0/bsp/system.mss
TRACE::2025-03-26.16:54:10::SCWMssOS::Adding the swdes entry, mss present, able to open swdb D:/School/UIUC_ECE385_SP25/lab6_2/sdk/mb_usb_hdmi_top/microblaze_0/standalone_microblaze_0/bsp/system.mss with des name system
TRACE::2025-03-26.16:54:10::SCWMssOS::Writing the mss file completed D:/School/UIUC_ECE385_SP25/lab6_2/sdk/mb_usb_hdmi_top/microblaze_0/standalone_microblaze_0/bsp/system.mss
TRACE::2025-03-26.16:54:10::SCWMssOS::Commit changes completed.
TRACE::2025-03-26.16:54:10::SCWPlatform::Trying to open the hw design at D:/School/UIUC_ECE385_SP25/lab6_2/sdk/mb_usb_hdmi_top/hw/mb_usb_hdmi_top.xsa
TRACE::2025-03-26.16:54:10::SCWPlatform::DSA given D:/School/UIUC_ECE385_SP25/lab6_2/sdk/mb_usb_hdmi_top/hw/mb_usb_hdmi_top.xsa
TRACE::2025-03-26.16:54:10::SCWPlatform::DSA absoulate path D:/School/UIUC_ECE385_SP25/lab6_2/sdk/mb_usb_hdmi_top/hw/mb_usb_hdmi_top.xsa
TRACE::2025-03-26.16:54:10::SCWPlatform::DSA directory D:/School/UIUC_ECE385_SP25/lab6_2/sdk/mb_usb_hdmi_top/hw
TRACE::2025-03-26.16:54:10::SCWPlatform:: Platform Path D:/School/UIUC_ECE385_SP25/lab6_2/sdk/mb_usb_hdmi_top/hw/mb_usb_hdmi_top.xsa
TRACE::2025-03-26.16:54:10::SCWPlatform:: Unique name xilinx:::0.0
TRACE::2025-03-26.16:54:10::SCWPlatform::Trying to set the existing hwdb with name mb_usb_hdmi_top_7
TRACE::2025-03-26.16:54:10::SCWPlatform::Opened existing hwdb mb_usb_hdmi_top_7
TRACE::2025-03-26.16:54:10::SCWPlatform::Found the Hw Db part of the input DSA
TRACE::2025-03-26.16:54:10::SCWMssOS::Checking the sw design at  D:/School/UIUC_ECE385_SP25/lab6_2/sdk/mb_usb_hdmi_top/microblaze_0/standalone_microblaze_0/bsp/system.mss
TRACE::2025-03-26.16:54:10::SCWMssOS::DEBUG:  swdes dump  D:/School/UIUC_ECE385_SP25/lab6_2/sdk/mb_usb_hdmi_top/microblaze_0/standalone_microblaze_0/bsp/system.mss|system||

TRACE::2025-03-26.16:54:10::SCWMssOS::Sw design exists and opened at  D:/School/UIUC_ECE385_SP25/lab6_2/sdk/mb_usb_hdmi_top/microblaze_0/standalone_microblaze_0/bsp/system.mss
TRACE::2025-03-26.16:54:10::SCWWriter::formatted JSON is {
	"platformName":	"mb_usb_hdmi_top",
	"sprVersion":	"2.0",
	"mode":	"gui",
	"dsaType":	"Fixed",
	"platformDesc":	"mb_usb_hdmi_top",
	"platHandOff":	"D:/School/UIUC_ECE385_SP25/lab6_2/mb_usb_hdmi_top.xsa",
	"platIntHandOff":	"<platformDir>/hw/mb_usb_hdmi_top.xsa",
	"deviceType":	"FPGA",
	"platIsPrebuiltAutogen":	"false",
	"platIsNoBootBsp":	"false",
	"hasFsblMakeHasChanges":	"false",
	"hasPmufwMakeHasChanges":	"false",
	"platPreBuiltFlag":	false,
	"platformSamplesDir":	"",
	"platActiveSys":	"mb_usb_hdmi_top",
	"systems":	[{
			"systemName":	"mb_usb_hdmi_top",
			"systemDesc":	"mb_usb_hdmi_top",
			"sysIsBootAutoGen":	"true",
			"systemDispName":	"mb_usb_hdmi_top",
			"sysActiveDom":	"standalone_microblaze_0",
			"sysDefaultDom":	"standalone_microblaze_0",
			"domains":	[{
					"domainName":	"standalone_microblaze_0",
					"domainDispName":	"standalone_microblaze_0",
					"domainDesc":	"standalone_microblaze_0",
					"processors":	"microblaze_0",
					"os":	"standalone",
					"sdxOs":	"standalone",
					"debugEnable":	"False",
					"domRuntimes":	["cpp"],
					"swRepo":	"",
					"mssOsVer":	"8.0",
					"mssFile":	"",
					"md5Digest":	"304529987e879521ca977c68d163f3621",
					"compatibleApp":	"",
					"domType":	"mssDomain",
					"arch":	"32-bit",
					"appSettings":	{
						"appCompilerFlags":	"",
						"appLinkerFlags":	""
					},
					"addedLibs":	[],
					"libOptions":	{
						"libsContainingOptions":	[]
					},
					"prebuiltLibs":	{
						"prebuiltIncPath":	[],
						"prebuiltLibPath":	[]
					},
					"isolation":	{
					}
				}]
		}]
}
LOG::2025-03-26.16:54:29::SCWPlatform::Started generating the artifacts platform mb_usb_hdmi_top
TRACE::2025-03-26.16:54:29::SCWPlatform::Sanity checking of platform is completed
LOG::2025-03-26.16:54:29::SCWPlatform::Started generating the artifacts for system configuration mb_usb_hdmi_top
LOG::2025-03-26.16:54:29::SCWSystem::Checking the domain standalone_microblaze_0
LOG::2025-03-26.16:54:29::SCWSystem::Not a boot domain 
LOG::2025-03-26.16:54:29::SCWSystem::Started Processing the domain standalone_microblaze_0
TRACE::2025-03-26.16:54:29::SCWDomain::Generating domain artifcats
TRACE::2025-03-26.16:54:29::SCWMssOS::Generating standalone artifcats
TRACE::2025-03-26.16:54:29::SCWMssOS:: Copying the user libraries. 
TRACE::2025-03-26.16:54:29::SCWPlatform::Trying to open the hw design at D:/School/UIUC_ECE385_SP25/lab6_2/sdk/mb_usb_hdmi_top/hw/mb_usb_hdmi_top.xsa
TRACE::2025-03-26.16:54:29::SCWPlatform::DSA given D:/School/UIUC_ECE385_SP25/lab6_2/sdk/mb_usb_hdmi_top/hw/mb_usb_hdmi_top.xsa
TRACE::2025-03-26.16:54:29::SCWPlatform::DSA absoulate path D:/School/UIUC_ECE385_SP25/lab6_2/sdk/mb_usb_hdmi_top/hw/mb_usb_hdmi_top.xsa
TRACE::2025-03-26.16:54:29::SCWPlatform::DSA directory D:/School/UIUC_ECE385_SP25/lab6_2/sdk/mb_usb_hdmi_top/hw
TRACE::2025-03-26.16:54:29::SCWPlatform:: Platform Path D:/School/UIUC_ECE385_SP25/lab6_2/sdk/mb_usb_hdmi_top/hw/mb_usb_hdmi_top.xsa
TRACE::2025-03-26.16:54:29::SCWPlatform:: Unique name xilinx:::0.0
TRACE::2025-03-26.16:54:29::SCWPlatform::Trying to set the existing hwdb with name mb_usb_hdmi_top_7
TRACE::2025-03-26.16:54:29::SCWPlatform::Opened existing hwdb mb_usb_hdmi_top_7
TRACE::2025-03-26.16:54:29::SCWPlatform::Found the Hw Db part of the input DSA
TRACE::2025-03-26.16:54:29::SCWMssOS::Checking the sw design at  D:/School/UIUC_ECE385_SP25/lab6_2/sdk/mb_usb_hdmi_top/microblaze_0/standalone_microblaze_0/bsp/system.mss
TRACE::2025-03-26.16:54:29::SCWMssOS::DEBUG:  swdes dump  D:/School/UIUC_ECE385_SP25/lab6_2/sdk/mb_usb_hdmi_top/microblaze_0/standalone_microblaze_0/bsp/system.mss|system||

TRACE::2025-03-26.16:54:29::SCWMssOS::Sw design exists and opened at  D:/School/UIUC_ECE385_SP25/lab6_2/sdk/mb_usb_hdmi_top/microblaze_0/standalone_microblaze_0/bsp/system.mss
TRACE::2025-03-26.16:54:29::SCWMssOS::Completed writing the mss file at D:/School/UIUC_ECE385_SP25/lab6_2/sdk/mb_usb_hdmi_top/microblaze_0/standalone_microblaze_0/bsp
TRACE::2025-03-26.16:54:29::SCWMssOS::Mss edits present, copying mssfile into export location D:/School/UIUC_ECE385_SP25/lab6_2/sdk/mb_usb_hdmi_top/microblaze_0/standalone_microblaze_0/bsp/system.mss
TRACE::2025-03-26.16:54:29::SCWMssOS::bsp generated is stale removing and regenerating. 
TRACE::2025-03-26.16:54:30::SCWMssOS::doing bsp build ... 
TRACE::2025-03-26.16:54:30::SCWMssOS::System Command Ran  D: & cd  D:/School/UIUC_ECE385_SP25/lab6_2/sdk/mb_usb_hdmi_top/microblaze_0/standalone_microblaze_0/bsp & make 
TRACE::2025-03-26.16:54:30::SCWMssOS::make --no-print-directory seq_libs

TRACE::2025-03-26.16:54:30::SCWMssOS::'Finished building libraries sequentially.'

TRACE::2025-03-26.16:54:30::SCWMssOS::make -j 10 --no-print-directory par_libs

TRACE::2025-03-26.16:54:30::SCWMssOS::"Running Make include in microblaze_0/libsrc/bram_v4_8/src"

TRACE::2025-03-26.16:54:30::SCWMssOS::make -C microblaze_0/libsrc/bram_v4_8/src -s include  "SHELL=CMD" "COMPILER=mb-gcc" "ASSEMBLER=mb-as" "ARCHIVER=mb-ar" "COMPILE
TRACE::2025-03-26.16:54:30::SCWMssOS::R_FLAGS=  -O2 -c -mcpu=v11.0 -mlittle-endian -mno-xl-reorder -mno-xl-soft-mul -mxl-barrel-shift -mxl-pattern-compare" "EXTRA_CO
TRACE::2025-03-26.16:54:30::SCWMssOS::MPILER_FLAGS=-g -ffunction-sections -fdata-sections -Wall -Wextra -fno-tree-loop-distribute-patterns"

TRACE::2025-03-26.16:54:30::SCWMssOS::"Running Make include in microblaze_0/libsrc/cpu_v2_16/src"

TRACE::2025-03-26.16:54:30::SCWMssOS::make -C microblaze_0/libsrc/cpu_v2_16/src -s include  "SHELL=CMD" "COMPILER=mb-gcc" "ASSEMBLER=mb-as" "ARCHIVER=mb-ar" "COMPILE
TRACE::2025-03-26.16:54:30::SCWMssOS::R_FLAGS=  -O2 -c -mcpu=v11.0 -mlittle-endian -mno-xl-reorder -mno-xl-soft-mul -mxl-barrel-shift -mxl-pattern-compare" "EXTRA_CO
TRACE::2025-03-26.16:54:30::SCWMssOS::MPILER_FLAGS=-g -ffunction-sections -fdata-sections -Wall -Wextra -fno-tree-loop-distribute-patterns"

TRACE::2025-03-26.16:54:30::SCWMssOS::"Running Make include in microblaze_0/libsrc/gpio_v4_9/src"

TRACE::2025-03-26.16:54:30::SCWMssOS::make -C microblaze_0/libsrc/gpio_v4_9/src -s include  "SHELL=CMD" "COMPILER=mb-gcc" "ASSEMBLER=mb-as" "ARCHIVER=mb-ar" "COMPILE
TRACE::2025-03-26.16:54:30::SCWMssOS::R_FLAGS=  -O2 -c -mcpu=v11.0 -mlittle-endian -mno-xl-reorder -mno-xl-soft-mul -mxl-barrel-shift -mxl-pattern-compare" "EXTRA_CO
TRACE::2025-03-26.16:54:30::SCWMssOS::MPILER_FLAGS=-g -ffunction-sections -fdata-sections -Wall -Wextra -fno-tree-loop-distribute-patterns"

TRACE::2025-03-26.16:54:30::SCWMssOS::"Running Make include in microblaze_0/libsrc/intc_v3_15/src"

TRACE::2025-03-26.16:54:30::SCWMssOS::make -C microblaze_0/libsrc/intc_v3_15/src -s include  "SHELL=CMD" "COMPILER=mb-gcc" "ASSEMBLER=mb-as" "ARCHIVER=mb-ar" "COMPIL
TRACE::2025-03-26.16:54:30::SCWMssOS::ER_FLAGS=  -O2 -c -mcpu=v11.0 -mlittle-endian -mno-xl-reorder -mno-xl-soft-mul -mxl-barrel-shift -mxl-pattern-compare" "EXTRA_C
TRACE::2025-03-26.16:54:30::SCWMssOS::OMPILER_FLAGS=-g -ffunction-sections -fdata-sections -Wall -Wextra -fno-tree-loop-distribute-patterns"

TRACE::2025-03-26.16:54:30::SCWMssOS::"Running Make include in microblaze_0/libsrc/spi_v4_9/src"

TRACE::2025-03-26.16:54:30::SCWMssOS::make -C microblaze_0/libsrc/spi_v4_9/src -s include  "SHELL=CMD" "COMPILER=mb-gcc" "ASSEMBLER=mb-as" "ARCHIVER=mb-ar" "COMPILER
TRACE::2025-03-26.16:54:30::SCWMssOS::_FLAGS=  -O2 -c -mcpu=v11.0 -mlittle-endian -mno-xl-reorder -mno-xl-soft-mul -mxl-barrel-shift -mxl-pattern-compare" "EXTRA_COM
TRACE::2025-03-26.16:54:30::SCWMssOS::PILER_FLAGS=-g -ffunction-sections -fdata-sections -Wall -Wextra -fno-tree-loop-distribute-patterns"

TRACE::2025-03-26.16:54:30::SCWMssOS::"Running Make include in microblaze_0/libsrc/standalone_v8_0/src"

TRACE::2025-03-26.16:54:30::SCWMssOS::make -C microblaze_0/libsrc/standalone_v8_0/src -s include  "SHELL=CMD" "COMPILER=mb-gcc" "ASSEMBLER=mb-as" "ARCHIVER=mb-ar" "C
TRACE::2025-03-26.16:54:30::SCWMssOS::OMPILER_FLAGS=  -O2 -c -mcpu=v11.0 -mlittle-endian -mno-xl-reorder -mno-xl-soft-mul -mxl-barrel-shift -mxl-pattern-compare" "EX
TRACE::2025-03-26.16:54:30::SCWMssOS::TRA_COMPILER_FLAGS=-g -ffunction-sections -fdata-sections -Wall -Wextra -fno-tree-loop-distribute-patterns"

TRACE::2025-03-26.16:54:30::SCWMssOS::"Running Make include in microblaze_0/libsrc/tmrctr_v4_9/src"

TRACE::2025-03-26.16:54:30::SCWMssOS::make -C microblaze_0/libsrc/tmrctr_v4_9/src -s include  "SHELL=CMD" "COMPILER=mb-gcc" "ASSEMBLER=mb-as" "ARCHIVER=mb-ar" "COMPI
TRACE::2025-03-26.16:54:30::SCWMssOS::LER_FLAGS=  -O2 -c -mcpu=v11.0 -mlittle-endian -mno-xl-reorder -mno-xl-soft-mul -mxl-barrel-shift -mxl-pattern-compare" "EXTRA_
TRACE::2025-03-26.16:54:30::SCWMssOS::COMPILER_FLAGS=-g -ffunction-sections -fdata-sections -Wall -Wextra -fno-tree-loop-distribute-patterns"

TRACE::2025-03-26.16:54:30::SCWMssOS::"Running Make include in microblaze_0/libsrc/uartlite_v3_7/src"

TRACE::2025-03-26.16:54:30::SCWMssOS::make -C microblaze_0/libsrc/uartlite_v3_7/src -s include  "SHELL=CMD" "COMPILER=mb-gcc" "ASSEMBLER=mb-as" "ARCHIVER=mb-ar" "COM
TRACE::2025-03-26.16:54:30::SCWMssOS::PILER_FLAGS=  -O2 -c -mcpu=v11.0 -mlittle-endian -mno-xl-reorder -mno-xl-soft-mul -mxl-barrel-shift -mxl-pattern-compare" "EXTR
TRACE::2025-03-26.16:54:30::SCWMssOS::A_COMPILER_FLAGS=-g -ffunction-sections -fdata-sections -Wall -Wextra -fno-tree-loop-distribute-patterns"

TRACE::2025-03-26.16:54:30::SCWMssOS::"Running Make libs in microblaze_0/libsrc/bram_v4_8/src"

TRACE::2025-03-26.16:54:30::SCWMssOS::make -C microblaze_0/libsrc/bram_v4_8/src -s libs  "SHELL=CMD" "COMPILER=mb-gcc" "ASSEMBLER=mb-as" "ARCHIVER=mb-ar" "COMPILER_F
TRACE::2025-03-26.16:54:30::SCWMssOS::LAGS=  -O2 -c -mcpu=v11.0 -mlittle-endian -mno-xl-reorder -mno-xl-soft-mul -mxl-barrel-shift -mxl-pattern-compare" "EXTRA_COMPI
TRACE::2025-03-26.16:54:30::SCWMssOS::LER_FLAGS=-g -ffunction-sections -fdata-sections -Wall -Wextra -fno-tree-loop-distribute-patterns"

TRACE::2025-03-26.16:54:30::SCWMssOS::"Running Make libs in microblaze_0/libsrc/cpu_v2_16/src"

TRACE::2025-03-26.16:54:30::SCWMssOS::make -C microblaze_0/libsrc/cpu_v2_16/src -s libs  "SHELL=CMD" "COMPILER=mb-gcc" "ASSEMBLER=mb-as" "ARCHIVER=mb-ar" "COMPILER_F
TRACE::2025-03-26.16:54:30::SCWMssOS::LAGS=  -O2 -c -mcpu=v11.0 -mlittle-endian -mno-xl-reorder -mno-xl-soft-mul -mxl-barrel-shift -mxl-pattern-compare" "EXTRA_COMPI
TRACE::2025-03-26.16:54:30::SCWMssOS::LER_FLAGS=-g -ffunction-sections -fdata-sections -Wall -Wextra -fno-tree-loop-distribute-patterns"

TRACE::2025-03-26.16:54:30::SCWMssOS::"Running Make libs in microblaze_0/libsrc/gpio_v4_9/src"

TRACE::2025-03-26.16:54:30::SCWMssOS::make -C microblaze_0/libsrc/gpio_v4_9/src -s libs  "SHELL=CMD" "COMPILER=mb-gcc" "ASSEMBLER=mb-as" "ARCHIVER=mb-ar" "COMPILER_F
TRACE::2025-03-26.16:54:30::SCWMssOS::LAGS=  -O2 -c -mcpu=v11.0 -mlittle-endian -mno-xl-reorder -mno-xl-soft-mul -mxl-barrel-shift -mxl-pattern-compare" "EXTRA_COMPI
TRACE::2025-03-26.16:54:30::SCWMssOS::LER_FLAGS=-g -ffunction-sections -fdata-sections -Wall -Wextra -fno-tree-loop-distribute-patterns"

TRACE::2025-03-26.16:54:30::SCWMssOS::"Running Make libs in microblaze_0/libsrc/intc_v3_15/src"

TRACE::2025-03-26.16:54:30::SCWMssOS::make -C microblaze_0/libsrc/intc_v3_15/src -s libs  "SHELL=CMD" "COMPILER=mb-gcc" "ASSEMBLER=mb-as" "ARCHIVER=mb-ar" "COMPILER_
TRACE::2025-03-26.16:54:30::SCWMssOS::FLAGS=  -O2 -c -mcpu=v11.0 -mlittle-endian -mno-xl-reorder -mno-xl-soft-mul -mxl-barrel-shift -mxl-pattern-compare" "EXTRA_COMP
TRACE::2025-03-26.16:54:30::SCWMssOS::ILER_FLAGS=-g -ffunction-sections -fdata-sections -Wall -Wextra -fno-tree-loop-distribute-patterns"

TRACE::2025-03-26.16:54:30::SCWMssOS::"Running Make libs in microblaze_0/libsrc/spi_v4_9/src"

TRACE::2025-03-26.16:54:30::SCWMssOS::make -C microblaze_0/libsrc/spi_v4_9/src -s libs  "SHELL=CMD" "COMPILER=mb-gcc" "ASSEMBLER=mb-as" "ARCHIVER=mb-ar" "COMPILER_FL
TRACE::2025-03-26.16:54:30::SCWMssOS::AGS=  -O2 -c -mcpu=v11.0 -mlittle-endian -mno-xl-reorder -mno-xl-soft-mul -mxl-barrel-shift -mxl-pattern-compare" "EXTRA_COMPIL
TRACE::2025-03-26.16:54:30::SCWMssOS::ER_FLAGS=-g -ffunction-sections -fdata-sections -Wall -Wextra -fno-tree-loop-distribute-patterns"

TRACE::2025-03-26.16:54:31::SCWMssOS::"Running Make libs in microblaze_0/libsrc/standalone_v8_0/src"

TRACE::2025-03-26.16:54:31::SCWMssOS::make -C microblaze_0/libsrc/standalone_v8_0/src -s libs  "SHELL=CMD" "COMPILER=mb-gcc" "ASSEMBLER=mb-as" "ARCHIVER=mb-ar" "COMP
TRACE::2025-03-26.16:54:31::SCWMssOS::ILER_FLAGS=  -O2 -c -mcpu=v11.0 -mlittle-endian -mno-xl-reorder -mno-xl-soft-mul -mxl-barrel-shift -mxl-pattern-compare" "EXTRA
TRACE::2025-03-26.16:54:31::SCWMssOS::_COMPILER_FLAGS=-g -ffunction-sections -fdata-sections -Wall -Wextra -fno-tree-loop-distribute-patterns"

TRACE::2025-03-26.16:54:31::SCWMssOS::"Running Make libs in microblaze_0/libsrc/tmrctr_v4_9/src"

TRACE::2025-03-26.16:54:31::SCWMssOS::make -C microblaze_0/libsrc/tmrctr_v4_9/src -s libs  "SHELL=CMD" "COMPILER=mb-gcc" "ASSEMBLER=mb-as" "ARCHIVER=mb-ar" "COMPILER
TRACE::2025-03-26.16:54:31::SCWMssOS::_FLAGS=  -O2 -c -mcpu=v11.0 -mlittle-endian -mno-xl-reorder -mno-xl-soft-mul -mxl-barrel-shift -mxl-pattern-compare" "EXTRA_COM
TRACE::2025-03-26.16:54:31::SCWMssOS::PILER_FLAGS=-g -ffunction-sections -fdata-sections -Wall -Wextra -fno-tree-loop-distribute-patterns"

TRACE::2025-03-26.16:54:31::SCWMssOS::"Running Make libs in microblaze_0/libsrc/uartlite_v3_7/src"

TRACE::2025-03-26.16:54:31::SCWMssOS::make -C microblaze_0/libsrc/uartlite_v3_7/src -s libs  "SHELL=CMD" "COMPILER=mb-gcc" "ASSEMBLER=mb-as" "ARCHIVER=mb-ar" "COMPIL
TRACE::2025-03-26.16:54:31::SCWMssOS::ER_FLAGS=  -O2 -c -mcpu=v11.0 -mlittle-endian -mno-xl-reorder -mno-xl-soft-mul -mxl-barrel-shift -mxl-pattern-compare" "EXTRA_C
TRACE::2025-03-26.16:54:31::SCWMssOS::OMPILER_FLAGS=-g -ffunction-sections -fdata-sections -Wall -Wextra -fno-tree-loop-distribute-patterns"

TRACE::2025-03-26.16:54:32::SCWMssOS::"DEBUG NON_LTO_OBJECTS is ../../../lib/microblaze_interrupt_handler.o"

TRACE::2025-03-26.16:54:32::SCWMssOS::'Finished building libraries parallelly.'

TRACE::2025-03-26.16:54:32::SCWMssOS::make --no-print-directory archive

TRACE::2025-03-26.16:54:32::SCWMssOS::mb-ar -r  microblaze_0/lib/libxil.a microblaze_0/lib/_exit.o microblaze_0/lib/errno.o microblaze_0/lib/fcntl.o microblaze_0/lib
TRACE::2025-03-26.16:54:32::SCWMssOS::/hw_exception_handler.o microblaze_0/lib/inbyte.o microblaze_0/lib/microblaze_disable_dcache.o microblaze_0/lib/microblaze_disa
TRACE::2025-03-26.16:54:32::SCWMssOS::ble_exceptions.o microblaze_0/lib/microblaze_disable_icache.o microblaze_0/lib/microblaze_disable_interrupts.o microblaze_0/lib
TRACE::2025-03-26.16:54:32::SCWMssOS::/microblaze_enable_dcache.o microblaze_0/lib/microblaze_enable_exceptions.o microblaze_0/lib/microblaze_enable_icache.o microbl
TRACE::2025-03-26.16:54:32::SCWMssOS::aze_0/lib/microblaze_enable_interrupts.o microblaze_0/lib/microblaze_exception_handler.o microblaze_0/lib/microblaze_flush_cach
TRACE::2025-03-26.16:54:32::SCWMssOS::e_ext.o microblaze_0/lib/microblaze_flush_cache_ext_range.o microblaze_0/lib/microblaze_flush_dcache.o microblaze_0/lib/microbl
TRACE::2025-03-26.16:54:32::SCWMssOS::aze_flush_dcache_range.o microblaze_0/lib/microblaze_init_dcache_range.o microblaze_0/lib/microblaze_init_icache_range.o microb
TRACE::2025-03-26.16:54:32::SCWMssOS::laze_0/lib/microblaze_interrupt_handler.o microblaze_0/lib/microblaze_interrupts_g.o microblaze_0/lib/microblaze_invalidate_cac
TRACE::2025-03-26.16:54:32::SCWMssOS::he_ext.o microblaze_0/lib/microblaze_invalidate_cache_ext_range.o microblaze_0/lib/microblaze_invalidate_dcache.o microblaze_0/
TRACE::2025-03-26.16:54:32::SCWMssOS::lib/microblaze_invalidate_dcache_range.o microblaze_0/lib/microblaze_invalidate_icache.o microblaze_0/lib/microblaze_invalidate
TRACE::2025-03-26.16:54:32::SCWMssOS::_icache_range.o microblaze_0/lib/microblaze_scrub.o microblaze_0/lib/microblaze_selftest.o microblaze_0/lib/microblaze_sleep.o 
TRACE::2025-03-26.16:54:32::SCWMssOS::microblaze_0/lib/microblaze_update_dcache.o microblaze_0/lib/microblaze_update_icache.o microblaze_0/lib/outbyte.o microblaze_0
TRACE::2025-03-26.16:54:32::SCWMssOS::/lib/print.o microblaze_0/lib/pvr.o microblaze_0/lib/xbram.o microblaze_0/lib/xbram_g.o microblaze_0/lib/xbram_intr.o microblaz
TRACE::2025-03-26.16:54:32::SCWMssOS::e_0/lib/xbram_selftest.o microblaze_0/lib/xbram_sinit.o microblaze_0/lib/xgpio.o microblaze_0/lib/xgpio_extra.o microblaze_0/li
TRACE::2025-03-26.16:54:32::SCWMssOS::b/xgpio_g.o microblaze_0/lib/xgpio_intr.o microblaze_0/lib/xgpio_selftest.o microblaze_0/lib/xgpio_sinit.o microblaze_0/lib/xil
TRACE::2025-03-26.16:54:32::SCWMssOS::_assert.o microblaze_0/lib/xil_cache.o microblaze_0/lib/xil_clocking.o microblaze_0/lib/xil_exception.o microblaze_0/lib/xil_me
TRACE::2025-03-26.16:54:32::SCWMssOS::m.o microblaze_0/lib/xil_misc_psreset_api.o microblaze_0/lib/xil_printf.o microblaze_0/lib/xil_sleepcommon.o microblaze_0/lib/x
TRACE::2025-03-26.16:54:32::SCWMssOS::il_testcache.o microblaze_0/lib/xil_testio.o microblaze_0/lib/xil_testmem.o microblaze_0/lib/xil_util.o microblaze_0/lib/xintc.
TRACE::2025-03-26.16:54:32::SCWMssOS::o microblaze_0/lib/xintc_g.o microblaze_0/lib/xintc_intr.o microblaze_0/lib/xintc_l.o microblaze_0/lib/xintc_options.o microbla
TRACE::2025-03-26.16:54:32::SCWMssOS::ze_0/lib/xintc_selftest.o microblaze_0/lib/xinterrupt_wrap.o microblaze_0/lib/xio.o microblaze_0/lib/xplatform_info.o microblaz
TRACE::2025-03-26.16:54:32::SCWMssOS::e_0/lib/xspi.o microblaze_0/lib/xspi_g.o microblaze_0/lib/xspi_options.o microblaze_0/lib/xspi_selftest.o microblaze_0/lib/xspi
TRACE::2025-03-26.16:54:32::SCWMssOS::_sinit.o microblaze_0/lib/xspi_stats.o microblaze_0/lib/xtmrctr.o microblaze_0/lib/xtmrctr_g.o microblaze_0/lib/xtmrctr_intr.o 
TRACE::2025-03-26.16:54:32::SCWMssOS::microblaze_0/lib/xtmrctr_l.o microblaze_0/lib/xtmrctr_options.o microblaze_0/lib/xtmrctr_selftest.o microblaze_0/lib/xtmrctr_si
TRACE::2025-03-26.16:54:32::SCWMssOS::nit.o microblaze_0/lib/xtmrctr_stats.o microblaze_0/lib/xuartlite.o microblaze_0/lib/xuartlite_g.o microblaze_0/lib/xuartlite_i
TRACE::2025-03-26.16:54:32::SCWMssOS::ntr.o microblaze_0/lib/xuartlite_l.o microblaze_0/lib/xuartlite_selftest.o microblaze_0/lib/xuartlite_sinit.o microblaze_0/lib/
TRACE::2025-03-26.16:54:32::SCWMssOS::xuartlite_stats.o

TRACE::2025-03-26.16:54:32::SCWMssOS::'Finished building libraries'

TRACE::2025-03-26.16:54:32::SCWMssOS:: Checking if to create the Supporting Applications
TRACE::2025-03-26.16:54:32::SCWMssOS:: No Linux domain exists, trying to generate FSBL 
LOG::2025-03-26.16:54:32::SCWSystem::Completed Processing the domain standalone_microblaze_0
LOG::2025-03-26.16:54:32::SCWSystem::Completed Processing the sysconfig mb_usb_hdmi_top
LOG::2025-03-26.16:54:32::SCWPlatform::Completed generating the artifacts for system configuration mb_usb_hdmi_top
TRACE::2025-03-26.16:54:32::SCWPlatform::Started preparing the platform 
TRACE::2025-03-26.16:54:32::SCWSystem::Writing the bif file for system config mb_usb_hdmi_top
TRACE::2025-03-26.16:54:32::SCWSystem::dir created 
TRACE::2025-03-26.16:54:32::SCWSystem::Writing the bif 
TRACE::2025-03-26.16:54:32::SCWPlatform::Started writing the spfm file 
TRACE::2025-03-26.16:54:32::SCWPlatform::Started writing the xpfm file 
TRACE::2025-03-26.16:54:32::SCWPlatform::Completed generating the platform
TRACE::2025-03-26.16:54:32::SCWMssOS::Saving the mss changes D:/School/UIUC_ECE385_SP25/lab6_2/sdk/mb_usb_hdmi_top/microblaze_0/standalone_microblaze_0/bsp/system.mss
TRACE::2025-03-26.16:54:32::SCWMssOS::Adding the swdes entry, mss present, able to open swdb D:/School/UIUC_ECE385_SP25/lab6_2/sdk/mb_usb_hdmi_top/microblaze_0/standalone_microblaze_0/bsp/system.mss with des name system
TRACE::2025-03-26.16:54:32::SCWMssOS::Writing the mss file completed D:/School/UIUC_ECE385_SP25/lab6_2/sdk/mb_usb_hdmi_top/microblaze_0/standalone_microblaze_0/bsp/system.mss
TRACE::2025-03-26.16:54:32::SCWMssOS::Commit changes completed.
TRACE::2025-03-26.16:54:32::SCWPlatform::Trying to open the hw design at D:/School/UIUC_ECE385_SP25/lab6_2/sdk/mb_usb_hdmi_top/hw/mb_usb_hdmi_top.xsa
TRACE::2025-03-26.16:54:32::SCWPlatform::DSA given D:/School/UIUC_ECE385_SP25/lab6_2/sdk/mb_usb_hdmi_top/hw/mb_usb_hdmi_top.xsa
TRACE::2025-03-26.16:54:32::SCWPlatform::DSA absoulate path D:/School/UIUC_ECE385_SP25/lab6_2/sdk/mb_usb_hdmi_top/hw/mb_usb_hdmi_top.xsa
TRACE::2025-03-26.16:54:32::SCWPlatform::DSA directory D:/School/UIUC_ECE385_SP25/lab6_2/sdk/mb_usb_hdmi_top/hw
TRACE::2025-03-26.16:54:32::SCWPlatform:: Platform Path D:/School/UIUC_ECE385_SP25/lab6_2/sdk/mb_usb_hdmi_top/hw/mb_usb_hdmi_top.xsa
TRACE::2025-03-26.16:54:32::SCWPlatform:: Unique name xilinx:::0.0
TRACE::2025-03-26.16:54:32::SCWPlatform::Trying to set the existing hwdb with name mb_usb_hdmi_top_7
TRACE::2025-03-26.16:54:32::SCWPlatform::Opened existing hwdb mb_usb_hdmi_top_7
TRACE::2025-03-26.16:54:32::SCWPlatform::Found the Hw Db part of the input DSA
TRACE::2025-03-26.16:54:32::SCWMssOS::Checking the sw design at  D:/School/UIUC_ECE385_SP25/lab6_2/sdk/mb_usb_hdmi_top/microblaze_0/standalone_microblaze_0/bsp/system.mss
TRACE::2025-03-26.16:54:32::SCWMssOS::DEBUG:  swdes dump  D:/School/UIUC_ECE385_SP25/lab6_2/sdk/mb_usb_hdmi_top/microblaze_0/standalone_microblaze_0/bsp/system.mss|system||

TRACE::2025-03-26.16:54:32::SCWMssOS::Sw design exists and opened at  D:/School/UIUC_ECE385_SP25/lab6_2/sdk/mb_usb_hdmi_top/microblaze_0/standalone_microblaze_0/bsp/system.mss
TRACE::2025-03-26.16:54:32::SCWWriter::formatted JSON is {
	"platformName":	"mb_usb_hdmi_top",
	"sprVersion":	"2.0",
	"mode":	"gui",
	"dsaType":	"Fixed",
	"platformDesc":	"mb_usb_hdmi_top",
	"platHandOff":	"D:/School/UIUC_ECE385_SP25/lab6_2/mb_usb_hdmi_top.xsa",
	"platIntHandOff":	"<platformDir>/hw/mb_usb_hdmi_top.xsa",
	"deviceType":	"FPGA",
	"platIsPrebuiltAutogen":	"false",
	"platIsNoBootBsp":	"false",
	"hasFsblMakeHasChanges":	"false",
	"hasPmufwMakeHasChanges":	"false",
	"platPreBuiltFlag":	false,
	"platformSamplesDir":	"",
	"platActiveSys":	"mb_usb_hdmi_top",
	"systems":	[{
			"systemName":	"mb_usb_hdmi_top",
			"systemDesc":	"mb_usb_hdmi_top",
			"sysIsBootAutoGen":	"true",
			"systemDispName":	"mb_usb_hdmi_top",
			"sysActiveDom":	"standalone_microblaze_0",
			"sysDefaultDom":	"standalone_microblaze_0",
			"domains":	[{
					"domainName":	"standalone_microblaze_0",
					"domainDispName":	"standalone_microblaze_0",
					"domainDesc":	"standalone_microblaze_0",
					"processors":	"microblaze_0",
					"os":	"standalone",
					"sdxOs":	"standalone",
					"debugEnable":	"False",
					"domRuntimes":	["cpp"],
					"swRepo":	"",
					"mssOsVer":	"8.0",
					"mssFile":	"",
					"md5Digest":	"304529987e879521ca977c68d163f362",
					"compatibleApp":	"",
					"domType":	"mssDomain",
					"arch":	"32-bit",
					"appSettings":	{
						"appCompilerFlags":	"",
						"appLinkerFlags":	""
					},
					"addedLibs":	[],
					"libOptions":	{
						"libsContainingOptions":	[]
					},
					"prebuiltLibs":	{
						"prebuiltIncPath":	[],
						"prebuiltLibPath":	[]
					},
					"isolation":	{
					}
				}]
		}]
}
KEYINFO::2025-03-26.16:54:32::SCWPlatform::updated the xpfm file.
TRACE::2025-03-26.16:54:32::SCWPlatform::Trying to open the hw design at D:/School/UIUC_ECE385_SP25/lab6_2/sdk/mb_usb_hdmi_top/hw/mb_usb_hdmi_top.xsa
TRACE::2025-03-26.16:54:32::SCWPlatform::DSA given D:/School/UIUC_ECE385_SP25/lab6_2/sdk/mb_usb_hdmi_top/hw/mb_usb_hdmi_top.xsa
TRACE::2025-03-26.16:54:32::SCWPlatform::DSA absoulate path D:/School/UIUC_ECE385_SP25/lab6_2/sdk/mb_usb_hdmi_top/hw/mb_usb_hdmi_top.xsa
TRACE::2025-03-26.16:54:32::SCWPlatform::DSA directory D:/School/UIUC_ECE385_SP25/lab6_2/sdk/mb_usb_hdmi_top/hw
TRACE::2025-03-26.16:54:32::SCWPlatform:: Platform Path D:/School/UIUC_ECE385_SP25/lab6_2/sdk/mb_usb_hdmi_top/hw/mb_usb_hdmi_top.xsa
TRACE::2025-03-26.16:54:32::SCWPlatform:: Unique name xilinx:::0.0
TRACE::2025-03-26.16:54:32::SCWPlatform::Trying to set the existing hwdb with name mb_usb_hdmi_top_7
TRACE::2025-03-26.16:54:32::SCWPlatform::Opened existing hwdb mb_usb_hdmi_top_7
TRACE::2025-03-26.16:54:32::SCWPlatform::Found the Hw Db part of the input DSA
TRACE::2025-03-26.16:54:32::SCWMssOS::Checking the sw design at  D:/School/UIUC_ECE385_SP25/lab6_2/sdk/mb_usb_hdmi_top/microblaze_0/standalone_microblaze_0/bsp/system.mss
TRACE::2025-03-26.16:54:32::SCWMssOS::DEBUG:  swdes dump  D:/School/UIUC_ECE385_SP25/lab6_2/sdk/mb_usb_hdmi_top/microblaze_0/standalone_microblaze_0/bsp/system.mss|system||

TRACE::2025-03-26.16:54:32::SCWMssOS::Sw design exists and opened at  D:/School/UIUC_ECE385_SP25/lab6_2/sdk/mb_usb_hdmi_top/microblaze_0/standalone_microblaze_0/bsp/system.mss
TRACE::2025-03-26.19:08:15::SCWPlatform::Trying to open the hw design at D:/School/UIUC_ECE385_SP25/lab6_2/sdk/mb_usb_hdmi_top/hw/mb_usb_hdmi_top.xsa
TRACE::2025-03-26.19:08:15::SCWPlatform::DSA given D:/School/UIUC_ECE385_SP25/lab6_2/sdk/mb_usb_hdmi_top/hw/mb_usb_hdmi_top.xsa
TRACE::2025-03-26.19:08:15::SCWPlatform::DSA absoulate path D:/School/UIUC_ECE385_SP25/lab6_2/sdk/mb_usb_hdmi_top/hw/mb_usb_hdmi_top.xsa
TRACE::2025-03-26.19:08:15::SCWPlatform::DSA directory D:/School/UIUC_ECE385_SP25/lab6_2/sdk/mb_usb_hdmi_top/hw
TRACE::2025-03-26.19:08:15::SCWPlatform:: Platform Path D:/School/UIUC_ECE385_SP25/lab6_2/sdk/mb_usb_hdmi_top/hw/mb_usb_hdmi_top.xsa
TRACE::2025-03-26.19:08:15::SCWPlatform:: Unique name xilinx:::0.0
TRACE::2025-03-26.19:08:15::SCWPlatform::Do not have an existing db opened. 
TRACE::2025-03-26.19:08:16::SCWPlatform::Opened new HwDB with name mb_usb_hdmi_top
TRACE::2025-03-26.19:08:16::SCWReader::Active system found as  mb_usb_hdmi_top
TRACE::2025-03-26.19:08:16::SCWReader::Handling sysconfig mb_usb_hdmi_top
TRACE::2025-03-26.19:08:16::SCWDomain::checking for install qemu data   : 
TRACE::2025-03-26.19:08:16::SCWPlatform::Trying to open the hw design at D:/School/UIUC_ECE385_SP25/lab6_2/sdk/mb_usb_hdmi_top/hw/mb_usb_hdmi_top.xsa
TRACE::2025-03-26.19:08:16::SCWPlatform::DSA given D:/School/UIUC_ECE385_SP25/lab6_2/sdk/mb_usb_hdmi_top/hw/mb_usb_hdmi_top.xsa
TRACE::2025-03-26.19:08:16::SCWPlatform::DSA absoulate path D:/School/UIUC_ECE385_SP25/lab6_2/sdk/mb_usb_hdmi_top/hw/mb_usb_hdmi_top.xsa
TRACE::2025-03-26.19:08:16::SCWPlatform::DSA directory D:/School/UIUC_ECE385_SP25/lab6_2/sdk/mb_usb_hdmi_top/hw
TRACE::2025-03-26.19:08:16::SCWPlatform:: Platform Path D:/School/UIUC_ECE385_SP25/lab6_2/sdk/mb_usb_hdmi_top/hw/mb_usb_hdmi_top.xsa
TRACE::2025-03-26.19:08:16::SCWPlatform:: Unique name xilinx:::0.0
TRACE::2025-03-26.19:08:16::SCWPlatform::Trying to set the existing hwdb with name mb_usb_hdmi_top
TRACE::2025-03-26.19:08:16::SCWPlatform::Opened existing hwdb mb_usb_hdmi_top
TRACE::2025-03-26.19:08:16::SCWPlatform::Found the Hw Db part of the input DSA
TRACE::2025-03-26.19:08:16::SCWPlatform::Trying to open the hw design at D:/School/UIUC_ECE385_SP25/lab6_2/sdk/mb_usb_hdmi_top/hw/mb_usb_hdmi_top.xsa
TRACE::2025-03-26.19:08:16::SCWPlatform::DSA given D:/School/UIUC_ECE385_SP25/lab6_2/sdk/mb_usb_hdmi_top/hw/mb_usb_hdmi_top.xsa
TRACE::2025-03-26.19:08:16::SCWPlatform::DSA absoulate path D:/School/UIUC_ECE385_SP25/lab6_2/sdk/mb_usb_hdmi_top/hw/mb_usb_hdmi_top.xsa
TRACE::2025-03-26.19:08:16::SCWPlatform::DSA directory D:/School/UIUC_ECE385_SP25/lab6_2/sdk/mb_usb_hdmi_top/hw
TRACE::2025-03-26.19:08:16::SCWPlatform:: Platform Path D:/School/UIUC_ECE385_SP25/lab6_2/sdk/mb_usb_hdmi_top/hw/mb_usb_hdmi_top.xsa
TRACE::2025-03-26.19:08:16::SCWPlatform:: Unique name xilinx:::0.0
TRACE::2025-03-26.19:08:16::SCWPlatform::Trying to set the existing hwdb with name mb_usb_hdmi_top
TRACE::2025-03-26.19:08:16::SCWPlatform::Opened existing hwdb mb_usb_hdmi_top
TRACE::2025-03-26.19:08:16::SCWPlatform::Found the Hw Db part of the input DSA
TRACE::2025-03-26.19:08:16::SCWPlatform::Trying to open the hw design at D:/School/UIUC_ECE385_SP25/lab6_2/sdk/mb_usb_hdmi_top/hw/mb_usb_hdmi_top.xsa
TRACE::2025-03-26.19:08:16::SCWPlatform::DSA given D:/School/UIUC_ECE385_SP25/lab6_2/sdk/mb_usb_hdmi_top/hw/mb_usb_hdmi_top.xsa
TRACE::2025-03-26.19:08:16::SCWPlatform::DSA absoulate path D:/School/UIUC_ECE385_SP25/lab6_2/sdk/mb_usb_hdmi_top/hw/mb_usb_hdmi_top.xsa
TRACE::2025-03-26.19:08:16::SCWPlatform::DSA directory D:/School/UIUC_ECE385_SP25/lab6_2/sdk/mb_usb_hdmi_top/hw
TRACE::2025-03-26.19:08:16::SCWPlatform:: Platform Path D:/School/UIUC_ECE385_SP25/lab6_2/sdk/mb_usb_hdmi_top/hw/mb_usb_hdmi_top.xsa
TRACE::2025-03-26.19:08:16::SCWPlatform:: Unique name xilinx:::0.0
TRACE::2025-03-26.19:08:16::SCWPlatform::Trying to set the existing hwdb with name mb_usb_hdmi_top
TRACE::2025-03-26.19:08:16::SCWPlatform::Opened existing hwdb mb_usb_hdmi_top
TRACE::2025-03-26.19:08:16::SCWPlatform::Found the Hw Db part of the input DSA
TRACE::2025-03-26.19:08:16::SCWPlatform::Trying to open the hw design at D:/School/UIUC_ECE385_SP25/lab6_2/sdk/mb_usb_hdmi_top/hw/mb_usb_hdmi_top.xsa
TRACE::2025-03-26.19:08:16::SCWPlatform::DSA given D:/School/UIUC_ECE385_SP25/lab6_2/sdk/mb_usb_hdmi_top/hw/mb_usb_hdmi_top.xsa
TRACE::2025-03-26.19:08:16::SCWPlatform::DSA absoulate path D:/School/UIUC_ECE385_SP25/lab6_2/sdk/mb_usb_hdmi_top/hw/mb_usb_hdmi_top.xsa
TRACE::2025-03-26.19:08:16::SCWPlatform::DSA directory D:/School/UIUC_ECE385_SP25/lab6_2/sdk/mb_usb_hdmi_top/hw
TRACE::2025-03-26.19:08:16::SCWPlatform:: Platform Path D:/School/UIUC_ECE385_SP25/lab6_2/sdk/mb_usb_hdmi_top/hw/mb_usb_hdmi_top.xsa
TRACE::2025-03-26.19:08:16::SCWPlatform:: Unique name xilinx:::0.0
TRACE::2025-03-26.19:08:16::SCWPlatform::Trying to set the existing hwdb with name mb_usb_hdmi_top
TRACE::2025-03-26.19:08:16::SCWPlatform::Opened existing hwdb mb_usb_hdmi_top
TRACE::2025-03-26.19:08:16::SCWPlatform::Found the Hw Db part of the input DSA
TRACE::2025-03-26.19:08:16::SCWMssOS::Checking the sw design at  D:/School/UIUC_ECE385_SP25/lab6_2/sdk/mb_usb_hdmi_top/microblaze_0/standalone_microblaze_0/bsp/system.mss
TRACE::2025-03-26.19:08:16::SCWMssOS::DEBUG:  swdes dump  
TRACE::2025-03-26.19:08:16::SCWMssOS::No sw design opened at  D:/School/UIUC_ECE385_SP25/lab6_2/sdk/mb_usb_hdmi_top/microblaze_0/standalone_microblaze_0/bsp/system.mss
TRACE::2025-03-26.19:08:16::SCWMssOS::mss exists loading the mss file  D:/School/UIUC_ECE385_SP25/lab6_2/sdk/mb_usb_hdmi_top/microblaze_0/standalone_microblaze_0/bsp/system.mss
TRACE::2025-03-26.19:08:16::SCWMssOS::Opened the sw design from mss  D:/School/UIUC_ECE385_SP25/lab6_2/sdk/mb_usb_hdmi_top/microblaze_0/standalone_microblaze_0/bsp/system.mss
TRACE::2025-03-26.19:08:16::SCWMssOS::Adding the swdes entry D:/School/UIUC_ECE385_SP25/lab6_2/sdk/mb_usb_hdmi_top/microblaze_0/standalone_microblaze_0/bsp/system.mss with des name system
TRACE::2025-03-26.19:08:16::SCWMssOS::updating the scw layer about changes
TRACE::2025-03-26.19:08:16::SCWMssOS::Opened the sw design.  D:/School/UIUC_ECE385_SP25/lab6_2/sdk/mb_usb_hdmi_top/microblaze_0/standalone_microblaze_0/bsp/system.mss
TRACE::2025-03-26.19:08:16::SCWMssOS::Saving the mss changes D:/School/UIUC_ECE385_SP25/lab6_2/sdk/mb_usb_hdmi_top/microblaze_0/standalone_microblaze_0/bsp/system.mss
TRACE::2025-03-26.19:08:16::SCWMssOS::Found a swdesign opened with the mssfile.
TRACE::2025-03-26.19:08:16::SCWMssOS::Completed writemss as part of save.
TRACE::2025-03-26.19:08:16::SCWMssOS::Commit changes completed.
TRACE::2025-03-26.19:08:16::SCWReader::Adding prebuilt librarypaths as   
TRACE::2025-03-26.19:08:16::SCWReader::Adding prebuilt incpaths  as   
TRACE::2025-03-26.19:08:16::SCWPlatform::Trying to open the hw design at D:/School/UIUC_ECE385_SP25/lab6_2/sdk/mb_usb_hdmi_top/hw/mb_usb_hdmi_top.xsa
TRACE::2025-03-26.19:08:16::SCWPlatform::DSA given D:/School/UIUC_ECE385_SP25/lab6_2/sdk/mb_usb_hdmi_top/hw/mb_usb_hdmi_top.xsa
TRACE::2025-03-26.19:08:16::SCWPlatform::DSA absoulate path D:/School/UIUC_ECE385_SP25/lab6_2/sdk/mb_usb_hdmi_top/hw/mb_usb_hdmi_top.xsa
TRACE::2025-03-26.19:08:16::SCWPlatform::DSA directory D:/School/UIUC_ECE385_SP25/lab6_2/sdk/mb_usb_hdmi_top/hw
TRACE::2025-03-26.19:08:16::SCWPlatform:: Platform Path D:/School/UIUC_ECE385_SP25/lab6_2/sdk/mb_usb_hdmi_top/hw/mb_usb_hdmi_top.xsa
TRACE::2025-03-26.19:08:16::SCWPlatform:: Unique name xilinx:::0.0
TRACE::2025-03-26.19:08:16::SCWPlatform::Trying to set the existing hwdb with name mb_usb_hdmi_top
TRACE::2025-03-26.19:08:16::SCWPlatform::Opened existing hwdb mb_usb_hdmi_top
TRACE::2025-03-26.19:08:16::SCWPlatform::Found the Hw Db part of the input DSA
TRACE::2025-03-26.19:08:16::SCWMssOS::Checking the sw design at  D:/School/UIUC_ECE385_SP25/lab6_2/sdk/mb_usb_hdmi_top/microblaze_0/standalone_microblaze_0/bsp/system.mss
TRACE::2025-03-26.19:08:16::SCWMssOS::DEBUG:  swdes dump  D:/School/UIUC_ECE385_SP25/lab6_2/sdk/mb_usb_hdmi_top/microblaze_0/standalone_microblaze_0/bsp/system.mss|system||

TRACE::2025-03-26.19:08:16::SCWMssOS::Sw design exists and opened at  D:/School/UIUC_ECE385_SP25/lab6_2/sdk/mb_usb_hdmi_top/microblaze_0/standalone_microblaze_0/bsp/system.mss
TRACE::2025-03-26.19:08:16::SCWReader::No isolation master present  
TRACE::2025-03-26.19:08:16::SCWMssOS::cleaning the bsp 
TRACE::2025-03-26.19:08:16::SCWMssOS::System Command Ran  D: & cd  D:/School/UIUC_ECE385_SP25/lab6_2/sdk/mb_usb_hdmi_top/microblaze_0/standalone_microblaze_0/bsp & make clean 
TRACE::2025-03-26.19:08:16::SCWMssOS::make -C microblaze_0/libsrc/bram_v4_8/src -s clean 

TRACE::2025-03-26.19:08:16::SCWMssOS::make -C microblaze_0/libsrc/cpu_v2_16/src -s clean 

TRACE::2025-03-26.19:08:16::SCWMssOS::make -C microblaze_0/libsrc/gpio_v4_9/src -s clean 

TRACE::2025-03-26.19:08:16::SCWMssOS::make -C microblaze_0/libsrc/intc_v3_15/src -s clean 

TRACE::2025-03-26.19:08:16::SCWMssOS::make -C microblaze_0/libsrc/spi_v4_9/src -s clean 

TRACE::2025-03-26.19:08:16::SCWMssOS::make -C microblaze_0/libsrc/standalone_v8_0/src -s clean 

TRACE::2025-03-26.19:08:17::SCWMssOS::make -C microblaze_0/libsrc/tmrctr_v4_9/src -s clean 

TRACE::2025-03-26.19:08:17::SCWMssOS::make -C microblaze_0/libsrc/uartlite_v3_7/src -s clean 

TRACE::2025-03-26.19:08:17::SCWMssOS::rm -f microblaze_0/lib/libxil.a

LOG::2025-03-26.19:08:19::SCWPlatform::Started generating the artifacts platform mb_usb_hdmi_top
TRACE::2025-03-26.19:08:19::SCWPlatform::Sanity checking of platform is completed
LOG::2025-03-26.19:08:19::SCWPlatform::Started generating the artifacts for system configuration mb_usb_hdmi_top
LOG::2025-03-26.19:08:19::SCWSystem::Checking the domain standalone_microblaze_0
LOG::2025-03-26.19:08:19::SCWSystem::Not a boot domain 
LOG::2025-03-26.19:08:19::SCWSystem::Started Processing the domain standalone_microblaze_0
TRACE::2025-03-26.19:08:19::SCWDomain::Generating domain artifcats
TRACE::2025-03-26.19:08:19::SCWMssOS::Generating standalone artifcats
TRACE::2025-03-26.19:08:19::SCWMssOS:: Copying the user libraries. 
TRACE::2025-03-26.19:08:19::SCWPlatform::Trying to open the hw design at D:/School/UIUC_ECE385_SP25/lab6_2/sdk/mb_usb_hdmi_top/hw/mb_usb_hdmi_top.xsa
TRACE::2025-03-26.19:08:19::SCWPlatform::DSA given D:/School/UIUC_ECE385_SP25/lab6_2/sdk/mb_usb_hdmi_top/hw/mb_usb_hdmi_top.xsa
TRACE::2025-03-26.19:08:19::SCWPlatform::DSA absoulate path D:/School/UIUC_ECE385_SP25/lab6_2/sdk/mb_usb_hdmi_top/hw/mb_usb_hdmi_top.xsa
TRACE::2025-03-26.19:08:19::SCWPlatform::DSA directory D:/School/UIUC_ECE385_SP25/lab6_2/sdk/mb_usb_hdmi_top/hw
TRACE::2025-03-26.19:08:19::SCWPlatform:: Platform Path D:/School/UIUC_ECE385_SP25/lab6_2/sdk/mb_usb_hdmi_top/hw/mb_usb_hdmi_top.xsa
TRACE::2025-03-26.19:08:19::SCWPlatform:: Unique name xilinx:::0.0
TRACE::2025-03-26.19:08:19::SCWPlatform::Trying to set the existing hwdb with name mb_usb_hdmi_top
TRACE::2025-03-26.19:08:19::SCWPlatform::Opened existing hwdb mb_usb_hdmi_top
TRACE::2025-03-26.19:08:19::SCWPlatform::Found the Hw Db part of the input DSA
TRACE::2025-03-26.19:08:19::SCWMssOS::Checking the sw design at  D:/School/UIUC_ECE385_SP25/lab6_2/sdk/mb_usb_hdmi_top/microblaze_0/standalone_microblaze_0/bsp/system.mss
TRACE::2025-03-26.19:08:19::SCWMssOS::DEBUG:  swdes dump  D:/School/UIUC_ECE385_SP25/lab6_2/sdk/mb_usb_hdmi_top/microblaze_0/standalone_microblaze_0/bsp/system.mss|system||

TRACE::2025-03-26.19:08:19::SCWMssOS::Sw design exists and opened at  D:/School/UIUC_ECE385_SP25/lab6_2/sdk/mb_usb_hdmi_top/microblaze_0/standalone_microblaze_0/bsp/system.mss
TRACE::2025-03-26.19:08:19::SCWMssOS::Completed writing the mss file at D:/School/UIUC_ECE385_SP25/lab6_2/sdk/mb_usb_hdmi_top/microblaze_0/standalone_microblaze_0/bsp
TRACE::2025-03-26.19:08:19::SCWMssOS::Mss edits present, copying mssfile into export location D:/School/UIUC_ECE385_SP25/lab6_2/sdk/mb_usb_hdmi_top/microblaze_0/standalone_microblaze_0/bsp/system.mss
TRACE::2025-03-26.19:08:19::SCWMssOS::bsp generated is upto date with the mss file. Skipping bsp generation.
TRACE::2025-03-26.19:08:19::SCWMssOS::BSP is already built. skipping the bsp build ... 
TRACE::2025-03-26.19:08:19::SCWDomain::Building the domain as part of full build :  standalone_microblaze_0
TRACE::2025-03-26.19:08:19::SCWMssOS::doing bsp build ... 
TRACE::2025-03-26.19:08:19::SCWMssOS::System Command Ran  D: & cd  D:/School/UIUC_ECE385_SP25/lab6_2/sdk/mb_usb_hdmi_top/microblaze_0/standalone_microblaze_0/bsp & make 
TRACE::2025-03-26.19:08:19::SCWMssOS::make --no-print-directory seq_libs

TRACE::2025-03-26.19:08:19::SCWMssOS::'Finished building libraries sequentially.'

TRACE::2025-03-26.19:08:19::SCWMssOS::make -j 10 --no-print-directory par_libs

TRACE::2025-03-26.19:08:19::SCWMssOS::"Running Make include in microblaze_0/libsrc/bram_v4_8/src"

TRACE::2025-03-26.19:08:19::SCWMssOS::make -C microblaze_0/libsrc/bram_v4_8/src -s include  "SHELL=CMD" "COMPILER=mb-gcc" "ASSEMBLER=mb-as" "ARCHIVER=mb-ar" "COMPILE
TRACE::2025-03-26.19:08:19::SCWMssOS::R_FLAGS=  -O2 -c -mcpu=v11.0 -mlittle-endian -mno-xl-reorder -mno-xl-soft-mul -mxl-barrel-shift -mxl-pattern-compare" "EXTRA_CO
TRACE::2025-03-26.19:08:19::SCWMssOS::MPILER_FLAGS=-g -ffunction-sections -fdata-sections -Wall -Wextra -fno-tree-loop-distribute-patterns"

TRACE::2025-03-26.19:08:19::SCWMssOS::"Running Make include in microblaze_0/libsrc/cpu_v2_16/src"

TRACE::2025-03-26.19:08:19::SCWMssOS::make -C microblaze_0/libsrc/cpu_v2_16/src -s include  "SHELL=CMD" "COMPILER=mb-gcc" "ASSEMBLER=mb-as" "ARCHIVER=mb-ar" "COMPILE
TRACE::2025-03-26.19:08:19::SCWMssOS::R_FLAGS=  -O2 -c -mcpu=v11.0 -mlittle-endian -mno-xl-reorder -mno-xl-soft-mul -mxl-barrel-shift -mxl-pattern-compare" "EXTRA_CO
TRACE::2025-03-26.19:08:19::SCWMssOS::MPILER_FLAGS=-g -ffunction-sections -fdata-sections -Wall -Wextra -fno-tree-loop-distribute-patterns"

TRACE::2025-03-26.19:08:19::SCWMssOS::"Running Make include in microblaze_0/libsrc/gpio_v4_9/src"

TRACE::2025-03-26.19:08:19::SCWMssOS::make -C microblaze_0/libsrc/gpio_v4_9/src -s include  "SHELL=CMD" "COMPILER=mb-gcc" "ASSEMBLER=mb-as" "ARCHIVER=mb-ar" "COMPILE
TRACE::2025-03-26.19:08:19::SCWMssOS::R_FLAGS=  -O2 -c -mcpu=v11.0 -mlittle-endian -mno-xl-reorder -mno-xl-soft-mul -mxl-barrel-shift -mxl-pattern-compare" "EXTRA_CO
TRACE::2025-03-26.19:08:19::SCWMssOS::MPILER_FLAGS=-g -ffunction-sections -fdata-sections -Wall -Wextra -fno-tree-loop-distribute-patterns"

TRACE::2025-03-26.19:08:19::SCWMssOS::"Running Make include in microblaze_0/libsrc/intc_v3_15/src"

TRACE::2025-03-26.19:08:19::SCWMssOS::make -C microblaze_0/libsrc/intc_v3_15/src -s include  "SHELL=CMD" "COMPILER=mb-gcc" "ASSEMBLER=mb-as" "ARCHIVER=mb-ar" "COMPIL
TRACE::2025-03-26.19:08:19::SCWMssOS::ER_FLAGS=  -O2 -c -mcpu=v11.0 -mlittle-endian -mno-xl-reorder -mno-xl-soft-mul -mxl-barrel-shift -mxl-pattern-compare" "EXTRA_C
TRACE::2025-03-26.19:08:19::SCWMssOS::OMPILER_FLAGS=-g -ffunction-sections -fdata-sections -Wall -Wextra -fno-tree-loop-distribute-patterns"

TRACE::2025-03-26.19:08:19::SCWMssOS::"Running Make include in microblaze_0/libsrc/spi_v4_9/src"

TRACE::2025-03-26.19:08:19::SCWMssOS::make -C microblaze_0/libsrc/spi_v4_9/src -s include  "SHELL=CMD" "COMPILER=mb-gcc" "ASSEMBLER=mb-as" "ARCHIVER=mb-ar" "COMPILER
TRACE::2025-03-26.19:08:19::SCWMssOS::_FLAGS=  -O2 -c -mcpu=v11.0 -mlittle-endian -mno-xl-reorder -mno-xl-soft-mul -mxl-barrel-shift -mxl-pattern-compare" "EXTRA_COM
TRACE::2025-03-26.19:08:19::SCWMssOS::PILER_FLAGS=-g -ffunction-sections -fdata-sections -Wall -Wextra -fno-tree-loop-distribute-patterns"

TRACE::2025-03-26.19:08:19::SCWMssOS::"Running Make include in microblaze_0/libsrc/standalone_v8_0/src"

TRACE::2025-03-26.19:08:19::SCWMssOS::make -C microblaze_0/libsrc/standalone_v8_0/src -s include  "SHELL=CMD" "COMPILER=mb-gcc" "ASSEMBLER=mb-as" "ARCHIVER=mb-ar" "C
TRACE::2025-03-26.19:08:19::SCWMssOS::OMPILER_FLAGS=  -O2 -c -mcpu=v11.0 -mlittle-endian -mno-xl-reorder -mno-xl-soft-mul -mxl-barrel-shift -mxl-pattern-compare" "EX
TRACE::2025-03-26.19:08:19::SCWMssOS::TRA_COMPILER_FLAGS=-g -ffunction-sections -fdata-sections -Wall -Wextra -fno-tree-loop-distribute-patterns"

TRACE::2025-03-26.19:08:19::SCWMssOS::"Running Make include in microblaze_0/libsrc/tmrctr_v4_9/src"

TRACE::2025-03-26.19:08:19::SCWMssOS::make -C microblaze_0/libsrc/tmrctr_v4_9/src -s include  "SHELL=CMD" "COMPILER=mb-gcc" "ASSEMBLER=mb-as" "ARCHIVER=mb-ar" "COMPI
TRACE::2025-03-26.19:08:19::SCWMssOS::LER_FLAGS=  -O2 -c -mcpu=v11.0 -mlittle-endian -mno-xl-reorder -mno-xl-soft-mul -mxl-barrel-shift -mxl-pattern-compare" "EXTRA_
TRACE::2025-03-26.19:08:19::SCWMssOS::COMPILER_FLAGS=-g -ffunction-sections -fdata-sections -Wall -Wextra -fno-tree-loop-distribute-patterns"

TRACE::2025-03-26.19:08:19::SCWMssOS::"Running Make include in microblaze_0/libsrc/uartlite_v3_7/src"

TRACE::2025-03-26.19:08:19::SCWMssOS::make -C microblaze_0/libsrc/uartlite_v3_7/src -s include  "SHELL=CMD" "COMPILER=mb-gcc" "ASSEMBLER=mb-as" "ARCHIVER=mb-ar" "COM
TRACE::2025-03-26.19:08:19::SCWMssOS::PILER_FLAGS=  -O2 -c -mcpu=v11.0 -mlittle-endian -mno-xl-reorder -mno-xl-soft-mul -mxl-barrel-shift -mxl-pattern-compare" "EXTR
TRACE::2025-03-26.19:08:19::SCWMssOS::A_COMPILER_FLAGS=-g -ffunction-sections -fdata-sections -Wall -Wextra -fno-tree-loop-distribute-patterns"

TRACE::2025-03-26.19:08:19::SCWMssOS::"Running Make libs in microblaze_0/libsrc/bram_v4_8/src"

TRACE::2025-03-26.19:08:19::SCWMssOS::make -C microblaze_0/libsrc/bram_v4_8/src -s libs  "SHELL=CMD" "COMPILER=mb-gcc" "ASSEMBLER=mb-as" "ARCHIVER=mb-ar" "COMPILER_F
TRACE::2025-03-26.19:08:19::SCWMssOS::LAGS=  -O2 -c -mcpu=v11.0 -mlittle-endian -mno-xl-reorder -mno-xl-soft-mul -mxl-barrel-shift -mxl-pattern-compare" "EXTRA_COMPI
TRACE::2025-03-26.19:08:19::SCWMssOS::LER_FLAGS=-g -ffunction-sections -fdata-sections -Wall -Wextra -fno-tree-loop-distribute-patterns"

TRACE::2025-03-26.19:08:19::SCWMssOS::"Running Make libs in microblaze_0/libsrc/cpu_v2_16/src"

TRACE::2025-03-26.19:08:19::SCWMssOS::make -C microblaze_0/libsrc/cpu_v2_16/src -s libs  "SHELL=CMD" "COMPILER=mb-gcc" "ASSEMBLER=mb-as" "ARCHIVER=mb-ar" "COMPILER_F
TRACE::2025-03-26.19:08:19::SCWMssOS::LAGS=  -O2 -c -mcpu=v11.0 -mlittle-endian -mno-xl-reorder -mno-xl-soft-mul -mxl-barrel-shift -mxl-pattern-compare" "EXTRA_COMPI
TRACE::2025-03-26.19:08:19::SCWMssOS::LER_FLAGS=-g -ffunction-sections -fdata-sections -Wall -Wextra -fno-tree-loop-distribute-patterns"

TRACE::2025-03-26.19:08:19::SCWMssOS::"Running Make libs in microblaze_0/libsrc/gpio_v4_9/src"

TRACE::2025-03-26.19:08:19::SCWMssOS::make -C microblaze_0/libsrc/gpio_v4_9/src -s libs  "SHELL=CMD" "COMPILER=mb-gcc" "ASSEMBLER=mb-as" "ARCHIVER=mb-ar" "COMPILER_F
TRACE::2025-03-26.19:08:19::SCWMssOS::LAGS=  -O2 -c -mcpu=v11.0 -mlittle-endian -mno-xl-reorder -mno-xl-soft-mul -mxl-barrel-shift -mxl-pattern-compare" "EXTRA_COMPI
TRACE::2025-03-26.19:08:19::SCWMssOS::LER_FLAGS=-g -ffunction-sections -fdata-sections -Wall -Wextra -fno-tree-loop-distribute-patterns"

TRACE::2025-03-26.19:08:19::SCWMssOS::"Running Make libs in microblaze_0/libsrc/intc_v3_15/src"

TRACE::2025-03-26.19:08:19::SCWMssOS::make -C microblaze_0/libsrc/intc_v3_15/src -s libs  "SHELL=CMD" "COMPILER=mb-gcc" "ASSEMBLER=mb-as" "ARCHIVER=mb-ar" "COMPILER_
TRACE::2025-03-26.19:08:19::SCWMssOS::FLAGS=  -O2 -c -mcpu=v11.0 -mlittle-endian -mno-xl-reorder -mno-xl-soft-mul -mxl-barrel-shift -mxl-pattern-compare" "EXTRA_COMP
TRACE::2025-03-26.19:08:19::SCWMssOS::ILER_FLAGS=-g -ffunction-sections -fdata-sections -Wall -Wextra -fno-tree-loop-distribute-patterns"

TRACE::2025-03-26.19:08:19::SCWMssOS::"Running Make libs in microblaze_0/libsrc/spi_v4_9/src"

TRACE::2025-03-26.19:08:19::SCWMssOS::make -C microblaze_0/libsrc/spi_v4_9/src -s libs  "SHELL=CMD" "COMPILER=mb-gcc" "ASSEMBLER=mb-as" "ARCHIVER=mb-ar" "COMPILER_FL
TRACE::2025-03-26.19:08:19::SCWMssOS::AGS=  -O2 -c -mcpu=v11.0 -mlittle-endian -mno-xl-reorder -mno-xl-soft-mul -mxl-barrel-shift -mxl-pattern-compare" "EXTRA_COMPIL
TRACE::2025-03-26.19:08:19::SCWMssOS::ER_FLAGS=-g -ffunction-sections -fdata-sections -Wall -Wextra -fno-tree-loop-distribute-patterns"

TRACE::2025-03-26.19:08:20::SCWMssOS::"Running Make libs in microblaze_0/libsrc/standalone_v8_0/src"

TRACE::2025-03-26.19:08:20::SCWMssOS::make -C microblaze_0/libsrc/standalone_v8_0/src -s libs  "SHELL=CMD" "COMPILER=mb-gcc" "ASSEMBLER=mb-as" "ARCHIVER=mb-ar" "COMP
TRACE::2025-03-26.19:08:20::SCWMssOS::ILER_FLAGS=  -O2 -c -mcpu=v11.0 -mlittle-endian -mno-xl-reorder -mno-xl-soft-mul -mxl-barrel-shift -mxl-pattern-compare" "EXTRA
TRACE::2025-03-26.19:08:20::SCWMssOS::_COMPILER_FLAGS=-g -ffunction-sections -fdata-sections -Wall -Wextra -fno-tree-loop-distribute-patterns"

TRACE::2025-03-26.19:08:20::SCWMssOS::"Running Make libs in microblaze_0/libsrc/tmrctr_v4_9/src"

TRACE::2025-03-26.19:08:20::SCWMssOS::make -C microblaze_0/libsrc/tmrctr_v4_9/src -s libs  "SHELL=CMD" "COMPILER=mb-gcc" "ASSEMBLER=mb-as" "ARCHIVER=mb-ar" "COMPILER
TRACE::2025-03-26.19:08:20::SCWMssOS::_FLAGS=  -O2 -c -mcpu=v11.0 -mlittle-endian -mno-xl-reorder -mno-xl-soft-mul -mxl-barrel-shift -mxl-pattern-compare" "EXTRA_COM
TRACE::2025-03-26.19:08:20::SCWMssOS::PILER_FLAGS=-g -ffunction-sections -fdata-sections -Wall -Wextra -fno-tree-loop-distribute-patterns"

TRACE::2025-03-26.19:08:20::SCWMssOS::"Running Make libs in microblaze_0/libsrc/uartlite_v3_7/src"

TRACE::2025-03-26.19:08:20::SCWMssOS::make -C microblaze_0/libsrc/uartlite_v3_7/src -s libs  "SHELL=CMD" "COMPILER=mb-gcc" "ASSEMBLER=mb-as" "ARCHIVER=mb-ar" "COMPIL
TRACE::2025-03-26.19:08:20::SCWMssOS::ER_FLAGS=  -O2 -c -mcpu=v11.0 -mlittle-endian -mno-xl-reorder -mno-xl-soft-mul -mxl-barrel-shift -mxl-pattern-compare" "EXTRA_C
TRACE::2025-03-26.19:08:20::SCWMssOS::OMPILER_FLAGS=-g -ffunction-sections -fdata-sections -Wall -Wextra -fno-tree-loop-distribute-patterns"

TRACE::2025-03-26.19:08:21::SCWMssOS::"DEBUG NON_LTO_OBJECTS is ../../../lib/microblaze_interrupt_handler.o"

TRACE::2025-03-26.19:08:21::SCWMssOS::'Finished building libraries parallelly.'

TRACE::2025-03-26.19:08:21::SCWMssOS::make --no-print-directory archive

TRACE::2025-03-26.19:08:21::SCWMssOS::mb-ar -r  microblaze_0/lib/libxil.a microblaze_0/lib/_exit.o microblaze_0/lib/errno.o microblaze_0/lib/fcntl.o microblaze_0/lib
TRACE::2025-03-26.19:08:21::SCWMssOS::/hw_exception_handler.o microblaze_0/lib/inbyte.o microblaze_0/lib/microblaze_disable_dcache.o microblaze_0/lib/microblaze_disa
TRACE::2025-03-26.19:08:21::SCWMssOS::ble_exceptions.o microblaze_0/lib/microblaze_disable_icache.o microblaze_0/lib/microblaze_disable_interrupts.o microblaze_0/lib
TRACE::2025-03-26.19:08:21::SCWMssOS::/microblaze_enable_dcache.o microblaze_0/lib/microblaze_enable_exceptions.o microblaze_0/lib/microblaze_enable_icache.o microbl
TRACE::2025-03-26.19:08:21::SCWMssOS::aze_0/lib/microblaze_enable_interrupts.o microblaze_0/lib/microblaze_exception_handler.o microblaze_0/lib/microblaze_flush_cach
TRACE::2025-03-26.19:08:21::SCWMssOS::e_ext.o microblaze_0/lib/microblaze_flush_cache_ext_range.o microblaze_0/lib/microblaze_flush_dcache.o microblaze_0/lib/microbl
TRACE::2025-03-26.19:08:21::SCWMssOS::aze_flush_dcache_range.o microblaze_0/lib/microblaze_init_dcache_range.o microblaze_0/lib/microblaze_init_icache_range.o microb
TRACE::2025-03-26.19:08:21::SCWMssOS::laze_0/lib/microblaze_interrupt_handler.o microblaze_0/lib/microblaze_interrupts_g.o microblaze_0/lib/microblaze_invalidate_cac
TRACE::2025-03-26.19:08:21::SCWMssOS::he_ext.o microblaze_0/lib/microblaze_invalidate_cache_ext_range.o microblaze_0/lib/microblaze_invalidate_dcache.o microblaze_0/
TRACE::2025-03-26.19:08:21::SCWMssOS::lib/microblaze_invalidate_dcache_range.o microblaze_0/lib/microblaze_invalidate_icache.o microblaze_0/lib/microblaze_invalidate
TRACE::2025-03-26.19:08:21::SCWMssOS::_icache_range.o microblaze_0/lib/microblaze_scrub.o microblaze_0/lib/microblaze_selftest.o microblaze_0/lib/microblaze_sleep.o 
TRACE::2025-03-26.19:08:21::SCWMssOS::microblaze_0/lib/microblaze_update_dcache.o microblaze_0/lib/microblaze_update_icache.o microblaze_0/lib/outbyte.o microblaze_0
TRACE::2025-03-26.19:08:21::SCWMssOS::/lib/print.o microblaze_0/lib/pvr.o microblaze_0/lib/xbram.o microblaze_0/lib/xbram_g.o microblaze_0/lib/xbram_intr.o microblaz
TRACE::2025-03-26.19:08:21::SCWMssOS::e_0/lib/xbram_selftest.o microblaze_0/lib/xbram_sinit.o microblaze_0/lib/xgpio.o microblaze_0/lib/xgpio_extra.o microblaze_0/li
TRACE::2025-03-26.19:08:21::SCWMssOS::b/xgpio_g.o microblaze_0/lib/xgpio_intr.o microblaze_0/lib/xgpio_selftest.o microblaze_0/lib/xgpio_sinit.o microblaze_0/lib/xil
TRACE::2025-03-26.19:08:21::SCWMssOS::_assert.o microblaze_0/lib/xil_cache.o microblaze_0/lib/xil_clocking.o microblaze_0/lib/xil_exception.o microblaze_0/lib/xil_me
TRACE::2025-03-26.19:08:21::SCWMssOS::m.o microblaze_0/lib/xil_misc_psreset_api.o microblaze_0/lib/xil_printf.o microblaze_0/lib/xil_sleepcommon.o microblaze_0/lib/x
TRACE::2025-03-26.19:08:21::SCWMssOS::il_testcache.o microblaze_0/lib/xil_testio.o microblaze_0/lib/xil_testmem.o microblaze_0/lib/xil_util.o microblaze_0/lib/xintc.
TRACE::2025-03-26.19:08:21::SCWMssOS::o microblaze_0/lib/xintc_g.o microblaze_0/lib/xintc_intr.o microblaze_0/lib/xintc_l.o microblaze_0/lib/xintc_options.o microbla
TRACE::2025-03-26.19:08:21::SCWMssOS::ze_0/lib/xintc_selftest.o microblaze_0/lib/xinterrupt_wrap.o microblaze_0/lib/xio.o microblaze_0/lib/xplatform_info.o microblaz
TRACE::2025-03-26.19:08:21::SCWMssOS::e_0/lib/xspi.o microblaze_0/lib/xspi_g.o microblaze_0/lib/xspi_options.o microblaze_0/lib/xspi_selftest.o microblaze_0/lib/xspi
TRACE::2025-03-26.19:08:21::SCWMssOS::_sinit.o microblaze_0/lib/xspi_stats.o microblaze_0/lib/xtmrctr.o microblaze_0/lib/xtmrctr_g.o microblaze_0/lib/xtmrctr_intr.o 
TRACE::2025-03-26.19:08:21::SCWMssOS::microblaze_0/lib/xtmrctr_l.o microblaze_0/lib/xtmrctr_options.o microblaze_0/lib/xtmrctr_selftest.o microblaze_0/lib/xtmrctr_si
TRACE::2025-03-26.19:08:21::SCWMssOS::nit.o microblaze_0/lib/xtmrctr_stats.o microblaze_0/lib/xuartlite.o microblaze_0/lib/xuartlite_g.o microblaze_0/lib/xuartlite_i
TRACE::2025-03-26.19:08:21::SCWMssOS::ntr.o microblaze_0/lib/xuartlite_l.o microblaze_0/lib/xuartlite_selftest.o microblaze_0/lib/xuartlite_sinit.o microblaze_0/lib/
TRACE::2025-03-26.19:08:21::SCWMssOS::xuartlite_stats.o

TRACE::2025-03-26.19:08:21::SCWMssOS::'Finished building libraries'

TRACE::2025-03-26.19:08:22::SCWMssOS::Copying to export directory.
TRACE::2025-03-26.19:08:22::SCWMssOS:: Checking if to create the Supporting Applications
TRACE::2025-03-26.19:08:22::SCWMssOS:: No Linux domain exists, trying to generate FSBL 
LOG::2025-03-26.19:08:22::SCWSystem::Completed Processing the domain standalone_microblaze_0
LOG::2025-03-26.19:08:22::SCWSystem::Completed Processing the sysconfig mb_usb_hdmi_top
LOG::2025-03-26.19:08:22::SCWPlatform::Completed generating the artifacts for system configuration mb_usb_hdmi_top
TRACE::2025-03-26.19:08:22::SCWPlatform::Started preparing the platform 
TRACE::2025-03-26.19:08:22::SCWSystem::Writing the bif file for system config mb_usb_hdmi_top
TRACE::2025-03-26.19:08:22::SCWSystem::dir created 
TRACE::2025-03-26.19:08:22::SCWSystem::Writing the bif 
TRACE::2025-03-26.19:08:22::SCWPlatform::Started writing the spfm file 
TRACE::2025-03-26.19:08:22::SCWPlatform::Started writing the xpfm file 
TRACE::2025-03-26.19:08:22::SCWPlatform::Completed generating the platform
TRACE::2025-03-26.19:08:22::SCWMssOS::Saving the mss changes D:/School/UIUC_ECE385_SP25/lab6_2/sdk/mb_usb_hdmi_top/microblaze_0/standalone_microblaze_0/bsp/system.mss
TRACE::2025-03-26.19:08:22::SCWMssOS::Found a swdesign opened with the mssfile.
TRACE::2025-03-26.19:08:22::SCWMssOS::Completed writemss as part of save.
TRACE::2025-03-26.19:08:22::SCWMssOS::Commit changes completed.
TRACE::2025-03-26.19:08:22::SCWPlatform::Trying to open the hw design at D:/School/UIUC_ECE385_SP25/lab6_2/sdk/mb_usb_hdmi_top/hw/mb_usb_hdmi_top.xsa
TRACE::2025-03-26.19:08:22::SCWPlatform::DSA given D:/School/UIUC_ECE385_SP25/lab6_2/sdk/mb_usb_hdmi_top/hw/mb_usb_hdmi_top.xsa
TRACE::2025-03-26.19:08:22::SCWPlatform::DSA absoulate path D:/School/UIUC_ECE385_SP25/lab6_2/sdk/mb_usb_hdmi_top/hw/mb_usb_hdmi_top.xsa
TRACE::2025-03-26.19:08:22::SCWPlatform::DSA directory D:/School/UIUC_ECE385_SP25/lab6_2/sdk/mb_usb_hdmi_top/hw
TRACE::2025-03-26.19:08:22::SCWPlatform:: Platform Path D:/School/UIUC_ECE385_SP25/lab6_2/sdk/mb_usb_hdmi_top/hw/mb_usb_hdmi_top.xsa
TRACE::2025-03-26.19:08:22::SCWPlatform:: Unique name xilinx:::0.0
TRACE::2025-03-26.19:08:22::SCWPlatform::Trying to set the existing hwdb with name mb_usb_hdmi_top
TRACE::2025-03-26.19:08:22::SCWPlatform::Opened existing hwdb mb_usb_hdmi_top
TRACE::2025-03-26.19:08:22::SCWPlatform::Found the Hw Db part of the input DSA
TRACE::2025-03-26.19:08:22::SCWMssOS::Checking the sw design at  D:/School/UIUC_ECE385_SP25/lab6_2/sdk/mb_usb_hdmi_top/microblaze_0/standalone_microblaze_0/bsp/system.mss
TRACE::2025-03-26.19:08:22::SCWMssOS::DEBUG:  swdes dump  D:/School/UIUC_ECE385_SP25/lab6_2/sdk/mb_usb_hdmi_top/microblaze_0/standalone_microblaze_0/bsp/system.mss|system||

TRACE::2025-03-26.19:08:22::SCWMssOS::Sw design exists and opened at  D:/School/UIUC_ECE385_SP25/lab6_2/sdk/mb_usb_hdmi_top/microblaze_0/standalone_microblaze_0/bsp/system.mss
TRACE::2025-03-26.19:08:22::SCWWriter::formatted JSON is {
	"platformName":	"mb_usb_hdmi_top",
	"sprVersion":	"2.0",
	"mode":	"gui",
	"dsaType":	"Fixed",
	"platformDesc":	"mb_usb_hdmi_top",
	"platHandOff":	"D:/School/UIUC_ECE385_SP25/lab6_2/mb_usb_hdmi_top.xsa",
	"platIntHandOff":	"<platformDir>/hw/mb_usb_hdmi_top.xsa",
	"deviceType":	"FPGA",
	"platIsPrebuiltAutogen":	"false",
	"platIsNoBootBsp":	"false",
	"hasFsblMakeHasChanges":	"false",
	"hasPmufwMakeHasChanges":	"false",
	"platPreBuiltFlag":	false,
	"platformSamplesDir":	"",
	"platActiveSys":	"mb_usb_hdmi_top",
	"systems":	[{
			"systemName":	"mb_usb_hdmi_top",
			"systemDesc":	"mb_usb_hdmi_top",
			"sysIsBootAutoGen":	"true",
			"systemDispName":	"mb_usb_hdmi_top",
			"sysActiveDom":	"standalone_microblaze_0",
			"sysDefaultDom":	"standalone_microblaze_0",
			"domains":	[{
					"domainName":	"standalone_microblaze_0",
					"domainDispName":	"standalone_microblaze_0",
					"domainDesc":	"standalone_microblaze_0",
					"processors":	"microblaze_0",
					"os":	"standalone",
					"sdxOs":	"standalone",
					"debugEnable":	"False",
					"domRuntimes":	["cpp"],
					"swRepo":	"",
					"mssOsVer":	"8.0",
					"mssFile":	"",
					"md5Digest":	"304529987e879521ca977c68d163f362",
					"compatibleApp":	"",
					"domType":	"mssDomain",
					"arch":	"32-bit",
					"appSettings":	{
						"appCompilerFlags":	"",
						"appLinkerFlags":	""
					},
					"addedLibs":	[],
					"libOptions":	{
						"libsContainingOptions":	[]
					},
					"prebuiltLibs":	{
						"prebuiltIncPath":	[],
						"prebuiltLibPath":	[]
					},
					"isolation":	{
					}
				}]
		}]
}
KEYINFO::2025-03-26.19:08:22::SCWPlatform::updated the xpfm file.
TRACE::2025-03-26.19:08:22::SCWPlatform::Trying to open the hw design at D:/School/UIUC_ECE385_SP25/lab6_2/sdk/mb_usb_hdmi_top/hw/mb_usb_hdmi_top.xsa
TRACE::2025-03-26.19:08:22::SCWPlatform::DSA given D:/School/UIUC_ECE385_SP25/lab6_2/sdk/mb_usb_hdmi_top/hw/mb_usb_hdmi_top.xsa
TRACE::2025-03-26.19:08:22::SCWPlatform::DSA absoulate path D:/School/UIUC_ECE385_SP25/lab6_2/sdk/mb_usb_hdmi_top/hw/mb_usb_hdmi_top.xsa
TRACE::2025-03-26.19:08:22::SCWPlatform::DSA directory D:/School/UIUC_ECE385_SP25/lab6_2/sdk/mb_usb_hdmi_top/hw
TRACE::2025-03-26.19:08:22::SCWPlatform:: Platform Path D:/School/UIUC_ECE385_SP25/lab6_2/sdk/mb_usb_hdmi_top/hw/mb_usb_hdmi_top.xsa
TRACE::2025-03-26.19:08:22::SCWPlatform:: Unique name xilinx:::0.0
TRACE::2025-03-26.19:08:22::SCWPlatform::Trying to set the existing hwdb with name mb_usb_hdmi_top
TRACE::2025-03-26.19:08:22::SCWPlatform::Opened existing hwdb mb_usb_hdmi_top
TRACE::2025-03-26.19:08:22::SCWPlatform::Found the Hw Db part of the input DSA
TRACE::2025-03-26.19:08:22::SCWMssOS::Checking the sw design at  D:/School/UIUC_ECE385_SP25/lab6_2/sdk/mb_usb_hdmi_top/microblaze_0/standalone_microblaze_0/bsp/system.mss
TRACE::2025-03-26.19:08:22::SCWMssOS::DEBUG:  swdes dump  D:/School/UIUC_ECE385_SP25/lab6_2/sdk/mb_usb_hdmi_top/microblaze_0/standalone_microblaze_0/bsp/system.mss|system||

TRACE::2025-03-26.19:08:22::SCWMssOS::Sw design exists and opened at  D:/School/UIUC_ECE385_SP25/lab6_2/sdk/mb_usb_hdmi_top/microblaze_0/standalone_microblaze_0/bsp/system.mss
TRACE::2025-03-26.21:58:38::SCWPlatform::Trying to open the hw design at D:/School/UIUC_ECE385_SP25/lab6_2/sdk/mb_usb_hdmi_top/hw/mb_usb_hdmi_top.xsa
TRACE::2025-03-26.21:58:38::SCWPlatform::DSA given D:/School/UIUC_ECE385_SP25/lab6_2/sdk/mb_usb_hdmi_top/hw/mb_usb_hdmi_top.xsa
TRACE::2025-03-26.21:58:38::SCWPlatform::DSA absoulate path D:/School/UIUC_ECE385_SP25/lab6_2/sdk/mb_usb_hdmi_top/hw/mb_usb_hdmi_top.xsa
TRACE::2025-03-26.21:58:38::SCWPlatform::DSA directory D:/School/UIUC_ECE385_SP25/lab6_2/sdk/mb_usb_hdmi_top/hw
TRACE::2025-03-26.21:58:38::SCWPlatform:: Platform Path D:/School/UIUC_ECE385_SP25/lab6_2/sdk/mb_usb_hdmi_top/hw/mb_usb_hdmi_top.xsa
TRACE::2025-03-26.21:58:38::SCWPlatform:: Unique name xilinx:::0.0
TRACE::2025-03-26.21:58:38::SCWPlatform::Do not have an existing db opened. 
TRACE::2025-03-26.21:58:38::SCWPlatform::Opened new HwDB with name mb_usb_hdmi_top_3
TRACE::2025-03-26.21:58:38::SCWReader::Active system found as  mb_usb_hdmi_top
TRACE::2025-03-26.21:58:38::SCWReader::Handling sysconfig mb_usb_hdmi_top
TRACE::2025-03-26.21:58:38::SCWDomain::checking for install qemu data   : 
TRACE::2025-03-26.21:58:38::SCWPlatform::Trying to open the hw design at D:/School/UIUC_ECE385_SP25/lab6_2/sdk/mb_usb_hdmi_top/hw/mb_usb_hdmi_top.xsa
TRACE::2025-03-26.21:58:38::SCWPlatform::DSA given D:/School/UIUC_ECE385_SP25/lab6_2/sdk/mb_usb_hdmi_top/hw/mb_usb_hdmi_top.xsa
TRACE::2025-03-26.21:58:38::SCWPlatform::DSA absoulate path D:/School/UIUC_ECE385_SP25/lab6_2/sdk/mb_usb_hdmi_top/hw/mb_usb_hdmi_top.xsa
TRACE::2025-03-26.21:58:38::SCWPlatform::DSA directory D:/School/UIUC_ECE385_SP25/lab6_2/sdk/mb_usb_hdmi_top/hw
TRACE::2025-03-26.21:58:38::SCWPlatform:: Platform Path D:/School/UIUC_ECE385_SP25/lab6_2/sdk/mb_usb_hdmi_top/hw/mb_usb_hdmi_top.xsa
TRACE::2025-03-26.21:58:38::SCWPlatform:: Unique name xilinx:::0.0
TRACE::2025-03-26.21:58:38::SCWPlatform::Trying to set the existing hwdb with name mb_usb_hdmi_top_3
TRACE::2025-03-26.21:58:38::SCWPlatform::Opened existing hwdb mb_usb_hdmi_top_3
TRACE::2025-03-26.21:58:38::SCWPlatform::Found the Hw Db part of the input DSA
TRACE::2025-03-26.21:58:38::SCWPlatform::Trying to open the hw design at D:/School/UIUC_ECE385_SP25/lab6_2/sdk/mb_usb_hdmi_top/hw/mb_usb_hdmi_top.xsa
TRACE::2025-03-26.21:58:38::SCWPlatform::DSA given D:/School/UIUC_ECE385_SP25/lab6_2/sdk/mb_usb_hdmi_top/hw/mb_usb_hdmi_top.xsa
TRACE::2025-03-26.21:58:38::SCWPlatform::DSA absoulate path D:/School/UIUC_ECE385_SP25/lab6_2/sdk/mb_usb_hdmi_top/hw/mb_usb_hdmi_top.xsa
TRACE::2025-03-26.21:58:38::SCWPlatform::DSA directory D:/School/UIUC_ECE385_SP25/lab6_2/sdk/mb_usb_hdmi_top/hw
TRACE::2025-03-26.21:58:38::SCWPlatform:: Platform Path D:/School/UIUC_ECE385_SP25/lab6_2/sdk/mb_usb_hdmi_top/hw/mb_usb_hdmi_top.xsa
TRACE::2025-03-26.21:58:38::SCWPlatform:: Unique name xilinx:::0.0
TRACE::2025-03-26.21:58:38::SCWPlatform::Trying to set the existing hwdb with name mb_usb_hdmi_top_3
TRACE::2025-03-26.21:58:38::SCWPlatform::Opened existing hwdb mb_usb_hdmi_top_3
TRACE::2025-03-26.21:58:38::SCWPlatform::Found the Hw Db part of the input DSA
TRACE::2025-03-26.21:58:38::SCWPlatform::Trying to open the hw design at D:/School/UIUC_ECE385_SP25/lab6_2/sdk/mb_usb_hdmi_top/hw/mb_usb_hdmi_top.xsa
TRACE::2025-03-26.21:58:38::SCWPlatform::DSA given D:/School/UIUC_ECE385_SP25/lab6_2/sdk/mb_usb_hdmi_top/hw/mb_usb_hdmi_top.xsa
TRACE::2025-03-26.21:58:38::SCWPlatform::DSA absoulate path D:/School/UIUC_ECE385_SP25/lab6_2/sdk/mb_usb_hdmi_top/hw/mb_usb_hdmi_top.xsa
TRACE::2025-03-26.21:58:38::SCWPlatform::DSA directory D:/School/UIUC_ECE385_SP25/lab6_2/sdk/mb_usb_hdmi_top/hw
TRACE::2025-03-26.21:58:38::SCWPlatform:: Platform Path D:/School/UIUC_ECE385_SP25/lab6_2/sdk/mb_usb_hdmi_top/hw/mb_usb_hdmi_top.xsa
TRACE::2025-03-26.21:58:38::SCWPlatform:: Unique name xilinx:::0.0
TRACE::2025-03-26.21:58:38::SCWPlatform::Trying to set the existing hwdb with name mb_usb_hdmi_top_3
TRACE::2025-03-26.21:58:38::SCWPlatform::Opened existing hwdb mb_usb_hdmi_top_3
TRACE::2025-03-26.21:58:38::SCWPlatform::Found the Hw Db part of the input DSA
TRACE::2025-03-26.21:58:38::SCWPlatform::Trying to open the hw design at D:/School/UIUC_ECE385_SP25/lab6_2/sdk/mb_usb_hdmi_top/hw/mb_usb_hdmi_top.xsa
TRACE::2025-03-26.21:58:38::SCWPlatform::DSA given D:/School/UIUC_ECE385_SP25/lab6_2/sdk/mb_usb_hdmi_top/hw/mb_usb_hdmi_top.xsa
TRACE::2025-03-26.21:58:38::SCWPlatform::DSA absoulate path D:/School/UIUC_ECE385_SP25/lab6_2/sdk/mb_usb_hdmi_top/hw/mb_usb_hdmi_top.xsa
TRACE::2025-03-26.21:58:38::SCWPlatform::DSA directory D:/School/UIUC_ECE385_SP25/lab6_2/sdk/mb_usb_hdmi_top/hw
TRACE::2025-03-26.21:58:38::SCWPlatform:: Platform Path D:/School/UIUC_ECE385_SP25/lab6_2/sdk/mb_usb_hdmi_top/hw/mb_usb_hdmi_top.xsa
TRACE::2025-03-26.21:58:38::SCWPlatform:: Unique name xilinx:::0.0
TRACE::2025-03-26.21:58:38::SCWPlatform::Trying to set the existing hwdb with name mb_usb_hdmi_top_3
TRACE::2025-03-26.21:58:38::SCWPlatform::Opened existing hwdb mb_usb_hdmi_top_3
TRACE::2025-03-26.21:58:38::SCWPlatform::Found the Hw Db part of the input DSA
TRACE::2025-03-26.21:58:38::SCWMssOS::Checking the sw design at  D:/School/UIUC_ECE385_SP25/lab6_2/sdk/mb_usb_hdmi_top/microblaze_0/standalone_microblaze_0/bsp/system.mss
TRACE::2025-03-26.21:58:38::SCWMssOS::DEBUG:  swdes dump  
TRACE::2025-03-26.21:58:38::SCWMssOS::No sw design opened at  D:/School/UIUC_ECE385_SP25/lab6_2/sdk/mb_usb_hdmi_top/microblaze_0/standalone_microblaze_0/bsp/system.mss
TRACE::2025-03-26.21:58:38::SCWMssOS::mss exists loading the mss file  D:/School/UIUC_ECE385_SP25/lab6_2/sdk/mb_usb_hdmi_top/microblaze_0/standalone_microblaze_0/bsp/system.mss
TRACE::2025-03-26.21:58:38::SCWMssOS::Opened the sw design from mss  D:/School/UIUC_ECE385_SP25/lab6_2/sdk/mb_usb_hdmi_top/microblaze_0/standalone_microblaze_0/bsp/system.mss
TRACE::2025-03-26.21:58:38::SCWMssOS::Adding the swdes entry D:/School/UIUC_ECE385_SP25/lab6_2/sdk/mb_usb_hdmi_top/microblaze_0/standalone_microblaze_0/bsp/system.mss with des name system
TRACE::2025-03-26.21:58:38::SCWMssOS::updating the scw layer about changes
TRACE::2025-03-26.21:58:38::SCWMssOS::Opened the sw design.  D:/School/UIUC_ECE385_SP25/lab6_2/sdk/mb_usb_hdmi_top/microblaze_0/standalone_microblaze_0/bsp/system.mss
TRACE::2025-03-26.21:58:38::SCWMssOS::Saving the mss changes D:/School/UIUC_ECE385_SP25/lab6_2/sdk/mb_usb_hdmi_top/microblaze_0/standalone_microblaze_0/bsp/system.mss
TRACE::2025-03-26.21:58:38::SCWMssOS::Found a swdesign opened with the mssfile.
TRACE::2025-03-26.21:58:38::SCWMssOS::Completed writemss as part of save.
TRACE::2025-03-26.21:58:38::SCWMssOS::Commit changes completed.
TRACE::2025-03-26.21:58:38::SCWReader::Adding prebuilt librarypaths as   
TRACE::2025-03-26.21:58:38::SCWReader::Adding prebuilt incpaths  as   
TRACE::2025-03-26.21:58:38::SCWPlatform::Trying to open the hw design at D:/School/UIUC_ECE385_SP25/lab6_2/sdk/mb_usb_hdmi_top/hw/mb_usb_hdmi_top.xsa
TRACE::2025-03-26.21:58:38::SCWPlatform::DSA given D:/School/UIUC_ECE385_SP25/lab6_2/sdk/mb_usb_hdmi_top/hw/mb_usb_hdmi_top.xsa
TRACE::2025-03-26.21:58:38::SCWPlatform::DSA absoulate path D:/School/UIUC_ECE385_SP25/lab6_2/sdk/mb_usb_hdmi_top/hw/mb_usb_hdmi_top.xsa
TRACE::2025-03-26.21:58:38::SCWPlatform::DSA directory D:/School/UIUC_ECE385_SP25/lab6_2/sdk/mb_usb_hdmi_top/hw
TRACE::2025-03-26.21:58:38::SCWPlatform:: Platform Path D:/School/UIUC_ECE385_SP25/lab6_2/sdk/mb_usb_hdmi_top/hw/mb_usb_hdmi_top.xsa
TRACE::2025-03-26.21:58:38::SCWPlatform:: Unique name xilinx:::0.0
TRACE::2025-03-26.21:58:38::SCWPlatform::Trying to set the existing hwdb with name mb_usb_hdmi_top_3
TRACE::2025-03-26.21:58:38::SCWPlatform::Opened existing hwdb mb_usb_hdmi_top_3
TRACE::2025-03-26.21:58:38::SCWPlatform::Found the Hw Db part of the input DSA
TRACE::2025-03-26.21:58:38::SCWMssOS::Checking the sw design at  D:/School/UIUC_ECE385_SP25/lab6_2/sdk/mb_usb_hdmi_top/microblaze_0/standalone_microblaze_0/bsp/system.mss
TRACE::2025-03-26.21:58:38::SCWMssOS::DEBUG:  swdes dump  D:/School/UIUC_ECE385_SP25/lab6_2/sdk/mb_usb_hdmi_top/microblaze_0/standalone_microblaze_0/bsp/system.mss|system||

TRACE::2025-03-26.21:58:38::SCWMssOS::Sw design exists and opened at  D:/School/UIUC_ECE385_SP25/lab6_2/sdk/mb_usb_hdmi_top/microblaze_0/standalone_microblaze_0/bsp/system.mss
TRACE::2025-03-26.21:58:38::SCWReader::No isolation master present  
TRACE::2025-03-26.21:58:41::SCWPlatform::DSA given D:/School/UIUC_ECE385_SP25/lab6_2/sdk/mb_usb_hdmi_top/tempdsa/mb_usb_hdmi_top.xsa
TRACE::2025-03-26.21:58:41::SCWPlatform::DSA absoulate path D:/School/UIUC_ECE385_SP25/lab6_2/sdk/mb_usb_hdmi_top/tempdsa/mb_usb_hdmi_top.xsa
TRACE::2025-03-26.21:58:41::SCWPlatform:: Platform location is D:/School/UIUC_ECE385_SP25/lab6_2/sdk/mb_usb_hdmi_top/tempdsa
TRACE::2025-03-26.21:58:41::SCWPlatform:: Platform Path D:/School/UIUC_ECE385_SP25/lab6_2/sdk/mb_usb_hdmi_top/tempdsa/mb_usb_hdmi_top.xsa
TRACE::2025-03-26.21:58:41::SCWPlatform:: Unique name xilinx:::0.0
TRACE::2025-03-26.21:58:41::SCWPlatform::Found the Hw Db part of the input DSA
TRACE::2025-03-26.21:58:41::SCWMssOS::Doing hw sync for the mss in domain: standalone_microblaze_0
TRACE::2025-03-26.21:58:41::SCWPlatform::Trying to open the hw design at D:/School/UIUC_ECE385_SP25/lab6_2/sdk/mb_usb_hdmi_top/hw/mb_usb_hdmi_top.xsa
TRACE::2025-03-26.21:58:41::SCWPlatform::DSA given D:/School/UIUC_ECE385_SP25/lab6_2/sdk/mb_usb_hdmi_top/hw/mb_usb_hdmi_top.xsa
TRACE::2025-03-26.21:58:41::SCWPlatform::DSA absoulate path D:/School/UIUC_ECE385_SP25/lab6_2/sdk/mb_usb_hdmi_top/hw/mb_usb_hdmi_top.xsa
TRACE::2025-03-26.21:58:41::SCWPlatform::DSA directory D:/School/UIUC_ECE385_SP25/lab6_2/sdk/mb_usb_hdmi_top/hw
TRACE::2025-03-26.21:58:41::SCWPlatform:: Platform Path D:/School/UIUC_ECE385_SP25/lab6_2/sdk/mb_usb_hdmi_top/hw/mb_usb_hdmi_top.xsa
TRACE::2025-03-26.21:58:41::SCWPlatform:: Unique name xilinx:::0.0
TRACE::2025-03-26.21:58:41::SCWPlatform::Trying to set the existing hwdb with name mb_usb_hdmi_top_3
TRACE::2025-03-26.21:58:41::SCWPlatform::Opened existing hwdb mb_usb_hdmi_top_3
TRACE::2025-03-26.21:58:41::SCWPlatform::Found the Hw Db part of the input DSA
TRACE::2025-03-26.21:58:41::SCWPlatform::Trying to open the hw design at D:/School/UIUC_ECE385_SP25/lab6_2/sdk/mb_usb_hdmi_top/hw/mb_usb_hdmi_top.xsa
TRACE::2025-03-26.21:58:41::SCWPlatform::DSA given D:/School/UIUC_ECE385_SP25/lab6_2/sdk/mb_usb_hdmi_top/hw/mb_usb_hdmi_top.xsa
TRACE::2025-03-26.21:58:41::SCWPlatform::DSA absoulate path D:/School/UIUC_ECE385_SP25/lab6_2/sdk/mb_usb_hdmi_top/hw/mb_usb_hdmi_top.xsa
TRACE::2025-03-26.21:58:41::SCWPlatform::DSA directory D:/School/UIUC_ECE385_SP25/lab6_2/sdk/mb_usb_hdmi_top/hw
TRACE::2025-03-26.21:58:41::SCWPlatform:: Platform Path D:/School/UIUC_ECE385_SP25/lab6_2/sdk/mb_usb_hdmi_top/hw/mb_usb_hdmi_top.xsa
TRACE::2025-03-26.21:58:41::SCWPlatform:: Unique name xilinx:::0.0
TRACE::2025-03-26.21:58:41::SCWPlatform::Trying to set the existing hwdb with name mb_usb_hdmi_top_3
TRACE::2025-03-26.21:58:41::SCWPlatform::Opened existing hwdb mb_usb_hdmi_top_3
TRACE::2025-03-26.21:58:41::SCWPlatform::Found the Hw Db part of the input DSA
TRACE::2025-03-26.21:58:41::SCWMssOS::Checking the sw design at  D:/School/UIUC_ECE385_SP25/lab6_2/sdk/mb_usb_hdmi_top/microblaze_0/standalone_microblaze_0/bsp/system.mss
TRACE::2025-03-26.21:58:41::SCWMssOS::DEBUG:  swdes dump  D:/School/UIUC_ECE385_SP25/lab6_2/sdk/mb_usb_hdmi_top/microblaze_0/standalone_microblaze_0/bsp/system.mss|system||

TRACE::2025-03-26.21:58:41::SCWMssOS::Sw design exists and opened at  D:/School/UIUC_ECE385_SP25/lab6_2/sdk/mb_usb_hdmi_top/microblaze_0/standalone_microblaze_0/bsp/system.mss
TRACE::2025-03-26.21:58:41::SCWPlatform::Trying to open the hw design at D:/School/UIUC_ECE385_SP25/lab6_2/sdk/mb_usb_hdmi_top/tempdsa/mb_usb_hdmi_top.xsa
TRACE::2025-03-26.21:58:41::SCWPlatform::DSA given D:/School/UIUC_ECE385_SP25/lab6_2/sdk/mb_usb_hdmi_top/tempdsa/mb_usb_hdmi_top.xsa
TRACE::2025-03-26.21:58:41::SCWPlatform::DSA absoulate path D:/School/UIUC_ECE385_SP25/lab6_2/sdk/mb_usb_hdmi_top/tempdsa/mb_usb_hdmi_top.xsa
TRACE::2025-03-26.21:58:41::SCWPlatform::DSA directory D:/School/UIUC_ECE385_SP25/lab6_2/sdk/mb_usb_hdmi_top/tempdsa
TRACE::2025-03-26.21:58:41::SCWPlatform:: Platform Path D:/School/UIUC_ECE385_SP25/lab6_2/sdk/mb_usb_hdmi_top/tempdsa/mb_usb_hdmi_top.xsa
TRACE::2025-03-26.21:58:41::SCWPlatform:: Unique name xilinx:::0.0
TRACE::2025-03-26.21:58:41::SCWPlatform::update - Opened existing hwdb mb_usb_hdmi_top_4
TRACE::2025-03-26.21:58:41::SCWPlatform::Found the Hw Db part of the input DSA
TRACE::2025-03-26.21:58:41::SCWMssOS::Saving the mss changes D:/School/UIUC_ECE385_SP25/lab6_2/sdk/mb_usb_hdmi_top/microblaze_0/standalone_microblaze_0/bsp/system.mss
TRACE::2025-03-26.21:58:41::SCWMssOS::Found a swdesign opened with the mssfile.
TRACE::2025-03-26.21:58:41::SCWMssOS::Completed writemss as part of save.
TRACE::2025-03-26.21:58:41::SCWMssOS::Commit changes completed.
TRACE::2025-03-26.21:58:41::SCWMssOS::Completed hw sync for the mss in domain: standalone_microblaze_0
TRACE::2025-03-26.21:58:41::SCWMssOS::Removing the swdes entry for  D:/School/UIUC_ECE385_SP25/lab6_2/sdk/mb_usb_hdmi_top/microblaze_0/standalone_microblaze_0/bsp/system.mss
TRACE::2025-03-26.21:58:41::SCWPlatform::Trying to open the hw design at D:/School/UIUC_ECE385_SP25/lab6_2/sdk/mb_usb_hdmi_top/hw/mb_usb_hdmi_top.xsa
TRACE::2025-03-26.21:58:41::SCWPlatform::DSA given D:/School/UIUC_ECE385_SP25/lab6_2/sdk/mb_usb_hdmi_top/hw/mb_usb_hdmi_top.xsa
TRACE::2025-03-26.21:58:41::SCWPlatform::DSA absoulate path D:/School/UIUC_ECE385_SP25/lab6_2/sdk/mb_usb_hdmi_top/hw/mb_usb_hdmi_top.xsa
TRACE::2025-03-26.21:58:41::SCWPlatform::DSA directory D:/School/UIUC_ECE385_SP25/lab6_2/sdk/mb_usb_hdmi_top/hw
TRACE::2025-03-26.21:58:41::SCWPlatform:: Platform Path D:/School/UIUC_ECE385_SP25/lab6_2/sdk/mb_usb_hdmi_top/hw/mb_usb_hdmi_top.xsa
TRACE::2025-03-26.21:58:41::SCWPlatform:: Unique name xilinx:::0.0
TRACE::2025-03-26.21:58:41::SCWPlatform::Do not have an existing db opened. 
TRACE::2025-03-26.21:58:42::SCWPlatform::Opened new HwDB with name mb_usb_hdmi_top_5
TRACE::2025-03-26.21:58:42::SCWMssOS::Saving the mss changes D:/School/UIUC_ECE385_SP25/lab6_2/sdk/mb_usb_hdmi_top/microblaze_0/standalone_microblaze_0/bsp/system.mss
TRACE::2025-03-26.21:58:42::SCWMssOS::Adding the swdes entry, mss present, able to open swdb D:/School/UIUC_ECE385_SP25/lab6_2/sdk/mb_usb_hdmi_top/microblaze_0/standalone_microblaze_0/bsp/system.mss with des name system
TRACE::2025-03-26.21:58:42::SCWMssOS::Writing the mss file completed D:/School/UIUC_ECE385_SP25/lab6_2/sdk/mb_usb_hdmi_top/microblaze_0/standalone_microblaze_0/bsp/system.mss
TRACE::2025-03-26.21:58:42::SCWMssOS::Commit changes completed.
TRACE::2025-03-26.21:58:42::SCWPlatform::Trying to open the hw design at D:/School/UIUC_ECE385_SP25/lab6_2/sdk/mb_usb_hdmi_top/hw/mb_usb_hdmi_top.xsa
TRACE::2025-03-26.21:58:42::SCWPlatform::DSA given D:/School/UIUC_ECE385_SP25/lab6_2/sdk/mb_usb_hdmi_top/hw/mb_usb_hdmi_top.xsa
TRACE::2025-03-26.21:58:42::SCWPlatform::DSA absoulate path D:/School/UIUC_ECE385_SP25/lab6_2/sdk/mb_usb_hdmi_top/hw/mb_usb_hdmi_top.xsa
TRACE::2025-03-26.21:58:42::SCWPlatform::DSA directory D:/School/UIUC_ECE385_SP25/lab6_2/sdk/mb_usb_hdmi_top/hw
TRACE::2025-03-26.21:58:42::SCWPlatform:: Platform Path D:/School/UIUC_ECE385_SP25/lab6_2/sdk/mb_usb_hdmi_top/hw/mb_usb_hdmi_top.xsa
TRACE::2025-03-26.21:58:42::SCWPlatform:: Unique name xilinx:::0.0
TRACE::2025-03-26.21:58:42::SCWPlatform::Trying to set the existing hwdb with name mb_usb_hdmi_top_5
TRACE::2025-03-26.21:58:42::SCWPlatform::Opened existing hwdb mb_usb_hdmi_top_5
TRACE::2025-03-26.21:58:42::SCWPlatform::Found the Hw Db part of the input DSA
TRACE::2025-03-26.21:58:42::SCWMssOS::Checking the sw design at  D:/School/UIUC_ECE385_SP25/lab6_2/sdk/mb_usb_hdmi_top/microblaze_0/standalone_microblaze_0/bsp/system.mss
TRACE::2025-03-26.21:58:42::SCWMssOS::DEBUG:  swdes dump  D:/School/UIUC_ECE385_SP25/lab6_2/sdk/mb_usb_hdmi_top/microblaze_0/standalone_microblaze_0/bsp/system.mss|system||

TRACE::2025-03-26.21:58:42::SCWMssOS::Sw design exists and opened at  D:/School/UIUC_ECE385_SP25/lab6_2/sdk/mb_usb_hdmi_top/microblaze_0/standalone_microblaze_0/bsp/system.mss
TRACE::2025-03-26.21:58:42::SCWWriter::formatted JSON is {
	"platformName":	"mb_usb_hdmi_top",
	"sprVersion":	"2.0",
	"mode":	"gui",
	"dsaType":	"Fixed",
	"platformDesc":	"mb_usb_hdmi_top",
	"platHandOff":	"D:/School/UIUC_ECE385_SP25/lab6_2/mb_usb_hdmi_top.xsa",
	"platIntHandOff":	"<platformDir>/hw/mb_usb_hdmi_top.xsa",
	"deviceType":	"FPGA",
	"platIsPrebuiltAutogen":	"false",
	"platIsNoBootBsp":	"false",
	"hasFsblMakeHasChanges":	"false",
	"hasPmufwMakeHasChanges":	"false",
	"platPreBuiltFlag":	false,
	"platformSamplesDir":	"",
	"platActiveSys":	"mb_usb_hdmi_top",
	"systems":	[{
			"systemName":	"mb_usb_hdmi_top",
			"systemDesc":	"mb_usb_hdmi_top",
			"sysIsBootAutoGen":	"true",
			"systemDispName":	"mb_usb_hdmi_top",
			"sysActiveDom":	"standalone_microblaze_0",
			"sysDefaultDom":	"standalone_microblaze_0",
			"domains":	[{
					"domainName":	"standalone_microblaze_0",
					"domainDispName":	"standalone_microblaze_0",
					"domainDesc":	"standalone_microblaze_0",
					"processors":	"microblaze_0",
					"os":	"standalone",
					"sdxOs":	"standalone",
					"debugEnable":	"False",
					"domRuntimes":	["cpp"],
					"swRepo":	"",
					"mssOsVer":	"8.0",
					"mssFile":	"",
					"md5Digest":	"304529987e879521ca977c68d163f3621",
					"compatibleApp":	"",
					"domType":	"mssDomain",
					"arch":	"32-bit",
					"appSettings":	{
						"appCompilerFlags":	"",
						"appLinkerFlags":	""
					},
					"addedLibs":	[],
					"libOptions":	{
						"libsContainingOptions":	[]
					},
					"prebuiltLibs":	{
						"prebuiltIncPath":	[],
						"prebuiltLibPath":	[]
					},
					"isolation":	{
					}
				}]
		}]
}
TRACE::2025-03-26.21:59:02::SCWMssOS::cleaning the bsp 
TRACE::2025-03-26.21:59:02::SCWMssOS::System Command Ran  D: & cd  D:/School/UIUC_ECE385_SP25/lab6_2/sdk/mb_usb_hdmi_top/microblaze_0/standalone_microblaze_0/bsp & make clean 
TRACE::2025-03-26.21:59:02::SCWMssOS::make -C microblaze_0/libsrc/bram_v4_8/src -s clean 

TRACE::2025-03-26.21:59:02::SCWMssOS::make -C microblaze_0/libsrc/cpu_v2_16/src -s clean 

TRACE::2025-03-26.21:59:02::SCWMssOS::make -C microblaze_0/libsrc/gpio_v4_9/src -s clean 

TRACE::2025-03-26.21:59:02::SCWMssOS::make -C microblaze_0/libsrc/intc_v3_15/src -s clean 

TRACE::2025-03-26.21:59:02::SCWMssOS::make -C microblaze_0/libsrc/spi_v4_9/src -s clean 

TRACE::2025-03-26.21:59:02::SCWMssOS::make -C microblaze_0/libsrc/standalone_v8_0/src -s clean 

TRACE::2025-03-26.21:59:03::SCWMssOS::make -C microblaze_0/libsrc/tmrctr_v4_9/src -s clean 

TRACE::2025-03-26.21:59:03::SCWMssOS::make -C microblaze_0/libsrc/uartlite_v3_7/src -s clean 

TRACE::2025-03-26.21:59:03::SCWMssOS::rm -f microblaze_0/lib/libxil.a

LOG::2025-03-26.21:59:05::SCWPlatform::Started generating the artifacts platform mb_usb_hdmi_top
TRACE::2025-03-26.21:59:05::SCWPlatform::Sanity checking of platform is completed
LOG::2025-03-26.21:59:05::SCWPlatform::Started generating the artifacts for system configuration mb_usb_hdmi_top
LOG::2025-03-26.21:59:05::SCWSystem::Checking the domain standalone_microblaze_0
LOG::2025-03-26.21:59:05::SCWSystem::Not a boot domain 
LOG::2025-03-26.21:59:05::SCWSystem::Started Processing the domain standalone_microblaze_0
TRACE::2025-03-26.21:59:05::SCWDomain::Generating domain artifcats
TRACE::2025-03-26.21:59:05::SCWMssOS::Generating standalone artifcats
TRACE::2025-03-26.21:59:05::SCWMssOS:: Copying the user libraries. 
TRACE::2025-03-26.21:59:05::SCWPlatform::Trying to open the hw design at D:/School/UIUC_ECE385_SP25/lab6_2/sdk/mb_usb_hdmi_top/hw/mb_usb_hdmi_top.xsa
TRACE::2025-03-26.21:59:05::SCWPlatform::DSA given D:/School/UIUC_ECE385_SP25/lab6_2/sdk/mb_usb_hdmi_top/hw/mb_usb_hdmi_top.xsa
TRACE::2025-03-26.21:59:05::SCWPlatform::DSA absoulate path D:/School/UIUC_ECE385_SP25/lab6_2/sdk/mb_usb_hdmi_top/hw/mb_usb_hdmi_top.xsa
TRACE::2025-03-26.21:59:05::SCWPlatform::DSA directory D:/School/UIUC_ECE385_SP25/lab6_2/sdk/mb_usb_hdmi_top/hw
TRACE::2025-03-26.21:59:05::SCWPlatform:: Platform Path D:/School/UIUC_ECE385_SP25/lab6_2/sdk/mb_usb_hdmi_top/hw/mb_usb_hdmi_top.xsa
TRACE::2025-03-26.21:59:05::SCWPlatform:: Unique name xilinx:::0.0
TRACE::2025-03-26.21:59:05::SCWPlatform::Trying to set the existing hwdb with name mb_usb_hdmi_top_5
TRACE::2025-03-26.21:59:05::SCWPlatform::Opened existing hwdb mb_usb_hdmi_top_5
TRACE::2025-03-26.21:59:05::SCWPlatform::Found the Hw Db part of the input DSA
TRACE::2025-03-26.21:59:05::SCWMssOS::Checking the sw design at  D:/School/UIUC_ECE385_SP25/lab6_2/sdk/mb_usb_hdmi_top/microblaze_0/standalone_microblaze_0/bsp/system.mss
TRACE::2025-03-26.21:59:05::SCWMssOS::DEBUG:  swdes dump  D:/School/UIUC_ECE385_SP25/lab6_2/sdk/mb_usb_hdmi_top/microblaze_0/standalone_microblaze_0/bsp/system.mss|system||

TRACE::2025-03-26.21:59:05::SCWMssOS::Sw design exists and opened at  D:/School/UIUC_ECE385_SP25/lab6_2/sdk/mb_usb_hdmi_top/microblaze_0/standalone_microblaze_0/bsp/system.mss
TRACE::2025-03-26.21:59:05::SCWMssOS::Completed writing the mss file at D:/School/UIUC_ECE385_SP25/lab6_2/sdk/mb_usb_hdmi_top/microblaze_0/standalone_microblaze_0/bsp
TRACE::2025-03-26.21:59:05::SCWMssOS::Mss edits present, copying mssfile into export location D:/School/UIUC_ECE385_SP25/lab6_2/sdk/mb_usb_hdmi_top/microblaze_0/standalone_microblaze_0/bsp/system.mss
TRACE::2025-03-26.21:59:05::SCWMssOS::bsp generated is stale removing and regenerating. 
TRACE::2025-03-26.21:59:08::SCWMssOS::doing bsp build ... 
TRACE::2025-03-26.21:59:08::SCWMssOS::System Command Ran  D: & cd  D:/School/UIUC_ECE385_SP25/lab6_2/sdk/mb_usb_hdmi_top/microblaze_0/standalone_microblaze_0/bsp & make 
TRACE::2025-03-26.21:59:08::SCWMssOS::make --no-print-directory seq_libs

TRACE::2025-03-26.21:59:08::SCWMssOS::'Finished building libraries sequentially.'

TRACE::2025-03-26.21:59:08::SCWMssOS::make -j 10 --no-print-directory par_libs

TRACE::2025-03-26.21:59:08::SCWMssOS::"Running Make include in microblaze_0/libsrc/bram_v4_8/src"

TRACE::2025-03-26.21:59:08::SCWMssOS::make -C microblaze_0/libsrc/bram_v4_8/src -s include  "SHELL=CMD" "COMPILER=mb-gcc" "ASSEMBLER=mb-as" "ARCHIVER=mb-ar" "COMPILE
TRACE::2025-03-26.21:59:08::SCWMssOS::R_FLAGS=  -O2 -c -mcpu=v11.0 -mlittle-endian -mno-xl-reorder -mno-xl-soft-mul -mxl-barrel-shift -mxl-pattern-compare" "EXTRA_CO
TRACE::2025-03-26.21:59:08::SCWMssOS::MPILER_FLAGS=-g -ffunction-sections -fdata-sections -Wall -Wextra -fno-tree-loop-distribute-patterns"

TRACE::2025-03-26.21:59:08::SCWMssOS::"Running Make include in microblaze_0/libsrc/cpu_v2_16/src"

TRACE::2025-03-26.21:59:08::SCWMssOS::make -C microblaze_0/libsrc/cpu_v2_16/src -s include  "SHELL=CMD" "COMPILER=mb-gcc" "ASSEMBLER=mb-as" "ARCHIVER=mb-ar" "COMPILE
TRACE::2025-03-26.21:59:08::SCWMssOS::R_FLAGS=  -O2 -c -mcpu=v11.0 -mlittle-endian -mno-xl-reorder -mno-xl-soft-mul -mxl-barrel-shift -mxl-pattern-compare" "EXTRA_CO
TRACE::2025-03-26.21:59:08::SCWMssOS::MPILER_FLAGS=-g -ffunction-sections -fdata-sections -Wall -Wextra -fno-tree-loop-distribute-patterns"

TRACE::2025-03-26.21:59:08::SCWMssOS::"Running Make include in microblaze_0/libsrc/gpio_v4_9/src"

TRACE::2025-03-26.21:59:08::SCWMssOS::make -C microblaze_0/libsrc/gpio_v4_9/src -s include  "SHELL=CMD" "COMPILER=mb-gcc" "ASSEMBLER=mb-as" "ARCHIVER=mb-ar" "COMPILE
TRACE::2025-03-26.21:59:08::SCWMssOS::R_FLAGS=  -O2 -c -mcpu=v11.0 -mlittle-endian -mno-xl-reorder -mno-xl-soft-mul -mxl-barrel-shift -mxl-pattern-compare" "EXTRA_CO
TRACE::2025-03-26.21:59:08::SCWMssOS::MPILER_FLAGS=-g -ffunction-sections -fdata-sections -Wall -Wextra -fno-tree-loop-distribute-patterns"

TRACE::2025-03-26.21:59:08::SCWMssOS::"Running Make include in microblaze_0/libsrc/intc_v3_15/src"

TRACE::2025-03-26.21:59:08::SCWMssOS::make -C microblaze_0/libsrc/intc_v3_15/src -s include  "SHELL=CMD" "COMPILER=mb-gcc" "ASSEMBLER=mb-as" "ARCHIVER=mb-ar" "COMPIL
TRACE::2025-03-26.21:59:08::SCWMssOS::ER_FLAGS=  -O2 -c -mcpu=v11.0 -mlittle-endian -mno-xl-reorder -mno-xl-soft-mul -mxl-barrel-shift -mxl-pattern-compare" "EXTRA_C
TRACE::2025-03-26.21:59:08::SCWMssOS::OMPILER_FLAGS=-g -ffunction-sections -fdata-sections -Wall -Wextra -fno-tree-loop-distribute-patterns"

TRACE::2025-03-26.21:59:08::SCWMssOS::"Running Make include in microblaze_0/libsrc/spi_v4_9/src"

TRACE::2025-03-26.21:59:08::SCWMssOS::make -C microblaze_0/libsrc/spi_v4_9/src -s include  "SHELL=CMD" "COMPILER=mb-gcc" "ASSEMBLER=mb-as" "ARCHIVER=mb-ar" "COMPILER
TRACE::2025-03-26.21:59:08::SCWMssOS::_FLAGS=  -O2 -c -mcpu=v11.0 -mlittle-endian -mno-xl-reorder -mno-xl-soft-mul -mxl-barrel-shift -mxl-pattern-compare" "EXTRA_COM
TRACE::2025-03-26.21:59:08::SCWMssOS::PILER_FLAGS=-g -ffunction-sections -fdata-sections -Wall -Wextra -fno-tree-loop-distribute-patterns"

TRACE::2025-03-26.21:59:08::SCWMssOS::"Running Make include in microblaze_0/libsrc/standalone_v8_0/src"

TRACE::2025-03-26.21:59:08::SCWMssOS::make -C microblaze_0/libsrc/standalone_v8_0/src -s include  "SHELL=CMD" "COMPILER=mb-gcc" "ASSEMBLER=mb-as" "ARCHIVER=mb-ar" "C
TRACE::2025-03-26.21:59:08::SCWMssOS::OMPILER_FLAGS=  -O2 -c -mcpu=v11.0 -mlittle-endian -mno-xl-reorder -mno-xl-soft-mul -mxl-barrel-shift -mxl-pattern-compare" "EX
TRACE::2025-03-26.21:59:08::SCWMssOS::TRA_COMPILER_FLAGS=-g -ffunction-sections -fdata-sections -Wall -Wextra -fno-tree-loop-distribute-patterns"

TRACE::2025-03-26.21:59:08::SCWMssOS::"Running Make include in microblaze_0/libsrc/tmrctr_v4_9/src"

TRACE::2025-03-26.21:59:08::SCWMssOS::make -C microblaze_0/libsrc/tmrctr_v4_9/src -s include  "SHELL=CMD" "COMPILER=mb-gcc" "ASSEMBLER=mb-as" "ARCHIVER=mb-ar" "COMPI
TRACE::2025-03-26.21:59:08::SCWMssOS::LER_FLAGS=  -O2 -c -mcpu=v11.0 -mlittle-endian -mno-xl-reorder -mno-xl-soft-mul -mxl-barrel-shift -mxl-pattern-compare" "EXTRA_
TRACE::2025-03-26.21:59:08::SCWMssOS::COMPILER_FLAGS=-g -ffunction-sections -fdata-sections -Wall -Wextra -fno-tree-loop-distribute-patterns"

TRACE::2025-03-26.21:59:08::SCWMssOS::"Running Make include in microblaze_0/libsrc/uartlite_v3_7/src"

TRACE::2025-03-26.21:59:08::SCWMssOS::make -C microblaze_0/libsrc/uartlite_v3_7/src -s include  "SHELL=CMD" "COMPILER=mb-gcc" "ASSEMBLER=mb-as" "ARCHIVER=mb-ar" "COM
TRACE::2025-03-26.21:59:08::SCWMssOS::PILER_FLAGS=  -O2 -c -mcpu=v11.0 -mlittle-endian -mno-xl-reorder -mno-xl-soft-mul -mxl-barrel-shift -mxl-pattern-compare" "EXTR
TRACE::2025-03-26.21:59:08::SCWMssOS::A_COMPILER_FLAGS=-g -ffunction-sections -fdata-sections -Wall -Wextra -fno-tree-loop-distribute-patterns"

TRACE::2025-03-26.21:59:08::SCWMssOS::"Running Make libs in microblaze_0/libsrc/bram_v4_8/src"

TRACE::2025-03-26.21:59:08::SCWMssOS::make -C microblaze_0/libsrc/bram_v4_8/src -s libs  "SHELL=CMD" "COMPILER=mb-gcc" "ASSEMBLER=mb-as" "ARCHIVER=mb-ar" "COMPILER_F
TRACE::2025-03-26.21:59:08::SCWMssOS::LAGS=  -O2 -c -mcpu=v11.0 -mlittle-endian -mno-xl-reorder -mno-xl-soft-mul -mxl-barrel-shift -mxl-pattern-compare" "EXTRA_COMPI
TRACE::2025-03-26.21:59:08::SCWMssOS::LER_FLAGS=-g -ffunction-sections -fdata-sections -Wall -Wextra -fno-tree-loop-distribute-patterns"

TRACE::2025-03-26.21:59:08::SCWMssOS::"Running Make libs in microblaze_0/libsrc/cpu_v2_16/src"

TRACE::2025-03-26.21:59:08::SCWMssOS::make -C microblaze_0/libsrc/cpu_v2_16/src -s libs  "SHELL=CMD" "COMPILER=mb-gcc" "ASSEMBLER=mb-as" "ARCHIVER=mb-ar" "COMPILER_F
TRACE::2025-03-26.21:59:08::SCWMssOS::LAGS=  -O2 -c -mcpu=v11.0 -mlittle-endian -mno-xl-reorder -mno-xl-soft-mul -mxl-barrel-shift -mxl-pattern-compare" "EXTRA_COMPI
TRACE::2025-03-26.21:59:08::SCWMssOS::LER_FLAGS=-g -ffunction-sections -fdata-sections -Wall -Wextra -fno-tree-loop-distribute-patterns"

TRACE::2025-03-26.21:59:08::SCWMssOS::"Running Make libs in microblaze_0/libsrc/gpio_v4_9/src"

TRACE::2025-03-26.21:59:08::SCWMssOS::make -C microblaze_0/libsrc/gpio_v4_9/src -s libs  "SHELL=CMD" "COMPILER=mb-gcc" "ASSEMBLER=mb-as" "ARCHIVER=mb-ar" "COMPILER_F
TRACE::2025-03-26.21:59:08::SCWMssOS::LAGS=  -O2 -c -mcpu=v11.0 -mlittle-endian -mno-xl-reorder -mno-xl-soft-mul -mxl-barrel-shift -mxl-pattern-compare" "EXTRA_COMPI
TRACE::2025-03-26.21:59:08::SCWMssOS::LER_FLAGS=-g -ffunction-sections -fdata-sections -Wall -Wextra -fno-tree-loop-distribute-patterns"

TRACE::2025-03-26.21:59:08::SCWMssOS::"Running Make libs in microblaze_0/libsrc/intc_v3_15/src"

TRACE::2025-03-26.21:59:08::SCWMssOS::make -C microblaze_0/libsrc/intc_v3_15/src -s libs  "SHELL=CMD" "COMPILER=mb-gcc" "ASSEMBLER=mb-as" "ARCHIVER=mb-ar" "COMPILER_
TRACE::2025-03-26.21:59:08::SCWMssOS::FLAGS=  -O2 -c -mcpu=v11.0 -mlittle-endian -mno-xl-reorder -mno-xl-soft-mul -mxl-barrel-shift -mxl-pattern-compare" "EXTRA_COMP
TRACE::2025-03-26.21:59:08::SCWMssOS::ILER_FLAGS=-g -ffunction-sections -fdata-sections -Wall -Wextra -fno-tree-loop-distribute-patterns"

TRACE::2025-03-26.21:59:08::SCWMssOS::"Running Make libs in microblaze_0/libsrc/spi_v4_9/src"

TRACE::2025-03-26.21:59:08::SCWMssOS::make -C microblaze_0/libsrc/spi_v4_9/src -s libs  "SHELL=CMD" "COMPILER=mb-gcc" "ASSEMBLER=mb-as" "ARCHIVER=mb-ar" "COMPILER_FL
TRACE::2025-03-26.21:59:08::SCWMssOS::AGS=  -O2 -c -mcpu=v11.0 -mlittle-endian -mno-xl-reorder -mno-xl-soft-mul -mxl-barrel-shift -mxl-pattern-compare" "EXTRA_COMPIL
TRACE::2025-03-26.21:59:08::SCWMssOS::ER_FLAGS=-g -ffunction-sections -fdata-sections -Wall -Wextra -fno-tree-loop-distribute-patterns"

TRACE::2025-03-26.21:59:08::SCWMssOS::"Running Make libs in microblaze_0/libsrc/standalone_v8_0/src"

TRACE::2025-03-26.21:59:08::SCWMssOS::make -C microblaze_0/libsrc/standalone_v8_0/src -s libs  "SHELL=CMD" "COMPILER=mb-gcc" "ASSEMBLER=mb-as" "ARCHIVER=mb-ar" "COMP
TRACE::2025-03-26.21:59:08::SCWMssOS::ILER_FLAGS=  -O2 -c -mcpu=v11.0 -mlittle-endian -mno-xl-reorder -mno-xl-soft-mul -mxl-barrel-shift -mxl-pattern-compare" "EXTRA
TRACE::2025-03-26.21:59:08::SCWMssOS::_COMPILER_FLAGS=-g -ffunction-sections -fdata-sections -Wall -Wextra -fno-tree-loop-distribute-patterns"

TRACE::2025-03-26.21:59:08::SCWMssOS::"Running Make libs in microblaze_0/libsrc/tmrctr_v4_9/src"

TRACE::2025-03-26.21:59:08::SCWMssOS::make -C microblaze_0/libsrc/tmrctr_v4_9/src -s libs  "SHELL=CMD" "COMPILER=mb-gcc" "ASSEMBLER=mb-as" "ARCHIVER=mb-ar" "COMPILER
TRACE::2025-03-26.21:59:08::SCWMssOS::_FLAGS=  -O2 -c -mcpu=v11.0 -mlittle-endian -mno-xl-reorder -mno-xl-soft-mul -mxl-barrel-shift -mxl-pattern-compare" "EXTRA_COM
TRACE::2025-03-26.21:59:08::SCWMssOS::PILER_FLAGS=-g -ffunction-sections -fdata-sections -Wall -Wextra -fno-tree-loop-distribute-patterns"

TRACE::2025-03-26.21:59:09::SCWMssOS::"Running Make libs in microblaze_0/libsrc/uartlite_v3_7/src"

TRACE::2025-03-26.21:59:09::SCWMssOS::make -C microblaze_0/libsrc/uartlite_v3_7/src -s libs  "SHELL=CMD" "COMPILER=mb-gcc" "ASSEMBLER=mb-as" "ARCHIVER=mb-ar" "COMPIL
TRACE::2025-03-26.21:59:09::SCWMssOS::ER_FLAGS=  -O2 -c -mcpu=v11.0 -mlittle-endian -mno-xl-reorder -mno-xl-soft-mul -mxl-barrel-shift -mxl-pattern-compare" "EXTRA_C
TRACE::2025-03-26.21:59:09::SCWMssOS::OMPILER_FLAGS=-g -ffunction-sections -fdata-sections -Wall -Wextra -fno-tree-loop-distribute-patterns"

TRACE::2025-03-26.21:59:09::SCWMssOS::"DEBUG NON_LTO_OBJECTS is ../../../lib/microblaze_interrupt_handler.o"

TRACE::2025-03-26.21:59:10::SCWMssOS::'Finished building libraries parallelly.'

TRACE::2025-03-26.21:59:10::SCWMssOS::make --no-print-directory archive

TRACE::2025-03-26.21:59:10::SCWMssOS::mb-ar -r  microblaze_0/lib/libxil.a microblaze_0/lib/_exit.o microblaze_0/lib/errno.o microblaze_0/lib/fcntl.o microblaze_0/lib
TRACE::2025-03-26.21:59:10::SCWMssOS::/hw_exception_handler.o microblaze_0/lib/inbyte.o microblaze_0/lib/microblaze_disable_dcache.o microblaze_0/lib/microblaze_disa
TRACE::2025-03-26.21:59:10::SCWMssOS::ble_exceptions.o microblaze_0/lib/microblaze_disable_icache.o microblaze_0/lib/microblaze_disable_interrupts.o microblaze_0/lib
TRACE::2025-03-26.21:59:10::SCWMssOS::/microblaze_enable_dcache.o microblaze_0/lib/microblaze_enable_exceptions.o microblaze_0/lib/microblaze_enable_icache.o microbl
TRACE::2025-03-26.21:59:10::SCWMssOS::aze_0/lib/microblaze_enable_interrupts.o microblaze_0/lib/microblaze_exception_handler.o microblaze_0/lib/microblaze_flush_cach
TRACE::2025-03-26.21:59:10::SCWMssOS::e_ext.o microblaze_0/lib/microblaze_flush_cache_ext_range.o microblaze_0/lib/microblaze_flush_dcache.o microblaze_0/lib/microbl
TRACE::2025-03-26.21:59:10::SCWMssOS::aze_flush_dcache_range.o microblaze_0/lib/microblaze_init_dcache_range.o microblaze_0/lib/microblaze_init_icache_range.o microb
TRACE::2025-03-26.21:59:10::SCWMssOS::laze_0/lib/microblaze_interrupt_handler.o microblaze_0/lib/microblaze_interrupts_g.o microblaze_0/lib/microblaze_invalidate_cac
TRACE::2025-03-26.21:59:10::SCWMssOS::he_ext.o microblaze_0/lib/microblaze_invalidate_cache_ext_range.o microblaze_0/lib/microblaze_invalidate_dcache.o microblaze_0/
TRACE::2025-03-26.21:59:10::SCWMssOS::lib/microblaze_invalidate_dcache_range.o microblaze_0/lib/microblaze_invalidate_icache.o microblaze_0/lib/microblaze_invalidate
TRACE::2025-03-26.21:59:10::SCWMssOS::_icache_range.o microblaze_0/lib/microblaze_scrub.o microblaze_0/lib/microblaze_selftest.o microblaze_0/lib/microblaze_sleep.o 
TRACE::2025-03-26.21:59:10::SCWMssOS::microblaze_0/lib/microblaze_update_dcache.o microblaze_0/lib/microblaze_update_icache.o microblaze_0/lib/outbyte.o microblaze_0
TRACE::2025-03-26.21:59:10::SCWMssOS::/lib/print.o microblaze_0/lib/pvr.o microblaze_0/lib/xbram.o microblaze_0/lib/xbram_g.o microblaze_0/lib/xbram_intr.o microblaz
TRACE::2025-03-26.21:59:10::SCWMssOS::e_0/lib/xbram_selftest.o microblaze_0/lib/xbram_sinit.o microblaze_0/lib/xgpio.o microblaze_0/lib/xgpio_extra.o microblaze_0/li
TRACE::2025-03-26.21:59:10::SCWMssOS::b/xgpio_g.o microblaze_0/lib/xgpio_intr.o microblaze_0/lib/xgpio_selftest.o microblaze_0/lib/xgpio_sinit.o microblaze_0/lib/xil
TRACE::2025-03-26.21:59:10::SCWMssOS::_assert.o microblaze_0/lib/xil_cache.o microblaze_0/lib/xil_clocking.o microblaze_0/lib/xil_exception.o microblaze_0/lib/xil_me
TRACE::2025-03-26.21:59:10::SCWMssOS::m.o microblaze_0/lib/xil_misc_psreset_api.o microblaze_0/lib/xil_printf.o microblaze_0/lib/xil_sleepcommon.o microblaze_0/lib/x
TRACE::2025-03-26.21:59:10::SCWMssOS::il_testcache.o microblaze_0/lib/xil_testio.o microblaze_0/lib/xil_testmem.o microblaze_0/lib/xil_util.o microblaze_0/lib/xintc.
TRACE::2025-03-26.21:59:10::SCWMssOS::o microblaze_0/lib/xintc_g.o microblaze_0/lib/xintc_intr.o microblaze_0/lib/xintc_l.o microblaze_0/lib/xintc_options.o microbla
TRACE::2025-03-26.21:59:10::SCWMssOS::ze_0/lib/xintc_selftest.o microblaze_0/lib/xinterrupt_wrap.o microblaze_0/lib/xio.o microblaze_0/lib/xplatform_info.o microblaz
TRACE::2025-03-26.21:59:10::SCWMssOS::e_0/lib/xspi.o microblaze_0/lib/xspi_g.o microblaze_0/lib/xspi_options.o microblaze_0/lib/xspi_selftest.o microblaze_0/lib/xspi
TRACE::2025-03-26.21:59:10::SCWMssOS::_sinit.o microblaze_0/lib/xspi_stats.o microblaze_0/lib/xtmrctr.o microblaze_0/lib/xtmrctr_g.o microblaze_0/lib/xtmrctr_intr.o 
TRACE::2025-03-26.21:59:10::SCWMssOS::microblaze_0/lib/xtmrctr_l.o microblaze_0/lib/xtmrctr_options.o microblaze_0/lib/xtmrctr_selftest.o microblaze_0/lib/xtmrctr_si
TRACE::2025-03-26.21:59:10::SCWMssOS::nit.o microblaze_0/lib/xtmrctr_stats.o microblaze_0/lib/xuartlite.o microblaze_0/lib/xuartlite_g.o microblaze_0/lib/xuartlite_i
TRACE::2025-03-26.21:59:10::SCWMssOS::ntr.o microblaze_0/lib/xuartlite_l.o microblaze_0/lib/xuartlite_selftest.o microblaze_0/lib/xuartlite_sinit.o microblaze_0/lib/
TRACE::2025-03-26.21:59:10::SCWMssOS::xuartlite_stats.o

TRACE::2025-03-26.21:59:10::SCWMssOS::'Finished building libraries'

TRACE::2025-03-26.21:59:10::SCWMssOS:: Checking if to create the Supporting Applications
TRACE::2025-03-26.21:59:10::SCWMssOS:: No Linux domain exists, trying to generate FSBL 
LOG::2025-03-26.21:59:10::SCWSystem::Completed Processing the domain standalone_microblaze_0
LOG::2025-03-26.21:59:10::SCWSystem::Completed Processing the sysconfig mb_usb_hdmi_top
LOG::2025-03-26.21:59:10::SCWPlatform::Completed generating the artifacts for system configuration mb_usb_hdmi_top
TRACE::2025-03-26.21:59:10::SCWPlatform::Started preparing the platform 
TRACE::2025-03-26.21:59:10::SCWSystem::Writing the bif file for system config mb_usb_hdmi_top
TRACE::2025-03-26.21:59:10::SCWSystem::dir created 
TRACE::2025-03-26.21:59:10::SCWSystem::Writing the bif 
TRACE::2025-03-26.21:59:10::SCWPlatform::Started writing the spfm file 
TRACE::2025-03-26.21:59:10::SCWPlatform::Started writing the xpfm file 
TRACE::2025-03-26.21:59:10::SCWPlatform::Completed generating the platform
TRACE::2025-03-26.21:59:10::SCWMssOS::Saving the mss changes D:/School/UIUC_ECE385_SP25/lab6_2/sdk/mb_usb_hdmi_top/microblaze_0/standalone_microblaze_0/bsp/system.mss
TRACE::2025-03-26.21:59:10::SCWMssOS::Adding the swdes entry, mss present, able to open swdb D:/School/UIUC_ECE385_SP25/lab6_2/sdk/mb_usb_hdmi_top/microblaze_0/standalone_microblaze_0/bsp/system.mss with des name system
TRACE::2025-03-26.21:59:10::SCWMssOS::Writing the mss file completed D:/School/UIUC_ECE385_SP25/lab6_2/sdk/mb_usb_hdmi_top/microblaze_0/standalone_microblaze_0/bsp/system.mss
TRACE::2025-03-26.21:59:10::SCWMssOS::Commit changes completed.
TRACE::2025-03-26.21:59:10::SCWPlatform::Trying to open the hw design at D:/School/UIUC_ECE385_SP25/lab6_2/sdk/mb_usb_hdmi_top/hw/mb_usb_hdmi_top.xsa
TRACE::2025-03-26.21:59:10::SCWPlatform::DSA given D:/School/UIUC_ECE385_SP25/lab6_2/sdk/mb_usb_hdmi_top/hw/mb_usb_hdmi_top.xsa
TRACE::2025-03-26.21:59:10::SCWPlatform::DSA absoulate path D:/School/UIUC_ECE385_SP25/lab6_2/sdk/mb_usb_hdmi_top/hw/mb_usb_hdmi_top.xsa
TRACE::2025-03-26.21:59:10::SCWPlatform::DSA directory D:/School/UIUC_ECE385_SP25/lab6_2/sdk/mb_usb_hdmi_top/hw
TRACE::2025-03-26.21:59:10::SCWPlatform:: Platform Path D:/School/UIUC_ECE385_SP25/lab6_2/sdk/mb_usb_hdmi_top/hw/mb_usb_hdmi_top.xsa
TRACE::2025-03-26.21:59:10::SCWPlatform:: Unique name xilinx:::0.0
TRACE::2025-03-26.21:59:10::SCWPlatform::Trying to set the existing hwdb with name mb_usb_hdmi_top_5
TRACE::2025-03-26.21:59:10::SCWPlatform::Opened existing hwdb mb_usb_hdmi_top_5
TRACE::2025-03-26.21:59:10::SCWPlatform::Found the Hw Db part of the input DSA
TRACE::2025-03-26.21:59:10::SCWMssOS::Checking the sw design at  D:/School/UIUC_ECE385_SP25/lab6_2/sdk/mb_usb_hdmi_top/microblaze_0/standalone_microblaze_0/bsp/system.mss
TRACE::2025-03-26.21:59:10::SCWMssOS::DEBUG:  swdes dump  D:/School/UIUC_ECE385_SP25/lab6_2/sdk/mb_usb_hdmi_top/microblaze_0/standalone_microblaze_0/bsp/system.mss|system||

TRACE::2025-03-26.21:59:10::SCWMssOS::Sw design exists and opened at  D:/School/UIUC_ECE385_SP25/lab6_2/sdk/mb_usb_hdmi_top/microblaze_0/standalone_microblaze_0/bsp/system.mss
TRACE::2025-03-26.21:59:10::SCWWriter::formatted JSON is {
	"platformName":	"mb_usb_hdmi_top",
	"sprVersion":	"2.0",
	"mode":	"gui",
	"dsaType":	"Fixed",
	"platformDesc":	"mb_usb_hdmi_top",
	"platHandOff":	"D:/School/UIUC_ECE385_SP25/lab6_2/mb_usb_hdmi_top.xsa",
	"platIntHandOff":	"<platformDir>/hw/mb_usb_hdmi_top.xsa",
	"deviceType":	"FPGA",
	"platIsPrebuiltAutogen":	"false",
	"platIsNoBootBsp":	"false",
	"hasFsblMakeHasChanges":	"false",
	"hasPmufwMakeHasChanges":	"false",
	"platPreBuiltFlag":	false,
	"platformSamplesDir":	"",
	"platActiveSys":	"mb_usb_hdmi_top",
	"systems":	[{
			"systemName":	"mb_usb_hdmi_top",
			"systemDesc":	"mb_usb_hdmi_top",
			"sysIsBootAutoGen":	"true",
			"systemDispName":	"mb_usb_hdmi_top",
			"sysActiveDom":	"standalone_microblaze_0",
			"sysDefaultDom":	"standalone_microblaze_0",
			"domains":	[{
					"domainName":	"standalone_microblaze_0",
					"domainDispName":	"standalone_microblaze_0",
					"domainDesc":	"standalone_microblaze_0",
					"processors":	"microblaze_0",
					"os":	"standalone",
					"sdxOs":	"standalone",
					"debugEnable":	"False",
					"domRuntimes":	["cpp"],
					"swRepo":	"",
					"mssOsVer":	"8.0",
					"mssFile":	"",
					"md5Digest":	"304529987e879521ca977c68d163f362",
					"compatibleApp":	"",
					"domType":	"mssDomain",
					"arch":	"32-bit",
					"appSettings":	{
						"appCompilerFlags":	"",
						"appLinkerFlags":	""
					},
					"addedLibs":	[],
					"libOptions":	{
						"libsContainingOptions":	[]
					},
					"prebuiltLibs":	{
						"prebuiltIncPath":	[],
						"prebuiltLibPath":	[]
					},
					"isolation":	{
					}
				}]
		}]
}
KEYINFO::2025-03-26.21:59:10::SCWPlatform::updated the xpfm file.
TRACE::2025-03-26.21:59:10::SCWPlatform::Trying to open the hw design at D:/School/UIUC_ECE385_SP25/lab6_2/sdk/mb_usb_hdmi_top/hw/mb_usb_hdmi_top.xsa
TRACE::2025-03-26.21:59:10::SCWPlatform::DSA given D:/School/UIUC_ECE385_SP25/lab6_2/sdk/mb_usb_hdmi_top/hw/mb_usb_hdmi_top.xsa
TRACE::2025-03-26.21:59:10::SCWPlatform::DSA absoulate path D:/School/UIUC_ECE385_SP25/lab6_2/sdk/mb_usb_hdmi_top/hw/mb_usb_hdmi_top.xsa
TRACE::2025-03-26.21:59:10::SCWPlatform::DSA directory D:/School/UIUC_ECE385_SP25/lab6_2/sdk/mb_usb_hdmi_top/hw
TRACE::2025-03-26.21:59:10::SCWPlatform:: Platform Path D:/School/UIUC_ECE385_SP25/lab6_2/sdk/mb_usb_hdmi_top/hw/mb_usb_hdmi_top.xsa
TRACE::2025-03-26.21:59:10::SCWPlatform:: Unique name xilinx:::0.0
TRACE::2025-03-26.21:59:10::SCWPlatform::Trying to set the existing hwdb with name mb_usb_hdmi_top_5
TRACE::2025-03-26.21:59:10::SCWPlatform::Opened existing hwdb mb_usb_hdmi_top_5
TRACE::2025-03-26.21:59:10::SCWPlatform::Found the Hw Db part of the input DSA
TRACE::2025-03-26.21:59:10::SCWMssOS::Checking the sw design at  D:/School/UIUC_ECE385_SP25/lab6_2/sdk/mb_usb_hdmi_top/microblaze_0/standalone_microblaze_0/bsp/system.mss
TRACE::2025-03-26.21:59:10::SCWMssOS::DEBUG:  swdes dump  D:/School/UIUC_ECE385_SP25/lab6_2/sdk/mb_usb_hdmi_top/microblaze_0/standalone_microblaze_0/bsp/system.mss|system||

TRACE::2025-03-26.21:59:10::SCWMssOS::Sw design exists and opened at  D:/School/UIUC_ECE385_SP25/lab6_2/sdk/mb_usb_hdmi_top/microblaze_0/standalone_microblaze_0/bsp/system.mss
TRACE::2025-03-27.14:21:51::SCWPlatform::Trying to open the hw design at D:/School/UIUC_ECE385_SP25/lab6_2/sdk/mb_usb_hdmi_top/hw/mb_usb_hdmi_top.xsa
TRACE::2025-03-27.14:21:51::SCWPlatform::DSA given D:/School/UIUC_ECE385_SP25/lab6_2/sdk/mb_usb_hdmi_top/hw/mb_usb_hdmi_top.xsa
TRACE::2025-03-27.14:21:51::SCWPlatform::DSA absoulate path D:/School/UIUC_ECE385_SP25/lab6_2/sdk/mb_usb_hdmi_top/hw/mb_usb_hdmi_top.xsa
TRACE::2025-03-27.14:21:51::SCWPlatform::DSA directory D:/School/UIUC_ECE385_SP25/lab6_2/sdk/mb_usb_hdmi_top/hw
TRACE::2025-03-27.14:21:51::SCWPlatform:: Platform Path D:/School/UIUC_ECE385_SP25/lab6_2/sdk/mb_usb_hdmi_top/hw/mb_usb_hdmi_top.xsa
TRACE::2025-03-27.14:21:51::SCWPlatform:: Unique name xilinx:::0.0
TRACE::2025-03-27.14:21:51::SCWPlatform::Do not have an existing db opened. 
TRACE::2025-03-27.14:21:51::SCWPlatform::Opened new HwDB with name mb_usb_hdmi_top_1
TRACE::2025-03-27.14:21:51::SCWReader::Active system found as  mb_usb_hdmi_top
TRACE::2025-03-27.14:21:51::SCWReader::Handling sysconfig mb_usb_hdmi_top
TRACE::2025-03-27.14:21:51::SCWDomain::checking for install qemu data   : 
TRACE::2025-03-27.14:21:51::SCWPlatform::Trying to open the hw design at D:/School/UIUC_ECE385_SP25/lab6_2/sdk/mb_usb_hdmi_top/hw/mb_usb_hdmi_top.xsa
TRACE::2025-03-27.14:21:51::SCWPlatform::DSA given D:/School/UIUC_ECE385_SP25/lab6_2/sdk/mb_usb_hdmi_top/hw/mb_usb_hdmi_top.xsa
TRACE::2025-03-27.14:21:51::SCWPlatform::DSA absoulate path D:/School/UIUC_ECE385_SP25/lab6_2/sdk/mb_usb_hdmi_top/hw/mb_usb_hdmi_top.xsa
TRACE::2025-03-27.14:21:51::SCWPlatform::DSA directory D:/School/UIUC_ECE385_SP25/lab6_2/sdk/mb_usb_hdmi_top/hw
TRACE::2025-03-27.14:21:51::SCWPlatform:: Platform Path D:/School/UIUC_ECE385_SP25/lab6_2/sdk/mb_usb_hdmi_top/hw/mb_usb_hdmi_top.xsa
TRACE::2025-03-27.14:21:51::SCWPlatform:: Unique name xilinx:::0.0
TRACE::2025-03-27.14:21:51::SCWPlatform::Trying to set the existing hwdb with name mb_usb_hdmi_top_1
TRACE::2025-03-27.14:21:51::SCWPlatform::Opened existing hwdb mb_usb_hdmi_top_1
TRACE::2025-03-27.14:21:51::SCWPlatform::Found the Hw Db part of the input DSA
TRACE::2025-03-27.14:21:51::SCWPlatform::Trying to open the hw design at D:/School/UIUC_ECE385_SP25/lab6_2/sdk/mb_usb_hdmi_top/hw/mb_usb_hdmi_top.xsa
TRACE::2025-03-27.14:21:51::SCWPlatform::DSA given D:/School/UIUC_ECE385_SP25/lab6_2/sdk/mb_usb_hdmi_top/hw/mb_usb_hdmi_top.xsa
TRACE::2025-03-27.14:21:51::SCWPlatform::DSA absoulate path D:/School/UIUC_ECE385_SP25/lab6_2/sdk/mb_usb_hdmi_top/hw/mb_usb_hdmi_top.xsa
TRACE::2025-03-27.14:21:51::SCWPlatform::DSA directory D:/School/UIUC_ECE385_SP25/lab6_2/sdk/mb_usb_hdmi_top/hw
TRACE::2025-03-27.14:21:51::SCWPlatform:: Platform Path D:/School/UIUC_ECE385_SP25/lab6_2/sdk/mb_usb_hdmi_top/hw/mb_usb_hdmi_top.xsa
TRACE::2025-03-27.14:21:51::SCWPlatform:: Unique name xilinx:::0.0
TRACE::2025-03-27.14:21:51::SCWPlatform::Trying to set the existing hwdb with name mb_usb_hdmi_top_1
TRACE::2025-03-27.14:21:51::SCWPlatform::Opened existing hwdb mb_usb_hdmi_top_1
TRACE::2025-03-27.14:21:51::SCWPlatform::Found the Hw Db part of the input DSA
TRACE::2025-03-27.14:21:51::SCWPlatform::Trying to open the hw design at D:/School/UIUC_ECE385_SP25/lab6_2/sdk/mb_usb_hdmi_top/hw/mb_usb_hdmi_top.xsa
TRACE::2025-03-27.14:21:51::SCWPlatform::DSA given D:/School/UIUC_ECE385_SP25/lab6_2/sdk/mb_usb_hdmi_top/hw/mb_usb_hdmi_top.xsa
TRACE::2025-03-27.14:21:51::SCWPlatform::DSA absoulate path D:/School/UIUC_ECE385_SP25/lab6_2/sdk/mb_usb_hdmi_top/hw/mb_usb_hdmi_top.xsa
TRACE::2025-03-27.14:21:51::SCWPlatform::DSA directory D:/School/UIUC_ECE385_SP25/lab6_2/sdk/mb_usb_hdmi_top/hw
TRACE::2025-03-27.14:21:51::SCWPlatform:: Platform Path D:/School/UIUC_ECE385_SP25/lab6_2/sdk/mb_usb_hdmi_top/hw/mb_usb_hdmi_top.xsa
TRACE::2025-03-27.14:21:51::SCWPlatform:: Unique name xilinx:::0.0
TRACE::2025-03-27.14:21:51::SCWPlatform::Trying to set the existing hwdb with name mb_usb_hdmi_top_1
TRACE::2025-03-27.14:21:51::SCWPlatform::Opened existing hwdb mb_usb_hdmi_top_1
TRACE::2025-03-27.14:21:51::SCWPlatform::Found the Hw Db part of the input DSA
TRACE::2025-03-27.14:21:51::SCWPlatform::Trying to open the hw design at D:/School/UIUC_ECE385_SP25/lab6_2/sdk/mb_usb_hdmi_top/hw/mb_usb_hdmi_top.xsa
TRACE::2025-03-27.14:21:51::SCWPlatform::DSA given D:/School/UIUC_ECE385_SP25/lab6_2/sdk/mb_usb_hdmi_top/hw/mb_usb_hdmi_top.xsa
TRACE::2025-03-27.14:21:51::SCWPlatform::DSA absoulate path D:/School/UIUC_ECE385_SP25/lab6_2/sdk/mb_usb_hdmi_top/hw/mb_usb_hdmi_top.xsa
TRACE::2025-03-27.14:21:51::SCWPlatform::DSA directory D:/School/UIUC_ECE385_SP25/lab6_2/sdk/mb_usb_hdmi_top/hw
TRACE::2025-03-27.14:21:51::SCWPlatform:: Platform Path D:/School/UIUC_ECE385_SP25/lab6_2/sdk/mb_usb_hdmi_top/hw/mb_usb_hdmi_top.xsa
TRACE::2025-03-27.14:21:51::SCWPlatform:: Unique name xilinx:::0.0
TRACE::2025-03-27.14:21:51::SCWPlatform::Trying to set the existing hwdb with name mb_usb_hdmi_top_1
TRACE::2025-03-27.14:21:51::SCWPlatform::Opened existing hwdb mb_usb_hdmi_top_1
TRACE::2025-03-27.14:21:51::SCWPlatform::Found the Hw Db part of the input DSA
TRACE::2025-03-27.14:21:51::SCWMssOS::Checking the sw design at  D:/School/UIUC_ECE385_SP25/lab6_2/sdk/mb_usb_hdmi_top/microblaze_0/standalone_microblaze_0/bsp/system.mss
TRACE::2025-03-27.14:21:51::SCWMssOS::DEBUG:  swdes dump  
TRACE::2025-03-27.14:21:51::SCWMssOS::No sw design opened at  D:/School/UIUC_ECE385_SP25/lab6_2/sdk/mb_usb_hdmi_top/microblaze_0/standalone_microblaze_0/bsp/system.mss
TRACE::2025-03-27.14:21:51::SCWMssOS::mss exists loading the mss file  D:/School/UIUC_ECE385_SP25/lab6_2/sdk/mb_usb_hdmi_top/microblaze_0/standalone_microblaze_0/bsp/system.mss
TRACE::2025-03-27.14:21:51::SCWMssOS::Opened the sw design from mss  D:/School/UIUC_ECE385_SP25/lab6_2/sdk/mb_usb_hdmi_top/microblaze_0/standalone_microblaze_0/bsp/system.mss
TRACE::2025-03-27.14:21:51::SCWMssOS::Adding the swdes entry D:/School/UIUC_ECE385_SP25/lab6_2/sdk/mb_usb_hdmi_top/microblaze_0/standalone_microblaze_0/bsp/system.mss with des name system
TRACE::2025-03-27.14:21:51::SCWMssOS::updating the scw layer about changes
TRACE::2025-03-27.14:21:51::SCWMssOS::Opened the sw design.  D:/School/UIUC_ECE385_SP25/lab6_2/sdk/mb_usb_hdmi_top/microblaze_0/standalone_microblaze_0/bsp/system.mss
TRACE::2025-03-27.14:21:51::SCWMssOS::Saving the mss changes D:/School/UIUC_ECE385_SP25/lab6_2/sdk/mb_usb_hdmi_top/microblaze_0/standalone_microblaze_0/bsp/system.mss
TRACE::2025-03-27.14:21:51::SCWMssOS::Found a swdesign opened with the mssfile.
TRACE::2025-03-27.14:21:51::SCWMssOS::Completed writemss as part of save.
TRACE::2025-03-27.14:21:51::SCWMssOS::Commit changes completed.
TRACE::2025-03-27.14:21:51::SCWReader::Adding prebuilt librarypaths as   
TRACE::2025-03-27.14:21:51::SCWReader::Adding prebuilt incpaths  as   
TRACE::2025-03-27.14:21:51::SCWPlatform::Trying to open the hw design at D:/School/UIUC_ECE385_SP25/lab6_2/sdk/mb_usb_hdmi_top/hw/mb_usb_hdmi_top.xsa
TRACE::2025-03-27.14:21:51::SCWPlatform::DSA given D:/School/UIUC_ECE385_SP25/lab6_2/sdk/mb_usb_hdmi_top/hw/mb_usb_hdmi_top.xsa
TRACE::2025-03-27.14:21:51::SCWPlatform::DSA absoulate path D:/School/UIUC_ECE385_SP25/lab6_2/sdk/mb_usb_hdmi_top/hw/mb_usb_hdmi_top.xsa
TRACE::2025-03-27.14:21:51::SCWPlatform::DSA directory D:/School/UIUC_ECE385_SP25/lab6_2/sdk/mb_usb_hdmi_top/hw
TRACE::2025-03-27.14:21:51::SCWPlatform:: Platform Path D:/School/UIUC_ECE385_SP25/lab6_2/sdk/mb_usb_hdmi_top/hw/mb_usb_hdmi_top.xsa
TRACE::2025-03-27.14:21:51::SCWPlatform:: Unique name xilinx:::0.0
TRACE::2025-03-27.14:21:51::SCWPlatform::Trying to set the existing hwdb with name mb_usb_hdmi_top_1
TRACE::2025-03-27.14:21:51::SCWPlatform::Opened existing hwdb mb_usb_hdmi_top_1
TRACE::2025-03-27.14:21:51::SCWPlatform::Found the Hw Db part of the input DSA
TRACE::2025-03-27.14:21:51::SCWMssOS::Checking the sw design at  D:/School/UIUC_ECE385_SP25/lab6_2/sdk/mb_usb_hdmi_top/microblaze_0/standalone_microblaze_0/bsp/system.mss
TRACE::2025-03-27.14:21:51::SCWMssOS::DEBUG:  swdes dump  D:/School/UIUC_ECE385_SP25/lab6_2/sdk/mb_usb_hdmi_top/microblaze_0/standalone_microblaze_0/bsp/system.mss|system||

TRACE::2025-03-27.14:21:51::SCWMssOS::Sw design exists and opened at  D:/School/UIUC_ECE385_SP25/lab6_2/sdk/mb_usb_hdmi_top/microblaze_0/standalone_microblaze_0/bsp/system.mss
TRACE::2025-03-27.14:21:51::SCWReader::No isolation master present  
TRACE::2025-03-27.14:21:53::SCWPlatform::DSA given D:/School/UIUC_ECE385_SP25/lab6_2/sdk/mb_usb_hdmi_top/tempdsa/mb_usb_hdmi_top.xsa
TRACE::2025-03-27.14:21:53::SCWPlatform::DSA absoulate path D:/School/UIUC_ECE385_SP25/lab6_2/sdk/mb_usb_hdmi_top/tempdsa/mb_usb_hdmi_top.xsa
TRACE::2025-03-27.14:21:53::SCWPlatform:: Platform location is D:/School/UIUC_ECE385_SP25/lab6_2/sdk/mb_usb_hdmi_top/tempdsa
TRACE::2025-03-27.14:21:53::SCWPlatform:: Platform Path D:/School/UIUC_ECE385_SP25/lab6_2/sdk/mb_usb_hdmi_top/tempdsa/mb_usb_hdmi_top.xsa
TRACE::2025-03-27.14:21:53::SCWPlatform:: Unique name xilinx:::0.0
TRACE::2025-03-27.14:21:54::SCWPlatform::Found the Hw Db part of the input DSA
TRACE::2025-03-27.14:21:54::SCWMssOS::Doing hw sync for the mss in domain: standalone_microblaze_0
TRACE::2025-03-27.14:21:54::SCWPlatform::Trying to open the hw design at D:/School/UIUC_ECE385_SP25/lab6_2/sdk/mb_usb_hdmi_top/hw/mb_usb_hdmi_top.xsa
TRACE::2025-03-27.14:21:54::SCWPlatform::DSA given D:/School/UIUC_ECE385_SP25/lab6_2/sdk/mb_usb_hdmi_top/hw/mb_usb_hdmi_top.xsa
TRACE::2025-03-27.14:21:54::SCWPlatform::DSA absoulate path D:/School/UIUC_ECE385_SP25/lab6_2/sdk/mb_usb_hdmi_top/hw/mb_usb_hdmi_top.xsa
TRACE::2025-03-27.14:21:54::SCWPlatform::DSA directory D:/School/UIUC_ECE385_SP25/lab6_2/sdk/mb_usb_hdmi_top/hw
TRACE::2025-03-27.14:21:54::SCWPlatform:: Platform Path D:/School/UIUC_ECE385_SP25/lab6_2/sdk/mb_usb_hdmi_top/hw/mb_usb_hdmi_top.xsa
TRACE::2025-03-27.14:21:54::SCWPlatform:: Unique name xilinx:::0.0
TRACE::2025-03-27.14:21:54::SCWPlatform::Trying to set the existing hwdb with name mb_usb_hdmi_top_1
TRACE::2025-03-27.14:21:54::SCWPlatform::Opened existing hwdb mb_usb_hdmi_top_1
TRACE::2025-03-27.14:21:54::SCWPlatform::Found the Hw Db part of the input DSA
TRACE::2025-03-27.14:21:54::SCWPlatform::Trying to open the hw design at D:/School/UIUC_ECE385_SP25/lab6_2/sdk/mb_usb_hdmi_top/hw/mb_usb_hdmi_top.xsa
TRACE::2025-03-27.14:21:54::SCWPlatform::DSA given D:/School/UIUC_ECE385_SP25/lab6_2/sdk/mb_usb_hdmi_top/hw/mb_usb_hdmi_top.xsa
TRACE::2025-03-27.14:21:54::SCWPlatform::DSA absoulate path D:/School/UIUC_ECE385_SP25/lab6_2/sdk/mb_usb_hdmi_top/hw/mb_usb_hdmi_top.xsa
TRACE::2025-03-27.14:21:54::SCWPlatform::DSA directory D:/School/UIUC_ECE385_SP25/lab6_2/sdk/mb_usb_hdmi_top/hw
TRACE::2025-03-27.14:21:54::SCWPlatform:: Platform Path D:/School/UIUC_ECE385_SP25/lab6_2/sdk/mb_usb_hdmi_top/hw/mb_usb_hdmi_top.xsa
TRACE::2025-03-27.14:21:54::SCWPlatform:: Unique name xilinx:::0.0
TRACE::2025-03-27.14:21:54::SCWPlatform::Trying to set the existing hwdb with name mb_usb_hdmi_top_1
TRACE::2025-03-27.14:21:54::SCWPlatform::Opened existing hwdb mb_usb_hdmi_top_1
TRACE::2025-03-27.14:21:54::SCWPlatform::Found the Hw Db part of the input DSA
TRACE::2025-03-27.14:21:54::SCWMssOS::Checking the sw design at  D:/School/UIUC_ECE385_SP25/lab6_2/sdk/mb_usb_hdmi_top/microblaze_0/standalone_microblaze_0/bsp/system.mss
TRACE::2025-03-27.14:21:54::SCWMssOS::DEBUG:  swdes dump  D:/School/UIUC_ECE385_SP25/lab6_2/sdk/mb_usb_hdmi_top/microblaze_0/standalone_microblaze_0/bsp/system.mss|system||

TRACE::2025-03-27.14:21:54::SCWMssOS::Sw design exists and opened at  D:/School/UIUC_ECE385_SP25/lab6_2/sdk/mb_usb_hdmi_top/microblaze_0/standalone_microblaze_0/bsp/system.mss
TRACE::2025-03-27.14:21:54::SCWPlatform::Trying to open the hw design at D:/School/UIUC_ECE385_SP25/lab6_2/sdk/mb_usb_hdmi_top/tempdsa/mb_usb_hdmi_top.xsa
TRACE::2025-03-27.14:21:54::SCWPlatform::DSA given D:/School/UIUC_ECE385_SP25/lab6_2/sdk/mb_usb_hdmi_top/tempdsa/mb_usb_hdmi_top.xsa
TRACE::2025-03-27.14:21:54::SCWPlatform::DSA absoulate path D:/School/UIUC_ECE385_SP25/lab6_2/sdk/mb_usb_hdmi_top/tempdsa/mb_usb_hdmi_top.xsa
TRACE::2025-03-27.14:21:54::SCWPlatform::DSA directory D:/School/UIUC_ECE385_SP25/lab6_2/sdk/mb_usb_hdmi_top/tempdsa
TRACE::2025-03-27.14:21:54::SCWPlatform:: Platform Path D:/School/UIUC_ECE385_SP25/lab6_2/sdk/mb_usb_hdmi_top/tempdsa/mb_usb_hdmi_top.xsa
TRACE::2025-03-27.14:21:54::SCWPlatform:: Unique name xilinx:::0.0
TRACE::2025-03-27.14:21:54::SCWPlatform::update - Opened existing hwdb mb_usb_hdmi_top_2
TRACE::2025-03-27.14:21:54::SCWPlatform::Found the Hw Db part of the input DSA
TRACE::2025-03-27.14:21:54::SCWMssOS::Saving the mss changes D:/School/UIUC_ECE385_SP25/lab6_2/sdk/mb_usb_hdmi_top/microblaze_0/standalone_microblaze_0/bsp/system.mss
TRACE::2025-03-27.14:21:54::SCWMssOS::Found a swdesign opened with the mssfile.
TRACE::2025-03-27.14:21:54::SCWMssOS::Completed writemss as part of save.
TRACE::2025-03-27.14:21:54::SCWMssOS::Commit changes completed.
TRACE::2025-03-27.14:21:54::SCWMssOS::Completed hw sync for the mss in domain: standalone_microblaze_0
TRACE::2025-03-27.14:21:54::SCWMssOS::Removing the swdes entry for  D:/School/UIUC_ECE385_SP25/lab6_2/sdk/mb_usb_hdmi_top/microblaze_0/standalone_microblaze_0/bsp/system.mss
TRACE::2025-03-27.14:21:54::SCWPlatform::Trying to open the hw design at D:/School/UIUC_ECE385_SP25/lab6_2/sdk/mb_usb_hdmi_top/hw/mb_usb_hdmi_top.xsa
TRACE::2025-03-27.14:21:54::SCWPlatform::DSA given D:/School/UIUC_ECE385_SP25/lab6_2/sdk/mb_usb_hdmi_top/hw/mb_usb_hdmi_top.xsa
TRACE::2025-03-27.14:21:54::SCWPlatform::DSA absoulate path D:/School/UIUC_ECE385_SP25/lab6_2/sdk/mb_usb_hdmi_top/hw/mb_usb_hdmi_top.xsa
TRACE::2025-03-27.14:21:54::SCWPlatform::DSA directory D:/School/UIUC_ECE385_SP25/lab6_2/sdk/mb_usb_hdmi_top/hw
TRACE::2025-03-27.14:21:54::SCWPlatform:: Platform Path D:/School/UIUC_ECE385_SP25/lab6_2/sdk/mb_usb_hdmi_top/hw/mb_usb_hdmi_top.xsa
TRACE::2025-03-27.14:21:54::SCWPlatform:: Unique name xilinx:::0.0
TRACE::2025-03-27.14:21:54::SCWPlatform::Do not have an existing db opened. 
TRACE::2025-03-27.14:21:54::SCWPlatform::Opened new HwDB with name mb_usb_hdmi_top_3
TRACE::2025-03-27.14:21:54::SCWMssOS::Saving the mss changes D:/School/UIUC_ECE385_SP25/lab6_2/sdk/mb_usb_hdmi_top/microblaze_0/standalone_microblaze_0/bsp/system.mss
TRACE::2025-03-27.14:21:54::SCWMssOS::Adding the swdes entry, mss present, able to open swdb D:/School/UIUC_ECE385_SP25/lab6_2/sdk/mb_usb_hdmi_top/microblaze_0/standalone_microblaze_0/bsp/system.mss with des name system
TRACE::2025-03-27.14:21:54::SCWMssOS::Writing the mss file completed D:/School/UIUC_ECE385_SP25/lab6_2/sdk/mb_usb_hdmi_top/microblaze_0/standalone_microblaze_0/bsp/system.mss
TRACE::2025-03-27.14:21:54::SCWMssOS::Commit changes completed.
TRACE::2025-03-27.14:21:54::SCWPlatform::Trying to open the hw design at D:/School/UIUC_ECE385_SP25/lab6_2/sdk/mb_usb_hdmi_top/hw/mb_usb_hdmi_top.xsa
TRACE::2025-03-27.14:21:54::SCWPlatform::DSA given D:/School/UIUC_ECE385_SP25/lab6_2/sdk/mb_usb_hdmi_top/hw/mb_usb_hdmi_top.xsa
TRACE::2025-03-27.14:21:54::SCWPlatform::DSA absoulate path D:/School/UIUC_ECE385_SP25/lab6_2/sdk/mb_usb_hdmi_top/hw/mb_usb_hdmi_top.xsa
TRACE::2025-03-27.14:21:54::SCWPlatform::DSA directory D:/School/UIUC_ECE385_SP25/lab6_2/sdk/mb_usb_hdmi_top/hw
TRACE::2025-03-27.14:21:54::SCWPlatform:: Platform Path D:/School/UIUC_ECE385_SP25/lab6_2/sdk/mb_usb_hdmi_top/hw/mb_usb_hdmi_top.xsa
TRACE::2025-03-27.14:21:54::SCWPlatform:: Unique name xilinx:::0.0
TRACE::2025-03-27.14:21:54::SCWPlatform::Trying to set the existing hwdb with name mb_usb_hdmi_top_3
TRACE::2025-03-27.14:21:54::SCWPlatform::Opened existing hwdb mb_usb_hdmi_top_3
TRACE::2025-03-27.14:21:54::SCWPlatform::Found the Hw Db part of the input DSA
TRACE::2025-03-27.14:21:54::SCWMssOS::Checking the sw design at  D:/School/UIUC_ECE385_SP25/lab6_2/sdk/mb_usb_hdmi_top/microblaze_0/standalone_microblaze_0/bsp/system.mss
TRACE::2025-03-27.14:21:54::SCWMssOS::DEBUG:  swdes dump  D:/School/UIUC_ECE385_SP25/lab6_2/sdk/mb_usb_hdmi_top/microblaze_0/standalone_microblaze_0/bsp/system.mss|system||

TRACE::2025-03-27.14:21:54::SCWMssOS::Sw design exists and opened at  D:/School/UIUC_ECE385_SP25/lab6_2/sdk/mb_usb_hdmi_top/microblaze_0/standalone_microblaze_0/bsp/system.mss
TRACE::2025-03-27.14:21:54::SCWWriter::formatted JSON is {
	"platformName":	"mb_usb_hdmi_top",
	"sprVersion":	"2.0",
	"mode":	"gui",
	"dsaType":	"Fixed",
	"platformDesc":	"mb_usb_hdmi_top",
	"platHandOff":	"D:/School/UIUC_ECE385_SP25/lab6_2/mb_usb_hdmi_top.xsa",
	"platIntHandOff":	"<platformDir>/hw/mb_usb_hdmi_top.xsa",
	"deviceType":	"FPGA",
	"platIsPrebuiltAutogen":	"false",
	"platIsNoBootBsp":	"false",
	"hasFsblMakeHasChanges":	"false",
	"hasPmufwMakeHasChanges":	"false",
	"platPreBuiltFlag":	false,
	"platformSamplesDir":	"",
	"platActiveSys":	"mb_usb_hdmi_top",
	"systems":	[{
			"systemName":	"mb_usb_hdmi_top",
			"systemDesc":	"mb_usb_hdmi_top",
			"sysIsBootAutoGen":	"true",
			"systemDispName":	"mb_usb_hdmi_top",
			"sysActiveDom":	"standalone_microblaze_0",
			"sysDefaultDom":	"standalone_microblaze_0",
			"domains":	[{
					"domainName":	"standalone_microblaze_0",
					"domainDispName":	"standalone_microblaze_0",
					"domainDesc":	"standalone_microblaze_0",
					"processors":	"microblaze_0",
					"os":	"standalone",
					"sdxOs":	"standalone",
					"debugEnable":	"False",
					"domRuntimes":	["cpp"],
					"swRepo":	"",
					"mssOsVer":	"8.0",
					"mssFile":	"",
					"md5Digest":	"304529987e879521ca977c68d163f3621",
					"compatibleApp":	"",
					"domType":	"mssDomain",
					"arch":	"32-bit",
					"appSettings":	{
						"appCompilerFlags":	"",
						"appLinkerFlags":	""
					},
					"addedLibs":	[],
					"libOptions":	{
						"libsContainingOptions":	[]
					},
					"prebuiltLibs":	{
						"prebuiltIncPath":	[],
						"prebuiltLibPath":	[]
					},
					"isolation":	{
					}
				}]
		}]
}
TRACE::2025-03-27.14:21:59::SCWPlatform::Clearing the existing platform
TRACE::2025-03-27.14:21:59::SCWSystem::Clearing the existing sysconfig
TRACE::2025-03-27.14:21:59::SCWMssOS::Removing the swdes entry for  D:/School/UIUC_ECE385_SP25/lab6_2/sdk/mb_usb_hdmi_top/microblaze_0/standalone_microblaze_0/bsp/system.mss
TRACE::2025-03-27.14:21:59::SCWSystem::Clearing the domains completed.
TRACE::2025-03-27.14:21:59::SCWPlatform::Clearing the opened hw db.
TRACE::2025-03-27.14:21:59::SCWPlatform::DSA given D:/School/UIUC_ECE385_SP25/lab6_2/sdk/mb_usb_hdmi_top/hw/mb_usb_hdmi_top.xsa
TRACE::2025-03-27.14:21:59::SCWPlatform::DSA absoulate path D:/School/UIUC_ECE385_SP25/lab6_2/sdk/mb_usb_hdmi_top/hw/mb_usb_hdmi_top.xsa
TRACE::2025-03-27.14:21:59::SCWPlatform:: Platform location is D:/School/UIUC_ECE385_SP25/lab6_2/sdk/mb_usb_hdmi_top/hw
TRACE::2025-03-27.14:21:59::SCWPlatform:: Platform Path D:/School/UIUC_ECE385_SP25/lab6_2/sdk/mb_usb_hdmi_top/hw/mb_usb_hdmi_top.xsa
TRACE::2025-03-27.14:21:59::SCWPlatform:: Unique name xilinx:::0.0
TRACE::2025-03-27.14:21:59::SCWPlatform::Removing the HwDB with name D:/School/UIUC_ECE385_SP25/lab6_2/sdk/mb_usb_hdmi_top/hw/mb_usb_hdmi_top.xsa
TRACE::2025-03-27.14:22:00::SCWPlatform::Trying to open the hw design at D:/School/UIUC_ECE385_SP25/lab6_2/sdk/mb_usb_hdmi_top/hw/mb_usb_hdmi_top.xsa
TRACE::2025-03-27.14:22:00::SCWPlatform::DSA given D:/School/UIUC_ECE385_SP25/lab6_2/sdk/mb_usb_hdmi_top/hw/mb_usb_hdmi_top.xsa
TRACE::2025-03-27.14:22:00::SCWPlatform::DSA absoulate path D:/School/UIUC_ECE385_SP25/lab6_2/sdk/mb_usb_hdmi_top/hw/mb_usb_hdmi_top.xsa
TRACE::2025-03-27.14:22:00::SCWPlatform::DSA directory D:/School/UIUC_ECE385_SP25/lab6_2/sdk/mb_usb_hdmi_top/hw
TRACE::2025-03-27.14:22:00::SCWPlatform:: Platform Path D:/School/UIUC_ECE385_SP25/lab6_2/sdk/mb_usb_hdmi_top/hw/mb_usb_hdmi_top.xsa
TRACE::2025-03-27.14:22:00::SCWPlatform:: Unique name xilinx:::0.0
TRACE::2025-03-27.14:22:00::SCWPlatform::Do not have an existing db opened. 
TRACE::2025-03-27.14:22:00::SCWPlatform::Opened new HwDB with name mb_usb_hdmi_top_4
TRACE::2025-03-27.14:22:00::SCWReader::Active system found as  mb_usb_hdmi_top
TRACE::2025-03-27.14:22:00::SCWReader::Handling sysconfig mb_usb_hdmi_top
TRACE::2025-03-27.14:22:00::SCWDomain::checking for install qemu data   : 
TRACE::2025-03-27.14:22:00::SCWPlatform::Trying to open the hw design at D:/School/UIUC_ECE385_SP25/lab6_2/sdk/mb_usb_hdmi_top/hw/mb_usb_hdmi_top.xsa
TRACE::2025-03-27.14:22:00::SCWPlatform::DSA given D:/School/UIUC_ECE385_SP25/lab6_2/sdk/mb_usb_hdmi_top/hw/mb_usb_hdmi_top.xsa
TRACE::2025-03-27.14:22:00::SCWPlatform::DSA absoulate path D:/School/UIUC_ECE385_SP25/lab6_2/sdk/mb_usb_hdmi_top/hw/mb_usb_hdmi_top.xsa
TRACE::2025-03-27.14:22:00::SCWPlatform::DSA directory D:/School/UIUC_ECE385_SP25/lab6_2/sdk/mb_usb_hdmi_top/hw
TRACE::2025-03-27.14:22:00::SCWPlatform:: Platform Path D:/School/UIUC_ECE385_SP25/lab6_2/sdk/mb_usb_hdmi_top/hw/mb_usb_hdmi_top.xsa
TRACE::2025-03-27.14:22:00::SCWPlatform:: Unique name xilinx:::0.0
TRACE::2025-03-27.14:22:00::SCWPlatform::Trying to set the existing hwdb with name mb_usb_hdmi_top_4
TRACE::2025-03-27.14:22:00::SCWPlatform::Opened existing hwdb mb_usb_hdmi_top_4
TRACE::2025-03-27.14:22:00::SCWPlatform::Found the Hw Db part of the input DSA
TRACE::2025-03-27.14:22:00::SCWPlatform::Trying to open the hw design at D:/School/UIUC_ECE385_SP25/lab6_2/sdk/mb_usb_hdmi_top/hw/mb_usb_hdmi_top.xsa
TRACE::2025-03-27.14:22:00::SCWPlatform::DSA given D:/School/UIUC_ECE385_SP25/lab6_2/sdk/mb_usb_hdmi_top/hw/mb_usb_hdmi_top.xsa
TRACE::2025-03-27.14:22:00::SCWPlatform::DSA absoulate path D:/School/UIUC_ECE385_SP25/lab6_2/sdk/mb_usb_hdmi_top/hw/mb_usb_hdmi_top.xsa
TRACE::2025-03-27.14:22:00::SCWPlatform::DSA directory D:/School/UIUC_ECE385_SP25/lab6_2/sdk/mb_usb_hdmi_top/hw
TRACE::2025-03-27.14:22:00::SCWPlatform:: Platform Path D:/School/UIUC_ECE385_SP25/lab6_2/sdk/mb_usb_hdmi_top/hw/mb_usb_hdmi_top.xsa
TRACE::2025-03-27.14:22:00::SCWPlatform:: Unique name xilinx:::0.0
TRACE::2025-03-27.14:22:00::SCWPlatform::Trying to set the existing hwdb with name mb_usb_hdmi_top_4
TRACE::2025-03-27.14:22:00::SCWPlatform::Opened existing hwdb mb_usb_hdmi_top_4
TRACE::2025-03-27.14:22:00::SCWPlatform::Found the Hw Db part of the input DSA
TRACE::2025-03-27.14:22:00::SCWPlatform::Trying to open the hw design at D:/School/UIUC_ECE385_SP25/lab6_2/sdk/mb_usb_hdmi_top/hw/mb_usb_hdmi_top.xsa
TRACE::2025-03-27.14:22:00::SCWPlatform::DSA given D:/School/UIUC_ECE385_SP25/lab6_2/sdk/mb_usb_hdmi_top/hw/mb_usb_hdmi_top.xsa
TRACE::2025-03-27.14:22:00::SCWPlatform::DSA absoulate path D:/School/UIUC_ECE385_SP25/lab6_2/sdk/mb_usb_hdmi_top/hw/mb_usb_hdmi_top.xsa
TRACE::2025-03-27.14:22:00::SCWPlatform::DSA directory D:/School/UIUC_ECE385_SP25/lab6_2/sdk/mb_usb_hdmi_top/hw
TRACE::2025-03-27.14:22:00::SCWPlatform:: Platform Path D:/School/UIUC_ECE385_SP25/lab6_2/sdk/mb_usb_hdmi_top/hw/mb_usb_hdmi_top.xsa
TRACE::2025-03-27.14:22:00::SCWPlatform:: Unique name xilinx:::0.0
TRACE::2025-03-27.14:22:00::SCWPlatform::Trying to set the existing hwdb with name mb_usb_hdmi_top_4
TRACE::2025-03-27.14:22:00::SCWPlatform::Opened existing hwdb mb_usb_hdmi_top_4
TRACE::2025-03-27.14:22:00::SCWPlatform::Found the Hw Db part of the input DSA
TRACE::2025-03-27.14:22:00::SCWPlatform::Trying to open the hw design at D:/School/UIUC_ECE385_SP25/lab6_2/sdk/mb_usb_hdmi_top/hw/mb_usb_hdmi_top.xsa
TRACE::2025-03-27.14:22:00::SCWPlatform::DSA given D:/School/UIUC_ECE385_SP25/lab6_2/sdk/mb_usb_hdmi_top/hw/mb_usb_hdmi_top.xsa
TRACE::2025-03-27.14:22:00::SCWPlatform::DSA absoulate path D:/School/UIUC_ECE385_SP25/lab6_2/sdk/mb_usb_hdmi_top/hw/mb_usb_hdmi_top.xsa
TRACE::2025-03-27.14:22:00::SCWPlatform::DSA directory D:/School/UIUC_ECE385_SP25/lab6_2/sdk/mb_usb_hdmi_top/hw
TRACE::2025-03-27.14:22:00::SCWPlatform:: Platform Path D:/School/UIUC_ECE385_SP25/lab6_2/sdk/mb_usb_hdmi_top/hw/mb_usb_hdmi_top.xsa
TRACE::2025-03-27.14:22:00::SCWPlatform:: Unique name xilinx:::0.0
TRACE::2025-03-27.14:22:00::SCWPlatform::Trying to set the existing hwdb with name mb_usb_hdmi_top_4
TRACE::2025-03-27.14:22:00::SCWPlatform::Opened existing hwdb mb_usb_hdmi_top_4
TRACE::2025-03-27.14:22:00::SCWPlatform::Found the Hw Db part of the input DSA
TRACE::2025-03-27.14:22:00::SCWMssOS::Checking the sw design at  D:/School/UIUC_ECE385_SP25/lab6_2/sdk/mb_usb_hdmi_top/microblaze_0/standalone_microblaze_0/bsp/system.mss
TRACE::2025-03-27.14:22:00::SCWMssOS::DEBUG:  swdes dump  
TRACE::2025-03-27.14:22:00::SCWMssOS::No sw design opened at  D:/School/UIUC_ECE385_SP25/lab6_2/sdk/mb_usb_hdmi_top/microblaze_0/standalone_microblaze_0/bsp/system.mss
TRACE::2025-03-27.14:22:00::SCWMssOS::mss exists loading the mss file  D:/School/UIUC_ECE385_SP25/lab6_2/sdk/mb_usb_hdmi_top/microblaze_0/standalone_microblaze_0/bsp/system.mss
TRACE::2025-03-27.14:22:00::SCWMssOS::Opened the sw design from mss  D:/School/UIUC_ECE385_SP25/lab6_2/sdk/mb_usb_hdmi_top/microblaze_0/standalone_microblaze_0/bsp/system.mss
TRACE::2025-03-27.14:22:00::SCWMssOS::Adding the swdes entry D:/School/UIUC_ECE385_SP25/lab6_2/sdk/mb_usb_hdmi_top/microblaze_0/standalone_microblaze_0/bsp/system.mss with des name system
TRACE::2025-03-27.14:22:00::SCWMssOS::updating the scw layer about changes
TRACE::2025-03-27.14:22:00::SCWMssOS::Opened the sw design.  D:/School/UIUC_ECE385_SP25/lab6_2/sdk/mb_usb_hdmi_top/microblaze_0/standalone_microblaze_0/bsp/system.mss
TRACE::2025-03-27.14:22:00::SCWMssOS::Saving the mss changes D:/School/UIUC_ECE385_SP25/lab6_2/sdk/mb_usb_hdmi_top/microblaze_0/standalone_microblaze_0/bsp/system.mss
TRACE::2025-03-27.14:22:00::SCWMssOS::Found a swdesign opened with the mssfile.
TRACE::2025-03-27.14:22:00::SCWMssOS::Completed writemss as part of save.
TRACE::2025-03-27.14:22:00::SCWMssOS::Commit changes completed.
TRACE::2025-03-27.14:22:00::SCWReader::Adding prebuilt librarypaths as   
TRACE::2025-03-27.14:22:00::SCWReader::Adding prebuilt incpaths  as   
TRACE::2025-03-27.14:22:00::SCWPlatform::Trying to open the hw design at D:/School/UIUC_ECE385_SP25/lab6_2/sdk/mb_usb_hdmi_top/hw/mb_usb_hdmi_top.xsa
TRACE::2025-03-27.14:22:00::SCWPlatform::DSA given D:/School/UIUC_ECE385_SP25/lab6_2/sdk/mb_usb_hdmi_top/hw/mb_usb_hdmi_top.xsa
TRACE::2025-03-27.14:22:00::SCWPlatform::DSA absoulate path D:/School/UIUC_ECE385_SP25/lab6_2/sdk/mb_usb_hdmi_top/hw/mb_usb_hdmi_top.xsa
TRACE::2025-03-27.14:22:00::SCWPlatform::DSA directory D:/School/UIUC_ECE385_SP25/lab6_2/sdk/mb_usb_hdmi_top/hw
TRACE::2025-03-27.14:22:00::SCWPlatform:: Platform Path D:/School/UIUC_ECE385_SP25/lab6_2/sdk/mb_usb_hdmi_top/hw/mb_usb_hdmi_top.xsa
TRACE::2025-03-27.14:22:00::SCWPlatform:: Unique name xilinx:::0.0
TRACE::2025-03-27.14:22:00::SCWPlatform::Trying to set the existing hwdb with name mb_usb_hdmi_top_4
TRACE::2025-03-27.14:22:00::SCWPlatform::Opened existing hwdb mb_usb_hdmi_top_4
TRACE::2025-03-27.14:22:00::SCWPlatform::Found the Hw Db part of the input DSA
TRACE::2025-03-27.14:22:00::SCWMssOS::Checking the sw design at  D:/School/UIUC_ECE385_SP25/lab6_2/sdk/mb_usb_hdmi_top/microblaze_0/standalone_microblaze_0/bsp/system.mss
TRACE::2025-03-27.14:22:00::SCWMssOS::DEBUG:  swdes dump  D:/School/UIUC_ECE385_SP25/lab6_2/sdk/mb_usb_hdmi_top/microblaze_0/standalone_microblaze_0/bsp/system.mss|system||

TRACE::2025-03-27.14:22:00::SCWMssOS::Sw design exists and opened at  D:/School/UIUC_ECE385_SP25/lab6_2/sdk/mb_usb_hdmi_top/microblaze_0/standalone_microblaze_0/bsp/system.mss
TRACE::2025-03-27.14:22:00::SCWReader::No isolation master present  
TRACE::2025-03-27.14:22:22::SCWPlatform::Clearing the existing platform
TRACE::2025-03-27.14:22:22::SCWSystem::Clearing the existing sysconfig
TRACE::2025-03-27.14:22:22::SCWMssOS::Removing the swdes entry for  D:/School/UIUC_ECE385_SP25/lab6_2/sdk/mb_usb_hdmi_top/microblaze_0/standalone_microblaze_0/bsp/system.mss
TRACE::2025-03-27.14:22:22::SCWSystem::Clearing the domains completed.
TRACE::2025-03-27.14:22:22::SCWPlatform::Clearing the opened hw db.
TRACE::2025-03-27.14:22:22::SCWPlatform::DSA given D:/School/UIUC_ECE385_SP25/lab6_2/sdk/mb_usb_hdmi_top/hw/mb_usb_hdmi_top.xsa
TRACE::2025-03-27.14:22:22::SCWPlatform::DSA absoulate path D:/School/UIUC_ECE385_SP25/lab6_2/sdk/mb_usb_hdmi_top/hw/mb_usb_hdmi_top.xsa
TRACE::2025-03-27.14:22:22::SCWPlatform:: Platform location is D:/School/UIUC_ECE385_SP25/lab6_2/sdk/mb_usb_hdmi_top/hw
TRACE::2025-03-27.14:22:22::SCWPlatform:: Platform Path D:/School/UIUC_ECE385_SP25/lab6_2/sdk/mb_usb_hdmi_top/hw/mb_usb_hdmi_top.xsa
TRACE::2025-03-27.14:22:22::SCWPlatform:: Unique name xilinx:::0.0
TRACE::2025-03-27.14:22:22::SCWPlatform::Removing the HwDB with name D:/School/UIUC_ECE385_SP25/lab6_2/sdk/mb_usb_hdmi_top/hw/mb_usb_hdmi_top.xsa
TRACE::2025-03-27.14:22:22::SCWPlatform::Trying to open the hw design at D:/School/UIUC_ECE385_SP25/lab6_2/sdk/mb_usb_hdmi_top/hw/mb_usb_hdmi_top.xsa
TRACE::2025-03-27.14:22:22::SCWPlatform::DSA given D:/School/UIUC_ECE385_SP25/lab6_2/sdk/mb_usb_hdmi_top/hw/mb_usb_hdmi_top.xsa
TRACE::2025-03-27.14:22:22::SCWPlatform::DSA absoulate path D:/School/UIUC_ECE385_SP25/lab6_2/sdk/mb_usb_hdmi_top/hw/mb_usb_hdmi_top.xsa
TRACE::2025-03-27.14:22:22::SCWPlatform::DSA directory D:/School/UIUC_ECE385_SP25/lab6_2/sdk/mb_usb_hdmi_top/hw
TRACE::2025-03-27.14:22:22::SCWPlatform:: Platform Path D:/School/UIUC_ECE385_SP25/lab6_2/sdk/mb_usb_hdmi_top/hw/mb_usb_hdmi_top.xsa
TRACE::2025-03-27.14:22:22::SCWPlatform:: Unique name xilinx:::0.0
TRACE::2025-03-27.14:22:22::SCWPlatform::Do not have an existing db opened. 
TRACE::2025-03-27.14:22:22::SCWPlatform::Opened new HwDB with name mb_usb_hdmi_top_5
TRACE::2025-03-27.14:22:22::SCWReader::Active system found as  mb_usb_hdmi_top
TRACE::2025-03-27.14:22:22::SCWReader::Handling sysconfig mb_usb_hdmi_top
TRACE::2025-03-27.14:22:22::SCWDomain::checking for install qemu data   : 
TRACE::2025-03-27.14:22:22::SCWPlatform::Trying to open the hw design at D:/School/UIUC_ECE385_SP25/lab6_2/sdk/mb_usb_hdmi_top/hw/mb_usb_hdmi_top.xsa
TRACE::2025-03-27.14:22:22::SCWPlatform::DSA given D:/School/UIUC_ECE385_SP25/lab6_2/sdk/mb_usb_hdmi_top/hw/mb_usb_hdmi_top.xsa
TRACE::2025-03-27.14:22:22::SCWPlatform::DSA absoulate path D:/School/UIUC_ECE385_SP25/lab6_2/sdk/mb_usb_hdmi_top/hw/mb_usb_hdmi_top.xsa
TRACE::2025-03-27.14:22:22::SCWPlatform::DSA directory D:/School/UIUC_ECE385_SP25/lab6_2/sdk/mb_usb_hdmi_top/hw
TRACE::2025-03-27.14:22:22::SCWPlatform:: Platform Path D:/School/UIUC_ECE385_SP25/lab6_2/sdk/mb_usb_hdmi_top/hw/mb_usb_hdmi_top.xsa
TRACE::2025-03-27.14:22:22::SCWPlatform:: Unique name xilinx:::0.0
TRACE::2025-03-27.14:22:22::SCWPlatform::Trying to set the existing hwdb with name mb_usb_hdmi_top_5
TRACE::2025-03-27.14:22:22::SCWPlatform::Opened existing hwdb mb_usb_hdmi_top_5
TRACE::2025-03-27.14:22:22::SCWPlatform::Found the Hw Db part of the input DSA
TRACE::2025-03-27.14:22:22::SCWPlatform::Trying to open the hw design at D:/School/UIUC_ECE385_SP25/lab6_2/sdk/mb_usb_hdmi_top/hw/mb_usb_hdmi_top.xsa
TRACE::2025-03-27.14:22:22::SCWPlatform::DSA given D:/School/UIUC_ECE385_SP25/lab6_2/sdk/mb_usb_hdmi_top/hw/mb_usb_hdmi_top.xsa
TRACE::2025-03-27.14:22:22::SCWPlatform::DSA absoulate path D:/School/UIUC_ECE385_SP25/lab6_2/sdk/mb_usb_hdmi_top/hw/mb_usb_hdmi_top.xsa
TRACE::2025-03-27.14:22:22::SCWPlatform::DSA directory D:/School/UIUC_ECE385_SP25/lab6_2/sdk/mb_usb_hdmi_top/hw
TRACE::2025-03-27.14:22:22::SCWPlatform:: Platform Path D:/School/UIUC_ECE385_SP25/lab6_2/sdk/mb_usb_hdmi_top/hw/mb_usb_hdmi_top.xsa
TRACE::2025-03-27.14:22:22::SCWPlatform:: Unique name xilinx:::0.0
TRACE::2025-03-27.14:22:22::SCWPlatform::Trying to set the existing hwdb with name mb_usb_hdmi_top_5
TRACE::2025-03-27.14:22:22::SCWPlatform::Opened existing hwdb mb_usb_hdmi_top_5
TRACE::2025-03-27.14:22:22::SCWPlatform::Found the Hw Db part of the input DSA
TRACE::2025-03-27.14:22:22::SCWPlatform::Trying to open the hw design at D:/School/UIUC_ECE385_SP25/lab6_2/sdk/mb_usb_hdmi_top/hw/mb_usb_hdmi_top.xsa
TRACE::2025-03-27.14:22:22::SCWPlatform::DSA given D:/School/UIUC_ECE385_SP25/lab6_2/sdk/mb_usb_hdmi_top/hw/mb_usb_hdmi_top.xsa
TRACE::2025-03-27.14:22:22::SCWPlatform::DSA absoulate path D:/School/UIUC_ECE385_SP25/lab6_2/sdk/mb_usb_hdmi_top/hw/mb_usb_hdmi_top.xsa
TRACE::2025-03-27.14:22:22::SCWPlatform::DSA directory D:/School/UIUC_ECE385_SP25/lab6_2/sdk/mb_usb_hdmi_top/hw
TRACE::2025-03-27.14:22:22::SCWPlatform:: Platform Path D:/School/UIUC_ECE385_SP25/lab6_2/sdk/mb_usb_hdmi_top/hw/mb_usb_hdmi_top.xsa
TRACE::2025-03-27.14:22:22::SCWPlatform:: Unique name xilinx:::0.0
TRACE::2025-03-27.14:22:22::SCWPlatform::Trying to set the existing hwdb with name mb_usb_hdmi_top_5
TRACE::2025-03-27.14:22:22::SCWPlatform::Opened existing hwdb mb_usb_hdmi_top_5
TRACE::2025-03-27.14:22:22::SCWPlatform::Found the Hw Db part of the input DSA
TRACE::2025-03-27.14:22:22::SCWPlatform::Trying to open the hw design at D:/School/UIUC_ECE385_SP25/lab6_2/sdk/mb_usb_hdmi_top/hw/mb_usb_hdmi_top.xsa
TRACE::2025-03-27.14:22:22::SCWPlatform::DSA given D:/School/UIUC_ECE385_SP25/lab6_2/sdk/mb_usb_hdmi_top/hw/mb_usb_hdmi_top.xsa
TRACE::2025-03-27.14:22:22::SCWPlatform::DSA absoulate path D:/School/UIUC_ECE385_SP25/lab6_2/sdk/mb_usb_hdmi_top/hw/mb_usb_hdmi_top.xsa
TRACE::2025-03-27.14:22:22::SCWPlatform::DSA directory D:/School/UIUC_ECE385_SP25/lab6_2/sdk/mb_usb_hdmi_top/hw
TRACE::2025-03-27.14:22:22::SCWPlatform:: Platform Path D:/School/UIUC_ECE385_SP25/lab6_2/sdk/mb_usb_hdmi_top/hw/mb_usb_hdmi_top.xsa
TRACE::2025-03-27.14:22:22::SCWPlatform:: Unique name xilinx:::0.0
TRACE::2025-03-27.14:22:22::SCWPlatform::Trying to set the existing hwdb with name mb_usb_hdmi_top_5
TRACE::2025-03-27.14:22:22::SCWPlatform::Opened existing hwdb mb_usb_hdmi_top_5
TRACE::2025-03-27.14:22:22::SCWPlatform::Found the Hw Db part of the input DSA
TRACE::2025-03-27.14:22:22::SCWMssOS::Checking the sw design at  D:/School/UIUC_ECE385_SP25/lab6_2/sdk/mb_usb_hdmi_top/microblaze_0/standalone_microblaze_0/bsp/system.mss
TRACE::2025-03-27.14:22:22::SCWMssOS::DEBUG:  swdes dump  
TRACE::2025-03-27.14:22:22::SCWMssOS::No sw design opened at  D:/School/UIUC_ECE385_SP25/lab6_2/sdk/mb_usb_hdmi_top/microblaze_0/standalone_microblaze_0/bsp/system.mss
TRACE::2025-03-27.14:22:22::SCWMssOS::mss exists loading the mss file  D:/School/UIUC_ECE385_SP25/lab6_2/sdk/mb_usb_hdmi_top/microblaze_0/standalone_microblaze_0/bsp/system.mss
TRACE::2025-03-27.14:22:22::SCWMssOS::Opened the sw design from mss  D:/School/UIUC_ECE385_SP25/lab6_2/sdk/mb_usb_hdmi_top/microblaze_0/standalone_microblaze_0/bsp/system.mss
TRACE::2025-03-27.14:22:22::SCWMssOS::Adding the swdes entry D:/School/UIUC_ECE385_SP25/lab6_2/sdk/mb_usb_hdmi_top/microblaze_0/standalone_microblaze_0/bsp/system.mss with des name system
TRACE::2025-03-27.14:22:22::SCWMssOS::updating the scw layer about changes
TRACE::2025-03-27.14:22:22::SCWMssOS::Opened the sw design.  D:/School/UIUC_ECE385_SP25/lab6_2/sdk/mb_usb_hdmi_top/microblaze_0/standalone_microblaze_0/bsp/system.mss
TRACE::2025-03-27.14:22:22::SCWMssOS::Saving the mss changes D:/School/UIUC_ECE385_SP25/lab6_2/sdk/mb_usb_hdmi_top/microblaze_0/standalone_microblaze_0/bsp/system.mss
TRACE::2025-03-27.14:22:22::SCWMssOS::Found a swdesign opened with the mssfile.
TRACE::2025-03-27.14:22:22::SCWMssOS::Completed writemss as part of save.
TRACE::2025-03-27.14:22:22::SCWMssOS::Commit changes completed.
TRACE::2025-03-27.14:22:22::SCWReader::Adding prebuilt librarypaths as   
TRACE::2025-03-27.14:22:22::SCWReader::Adding prebuilt incpaths  as   
TRACE::2025-03-27.14:22:22::SCWPlatform::Trying to open the hw design at D:/School/UIUC_ECE385_SP25/lab6_2/sdk/mb_usb_hdmi_top/hw/mb_usb_hdmi_top.xsa
TRACE::2025-03-27.14:22:22::SCWPlatform::DSA given D:/School/UIUC_ECE385_SP25/lab6_2/sdk/mb_usb_hdmi_top/hw/mb_usb_hdmi_top.xsa
TRACE::2025-03-27.14:22:22::SCWPlatform::DSA absoulate path D:/School/UIUC_ECE385_SP25/lab6_2/sdk/mb_usb_hdmi_top/hw/mb_usb_hdmi_top.xsa
TRACE::2025-03-27.14:22:22::SCWPlatform::DSA directory D:/School/UIUC_ECE385_SP25/lab6_2/sdk/mb_usb_hdmi_top/hw
TRACE::2025-03-27.14:22:22::SCWPlatform:: Platform Path D:/School/UIUC_ECE385_SP25/lab6_2/sdk/mb_usb_hdmi_top/hw/mb_usb_hdmi_top.xsa
TRACE::2025-03-27.14:22:22::SCWPlatform:: Unique name xilinx:::0.0
TRACE::2025-03-27.14:22:22::SCWPlatform::Trying to set the existing hwdb with name mb_usb_hdmi_top_5
TRACE::2025-03-27.14:22:22::SCWPlatform::Opened existing hwdb mb_usb_hdmi_top_5
TRACE::2025-03-27.14:22:22::SCWPlatform::Found the Hw Db part of the input DSA
TRACE::2025-03-27.14:22:22::SCWMssOS::Checking the sw design at  D:/School/UIUC_ECE385_SP25/lab6_2/sdk/mb_usb_hdmi_top/microblaze_0/standalone_microblaze_0/bsp/system.mss
TRACE::2025-03-27.14:22:22::SCWMssOS::DEBUG:  swdes dump  D:/School/UIUC_ECE385_SP25/lab6_2/sdk/mb_usb_hdmi_top/microblaze_0/standalone_microblaze_0/bsp/system.mss|system||

TRACE::2025-03-27.14:22:22::SCWMssOS::Sw design exists and opened at  D:/School/UIUC_ECE385_SP25/lab6_2/sdk/mb_usb_hdmi_top/microblaze_0/standalone_microblaze_0/bsp/system.mss
TRACE::2025-03-27.14:22:22::SCWReader::No isolation master present  
TRACE::2025-03-27.14:22:24::SCWPlatform::DSA given D:/School/UIUC_ECE385_SP25/lab6_2/sdk/mb_usb_hdmi_top/tempdsa/mb_usb_hdmi_top.xsa
TRACE::2025-03-27.14:22:24::SCWPlatform::DSA absoulate path D:/School/UIUC_ECE385_SP25/lab6_2/sdk/mb_usb_hdmi_top/tempdsa/mb_usb_hdmi_top.xsa
TRACE::2025-03-27.14:22:24::SCWPlatform:: Platform location is D:/School/UIUC_ECE385_SP25/lab6_2/sdk/mb_usb_hdmi_top/tempdsa
TRACE::2025-03-27.14:22:24::SCWPlatform:: Platform Path D:/School/UIUC_ECE385_SP25/lab6_2/sdk/mb_usb_hdmi_top/tempdsa/mb_usb_hdmi_top.xsa
TRACE::2025-03-27.14:22:24::SCWPlatform:: Unique name xilinx:::0.0
TRACE::2025-03-27.14:22:24::SCWPlatform::Found the Hw Db part of the input DSA
TRACE::2025-03-27.14:22:24::SCWMssOS::Doing hw sync for the mss in domain: standalone_microblaze_0
TRACE::2025-03-27.14:22:24::SCWPlatform::Trying to open the hw design at D:/School/UIUC_ECE385_SP25/lab6_2/sdk/mb_usb_hdmi_top/hw/mb_usb_hdmi_top.xsa
TRACE::2025-03-27.14:22:24::SCWPlatform::DSA given D:/School/UIUC_ECE385_SP25/lab6_2/sdk/mb_usb_hdmi_top/hw/mb_usb_hdmi_top.xsa
TRACE::2025-03-27.14:22:24::SCWPlatform::DSA absoulate path D:/School/UIUC_ECE385_SP25/lab6_2/sdk/mb_usb_hdmi_top/hw/mb_usb_hdmi_top.xsa
TRACE::2025-03-27.14:22:24::SCWPlatform::DSA directory D:/School/UIUC_ECE385_SP25/lab6_2/sdk/mb_usb_hdmi_top/hw
TRACE::2025-03-27.14:22:24::SCWPlatform:: Platform Path D:/School/UIUC_ECE385_SP25/lab6_2/sdk/mb_usb_hdmi_top/hw/mb_usb_hdmi_top.xsa
TRACE::2025-03-27.14:22:24::SCWPlatform:: Unique name xilinx:::0.0
TRACE::2025-03-27.14:22:24::SCWPlatform::Trying to set the existing hwdb with name mb_usb_hdmi_top_5
TRACE::2025-03-27.14:22:24::SCWPlatform::Opened existing hwdb mb_usb_hdmi_top_5
TRACE::2025-03-27.14:22:24::SCWPlatform::Found the Hw Db part of the input DSA
TRACE::2025-03-27.14:22:24::SCWPlatform::Trying to open the hw design at D:/School/UIUC_ECE385_SP25/lab6_2/sdk/mb_usb_hdmi_top/hw/mb_usb_hdmi_top.xsa
TRACE::2025-03-27.14:22:24::SCWPlatform::DSA given D:/School/UIUC_ECE385_SP25/lab6_2/sdk/mb_usb_hdmi_top/hw/mb_usb_hdmi_top.xsa
TRACE::2025-03-27.14:22:24::SCWPlatform::DSA absoulate path D:/School/UIUC_ECE385_SP25/lab6_2/sdk/mb_usb_hdmi_top/hw/mb_usb_hdmi_top.xsa
TRACE::2025-03-27.14:22:24::SCWPlatform::DSA directory D:/School/UIUC_ECE385_SP25/lab6_2/sdk/mb_usb_hdmi_top/hw
TRACE::2025-03-27.14:22:24::SCWPlatform:: Platform Path D:/School/UIUC_ECE385_SP25/lab6_2/sdk/mb_usb_hdmi_top/hw/mb_usb_hdmi_top.xsa
TRACE::2025-03-27.14:22:24::SCWPlatform:: Unique name xilinx:::0.0
TRACE::2025-03-27.14:22:24::SCWPlatform::Trying to set the existing hwdb with name mb_usb_hdmi_top_5
TRACE::2025-03-27.14:22:24::SCWPlatform::Opened existing hwdb mb_usb_hdmi_top_5
TRACE::2025-03-27.14:22:24::SCWPlatform::Found the Hw Db part of the input DSA
TRACE::2025-03-27.14:22:24::SCWMssOS::Checking the sw design at  D:/School/UIUC_ECE385_SP25/lab6_2/sdk/mb_usb_hdmi_top/microblaze_0/standalone_microblaze_0/bsp/system.mss
TRACE::2025-03-27.14:22:24::SCWMssOS::DEBUG:  swdes dump  D:/School/UIUC_ECE385_SP25/lab6_2/sdk/mb_usb_hdmi_top/microblaze_0/standalone_microblaze_0/bsp/system.mss|system||

TRACE::2025-03-27.14:22:24::SCWMssOS::Sw design exists and opened at  D:/School/UIUC_ECE385_SP25/lab6_2/sdk/mb_usb_hdmi_top/microblaze_0/standalone_microblaze_0/bsp/system.mss
TRACE::2025-03-27.14:22:24::SCWPlatform::Trying to open the hw design at D:/School/UIUC_ECE385_SP25/lab6_2/sdk/mb_usb_hdmi_top/tempdsa/mb_usb_hdmi_top.xsa
TRACE::2025-03-27.14:22:24::SCWPlatform::DSA given D:/School/UIUC_ECE385_SP25/lab6_2/sdk/mb_usb_hdmi_top/tempdsa/mb_usb_hdmi_top.xsa
TRACE::2025-03-27.14:22:24::SCWPlatform::DSA absoulate path D:/School/UIUC_ECE385_SP25/lab6_2/sdk/mb_usb_hdmi_top/tempdsa/mb_usb_hdmi_top.xsa
TRACE::2025-03-27.14:22:24::SCWPlatform::DSA directory D:/School/UIUC_ECE385_SP25/lab6_2/sdk/mb_usb_hdmi_top/tempdsa
TRACE::2025-03-27.14:22:24::SCWPlatform:: Platform Path D:/School/UIUC_ECE385_SP25/lab6_2/sdk/mb_usb_hdmi_top/tempdsa/mb_usb_hdmi_top.xsa
TRACE::2025-03-27.14:22:24::SCWPlatform:: Unique name xilinx:::0.0
TRACE::2025-03-27.14:22:24::SCWPlatform::update - Opened existing hwdb mb_usb_hdmi_top_6
TRACE::2025-03-27.14:22:24::SCWPlatform::Found the Hw Db part of the input DSA
TRACE::2025-03-27.14:22:24::SCWMssOS::Saving the mss changes D:/School/UIUC_ECE385_SP25/lab6_2/sdk/mb_usb_hdmi_top/microblaze_0/standalone_microblaze_0/bsp/system.mss
TRACE::2025-03-27.14:22:24::SCWMssOS::Found a swdesign opened with the mssfile.
TRACE::2025-03-27.14:22:24::SCWMssOS::Completed writemss as part of save.
TRACE::2025-03-27.14:22:24::SCWMssOS::Commit changes completed.
TRACE::2025-03-27.14:22:24::SCWMssOS::Completed hw sync for the mss in domain: standalone_microblaze_0
TRACE::2025-03-27.14:22:24::SCWMssOS::Removing the swdes entry for  D:/School/UIUC_ECE385_SP25/lab6_2/sdk/mb_usb_hdmi_top/microblaze_0/standalone_microblaze_0/bsp/system.mss
TRACE::2025-03-27.14:22:24::SCWPlatform::Trying to open the hw design at D:/School/UIUC_ECE385_SP25/lab6_2/sdk/mb_usb_hdmi_top/hw/mb_usb_hdmi_top.xsa
TRACE::2025-03-27.14:22:24::SCWPlatform::DSA given D:/School/UIUC_ECE385_SP25/lab6_2/sdk/mb_usb_hdmi_top/hw/mb_usb_hdmi_top.xsa
TRACE::2025-03-27.14:22:24::SCWPlatform::DSA absoulate path D:/School/UIUC_ECE385_SP25/lab6_2/sdk/mb_usb_hdmi_top/hw/mb_usb_hdmi_top.xsa
TRACE::2025-03-27.14:22:24::SCWPlatform::DSA directory D:/School/UIUC_ECE385_SP25/lab6_2/sdk/mb_usb_hdmi_top/hw
TRACE::2025-03-27.14:22:24::SCWPlatform:: Platform Path D:/School/UIUC_ECE385_SP25/lab6_2/sdk/mb_usb_hdmi_top/hw/mb_usb_hdmi_top.xsa
TRACE::2025-03-27.14:22:24::SCWPlatform:: Unique name xilinx:::0.0
TRACE::2025-03-27.14:22:24::SCWPlatform::Do not have an existing db opened. 
TRACE::2025-03-27.14:22:24::SCWPlatform::Opened new HwDB with name mb_usb_hdmi_top_7
TRACE::2025-03-27.14:22:24::SCWMssOS::Saving the mss changes D:/School/UIUC_ECE385_SP25/lab6_2/sdk/mb_usb_hdmi_top/microblaze_0/standalone_microblaze_0/bsp/system.mss
TRACE::2025-03-27.14:22:24::SCWMssOS::Adding the swdes entry, mss present, able to open swdb D:/School/UIUC_ECE385_SP25/lab6_2/sdk/mb_usb_hdmi_top/microblaze_0/standalone_microblaze_0/bsp/system.mss with des name system
TRACE::2025-03-27.14:22:24::SCWMssOS::Writing the mss file completed D:/School/UIUC_ECE385_SP25/lab6_2/sdk/mb_usb_hdmi_top/microblaze_0/standalone_microblaze_0/bsp/system.mss
TRACE::2025-03-27.14:22:24::SCWMssOS::Commit changes completed.
TRACE::2025-03-27.14:22:24::SCWPlatform::Trying to open the hw design at D:/School/UIUC_ECE385_SP25/lab6_2/sdk/mb_usb_hdmi_top/hw/mb_usb_hdmi_top.xsa
TRACE::2025-03-27.14:22:24::SCWPlatform::DSA given D:/School/UIUC_ECE385_SP25/lab6_2/sdk/mb_usb_hdmi_top/hw/mb_usb_hdmi_top.xsa
TRACE::2025-03-27.14:22:24::SCWPlatform::DSA absoulate path D:/School/UIUC_ECE385_SP25/lab6_2/sdk/mb_usb_hdmi_top/hw/mb_usb_hdmi_top.xsa
TRACE::2025-03-27.14:22:24::SCWPlatform::DSA directory D:/School/UIUC_ECE385_SP25/lab6_2/sdk/mb_usb_hdmi_top/hw
TRACE::2025-03-27.14:22:24::SCWPlatform:: Platform Path D:/School/UIUC_ECE385_SP25/lab6_2/sdk/mb_usb_hdmi_top/hw/mb_usb_hdmi_top.xsa
TRACE::2025-03-27.14:22:24::SCWPlatform:: Unique name xilinx:::0.0
TRACE::2025-03-27.14:22:24::SCWPlatform::Trying to set the existing hwdb with name mb_usb_hdmi_top_7
TRACE::2025-03-27.14:22:24::SCWPlatform::Opened existing hwdb mb_usb_hdmi_top_7
TRACE::2025-03-27.14:22:24::SCWPlatform::Found the Hw Db part of the input DSA
TRACE::2025-03-27.14:22:24::SCWMssOS::Checking the sw design at  D:/School/UIUC_ECE385_SP25/lab6_2/sdk/mb_usb_hdmi_top/microblaze_0/standalone_microblaze_0/bsp/system.mss
TRACE::2025-03-27.14:22:24::SCWMssOS::DEBUG:  swdes dump  D:/School/UIUC_ECE385_SP25/lab6_2/sdk/mb_usb_hdmi_top/microblaze_0/standalone_microblaze_0/bsp/system.mss|system||

TRACE::2025-03-27.14:22:24::SCWMssOS::Sw design exists and opened at  D:/School/UIUC_ECE385_SP25/lab6_2/sdk/mb_usb_hdmi_top/microblaze_0/standalone_microblaze_0/bsp/system.mss
TRACE::2025-03-27.14:22:24::SCWWriter::formatted JSON is {
	"platformName":	"mb_usb_hdmi_top",
	"sprVersion":	"2.0",
	"mode":	"gui",
	"dsaType":	"Fixed",
	"platformDesc":	"mb_usb_hdmi_top",
	"platHandOff":	"D:/School/UIUC_ECE385_SP25/lab6_2/mb_usb_hdmi_top.xsa",
	"platIntHandOff":	"<platformDir>/hw/mb_usb_hdmi_top.xsa",
	"deviceType":	"FPGA",
	"platIsPrebuiltAutogen":	"false",
	"platIsNoBootBsp":	"false",
	"hasFsblMakeHasChanges":	"false",
	"hasPmufwMakeHasChanges":	"false",
	"platPreBuiltFlag":	false,
	"platformSamplesDir":	"",
	"platActiveSys":	"mb_usb_hdmi_top",
	"systems":	[{
			"systemName":	"mb_usb_hdmi_top",
			"systemDesc":	"mb_usb_hdmi_top",
			"sysIsBootAutoGen":	"true",
			"systemDispName":	"mb_usb_hdmi_top",
			"sysActiveDom":	"standalone_microblaze_0",
			"sysDefaultDom":	"standalone_microblaze_0",
			"domains":	[{
					"domainName":	"standalone_microblaze_0",
					"domainDispName":	"standalone_microblaze_0",
					"domainDesc":	"standalone_microblaze_0",
					"processors":	"microblaze_0",
					"os":	"standalone",
					"sdxOs":	"standalone",
					"debugEnable":	"False",
					"domRuntimes":	["cpp"],
					"swRepo":	"",
					"mssOsVer":	"8.0",
					"mssFile":	"",
					"md5Digest":	"304529987e879521ca977c68d163f3621",
					"compatibleApp":	"",
					"domType":	"mssDomain",
					"arch":	"32-bit",
					"appSettings":	{
						"appCompilerFlags":	"",
						"appLinkerFlags":	""
					},
					"addedLibs":	[],
					"libOptions":	{
						"libsContainingOptions":	[]
					},
					"prebuiltLibs":	{
						"prebuiltIncPath":	[],
						"prebuiltLibPath":	[]
					},
					"isolation":	{
					}
				}]
		}]
}
TRACE::2025-03-27.14:22:35::SCWMssOS::cleaning the bsp 
TRACE::2025-03-27.14:22:35::SCWMssOS::System Command Ran  D: & cd  D:/School/UIUC_ECE385_SP25/lab6_2/sdk/mb_usb_hdmi_top/microblaze_0/standalone_microblaze_0/bsp & make clean 
TRACE::2025-03-27.14:22:35::SCWMssOS::make -C microblaze_0/libsrc/bram_v4_8/src -s clean 

TRACE::2025-03-27.14:22:35::SCWMssOS::make -C microblaze_0/libsrc/cpu_v2_16/src -s clean 

TRACE::2025-03-27.14:22:35::SCWMssOS::make -C microblaze_0/libsrc/gpio_v4_9/src -s clean 

TRACE::2025-03-27.14:22:36::SCWMssOS::make -C microblaze_0/libsrc/intc_v3_15/src -s clean 

TRACE::2025-03-27.14:22:36::SCWMssOS::make -C microblaze_0/libsrc/spi_v4_9/src -s clean 

TRACE::2025-03-27.14:22:36::SCWMssOS::make -C microblaze_0/libsrc/standalone_v8_0/src -s clean 

TRACE::2025-03-27.14:22:36::SCWMssOS::make -C microblaze_0/libsrc/tmrctr_v4_9/src -s clean 

TRACE::2025-03-27.14:22:36::SCWMssOS::make -C microblaze_0/libsrc/uartlite_v3_7/src -s clean 

TRACE::2025-03-27.14:22:36::SCWMssOS::rm -f microblaze_0/lib/libxil.a

LOG::2025-03-27.14:22:39::SCWPlatform::Started generating the artifacts platform mb_usb_hdmi_top
TRACE::2025-03-27.14:22:39::SCWPlatform::Sanity checking of platform is completed
LOG::2025-03-27.14:22:39::SCWPlatform::Started generating the artifacts for system configuration mb_usb_hdmi_top
LOG::2025-03-27.14:22:39::SCWSystem::Checking the domain standalone_microblaze_0
LOG::2025-03-27.14:22:39::SCWSystem::Not a boot domain 
LOG::2025-03-27.14:22:39::SCWSystem::Started Processing the domain standalone_microblaze_0
TRACE::2025-03-27.14:22:39::SCWDomain::Generating domain artifcats
TRACE::2025-03-27.14:22:39::SCWMssOS::Generating standalone artifcats
TRACE::2025-03-27.14:22:39::SCWMssOS:: Copying the user libraries. 
TRACE::2025-03-27.14:22:39::SCWPlatform::Trying to open the hw design at D:/School/UIUC_ECE385_SP25/lab6_2/sdk/mb_usb_hdmi_top/hw/mb_usb_hdmi_top.xsa
TRACE::2025-03-27.14:22:39::SCWPlatform::DSA given D:/School/UIUC_ECE385_SP25/lab6_2/sdk/mb_usb_hdmi_top/hw/mb_usb_hdmi_top.xsa
TRACE::2025-03-27.14:22:39::SCWPlatform::DSA absoulate path D:/School/UIUC_ECE385_SP25/lab6_2/sdk/mb_usb_hdmi_top/hw/mb_usb_hdmi_top.xsa
TRACE::2025-03-27.14:22:39::SCWPlatform::DSA directory D:/School/UIUC_ECE385_SP25/lab6_2/sdk/mb_usb_hdmi_top/hw
TRACE::2025-03-27.14:22:39::SCWPlatform:: Platform Path D:/School/UIUC_ECE385_SP25/lab6_2/sdk/mb_usb_hdmi_top/hw/mb_usb_hdmi_top.xsa
TRACE::2025-03-27.14:22:39::SCWPlatform:: Unique name xilinx:::0.0
TRACE::2025-03-27.14:22:39::SCWPlatform::Trying to set the existing hwdb with name mb_usb_hdmi_top_7
TRACE::2025-03-27.14:22:39::SCWPlatform::Opened existing hwdb mb_usb_hdmi_top_7
TRACE::2025-03-27.14:22:39::SCWPlatform::Found the Hw Db part of the input DSA
TRACE::2025-03-27.14:22:39::SCWMssOS::Checking the sw design at  D:/School/UIUC_ECE385_SP25/lab6_2/sdk/mb_usb_hdmi_top/microblaze_0/standalone_microblaze_0/bsp/system.mss
TRACE::2025-03-27.14:22:39::SCWMssOS::DEBUG:  swdes dump  D:/School/UIUC_ECE385_SP25/lab6_2/sdk/mb_usb_hdmi_top/microblaze_0/standalone_microblaze_0/bsp/system.mss|system||

TRACE::2025-03-27.14:22:39::SCWMssOS::Sw design exists and opened at  D:/School/UIUC_ECE385_SP25/lab6_2/sdk/mb_usb_hdmi_top/microblaze_0/standalone_microblaze_0/bsp/system.mss
TRACE::2025-03-27.14:22:39::SCWMssOS::Completed writing the mss file at D:/School/UIUC_ECE385_SP25/lab6_2/sdk/mb_usb_hdmi_top/microblaze_0/standalone_microblaze_0/bsp
TRACE::2025-03-27.14:22:39::SCWMssOS::Mss edits present, copying mssfile into export location D:/School/UIUC_ECE385_SP25/lab6_2/sdk/mb_usb_hdmi_top/microblaze_0/standalone_microblaze_0/bsp/system.mss
TRACE::2025-03-27.14:22:39::SCWMssOS::bsp generated is stale removing and regenerating. 
TRACE::2025-03-27.14:22:42::SCWMssOS::doing bsp build ... 
TRACE::2025-03-27.14:22:42::SCWMssOS::System Command Ran  D: & cd  D:/School/UIUC_ECE385_SP25/lab6_2/sdk/mb_usb_hdmi_top/microblaze_0/standalone_microblaze_0/bsp & make 
TRACE::2025-03-27.14:22:42::SCWMssOS::make --no-print-directory seq_libs

TRACE::2025-03-27.14:22:42::SCWMssOS::'Finished building libraries sequentially.'

TRACE::2025-03-27.14:22:42::SCWMssOS::make -j 10 --no-print-directory par_libs

TRACE::2025-03-27.14:22:42::SCWMssOS::"Running Make include in microblaze_0/libsrc/bram_v4_8/src"

TRACE::2025-03-27.14:22:42::SCWMssOS::make -C microblaze_0/libsrc/bram_v4_8/src -s include  "SHELL=CMD" "COMPILER=mb-gcc" "ASSEMBLER=mb-as" "ARCHIVER=mb-ar" "COMPILE
TRACE::2025-03-27.14:22:42::SCWMssOS::R_FLAGS=  -O2 -c -mcpu=v11.0 -mlittle-endian -mno-xl-reorder -mno-xl-soft-mul -mxl-barrel-shift -mxl-pattern-compare" "EXTRA_CO
TRACE::2025-03-27.14:22:42::SCWMssOS::MPILER_FLAGS=-g -ffunction-sections -fdata-sections -Wall -Wextra -fno-tree-loop-distribute-patterns"

TRACE::2025-03-27.14:22:42::SCWMssOS::"Running Make include in microblaze_0/libsrc/cpu_v2_16/src"

TRACE::2025-03-27.14:22:42::SCWMssOS::make -C microblaze_0/libsrc/cpu_v2_16/src -s include  "SHELL=CMD" "COMPILER=mb-gcc" "ASSEMBLER=mb-as" "ARCHIVER=mb-ar" "COMPILE
TRACE::2025-03-27.14:22:42::SCWMssOS::R_FLAGS=  -O2 -c -mcpu=v11.0 -mlittle-endian -mno-xl-reorder -mno-xl-soft-mul -mxl-barrel-shift -mxl-pattern-compare" "EXTRA_CO
TRACE::2025-03-27.14:22:42::SCWMssOS::MPILER_FLAGS=-g -ffunction-sections -fdata-sections -Wall -Wextra -fno-tree-loop-distribute-patterns"

TRACE::2025-03-27.14:22:42::SCWMssOS::"Running Make include in microblaze_0/libsrc/gpio_v4_9/src"

TRACE::2025-03-27.14:22:42::SCWMssOS::make -C microblaze_0/libsrc/gpio_v4_9/src -s include  "SHELL=CMD" "COMPILER=mb-gcc" "ASSEMBLER=mb-as" "ARCHIVER=mb-ar" "COMPILE
TRACE::2025-03-27.14:22:42::SCWMssOS::R_FLAGS=  -O2 -c -mcpu=v11.0 -mlittle-endian -mno-xl-reorder -mno-xl-soft-mul -mxl-barrel-shift -mxl-pattern-compare" "EXTRA_CO
TRACE::2025-03-27.14:22:42::SCWMssOS::MPILER_FLAGS=-g -ffunction-sections -fdata-sections -Wall -Wextra -fno-tree-loop-distribute-patterns"

TRACE::2025-03-27.14:22:42::SCWMssOS::"Running Make include in microblaze_0/libsrc/intc_v3_15/src"

TRACE::2025-03-27.14:22:42::SCWMssOS::make -C microblaze_0/libsrc/intc_v3_15/src -s include  "SHELL=CMD" "COMPILER=mb-gcc" "ASSEMBLER=mb-as" "ARCHIVER=mb-ar" "COMPIL
TRACE::2025-03-27.14:22:42::SCWMssOS::ER_FLAGS=  -O2 -c -mcpu=v11.0 -mlittle-endian -mno-xl-reorder -mno-xl-soft-mul -mxl-barrel-shift -mxl-pattern-compare" "EXTRA_C
TRACE::2025-03-27.14:22:42::SCWMssOS::OMPILER_FLAGS=-g -ffunction-sections -fdata-sections -Wall -Wextra -fno-tree-loop-distribute-patterns"

TRACE::2025-03-27.14:22:42::SCWMssOS::"Running Make include in microblaze_0/libsrc/spi_v4_9/src"

TRACE::2025-03-27.14:22:42::SCWMssOS::make -C microblaze_0/libsrc/spi_v4_9/src -s include  "SHELL=CMD" "COMPILER=mb-gcc" "ASSEMBLER=mb-as" "ARCHIVER=mb-ar" "COMPILER
TRACE::2025-03-27.14:22:42::SCWMssOS::_FLAGS=  -O2 -c -mcpu=v11.0 -mlittle-endian -mno-xl-reorder -mno-xl-soft-mul -mxl-barrel-shift -mxl-pattern-compare" "EXTRA_COM
TRACE::2025-03-27.14:22:42::SCWMssOS::PILER_FLAGS=-g -ffunction-sections -fdata-sections -Wall -Wextra -fno-tree-loop-distribute-patterns"

TRACE::2025-03-27.14:22:42::SCWMssOS::"Running Make include in microblaze_0/libsrc/standalone_v8_0/src"

TRACE::2025-03-27.14:22:42::SCWMssOS::make -C microblaze_0/libsrc/standalone_v8_0/src -s include  "SHELL=CMD" "COMPILER=mb-gcc" "ASSEMBLER=mb-as" "ARCHIVER=mb-ar" "C
TRACE::2025-03-27.14:22:42::SCWMssOS::OMPILER_FLAGS=  -O2 -c -mcpu=v11.0 -mlittle-endian -mno-xl-reorder -mno-xl-soft-mul -mxl-barrel-shift -mxl-pattern-compare" "EX
TRACE::2025-03-27.14:22:42::SCWMssOS::TRA_COMPILER_FLAGS=-g -ffunction-sections -fdata-sections -Wall -Wextra -fno-tree-loop-distribute-patterns"

TRACE::2025-03-27.14:22:42::SCWMssOS::"Running Make include in microblaze_0/libsrc/tmrctr_v4_9/src"

TRACE::2025-03-27.14:22:42::SCWMssOS::make -C microblaze_0/libsrc/tmrctr_v4_9/src -s include  "SHELL=CMD" "COMPILER=mb-gcc" "ASSEMBLER=mb-as" "ARCHIVER=mb-ar" "COMPI
TRACE::2025-03-27.14:22:42::SCWMssOS::LER_FLAGS=  -O2 -c -mcpu=v11.0 -mlittle-endian -mno-xl-reorder -mno-xl-soft-mul -mxl-barrel-shift -mxl-pattern-compare" "EXTRA_
TRACE::2025-03-27.14:22:42::SCWMssOS::COMPILER_FLAGS=-g -ffunction-sections -fdata-sections -Wall -Wextra -fno-tree-loop-distribute-patterns"

TRACE::2025-03-27.14:22:42::SCWMssOS::"Running Make include in microblaze_0/libsrc/uartlite_v3_7/src"

TRACE::2025-03-27.14:22:42::SCWMssOS::make -C microblaze_0/libsrc/uartlite_v3_7/src -s include  "SHELL=CMD" "COMPILER=mb-gcc" "ASSEMBLER=mb-as" "ARCHIVER=mb-ar" "COM
TRACE::2025-03-27.14:22:42::SCWMssOS::PILER_FLAGS=  -O2 -c -mcpu=v11.0 -mlittle-endian -mno-xl-reorder -mno-xl-soft-mul -mxl-barrel-shift -mxl-pattern-compare" "EXTR
TRACE::2025-03-27.14:22:42::SCWMssOS::A_COMPILER_FLAGS=-g -ffunction-sections -fdata-sections -Wall -Wextra -fno-tree-loop-distribute-patterns"

TRACE::2025-03-27.14:22:42::SCWMssOS::"Running Make libs in microblaze_0/libsrc/bram_v4_8/src"

TRACE::2025-03-27.14:22:43::SCWMssOS::make -C microblaze_0/libsrc/bram_v4_8/src -s libs  "SHELL=CMD" "COMPILER=mb-gcc" "ASSEMBLER=mb-as" "ARCHIVER=mb-ar" "COMPILER_F
TRACE::2025-03-27.14:22:43::SCWMssOS::LAGS=  -O2 -c -mcpu=v11.0 -mlittle-endian -mno-xl-reorder -mno-xl-soft-mul -mxl-barrel-shift -mxl-pattern-compare" "EXTRA_COMPI
TRACE::2025-03-27.14:22:43::SCWMssOS::LER_FLAGS=-g -ffunction-sections -fdata-sections -Wall -Wextra -fno-tree-loop-distribute-patterns"

TRACE::2025-03-27.14:22:43::SCWMssOS::"Running Make libs in microblaze_0/libsrc/cpu_v2_16/src"

TRACE::2025-03-27.14:22:43::SCWMssOS::make -C microblaze_0/libsrc/cpu_v2_16/src -s libs  "SHELL=CMD" "COMPILER=mb-gcc" "ASSEMBLER=mb-as" "ARCHIVER=mb-ar" "COMPILER_F
TRACE::2025-03-27.14:22:43::SCWMssOS::LAGS=  -O2 -c -mcpu=v11.0 -mlittle-endian -mno-xl-reorder -mno-xl-soft-mul -mxl-barrel-shift -mxl-pattern-compare" "EXTRA_COMPI
TRACE::2025-03-27.14:22:43::SCWMssOS::LER_FLAGS=-g -ffunction-sections -fdata-sections -Wall -Wextra -fno-tree-loop-distribute-patterns"

TRACE::2025-03-27.14:22:43::SCWMssOS::"Running Make libs in microblaze_0/libsrc/gpio_v4_9/src"

TRACE::2025-03-27.14:22:43::SCWMssOS::make -C microblaze_0/libsrc/gpio_v4_9/src -s libs  "SHELL=CMD" "COMPILER=mb-gcc" "ASSEMBLER=mb-as" "ARCHIVER=mb-ar" "COMPILER_F
TRACE::2025-03-27.14:22:43::SCWMssOS::LAGS=  -O2 -c -mcpu=v11.0 -mlittle-endian -mno-xl-reorder -mno-xl-soft-mul -mxl-barrel-shift -mxl-pattern-compare" "EXTRA_COMPI
TRACE::2025-03-27.14:22:43::SCWMssOS::LER_FLAGS=-g -ffunction-sections -fdata-sections -Wall -Wextra -fno-tree-loop-distribute-patterns"

TRACE::2025-03-27.14:22:43::SCWMssOS::"Running Make libs in microblaze_0/libsrc/intc_v3_15/src"

TRACE::2025-03-27.14:22:43::SCWMssOS::make -C microblaze_0/libsrc/intc_v3_15/src -s libs  "SHELL=CMD" "COMPILER=mb-gcc" "ASSEMBLER=mb-as" "ARCHIVER=mb-ar" "COMPILER_
TRACE::2025-03-27.14:22:43::SCWMssOS::FLAGS=  -O2 -c -mcpu=v11.0 -mlittle-endian -mno-xl-reorder -mno-xl-soft-mul -mxl-barrel-shift -mxl-pattern-compare" "EXTRA_COMP
TRACE::2025-03-27.14:22:43::SCWMssOS::ILER_FLAGS=-g -ffunction-sections -fdata-sections -Wall -Wextra -fno-tree-loop-distribute-patterns"

TRACE::2025-03-27.14:22:43::SCWMssOS::"Running Make libs in microblaze_0/libsrc/spi_v4_9/src"

TRACE::2025-03-27.14:22:43::SCWMssOS::make -C microblaze_0/libsrc/spi_v4_9/src -s libs  "SHELL=CMD" "COMPILER=mb-gcc" "ASSEMBLER=mb-as" "ARCHIVER=mb-ar" "COMPILER_FL
TRACE::2025-03-27.14:22:43::SCWMssOS::AGS=  -O2 -c -mcpu=v11.0 -mlittle-endian -mno-xl-reorder -mno-xl-soft-mul -mxl-barrel-shift -mxl-pattern-compare" "EXTRA_COMPIL
TRACE::2025-03-27.14:22:43::SCWMssOS::ER_FLAGS=-g -ffunction-sections -fdata-sections -Wall -Wextra -fno-tree-loop-distribute-patterns"

TRACE::2025-03-27.14:22:43::SCWMssOS::"Running Make libs in microblaze_0/libsrc/standalone_v8_0/src"

TRACE::2025-03-27.14:22:43::SCWMssOS::make -C microblaze_0/libsrc/standalone_v8_0/src -s libs  "SHELL=CMD" "COMPILER=mb-gcc" "ASSEMBLER=mb-as" "ARCHIVER=mb-ar" "COMP
TRACE::2025-03-27.14:22:43::SCWMssOS::ILER_FLAGS=  -O2 -c -mcpu=v11.0 -mlittle-endian -mno-xl-reorder -mno-xl-soft-mul -mxl-barrel-shift -mxl-pattern-compare" "EXTRA
TRACE::2025-03-27.14:22:43::SCWMssOS::_COMPILER_FLAGS=-g -ffunction-sections -fdata-sections -Wall -Wextra -fno-tree-loop-distribute-patterns"

TRACE::2025-03-27.14:22:43::SCWMssOS::"Running Make libs in microblaze_0/libsrc/tmrctr_v4_9/src"

TRACE::2025-03-27.14:22:43::SCWMssOS::make -C microblaze_0/libsrc/tmrctr_v4_9/src -s libs  "SHELL=CMD" "COMPILER=mb-gcc" "ASSEMBLER=mb-as" "ARCHIVER=mb-ar" "COMPILER
TRACE::2025-03-27.14:22:43::SCWMssOS::_FLAGS=  -O2 -c -mcpu=v11.0 -mlittle-endian -mno-xl-reorder -mno-xl-soft-mul -mxl-barrel-shift -mxl-pattern-compare" "EXTRA_COM
TRACE::2025-03-27.14:22:43::SCWMssOS::PILER_FLAGS=-g -ffunction-sections -fdata-sections -Wall -Wextra -fno-tree-loop-distribute-patterns"

TRACE::2025-03-27.14:22:43::SCWMssOS::"Running Make libs in microblaze_0/libsrc/uartlite_v3_7/src"

TRACE::2025-03-27.14:22:43::SCWMssOS::make -C microblaze_0/libsrc/uartlite_v3_7/src -s libs  "SHELL=CMD" "COMPILER=mb-gcc" "ASSEMBLER=mb-as" "ARCHIVER=mb-ar" "COMPIL
TRACE::2025-03-27.14:22:43::SCWMssOS::ER_FLAGS=  -O2 -c -mcpu=v11.0 -mlittle-endian -mno-xl-reorder -mno-xl-soft-mul -mxl-barrel-shift -mxl-pattern-compare" "EXTRA_C
TRACE::2025-03-27.14:22:43::SCWMssOS::OMPILER_FLAGS=-g -ffunction-sections -fdata-sections -Wall -Wextra -fno-tree-loop-distribute-patterns"

TRACE::2025-03-27.14:22:45::SCWMssOS::"DEBUG NON_LTO_OBJECTS is ../../../lib/microblaze_interrupt_handler.o"

TRACE::2025-03-27.14:22:45::SCWMssOS::'Finished building libraries parallelly.'

TRACE::2025-03-27.14:22:45::SCWMssOS::make --no-print-directory archive

TRACE::2025-03-27.14:22:45::SCWMssOS::mb-ar -r  microblaze_0/lib/libxil.a microblaze_0/lib/_exit.o microblaze_0/lib/errno.o microblaze_0/lib/fcntl.o microblaze_0/lib
TRACE::2025-03-27.14:22:45::SCWMssOS::/hw_exception_handler.o microblaze_0/lib/inbyte.o microblaze_0/lib/microblaze_disable_dcache.o microblaze_0/lib/microblaze_disa
TRACE::2025-03-27.14:22:45::SCWMssOS::ble_exceptions.o microblaze_0/lib/microblaze_disable_icache.o microblaze_0/lib/microblaze_disable_interrupts.o microblaze_0/lib
TRACE::2025-03-27.14:22:45::SCWMssOS::/microblaze_enable_dcache.o microblaze_0/lib/microblaze_enable_exceptions.o microblaze_0/lib/microblaze_enable_icache.o microbl
TRACE::2025-03-27.14:22:45::SCWMssOS::aze_0/lib/microblaze_enable_interrupts.o microblaze_0/lib/microblaze_exception_handler.o microblaze_0/lib/microblaze_flush_cach
TRACE::2025-03-27.14:22:45::SCWMssOS::e_ext.o microblaze_0/lib/microblaze_flush_cache_ext_range.o microblaze_0/lib/microblaze_flush_dcache.o microblaze_0/lib/microbl
TRACE::2025-03-27.14:22:45::SCWMssOS::aze_flush_dcache_range.o microblaze_0/lib/microblaze_init_dcache_range.o microblaze_0/lib/microblaze_init_icache_range.o microb
TRACE::2025-03-27.14:22:45::SCWMssOS::laze_0/lib/microblaze_interrupt_handler.o microblaze_0/lib/microblaze_interrupts_g.o microblaze_0/lib/microblaze_invalidate_cac
TRACE::2025-03-27.14:22:45::SCWMssOS::he_ext.o microblaze_0/lib/microblaze_invalidate_cache_ext_range.o microblaze_0/lib/microblaze_invalidate_dcache.o microblaze_0/
TRACE::2025-03-27.14:22:45::SCWMssOS::lib/microblaze_invalidate_dcache_range.o microblaze_0/lib/microblaze_invalidate_icache.o microblaze_0/lib/microblaze_invalidate
TRACE::2025-03-27.14:22:45::SCWMssOS::_icache_range.o microblaze_0/lib/microblaze_scrub.o microblaze_0/lib/microblaze_selftest.o microblaze_0/lib/microblaze_sleep.o 
TRACE::2025-03-27.14:22:45::SCWMssOS::microblaze_0/lib/microblaze_update_dcache.o microblaze_0/lib/microblaze_update_icache.o microblaze_0/lib/outbyte.o microblaze_0
TRACE::2025-03-27.14:22:45::SCWMssOS::/lib/print.o microblaze_0/lib/pvr.o microblaze_0/lib/xbram.o microblaze_0/lib/xbram_g.o microblaze_0/lib/xbram_intr.o microblaz
TRACE::2025-03-27.14:22:45::SCWMssOS::e_0/lib/xbram_selftest.o microblaze_0/lib/xbram_sinit.o microblaze_0/lib/xgpio.o microblaze_0/lib/xgpio_extra.o microblaze_0/li
TRACE::2025-03-27.14:22:45::SCWMssOS::b/xgpio_g.o microblaze_0/lib/xgpio_intr.o microblaze_0/lib/xgpio_selftest.o microblaze_0/lib/xgpio_sinit.o microblaze_0/lib/xil
TRACE::2025-03-27.14:22:45::SCWMssOS::_assert.o microblaze_0/lib/xil_cache.o microblaze_0/lib/xil_clocking.o microblaze_0/lib/xil_exception.o microblaze_0/lib/xil_me
TRACE::2025-03-27.14:22:45::SCWMssOS::m.o microblaze_0/lib/xil_misc_psreset_api.o microblaze_0/lib/xil_printf.o microblaze_0/lib/xil_sleepcommon.o microblaze_0/lib/x
TRACE::2025-03-27.14:22:45::SCWMssOS::il_testcache.o microblaze_0/lib/xil_testio.o microblaze_0/lib/xil_testmem.o microblaze_0/lib/xil_util.o microblaze_0/lib/xintc.
TRACE::2025-03-27.14:22:45::SCWMssOS::o microblaze_0/lib/xintc_g.o microblaze_0/lib/xintc_intr.o microblaze_0/lib/xintc_l.o microblaze_0/lib/xintc_options.o microbla
TRACE::2025-03-27.14:22:45::SCWMssOS::ze_0/lib/xintc_selftest.o microblaze_0/lib/xinterrupt_wrap.o microblaze_0/lib/xio.o microblaze_0/lib/xplatform_info.o microblaz
TRACE::2025-03-27.14:22:45::SCWMssOS::e_0/lib/xspi.o microblaze_0/lib/xspi_g.o microblaze_0/lib/xspi_options.o microblaze_0/lib/xspi_selftest.o microblaze_0/lib/xspi
TRACE::2025-03-27.14:22:45::SCWMssOS::_sinit.o microblaze_0/lib/xspi_stats.o microblaze_0/lib/xtmrctr.o microblaze_0/lib/xtmrctr_g.o microblaze_0/lib/xtmrctr_intr.o 
TRACE::2025-03-27.14:22:45::SCWMssOS::microblaze_0/lib/xtmrctr_l.o microblaze_0/lib/xtmrctr_options.o microblaze_0/lib/xtmrctr_selftest.o microblaze_0/lib/xtmrctr_si
TRACE::2025-03-27.14:22:45::SCWMssOS::nit.o microblaze_0/lib/xtmrctr_stats.o microblaze_0/lib/xuartlite.o microblaze_0/lib/xuartlite_g.o microblaze_0/lib/xuartlite_i
TRACE::2025-03-27.14:22:45::SCWMssOS::ntr.o microblaze_0/lib/xuartlite_l.o microblaze_0/lib/xuartlite_selftest.o microblaze_0/lib/xuartlite_sinit.o microblaze_0/lib/
TRACE::2025-03-27.14:22:45::SCWMssOS::xuartlite_stats.o

TRACE::2025-03-27.14:22:45::SCWMssOS::'Finished building libraries'

TRACE::2025-03-27.14:22:45::SCWMssOS:: Checking if to create the Supporting Applications
TRACE::2025-03-27.14:22:45::SCWMssOS:: No Linux domain exists, trying to generate FSBL 
LOG::2025-03-27.14:22:45::SCWSystem::Completed Processing the domain standalone_microblaze_0
LOG::2025-03-27.14:22:45::SCWSystem::Completed Processing the sysconfig mb_usb_hdmi_top
LOG::2025-03-27.14:22:45::SCWPlatform::Completed generating the artifacts for system configuration mb_usb_hdmi_top
TRACE::2025-03-27.14:22:45::SCWPlatform::Started preparing the platform 
TRACE::2025-03-27.14:22:45::SCWSystem::Writing the bif file for system config mb_usb_hdmi_top
TRACE::2025-03-27.14:22:45::SCWSystem::dir created 
TRACE::2025-03-27.14:22:45::SCWSystem::Writing the bif 
TRACE::2025-03-27.14:22:45::SCWPlatform::Started writing the spfm file 
TRACE::2025-03-27.14:22:45::SCWPlatform::Started writing the xpfm file 
TRACE::2025-03-27.14:22:45::SCWPlatform::Completed generating the platform
TRACE::2025-03-27.14:22:45::SCWMssOS::Saving the mss changes D:/School/UIUC_ECE385_SP25/lab6_2/sdk/mb_usb_hdmi_top/microblaze_0/standalone_microblaze_0/bsp/system.mss
TRACE::2025-03-27.14:22:45::SCWMssOS::Adding the swdes entry, mss present, able to open swdb D:/School/UIUC_ECE385_SP25/lab6_2/sdk/mb_usb_hdmi_top/microblaze_0/standalone_microblaze_0/bsp/system.mss with des name system
TRACE::2025-03-27.14:22:45::SCWMssOS::Writing the mss file completed D:/School/UIUC_ECE385_SP25/lab6_2/sdk/mb_usb_hdmi_top/microblaze_0/standalone_microblaze_0/bsp/system.mss
TRACE::2025-03-27.14:22:45::SCWMssOS::Commit changes completed.
TRACE::2025-03-27.14:22:45::SCWPlatform::Trying to open the hw design at D:/School/UIUC_ECE385_SP25/lab6_2/sdk/mb_usb_hdmi_top/hw/mb_usb_hdmi_top.xsa
TRACE::2025-03-27.14:22:45::SCWPlatform::DSA given D:/School/UIUC_ECE385_SP25/lab6_2/sdk/mb_usb_hdmi_top/hw/mb_usb_hdmi_top.xsa
TRACE::2025-03-27.14:22:45::SCWPlatform::DSA absoulate path D:/School/UIUC_ECE385_SP25/lab6_2/sdk/mb_usb_hdmi_top/hw/mb_usb_hdmi_top.xsa
TRACE::2025-03-27.14:22:45::SCWPlatform::DSA directory D:/School/UIUC_ECE385_SP25/lab6_2/sdk/mb_usb_hdmi_top/hw
TRACE::2025-03-27.14:22:45::SCWPlatform:: Platform Path D:/School/UIUC_ECE385_SP25/lab6_2/sdk/mb_usb_hdmi_top/hw/mb_usb_hdmi_top.xsa
TRACE::2025-03-27.14:22:45::SCWPlatform:: Unique name xilinx:::0.0
TRACE::2025-03-27.14:22:45::SCWPlatform::Trying to set the existing hwdb with name mb_usb_hdmi_top_7
TRACE::2025-03-27.14:22:45::SCWPlatform::Opened existing hwdb mb_usb_hdmi_top_7
TRACE::2025-03-27.14:22:45::SCWPlatform::Found the Hw Db part of the input DSA
TRACE::2025-03-27.14:22:45::SCWMssOS::Checking the sw design at  D:/School/UIUC_ECE385_SP25/lab6_2/sdk/mb_usb_hdmi_top/microblaze_0/standalone_microblaze_0/bsp/system.mss
TRACE::2025-03-27.14:22:45::SCWMssOS::DEBUG:  swdes dump  D:/School/UIUC_ECE385_SP25/lab6_2/sdk/mb_usb_hdmi_top/microblaze_0/standalone_microblaze_0/bsp/system.mss|system||

TRACE::2025-03-27.14:22:45::SCWMssOS::Sw design exists and opened at  D:/School/UIUC_ECE385_SP25/lab6_2/sdk/mb_usb_hdmi_top/microblaze_0/standalone_microblaze_0/bsp/system.mss
TRACE::2025-03-27.14:22:45::SCWWriter::formatted JSON is {
	"platformName":	"mb_usb_hdmi_top",
	"sprVersion":	"2.0",
	"mode":	"gui",
	"dsaType":	"Fixed",
	"platformDesc":	"mb_usb_hdmi_top",
	"platHandOff":	"D:/School/UIUC_ECE385_SP25/lab6_2/mb_usb_hdmi_top.xsa",
	"platIntHandOff":	"<platformDir>/hw/mb_usb_hdmi_top.xsa",
	"deviceType":	"FPGA",
	"platIsPrebuiltAutogen":	"false",
	"platIsNoBootBsp":	"false",
	"hasFsblMakeHasChanges":	"false",
	"hasPmufwMakeHasChanges":	"false",
	"platPreBuiltFlag":	false,
	"platformSamplesDir":	"",
	"platActiveSys":	"mb_usb_hdmi_top",
	"systems":	[{
			"systemName":	"mb_usb_hdmi_top",
			"systemDesc":	"mb_usb_hdmi_top",
			"sysIsBootAutoGen":	"true",
			"systemDispName":	"mb_usb_hdmi_top",
			"sysActiveDom":	"standalone_microblaze_0",
			"sysDefaultDom":	"standalone_microblaze_0",
			"domains":	[{
					"domainName":	"standalone_microblaze_0",
					"domainDispName":	"standalone_microblaze_0",
					"domainDesc":	"standalone_microblaze_0",
					"processors":	"microblaze_0",
					"os":	"standalone",
					"sdxOs":	"standalone",
					"debugEnable":	"False",
					"domRuntimes":	["cpp"],
					"swRepo":	"",
					"mssOsVer":	"8.0",
					"mssFile":	"",
					"md5Digest":	"304529987e879521ca977c68d163f362",
					"compatibleApp":	"",
					"domType":	"mssDomain",
					"arch":	"32-bit",
					"appSettings":	{
						"appCompilerFlags":	"",
						"appLinkerFlags":	""
					},
					"addedLibs":	[],
					"libOptions":	{
						"libsContainingOptions":	[]
					},
					"prebuiltLibs":	{
						"prebuiltIncPath":	[],
						"prebuiltLibPath":	[]
					},
					"isolation":	{
					}
				}]
		}]
}
KEYINFO::2025-03-27.14:22:45::SCWPlatform::updated the xpfm file.
TRACE::2025-03-27.14:22:45::SCWPlatform::Trying to open the hw design at D:/School/UIUC_ECE385_SP25/lab6_2/sdk/mb_usb_hdmi_top/hw/mb_usb_hdmi_top.xsa
TRACE::2025-03-27.14:22:45::SCWPlatform::DSA given D:/School/UIUC_ECE385_SP25/lab6_2/sdk/mb_usb_hdmi_top/hw/mb_usb_hdmi_top.xsa
TRACE::2025-03-27.14:22:45::SCWPlatform::DSA absoulate path D:/School/UIUC_ECE385_SP25/lab6_2/sdk/mb_usb_hdmi_top/hw/mb_usb_hdmi_top.xsa
TRACE::2025-03-27.14:22:45::SCWPlatform::DSA directory D:/School/UIUC_ECE385_SP25/lab6_2/sdk/mb_usb_hdmi_top/hw
TRACE::2025-03-27.14:22:45::SCWPlatform:: Platform Path D:/School/UIUC_ECE385_SP25/lab6_2/sdk/mb_usb_hdmi_top/hw/mb_usb_hdmi_top.xsa
TRACE::2025-03-27.14:22:45::SCWPlatform:: Unique name xilinx:::0.0
TRACE::2025-03-27.14:22:45::SCWPlatform::Trying to set the existing hwdb with name mb_usb_hdmi_top_7
TRACE::2025-03-27.14:22:45::SCWPlatform::Opened existing hwdb mb_usb_hdmi_top_7
TRACE::2025-03-27.14:22:45::SCWPlatform::Found the Hw Db part of the input DSA
TRACE::2025-03-27.14:22:45::SCWMssOS::Checking the sw design at  D:/School/UIUC_ECE385_SP25/lab6_2/sdk/mb_usb_hdmi_top/microblaze_0/standalone_microblaze_0/bsp/system.mss
TRACE::2025-03-27.14:22:45::SCWMssOS::DEBUG:  swdes dump  D:/School/UIUC_ECE385_SP25/lab6_2/sdk/mb_usb_hdmi_top/microblaze_0/standalone_microblaze_0/bsp/system.mss|system||

TRACE::2025-03-27.14:22:45::SCWMssOS::Sw design exists and opened at  D:/School/UIUC_ECE385_SP25/lab6_2/sdk/mb_usb_hdmi_top/microblaze_0/standalone_microblaze_0/bsp/system.mss
TRACE::2025-03-27.14:27:13::SCWPlatform::Trying to open the hw design at D:/School/UIUC_ECE385_SP25/lab6_2/sdk/mb_usb_hdmi_top/hw/mb_usb_hdmi_top.xsa
TRACE::2025-03-27.14:27:13::SCWPlatform::DSA given D:/School/UIUC_ECE385_SP25/lab6_2/sdk/mb_usb_hdmi_top/hw/mb_usb_hdmi_top.xsa
TRACE::2025-03-27.14:27:13::SCWPlatform::DSA absoulate path D:/School/UIUC_ECE385_SP25/lab6_2/sdk/mb_usb_hdmi_top/hw/mb_usb_hdmi_top.xsa
TRACE::2025-03-27.14:27:14::SCWPlatform::DSA directory D:/School/UIUC_ECE385_SP25/lab6_2/sdk/mb_usb_hdmi_top/hw
TRACE::2025-03-27.14:27:14::SCWPlatform:: Platform Path D:/School/UIUC_ECE385_SP25/lab6_2/sdk/mb_usb_hdmi_top/hw/mb_usb_hdmi_top.xsa
TRACE::2025-03-27.14:27:14::SCWPlatform:: Unique name xilinx:::0.0
TRACE::2025-03-27.14:27:14::SCWPlatform::Do not have an existing db opened. 
TRACE::2025-03-27.14:27:14::SCWPlatform::Opened new HwDB with name mb_usb_hdmi_top
TRACE::2025-03-27.14:27:14::SCWReader::Active system found as  mb_usb_hdmi_top
TRACE::2025-03-27.14:27:14::SCWReader::Handling sysconfig mb_usb_hdmi_top
TRACE::2025-03-27.14:27:14::SCWDomain::checking for install qemu data   : 
TRACE::2025-03-27.14:27:14::SCWPlatform::Trying to open the hw design at D:/School/UIUC_ECE385_SP25/lab6_2/sdk/mb_usb_hdmi_top/hw/mb_usb_hdmi_top.xsa
TRACE::2025-03-27.14:27:14::SCWPlatform::DSA given D:/School/UIUC_ECE385_SP25/lab6_2/sdk/mb_usb_hdmi_top/hw/mb_usb_hdmi_top.xsa
TRACE::2025-03-27.14:27:14::SCWPlatform::DSA absoulate path D:/School/UIUC_ECE385_SP25/lab6_2/sdk/mb_usb_hdmi_top/hw/mb_usb_hdmi_top.xsa
TRACE::2025-03-27.14:27:14::SCWPlatform::DSA directory D:/School/UIUC_ECE385_SP25/lab6_2/sdk/mb_usb_hdmi_top/hw
TRACE::2025-03-27.14:27:14::SCWPlatform:: Platform Path D:/School/UIUC_ECE385_SP25/lab6_2/sdk/mb_usb_hdmi_top/hw/mb_usb_hdmi_top.xsa
TRACE::2025-03-27.14:27:14::SCWPlatform:: Unique name xilinx:::0.0
TRACE::2025-03-27.14:27:14::SCWPlatform::Trying to set the existing hwdb with name mb_usb_hdmi_top
TRACE::2025-03-27.14:27:14::SCWPlatform::Opened existing hwdb mb_usb_hdmi_top
TRACE::2025-03-27.14:27:14::SCWPlatform::Found the Hw Db part of the input DSA
TRACE::2025-03-27.14:27:14::SCWPlatform::Trying to open the hw design at D:/School/UIUC_ECE385_SP25/lab6_2/sdk/mb_usb_hdmi_top/hw/mb_usb_hdmi_top.xsa
TRACE::2025-03-27.14:27:14::SCWPlatform::DSA given D:/School/UIUC_ECE385_SP25/lab6_2/sdk/mb_usb_hdmi_top/hw/mb_usb_hdmi_top.xsa
TRACE::2025-03-27.14:27:14::SCWPlatform::DSA absoulate path D:/School/UIUC_ECE385_SP25/lab6_2/sdk/mb_usb_hdmi_top/hw/mb_usb_hdmi_top.xsa
TRACE::2025-03-27.14:27:14::SCWPlatform::DSA directory D:/School/UIUC_ECE385_SP25/lab6_2/sdk/mb_usb_hdmi_top/hw
TRACE::2025-03-27.14:27:14::SCWPlatform:: Platform Path D:/School/UIUC_ECE385_SP25/lab6_2/sdk/mb_usb_hdmi_top/hw/mb_usb_hdmi_top.xsa
TRACE::2025-03-27.14:27:14::SCWPlatform:: Unique name xilinx:::0.0
TRACE::2025-03-27.14:27:14::SCWPlatform::Trying to set the existing hwdb with name mb_usb_hdmi_top
TRACE::2025-03-27.14:27:14::SCWPlatform::Opened existing hwdb mb_usb_hdmi_top
TRACE::2025-03-27.14:27:14::SCWPlatform::Found the Hw Db part of the input DSA
TRACE::2025-03-27.14:27:14::SCWPlatform::Trying to open the hw design at D:/School/UIUC_ECE385_SP25/lab6_2/sdk/mb_usb_hdmi_top/hw/mb_usb_hdmi_top.xsa
TRACE::2025-03-27.14:27:14::SCWPlatform::DSA given D:/School/UIUC_ECE385_SP25/lab6_2/sdk/mb_usb_hdmi_top/hw/mb_usb_hdmi_top.xsa
TRACE::2025-03-27.14:27:14::SCWPlatform::DSA absoulate path D:/School/UIUC_ECE385_SP25/lab6_2/sdk/mb_usb_hdmi_top/hw/mb_usb_hdmi_top.xsa
TRACE::2025-03-27.14:27:14::SCWPlatform::DSA directory D:/School/UIUC_ECE385_SP25/lab6_2/sdk/mb_usb_hdmi_top/hw
TRACE::2025-03-27.14:27:14::SCWPlatform:: Platform Path D:/School/UIUC_ECE385_SP25/lab6_2/sdk/mb_usb_hdmi_top/hw/mb_usb_hdmi_top.xsa
TRACE::2025-03-27.14:27:14::SCWPlatform:: Unique name xilinx:::0.0
TRACE::2025-03-27.14:27:14::SCWPlatform::Trying to set the existing hwdb with name mb_usb_hdmi_top
TRACE::2025-03-27.14:27:14::SCWPlatform::Opened existing hwdb mb_usb_hdmi_top
TRACE::2025-03-27.14:27:14::SCWPlatform::Found the Hw Db part of the input DSA
TRACE::2025-03-27.14:27:14::SCWPlatform::Trying to open the hw design at D:/School/UIUC_ECE385_SP25/lab6_2/sdk/mb_usb_hdmi_top/hw/mb_usb_hdmi_top.xsa
TRACE::2025-03-27.14:27:14::SCWPlatform::DSA given D:/School/UIUC_ECE385_SP25/lab6_2/sdk/mb_usb_hdmi_top/hw/mb_usb_hdmi_top.xsa
TRACE::2025-03-27.14:27:14::SCWPlatform::DSA absoulate path D:/School/UIUC_ECE385_SP25/lab6_2/sdk/mb_usb_hdmi_top/hw/mb_usb_hdmi_top.xsa
TRACE::2025-03-27.14:27:14::SCWPlatform::DSA directory D:/School/UIUC_ECE385_SP25/lab6_2/sdk/mb_usb_hdmi_top/hw
TRACE::2025-03-27.14:27:14::SCWPlatform:: Platform Path D:/School/UIUC_ECE385_SP25/lab6_2/sdk/mb_usb_hdmi_top/hw/mb_usb_hdmi_top.xsa
TRACE::2025-03-27.14:27:14::SCWPlatform:: Unique name xilinx:::0.0
TRACE::2025-03-27.14:27:14::SCWPlatform::Trying to set the existing hwdb with name mb_usb_hdmi_top
TRACE::2025-03-27.14:27:14::SCWPlatform::Opened existing hwdb mb_usb_hdmi_top
TRACE::2025-03-27.14:27:14::SCWPlatform::Found the Hw Db part of the input DSA
TRACE::2025-03-27.14:27:14::SCWMssOS::Checking the sw design at  D:/School/UIUC_ECE385_SP25/lab6_2/sdk/mb_usb_hdmi_top/microblaze_0/standalone_microblaze_0/bsp/system.mss
TRACE::2025-03-27.14:27:14::SCWMssOS::DEBUG:  swdes dump  
TRACE::2025-03-27.14:27:14::SCWMssOS::No sw design opened at  D:/School/UIUC_ECE385_SP25/lab6_2/sdk/mb_usb_hdmi_top/microblaze_0/standalone_microblaze_0/bsp/system.mss
TRACE::2025-03-27.14:27:14::SCWMssOS::mss exists loading the mss file  D:/School/UIUC_ECE385_SP25/lab6_2/sdk/mb_usb_hdmi_top/microblaze_0/standalone_microblaze_0/bsp/system.mss
TRACE::2025-03-27.14:27:14::SCWMssOS::Opened the sw design from mss  D:/School/UIUC_ECE385_SP25/lab6_2/sdk/mb_usb_hdmi_top/microblaze_0/standalone_microblaze_0/bsp/system.mss
TRACE::2025-03-27.14:27:14::SCWMssOS::Adding the swdes entry D:/School/UIUC_ECE385_SP25/lab6_2/sdk/mb_usb_hdmi_top/microblaze_0/standalone_microblaze_0/bsp/system.mss with des name system
TRACE::2025-03-27.14:27:14::SCWMssOS::updating the scw layer about changes
TRACE::2025-03-27.14:27:14::SCWMssOS::Opened the sw design.  D:/School/UIUC_ECE385_SP25/lab6_2/sdk/mb_usb_hdmi_top/microblaze_0/standalone_microblaze_0/bsp/system.mss
TRACE::2025-03-27.14:27:14::SCWMssOS::Saving the mss changes D:/School/UIUC_ECE385_SP25/lab6_2/sdk/mb_usb_hdmi_top/microblaze_0/standalone_microblaze_0/bsp/system.mss
TRACE::2025-03-27.14:27:14::SCWMssOS::Found a swdesign opened with the mssfile.
TRACE::2025-03-27.14:27:14::SCWMssOS::Completed writemss as part of save.
TRACE::2025-03-27.14:27:14::SCWMssOS::Commit changes completed.
TRACE::2025-03-27.14:27:14::SCWReader::Adding prebuilt librarypaths as   
TRACE::2025-03-27.14:27:14::SCWReader::Adding prebuilt incpaths  as   
TRACE::2025-03-27.14:27:14::SCWPlatform::Trying to open the hw design at D:/School/UIUC_ECE385_SP25/lab6_2/sdk/mb_usb_hdmi_top/hw/mb_usb_hdmi_top.xsa
TRACE::2025-03-27.14:27:14::SCWPlatform::DSA given D:/School/UIUC_ECE385_SP25/lab6_2/sdk/mb_usb_hdmi_top/hw/mb_usb_hdmi_top.xsa
TRACE::2025-03-27.14:27:14::SCWPlatform::DSA absoulate path D:/School/UIUC_ECE385_SP25/lab6_2/sdk/mb_usb_hdmi_top/hw/mb_usb_hdmi_top.xsa
TRACE::2025-03-27.14:27:14::SCWPlatform::DSA directory D:/School/UIUC_ECE385_SP25/lab6_2/sdk/mb_usb_hdmi_top/hw
TRACE::2025-03-27.14:27:14::SCWPlatform:: Platform Path D:/School/UIUC_ECE385_SP25/lab6_2/sdk/mb_usb_hdmi_top/hw/mb_usb_hdmi_top.xsa
TRACE::2025-03-27.14:27:14::SCWPlatform:: Unique name xilinx:::0.0
TRACE::2025-03-27.14:27:14::SCWPlatform::Trying to set the existing hwdb with name mb_usb_hdmi_top
TRACE::2025-03-27.14:27:14::SCWPlatform::Opened existing hwdb mb_usb_hdmi_top
TRACE::2025-03-27.14:27:14::SCWPlatform::Found the Hw Db part of the input DSA
TRACE::2025-03-27.14:27:14::SCWMssOS::Checking the sw design at  D:/School/UIUC_ECE385_SP25/lab6_2/sdk/mb_usb_hdmi_top/microblaze_0/standalone_microblaze_0/bsp/system.mss
TRACE::2025-03-27.14:27:14::SCWMssOS::DEBUG:  swdes dump  D:/School/UIUC_ECE385_SP25/lab6_2/sdk/mb_usb_hdmi_top/microblaze_0/standalone_microblaze_0/bsp/system.mss|system||

TRACE::2025-03-27.14:27:14::SCWMssOS::Sw design exists and opened at  D:/School/UIUC_ECE385_SP25/lab6_2/sdk/mb_usb_hdmi_top/microblaze_0/standalone_microblaze_0/bsp/system.mss
TRACE::2025-03-27.14:27:14::SCWReader::No isolation master present  
LOG::2025-03-27.14:27:14::SCWPlatform::Started generating the artifacts platform mb_usb_hdmi_top
TRACE::2025-03-27.14:27:14::SCWPlatform::Sanity checking of platform is completed
LOG::2025-03-27.14:27:14::SCWPlatform::Started generating the artifacts for system configuration mb_usb_hdmi_top
LOG::2025-03-27.14:27:14::SCWSystem::Checking the domain standalone_microblaze_0
LOG::2025-03-27.14:27:14::SCWSystem::Not a boot domain 
LOG::2025-03-27.14:27:14::SCWSystem::Started Processing the domain standalone_microblaze_0
TRACE::2025-03-27.14:27:14::SCWDomain::Generating domain artifcats
TRACE::2025-03-27.14:27:14::SCWMssOS::Generating standalone artifcats
TRACE::2025-03-27.14:27:14::SCWMssOS:: Copying the user libraries. 
TRACE::2025-03-27.14:27:14::SCWPlatform::Trying to open the hw design at D:/School/UIUC_ECE385_SP25/lab6_2/sdk/mb_usb_hdmi_top/hw/mb_usb_hdmi_top.xsa
TRACE::2025-03-27.14:27:14::SCWPlatform::DSA given D:/School/UIUC_ECE385_SP25/lab6_2/sdk/mb_usb_hdmi_top/hw/mb_usb_hdmi_top.xsa
TRACE::2025-03-27.14:27:14::SCWPlatform::DSA absoulate path D:/School/UIUC_ECE385_SP25/lab6_2/sdk/mb_usb_hdmi_top/hw/mb_usb_hdmi_top.xsa
TRACE::2025-03-27.14:27:14::SCWPlatform::DSA directory D:/School/UIUC_ECE385_SP25/lab6_2/sdk/mb_usb_hdmi_top/hw
TRACE::2025-03-27.14:27:14::SCWPlatform:: Platform Path D:/School/UIUC_ECE385_SP25/lab6_2/sdk/mb_usb_hdmi_top/hw/mb_usb_hdmi_top.xsa
TRACE::2025-03-27.14:27:14::SCWPlatform:: Unique name xilinx:::0.0
TRACE::2025-03-27.14:27:14::SCWPlatform::Trying to set the existing hwdb with name mb_usb_hdmi_top
TRACE::2025-03-27.14:27:14::SCWPlatform::Opened existing hwdb mb_usb_hdmi_top
TRACE::2025-03-27.14:27:14::SCWPlatform::Found the Hw Db part of the input DSA
TRACE::2025-03-27.14:27:14::SCWMssOS::Checking the sw design at  D:/School/UIUC_ECE385_SP25/lab6_2/sdk/mb_usb_hdmi_top/microblaze_0/standalone_microblaze_0/bsp/system.mss
TRACE::2025-03-27.14:27:14::SCWMssOS::DEBUG:  swdes dump  D:/School/UIUC_ECE385_SP25/lab6_2/sdk/mb_usb_hdmi_top/microblaze_0/standalone_microblaze_0/bsp/system.mss|system||

TRACE::2025-03-27.14:27:14::SCWMssOS::Sw design exists and opened at  D:/School/UIUC_ECE385_SP25/lab6_2/sdk/mb_usb_hdmi_top/microblaze_0/standalone_microblaze_0/bsp/system.mss
TRACE::2025-03-27.14:27:14::SCWMssOS::Completed writing the mss file at D:/School/UIUC_ECE385_SP25/lab6_2/sdk/mb_usb_hdmi_top/microblaze_0/standalone_microblaze_0/bsp
TRACE::2025-03-27.14:27:14::SCWMssOS::Mss edits present, copying mssfile into export location D:/School/UIUC_ECE385_SP25/lab6_2/sdk/mb_usb_hdmi_top/microblaze_0/standalone_microblaze_0/bsp/system.mss
TRACE::2025-03-27.14:27:14::SCWMssOS::bsp generated is upto date with the mss file. Skipping bsp generation.
TRACE::2025-03-27.14:27:14::SCWMssOS::BSP is already built. skipping the bsp build ... 
TRACE::2025-03-27.14:27:14::SCWDomain::Building the domain :  standalone_microblaze_0
TRACE::2025-03-27.14:27:14::SCWMssOS::doing bsp build ... 
TRACE::2025-03-27.14:27:14::SCWMssOS::System Command Ran  D: & cd  D:/School/UIUC_ECE385_SP25/lab6_2/sdk/mb_usb_hdmi_top/microblaze_0/standalone_microblaze_0/bsp & make 
TRACE::2025-03-27.14:27:14::SCWMssOS::make --no-print-directory seq_libs

TRACE::2025-03-27.14:27:14::SCWMssOS::'Finished building libraries sequentially.'

TRACE::2025-03-27.14:27:14::SCWMssOS::make -j 10 --no-print-directory par_libs

TRACE::2025-03-27.14:27:14::SCWMssOS::"Running Make include in microblaze_0/libsrc/bram_v4_8/src"

TRACE::2025-03-27.14:27:14::SCWMssOS::make -C microblaze_0/libsrc/bram_v4_8/src -s include  "SHELL=CMD" "COMPILER=mb-gcc" "ASSEMBLER=mb-as" "ARCHIVER=mb-ar" "COMPILE
TRACE::2025-03-27.14:27:14::SCWMssOS::R_FLAGS=  -O2 -c -mcpu=v11.0 -mlittle-endian -mno-xl-reorder -mno-xl-soft-mul -mxl-barrel-shift -mxl-pattern-compare" "EXTRA_CO
TRACE::2025-03-27.14:27:14::SCWMssOS::MPILER_FLAGS=-g -ffunction-sections -fdata-sections -Wall -Wextra -fno-tree-loop-distribute-patterns"

TRACE::2025-03-27.14:27:14::SCWMssOS::"Running Make include in microblaze_0/libsrc/cpu_v2_16/src"

TRACE::2025-03-27.14:27:14::SCWMssOS::make -C microblaze_0/libsrc/cpu_v2_16/src -s include  "SHELL=CMD" "COMPILER=mb-gcc" "ASSEMBLER=mb-as" "ARCHIVER=mb-ar" "COMPILE
TRACE::2025-03-27.14:27:14::SCWMssOS::R_FLAGS=  -O2 -c -mcpu=v11.0 -mlittle-endian -mno-xl-reorder -mno-xl-soft-mul -mxl-barrel-shift -mxl-pattern-compare" "EXTRA_CO
TRACE::2025-03-27.14:27:14::SCWMssOS::MPILER_FLAGS=-g -ffunction-sections -fdata-sections -Wall -Wextra -fno-tree-loop-distribute-patterns"

TRACE::2025-03-27.14:27:14::SCWMssOS::"Running Make include in microblaze_0/libsrc/gpio_v4_9/src"

TRACE::2025-03-27.14:27:14::SCWMssOS::make -C microblaze_0/libsrc/gpio_v4_9/src -s include  "SHELL=CMD" "COMPILER=mb-gcc" "ASSEMBLER=mb-as" "ARCHIVER=mb-ar" "COMPILE
TRACE::2025-03-27.14:27:14::SCWMssOS::R_FLAGS=  -O2 -c -mcpu=v11.0 -mlittle-endian -mno-xl-reorder -mno-xl-soft-mul -mxl-barrel-shift -mxl-pattern-compare" "EXTRA_CO
TRACE::2025-03-27.14:27:14::SCWMssOS::MPILER_FLAGS=-g -ffunction-sections -fdata-sections -Wall -Wextra -fno-tree-loop-distribute-patterns"

TRACE::2025-03-27.14:27:14::SCWMssOS::"Running Make include in microblaze_0/libsrc/intc_v3_15/src"

TRACE::2025-03-27.14:27:14::SCWMssOS::make -C microblaze_0/libsrc/intc_v3_15/src -s include  "SHELL=CMD" "COMPILER=mb-gcc" "ASSEMBLER=mb-as" "ARCHIVER=mb-ar" "COMPIL
TRACE::2025-03-27.14:27:14::SCWMssOS::ER_FLAGS=  -O2 -c -mcpu=v11.0 -mlittle-endian -mno-xl-reorder -mno-xl-soft-mul -mxl-barrel-shift -mxl-pattern-compare" "EXTRA_C
TRACE::2025-03-27.14:27:14::SCWMssOS::OMPILER_FLAGS=-g -ffunction-sections -fdata-sections -Wall -Wextra -fno-tree-loop-distribute-patterns"

TRACE::2025-03-27.14:27:14::SCWMssOS::"Running Make include in microblaze_0/libsrc/spi_v4_9/src"

TRACE::2025-03-27.14:27:14::SCWMssOS::make -C microblaze_0/libsrc/spi_v4_9/src -s include  "SHELL=CMD" "COMPILER=mb-gcc" "ASSEMBLER=mb-as" "ARCHIVER=mb-ar" "COMPILER
TRACE::2025-03-27.14:27:14::SCWMssOS::_FLAGS=  -O2 -c -mcpu=v11.0 -mlittle-endian -mno-xl-reorder -mno-xl-soft-mul -mxl-barrel-shift -mxl-pattern-compare" "EXTRA_COM
TRACE::2025-03-27.14:27:14::SCWMssOS::PILER_FLAGS=-g -ffunction-sections -fdata-sections -Wall -Wextra -fno-tree-loop-distribute-patterns"

TRACE::2025-03-27.14:27:14::SCWMssOS::"Running Make include in microblaze_0/libsrc/standalone_v8_0/src"

TRACE::2025-03-27.14:27:14::SCWMssOS::make -C microblaze_0/libsrc/standalone_v8_0/src -s include  "SHELL=CMD" "COMPILER=mb-gcc" "ASSEMBLER=mb-as" "ARCHIVER=mb-ar" "C
TRACE::2025-03-27.14:27:14::SCWMssOS::OMPILER_FLAGS=  -O2 -c -mcpu=v11.0 -mlittle-endian -mno-xl-reorder -mno-xl-soft-mul -mxl-barrel-shift -mxl-pattern-compare" "EX
TRACE::2025-03-27.14:27:14::SCWMssOS::TRA_COMPILER_FLAGS=-g -ffunction-sections -fdata-sections -Wall -Wextra -fno-tree-loop-distribute-patterns"

TRACE::2025-03-27.14:27:14::SCWMssOS::"Running Make include in microblaze_0/libsrc/tmrctr_v4_9/src"

TRACE::2025-03-27.14:27:14::SCWMssOS::make -C microblaze_0/libsrc/tmrctr_v4_9/src -s include  "SHELL=CMD" "COMPILER=mb-gcc" "ASSEMBLER=mb-as" "ARCHIVER=mb-ar" "COMPI
TRACE::2025-03-27.14:27:14::SCWMssOS::LER_FLAGS=  -O2 -c -mcpu=v11.0 -mlittle-endian -mno-xl-reorder -mno-xl-soft-mul -mxl-barrel-shift -mxl-pattern-compare" "EXTRA_
TRACE::2025-03-27.14:27:14::SCWMssOS::COMPILER_FLAGS=-g -ffunction-sections -fdata-sections -Wall -Wextra -fno-tree-loop-distribute-patterns"

TRACE::2025-03-27.14:27:14::SCWMssOS::"Running Make include in microblaze_0/libsrc/uartlite_v3_7/src"

TRACE::2025-03-27.14:27:14::SCWMssOS::make -C microblaze_0/libsrc/uartlite_v3_7/src -s include  "SHELL=CMD" "COMPILER=mb-gcc" "ASSEMBLER=mb-as" "ARCHIVER=mb-ar" "COM
TRACE::2025-03-27.14:27:14::SCWMssOS::PILER_FLAGS=  -O2 -c -mcpu=v11.0 -mlittle-endian -mno-xl-reorder -mno-xl-soft-mul -mxl-barrel-shift -mxl-pattern-compare" "EXTR
TRACE::2025-03-27.14:27:14::SCWMssOS::A_COMPILER_FLAGS=-g -ffunction-sections -fdata-sections -Wall -Wextra -fno-tree-loop-distribute-patterns"

TRACE::2025-03-27.14:27:15::SCWMssOS::"Running Make libs in microblaze_0/libsrc/bram_v4_8/src"

TRACE::2025-03-27.14:27:15::SCWMssOS::make -C microblaze_0/libsrc/bram_v4_8/src -s libs  "SHELL=CMD" "COMPILER=mb-gcc" "ASSEMBLER=mb-as" "ARCHIVER=mb-ar" "COMPILER_F
TRACE::2025-03-27.14:27:15::SCWMssOS::LAGS=  -O2 -c -mcpu=v11.0 -mlittle-endian -mno-xl-reorder -mno-xl-soft-mul -mxl-barrel-shift -mxl-pattern-compare" "EXTRA_COMPI
TRACE::2025-03-27.14:27:15::SCWMssOS::LER_FLAGS=-g -ffunction-sections -fdata-sections -Wall -Wextra -fno-tree-loop-distribute-patterns"

TRACE::2025-03-27.14:27:15::SCWMssOS::"Running Make libs in microblaze_0/libsrc/cpu_v2_16/src"

TRACE::2025-03-27.14:27:15::SCWMssOS::make -C microblaze_0/libsrc/cpu_v2_16/src -s libs  "SHELL=CMD" "COMPILER=mb-gcc" "ASSEMBLER=mb-as" "ARCHIVER=mb-ar" "COMPILER_F
TRACE::2025-03-27.14:27:15::SCWMssOS::LAGS=  -O2 -c -mcpu=v11.0 -mlittle-endian -mno-xl-reorder -mno-xl-soft-mul -mxl-barrel-shift -mxl-pattern-compare" "EXTRA_COMPI
TRACE::2025-03-27.14:27:15::SCWMssOS::LER_FLAGS=-g -ffunction-sections -fdata-sections -Wall -Wextra -fno-tree-loop-distribute-patterns"

TRACE::2025-03-27.14:27:15::SCWMssOS::"Running Make libs in microblaze_0/libsrc/gpio_v4_9/src"

TRACE::2025-03-27.14:27:15::SCWMssOS::make -C microblaze_0/libsrc/gpio_v4_9/src -s libs  "SHELL=CMD" "COMPILER=mb-gcc" "ASSEMBLER=mb-as" "ARCHIVER=mb-ar" "COMPILER_F
TRACE::2025-03-27.14:27:15::SCWMssOS::LAGS=  -O2 -c -mcpu=v11.0 -mlittle-endian -mno-xl-reorder -mno-xl-soft-mul -mxl-barrel-shift -mxl-pattern-compare" "EXTRA_COMPI
TRACE::2025-03-27.14:27:15::SCWMssOS::LER_FLAGS=-g -ffunction-sections -fdata-sections -Wall -Wextra -fno-tree-loop-distribute-patterns"

TRACE::2025-03-27.14:27:15::SCWMssOS::"Running Make libs in microblaze_0/libsrc/intc_v3_15/src"

TRACE::2025-03-27.14:27:15::SCWMssOS::make -C microblaze_0/libsrc/intc_v3_15/src -s libs  "SHELL=CMD" "COMPILER=mb-gcc" "ASSEMBLER=mb-as" "ARCHIVER=mb-ar" "COMPILER_
TRACE::2025-03-27.14:27:15::SCWMssOS::FLAGS=  -O2 -c -mcpu=v11.0 -mlittle-endian -mno-xl-reorder -mno-xl-soft-mul -mxl-barrel-shift -mxl-pattern-compare" "EXTRA_COMP
TRACE::2025-03-27.14:27:15::SCWMssOS::ILER_FLAGS=-g -ffunction-sections -fdata-sections -Wall -Wextra -fno-tree-loop-distribute-patterns"

TRACE::2025-03-27.14:27:15::SCWMssOS::"Running Make libs in microblaze_0/libsrc/spi_v4_9/src"

TRACE::2025-03-27.14:27:15::SCWMssOS::make -C microblaze_0/libsrc/spi_v4_9/src -s libs  "SHELL=CMD" "COMPILER=mb-gcc" "ASSEMBLER=mb-as" "ARCHIVER=mb-ar" "COMPILER_FL
TRACE::2025-03-27.14:27:15::SCWMssOS::AGS=  -O2 -c -mcpu=v11.0 -mlittle-endian -mno-xl-reorder -mno-xl-soft-mul -mxl-barrel-shift -mxl-pattern-compare" "EXTRA_COMPIL
TRACE::2025-03-27.14:27:15::SCWMssOS::ER_FLAGS=-g -ffunction-sections -fdata-sections -Wall -Wextra -fno-tree-loop-distribute-patterns"

TRACE::2025-03-27.14:27:15::SCWMssOS::"Running Make libs in microblaze_0/libsrc/standalone_v8_0/src"

TRACE::2025-03-27.14:27:15::SCWMssOS::make -C microblaze_0/libsrc/standalone_v8_0/src -s libs  "SHELL=CMD" "COMPILER=mb-gcc" "ASSEMBLER=mb-as" "ARCHIVER=mb-ar" "COMP
TRACE::2025-03-27.14:27:15::SCWMssOS::ILER_FLAGS=  -O2 -c -mcpu=v11.0 -mlittle-endian -mno-xl-reorder -mno-xl-soft-mul -mxl-barrel-shift -mxl-pattern-compare" "EXTRA
TRACE::2025-03-27.14:27:15::SCWMssOS::_COMPILER_FLAGS=-g -ffunction-sections -fdata-sections -Wall -Wextra -fno-tree-loop-distribute-patterns"

TRACE::2025-03-27.14:27:15::SCWMssOS::"Running Make libs in microblaze_0/libsrc/tmrctr_v4_9/src"

TRACE::2025-03-27.14:27:15::SCWMssOS::make -C microblaze_0/libsrc/tmrctr_v4_9/src -s libs  "SHELL=CMD" "COMPILER=mb-gcc" "ASSEMBLER=mb-as" "ARCHIVER=mb-ar" "COMPILER
TRACE::2025-03-27.14:27:15::SCWMssOS::_FLAGS=  -O2 -c -mcpu=v11.0 -mlittle-endian -mno-xl-reorder -mno-xl-soft-mul -mxl-barrel-shift -mxl-pattern-compare" "EXTRA_COM
TRACE::2025-03-27.14:27:15::SCWMssOS::PILER_FLAGS=-g -ffunction-sections -fdata-sections -Wall -Wextra -fno-tree-loop-distribute-patterns"

TRACE::2025-03-27.14:27:15::SCWMssOS::"Running Make libs in microblaze_0/libsrc/uartlite_v3_7/src"

TRACE::2025-03-27.14:27:15::SCWMssOS::make -C microblaze_0/libsrc/uartlite_v3_7/src -s libs  "SHELL=CMD" "COMPILER=mb-gcc" "ASSEMBLER=mb-as" "ARCHIVER=mb-ar" "COMPIL
TRACE::2025-03-27.14:27:15::SCWMssOS::ER_FLAGS=  -O2 -c -mcpu=v11.0 -mlittle-endian -mno-xl-reorder -mno-xl-soft-mul -mxl-barrel-shift -mxl-pattern-compare" "EXTRA_C
TRACE::2025-03-27.14:27:15::SCWMssOS::OMPILER_FLAGS=-g -ffunction-sections -fdata-sections -Wall -Wextra -fno-tree-loop-distribute-patterns"

TRACE::2025-03-27.14:27:15::SCWMssOS::'Finished building libraries parallelly.'

TRACE::2025-03-27.14:27:15::SCWMssOS::make --no-print-directory archive

TRACE::2025-03-27.14:27:15::SCWMssOS::mb-ar -r  microblaze_0/lib/libxil.a microblaze_0/lib/_exit.o microblaze_0/lib/errno.o microblaze_0/lib/fcntl.o microblaze_0/lib
TRACE::2025-03-27.14:27:15::SCWMssOS::/hw_exception_handler.o microblaze_0/lib/inbyte.o microblaze_0/lib/microblaze_disable_dcache.o microblaze_0/lib/microblaze_disa
TRACE::2025-03-27.14:27:15::SCWMssOS::ble_exceptions.o microblaze_0/lib/microblaze_disable_icache.o microblaze_0/lib/microblaze_disable_interrupts.o microblaze_0/lib
TRACE::2025-03-27.14:27:15::SCWMssOS::/microblaze_enable_dcache.o microblaze_0/lib/microblaze_enable_exceptions.o microblaze_0/lib/microblaze_enable_icache.o microbl
TRACE::2025-03-27.14:27:15::SCWMssOS::aze_0/lib/microblaze_enable_interrupts.o microblaze_0/lib/microblaze_exception_handler.o microblaze_0/lib/microblaze_flush_cach
TRACE::2025-03-27.14:27:15::SCWMssOS::e_ext.o microblaze_0/lib/microblaze_flush_cache_ext_range.o microblaze_0/lib/microblaze_flush_dcache.o microblaze_0/lib/microbl
TRACE::2025-03-27.14:27:15::SCWMssOS::aze_flush_dcache_range.o microblaze_0/lib/microblaze_init_dcache_range.o microblaze_0/lib/microblaze_init_icache_range.o microb
TRACE::2025-03-27.14:27:15::SCWMssOS::laze_0/lib/microblaze_interrupt_handler.o microblaze_0/lib/microblaze_interrupts_g.o microblaze_0/lib/microblaze_invalidate_cac
TRACE::2025-03-27.14:27:15::SCWMssOS::he_ext.o microblaze_0/lib/microblaze_invalidate_cache_ext_range.o microblaze_0/lib/microblaze_invalidate_dcache.o microblaze_0/
TRACE::2025-03-27.14:27:15::SCWMssOS::lib/microblaze_invalidate_dcache_range.o microblaze_0/lib/microblaze_invalidate_icache.o microblaze_0/lib/microblaze_invalidate
TRACE::2025-03-27.14:27:15::SCWMssOS::_icache_range.o microblaze_0/lib/microblaze_scrub.o microblaze_0/lib/microblaze_selftest.o microblaze_0/lib/microblaze_sleep.o 
TRACE::2025-03-27.14:27:15::SCWMssOS::microblaze_0/lib/microblaze_update_dcache.o microblaze_0/lib/microblaze_update_icache.o microblaze_0/lib/outbyte.o microblaze_0
TRACE::2025-03-27.14:27:15::SCWMssOS::/lib/print.o microblaze_0/lib/pvr.o microblaze_0/lib/xbram.o microblaze_0/lib/xbram_g.o microblaze_0/lib/xbram_intr.o microblaz
TRACE::2025-03-27.14:27:15::SCWMssOS::e_0/lib/xbram_selftest.o microblaze_0/lib/xbram_sinit.o microblaze_0/lib/xgpio.o microblaze_0/lib/xgpio_extra.o microblaze_0/li
TRACE::2025-03-27.14:27:15::SCWMssOS::b/xgpio_g.o microblaze_0/lib/xgpio_intr.o microblaze_0/lib/xgpio_selftest.o microblaze_0/lib/xgpio_sinit.o microblaze_0/lib/xil
TRACE::2025-03-27.14:27:15::SCWMssOS::_assert.o microblaze_0/lib/xil_cache.o microblaze_0/lib/xil_clocking.o microblaze_0/lib/xil_exception.o microblaze_0/lib/xil_me
TRACE::2025-03-27.14:27:15::SCWMssOS::m.o microblaze_0/lib/xil_misc_psreset_api.o microblaze_0/lib/xil_printf.o microblaze_0/lib/xil_sleepcommon.o microblaze_0/lib/x
TRACE::2025-03-27.14:27:15::SCWMssOS::il_testcache.o microblaze_0/lib/xil_testio.o microblaze_0/lib/xil_testmem.o microblaze_0/lib/xil_util.o microblaze_0/lib/xintc.
TRACE::2025-03-27.14:27:15::SCWMssOS::o microblaze_0/lib/xintc_g.o microblaze_0/lib/xintc_intr.o microblaze_0/lib/xintc_l.o microblaze_0/lib/xintc_options.o microbla
TRACE::2025-03-27.14:27:15::SCWMssOS::ze_0/lib/xintc_selftest.o microblaze_0/lib/xinterrupt_wrap.o microblaze_0/lib/xio.o microblaze_0/lib/xplatform_info.o microblaz
TRACE::2025-03-27.14:27:15::SCWMssOS::e_0/lib/xspi.o microblaze_0/lib/xspi_g.o microblaze_0/lib/xspi_options.o microblaze_0/lib/xspi_selftest.o microblaze_0/lib/xspi
TRACE::2025-03-27.14:27:15::SCWMssOS::_sinit.o microblaze_0/lib/xspi_stats.o microblaze_0/lib/xtmrctr.o microblaze_0/lib/xtmrctr_g.o microblaze_0/lib/xtmrctr_intr.o 
TRACE::2025-03-27.14:27:15::SCWMssOS::microblaze_0/lib/xtmrctr_l.o microblaze_0/lib/xtmrctr_options.o microblaze_0/lib/xtmrctr_selftest.o microblaze_0/lib/xtmrctr_si
TRACE::2025-03-27.14:27:15::SCWMssOS::nit.o microblaze_0/lib/xtmrctr_stats.o microblaze_0/lib/xuartlite.o microblaze_0/lib/xuartlite_g.o microblaze_0/lib/xuartlite_i
TRACE::2025-03-27.14:27:15::SCWMssOS::ntr.o microblaze_0/lib/xuartlite_l.o microblaze_0/lib/xuartlite_selftest.o microblaze_0/lib/xuartlite_sinit.o microblaze_0/lib/
TRACE::2025-03-27.14:27:15::SCWMssOS::xuartlite_stats.o

TRACE::2025-03-27.14:27:16::SCWMssOS::'Finished building libraries'

TRACE::2025-03-27.14:27:17::SCWMssOS::Copying to export directory.
TRACE::2025-03-27.14:27:17::SCWMssOS:: Checking if to create the Supporting Applications
TRACE::2025-03-27.14:27:17::SCWMssOS:: No Linux domain exists, trying to generate FSBL 
LOG::2025-03-27.14:27:17::SCWSystem::Completed Processing the domain standalone_microblaze_0
LOG::2025-03-27.14:27:17::SCWSystem::Completed Processing the sysconfig mb_usb_hdmi_top
LOG::2025-03-27.14:27:17::SCWPlatform::Completed generating the artifacts for system configuration mb_usb_hdmi_top
TRACE::2025-03-27.14:27:17::SCWPlatform::Started preparing the platform 
TRACE::2025-03-27.14:27:17::SCWSystem::Writing the bif file for system config mb_usb_hdmi_top
TRACE::2025-03-27.14:27:17::SCWSystem::dir created 
TRACE::2025-03-27.14:27:17::SCWSystem::Writing the bif 
TRACE::2025-03-27.14:27:17::SCWPlatform::Started writing the spfm file 
TRACE::2025-03-27.14:27:17::SCWPlatform::Started writing the xpfm file 
TRACE::2025-03-27.14:27:17::SCWPlatform::Completed generating the platform
TRACE::2025-03-27.14:27:17::SCWMssOS::Saving the mss changes D:/School/UIUC_ECE385_SP25/lab6_2/sdk/mb_usb_hdmi_top/microblaze_0/standalone_microblaze_0/bsp/system.mss
TRACE::2025-03-27.14:27:17::SCWMssOS::Found a swdesign opened with the mssfile.
TRACE::2025-03-27.14:27:17::SCWMssOS::Completed writemss as part of save.
TRACE::2025-03-27.14:27:17::SCWMssOS::Commit changes completed.
TRACE::2025-03-27.14:27:17::SCWPlatform::Trying to open the hw design at D:/School/UIUC_ECE385_SP25/lab6_2/sdk/mb_usb_hdmi_top/hw/mb_usb_hdmi_top.xsa
TRACE::2025-03-27.14:27:17::SCWPlatform::DSA given D:/School/UIUC_ECE385_SP25/lab6_2/sdk/mb_usb_hdmi_top/hw/mb_usb_hdmi_top.xsa
TRACE::2025-03-27.14:27:17::SCWPlatform::DSA absoulate path D:/School/UIUC_ECE385_SP25/lab6_2/sdk/mb_usb_hdmi_top/hw/mb_usb_hdmi_top.xsa
TRACE::2025-03-27.14:27:17::SCWPlatform::DSA directory D:/School/UIUC_ECE385_SP25/lab6_2/sdk/mb_usb_hdmi_top/hw
TRACE::2025-03-27.14:27:17::SCWPlatform:: Platform Path D:/School/UIUC_ECE385_SP25/lab6_2/sdk/mb_usb_hdmi_top/hw/mb_usb_hdmi_top.xsa
TRACE::2025-03-27.14:27:17::SCWPlatform:: Unique name xilinx:::0.0
TRACE::2025-03-27.14:27:17::SCWPlatform::Trying to set the existing hwdb with name mb_usb_hdmi_top
TRACE::2025-03-27.14:27:17::SCWPlatform::Opened existing hwdb mb_usb_hdmi_top
TRACE::2025-03-27.14:27:17::SCWPlatform::Found the Hw Db part of the input DSA
TRACE::2025-03-27.14:27:17::SCWMssOS::Checking the sw design at  D:/School/UIUC_ECE385_SP25/lab6_2/sdk/mb_usb_hdmi_top/microblaze_0/standalone_microblaze_0/bsp/system.mss
TRACE::2025-03-27.14:27:17::SCWMssOS::DEBUG:  swdes dump  D:/School/UIUC_ECE385_SP25/lab6_2/sdk/mb_usb_hdmi_top/microblaze_0/standalone_microblaze_0/bsp/system.mss|system||

TRACE::2025-03-27.14:27:17::SCWMssOS::Sw design exists and opened at  D:/School/UIUC_ECE385_SP25/lab6_2/sdk/mb_usb_hdmi_top/microblaze_0/standalone_microblaze_0/bsp/system.mss
TRACE::2025-03-27.14:27:17::SCWWriter::formatted JSON is {
	"platformName":	"mb_usb_hdmi_top",
	"sprVersion":	"2.0",
	"mode":	"gui",
	"dsaType":	"Fixed",
	"platformDesc":	"mb_usb_hdmi_top",
	"platHandOff":	"D:/School/UIUC_ECE385_SP25/lab6_2/mb_usb_hdmi_top.xsa",
	"platIntHandOff":	"<platformDir>/hw/mb_usb_hdmi_top.xsa",
	"deviceType":	"FPGA",
	"platIsPrebuiltAutogen":	"false",
	"platIsNoBootBsp":	"false",
	"hasFsblMakeHasChanges":	"false",
	"hasPmufwMakeHasChanges":	"false",
	"platPreBuiltFlag":	false,
	"platformSamplesDir":	"",
	"platActiveSys":	"mb_usb_hdmi_top",
	"systems":	[{
			"systemName":	"mb_usb_hdmi_top",
			"systemDesc":	"mb_usb_hdmi_top",
			"sysIsBootAutoGen":	"true",
			"systemDispName":	"mb_usb_hdmi_top",
			"sysActiveDom":	"standalone_microblaze_0",
			"sysDefaultDom":	"standalone_microblaze_0",
			"domains":	[{
					"domainName":	"standalone_microblaze_0",
					"domainDispName":	"standalone_microblaze_0",
					"domainDesc":	"standalone_microblaze_0",
					"processors":	"microblaze_0",
					"os":	"standalone",
					"sdxOs":	"standalone",
					"debugEnable":	"False",
					"domRuntimes":	["cpp"],
					"swRepo":	"",
					"mssOsVer":	"8.0",
					"mssFile":	"",
					"md5Digest":	"304529987e879521ca977c68d163f362",
					"compatibleApp":	"",
					"domType":	"mssDomain",
					"arch":	"32-bit",
					"appSettings":	{
						"appCompilerFlags":	"",
						"appLinkerFlags":	""
					},
					"addedLibs":	[],
					"libOptions":	{
						"libsContainingOptions":	[]
					},
					"prebuiltLibs":	{
						"prebuiltIncPath":	[],
						"prebuiltLibPath":	[]
					},
					"isolation":	{
					}
				}]
		}]
}
KEYINFO::2025-03-27.14:27:17::SCWPlatform::updated the xpfm file.
TRACE::2025-03-27.14:27:17::SCWPlatform::Trying to open the hw design at D:/School/UIUC_ECE385_SP25/lab6_2/sdk/mb_usb_hdmi_top/hw/mb_usb_hdmi_top.xsa
TRACE::2025-03-27.14:27:17::SCWPlatform::DSA given D:/School/UIUC_ECE385_SP25/lab6_2/sdk/mb_usb_hdmi_top/hw/mb_usb_hdmi_top.xsa
TRACE::2025-03-27.14:27:17::SCWPlatform::DSA absoulate path D:/School/UIUC_ECE385_SP25/lab6_2/sdk/mb_usb_hdmi_top/hw/mb_usb_hdmi_top.xsa
TRACE::2025-03-27.14:27:17::SCWPlatform::DSA directory D:/School/UIUC_ECE385_SP25/lab6_2/sdk/mb_usb_hdmi_top/hw
TRACE::2025-03-27.14:27:17::SCWPlatform:: Platform Path D:/School/UIUC_ECE385_SP25/lab6_2/sdk/mb_usb_hdmi_top/hw/mb_usb_hdmi_top.xsa
TRACE::2025-03-27.14:27:17::SCWPlatform:: Unique name xilinx:::0.0
TRACE::2025-03-27.14:27:17::SCWPlatform::Trying to set the existing hwdb with name mb_usb_hdmi_top
TRACE::2025-03-27.14:27:17::SCWPlatform::Opened existing hwdb mb_usb_hdmi_top
TRACE::2025-03-27.14:27:17::SCWPlatform::Found the Hw Db part of the input DSA
TRACE::2025-03-27.14:27:17::SCWMssOS::Checking the sw design at  D:/School/UIUC_ECE385_SP25/lab6_2/sdk/mb_usb_hdmi_top/microblaze_0/standalone_microblaze_0/bsp/system.mss
TRACE::2025-03-27.14:27:17::SCWMssOS::DEBUG:  swdes dump  D:/School/UIUC_ECE385_SP25/lab6_2/sdk/mb_usb_hdmi_top/microblaze_0/standalone_microblaze_0/bsp/system.mss|system||

TRACE::2025-03-27.14:27:17::SCWMssOS::Sw design exists and opened at  D:/School/UIUC_ECE385_SP25/lab6_2/sdk/mb_usb_hdmi_top/microblaze_0/standalone_microblaze_0/bsp/system.mss
TRACE::2025-03-27.14:39:11::SCWPlatform::Clearing the existing platform
TRACE::2025-03-27.14:39:11::SCWSystem::Clearing the existing sysconfig
TRACE::2025-03-27.14:39:11::SCWMssOS::Removing the swdes entry for  D:/School/UIUC_ECE385_SP25/lab6_2/sdk/mb_usb_hdmi_top/microblaze_0/standalone_microblaze_0/bsp/system.mss
TRACE::2025-03-27.14:39:11::SCWSystem::Clearing the domains completed.
TRACE::2025-03-27.14:39:11::SCWPlatform::Clearing the opened hw db.
TRACE::2025-03-27.14:39:11::SCWPlatform::DSA given D:/School/UIUC_ECE385_SP25/lab6_2/sdk/mb_usb_hdmi_top/hw/mb_usb_hdmi_top.xsa
TRACE::2025-03-27.14:39:11::SCWPlatform::DSA absoulate path D:/School/UIUC_ECE385_SP25/lab6_2/sdk/mb_usb_hdmi_top/hw/mb_usb_hdmi_top.xsa
TRACE::2025-03-27.14:39:11::SCWPlatform:: Platform location is D:/School/UIUC_ECE385_SP25/lab6_2/sdk/mb_usb_hdmi_top/hw
TRACE::2025-03-27.14:39:11::SCWPlatform:: Platform Path D:/School/UIUC_ECE385_SP25/lab6_2/sdk/mb_usb_hdmi_top/hw/mb_usb_hdmi_top.xsa
TRACE::2025-03-27.14:39:11::SCWPlatform:: Unique name xilinx:::0.0
TRACE::2025-03-27.14:39:11::SCWPlatform::Removing the HwDB with name D:/School/UIUC_ECE385_SP25/lab6_2/sdk/mb_usb_hdmi_top/hw/mb_usb_hdmi_top.xsa
TRACE::2025-03-27.14:39:11::SCWPlatform::Trying to open the hw design at D:/School/UIUC_ECE385_SP25/lab6_2/sdk/mb_usb_hdmi_top/hw/mb_usb_hdmi_top.xsa
TRACE::2025-03-27.14:39:11::SCWPlatform::DSA given D:/School/UIUC_ECE385_SP25/lab6_2/sdk/mb_usb_hdmi_top/hw/mb_usb_hdmi_top.xsa
TRACE::2025-03-27.14:39:11::SCWPlatform::DSA absoulate path D:/School/UIUC_ECE385_SP25/lab6_2/sdk/mb_usb_hdmi_top/hw/mb_usb_hdmi_top.xsa
TRACE::2025-03-27.14:39:11::SCWPlatform::DSA directory D:/School/UIUC_ECE385_SP25/lab6_2/sdk/mb_usb_hdmi_top/hw
TRACE::2025-03-27.14:39:11::SCWPlatform:: Platform Path D:/School/UIUC_ECE385_SP25/lab6_2/sdk/mb_usb_hdmi_top/hw/mb_usb_hdmi_top.xsa
TRACE::2025-03-27.14:39:11::SCWPlatform:: Unique name xilinx:::0.0
TRACE::2025-03-27.14:39:11::SCWPlatform::Do not have an existing db opened. 
TRACE::2025-03-27.14:39:11::SCWPlatform::Opened new HwDB with name mb_usb_hdmi_top_1
TRACE::2025-03-27.14:39:11::SCWReader::Active system found as  mb_usb_hdmi_top
TRACE::2025-03-27.14:39:11::SCWReader::Handling sysconfig mb_usb_hdmi_top
TRACE::2025-03-27.14:39:11::SCWDomain::checking for install qemu data   : 
TRACE::2025-03-27.14:39:11::SCWPlatform::Trying to open the hw design at D:/School/UIUC_ECE385_SP25/lab6_2/sdk/mb_usb_hdmi_top/hw/mb_usb_hdmi_top.xsa
TRACE::2025-03-27.14:39:11::SCWPlatform::DSA given D:/School/UIUC_ECE385_SP25/lab6_2/sdk/mb_usb_hdmi_top/hw/mb_usb_hdmi_top.xsa
TRACE::2025-03-27.14:39:11::SCWPlatform::DSA absoulate path D:/School/UIUC_ECE385_SP25/lab6_2/sdk/mb_usb_hdmi_top/hw/mb_usb_hdmi_top.xsa
TRACE::2025-03-27.14:39:11::SCWPlatform::DSA directory D:/School/UIUC_ECE385_SP25/lab6_2/sdk/mb_usb_hdmi_top/hw
TRACE::2025-03-27.14:39:11::SCWPlatform:: Platform Path D:/School/UIUC_ECE385_SP25/lab6_2/sdk/mb_usb_hdmi_top/hw/mb_usb_hdmi_top.xsa
TRACE::2025-03-27.14:39:11::SCWPlatform:: Unique name xilinx:::0.0
TRACE::2025-03-27.14:39:11::SCWPlatform::Trying to set the existing hwdb with name mb_usb_hdmi_top_1
TRACE::2025-03-27.14:39:11::SCWPlatform::Opened existing hwdb mb_usb_hdmi_top_1
TRACE::2025-03-27.14:39:11::SCWPlatform::Found the Hw Db part of the input DSA
TRACE::2025-03-27.14:39:11::SCWPlatform::Trying to open the hw design at D:/School/UIUC_ECE385_SP25/lab6_2/sdk/mb_usb_hdmi_top/hw/mb_usb_hdmi_top.xsa
TRACE::2025-03-27.14:39:11::SCWPlatform::DSA given D:/School/UIUC_ECE385_SP25/lab6_2/sdk/mb_usb_hdmi_top/hw/mb_usb_hdmi_top.xsa
TRACE::2025-03-27.14:39:11::SCWPlatform::DSA absoulate path D:/School/UIUC_ECE385_SP25/lab6_2/sdk/mb_usb_hdmi_top/hw/mb_usb_hdmi_top.xsa
TRACE::2025-03-27.14:39:11::SCWPlatform::DSA directory D:/School/UIUC_ECE385_SP25/lab6_2/sdk/mb_usb_hdmi_top/hw
TRACE::2025-03-27.14:39:11::SCWPlatform:: Platform Path D:/School/UIUC_ECE385_SP25/lab6_2/sdk/mb_usb_hdmi_top/hw/mb_usb_hdmi_top.xsa
TRACE::2025-03-27.14:39:11::SCWPlatform:: Unique name xilinx:::0.0
TRACE::2025-03-27.14:39:11::SCWPlatform::Trying to set the existing hwdb with name mb_usb_hdmi_top_1
TRACE::2025-03-27.14:39:11::SCWPlatform::Opened existing hwdb mb_usb_hdmi_top_1
TRACE::2025-03-27.14:39:11::SCWPlatform::Found the Hw Db part of the input DSA
TRACE::2025-03-27.14:39:11::SCWPlatform::Trying to open the hw design at D:/School/UIUC_ECE385_SP25/lab6_2/sdk/mb_usb_hdmi_top/hw/mb_usb_hdmi_top.xsa
TRACE::2025-03-27.14:39:11::SCWPlatform::DSA given D:/School/UIUC_ECE385_SP25/lab6_2/sdk/mb_usb_hdmi_top/hw/mb_usb_hdmi_top.xsa
TRACE::2025-03-27.14:39:11::SCWPlatform::DSA absoulate path D:/School/UIUC_ECE385_SP25/lab6_2/sdk/mb_usb_hdmi_top/hw/mb_usb_hdmi_top.xsa
TRACE::2025-03-27.14:39:11::SCWPlatform::DSA directory D:/School/UIUC_ECE385_SP25/lab6_2/sdk/mb_usb_hdmi_top/hw
TRACE::2025-03-27.14:39:11::SCWPlatform:: Platform Path D:/School/UIUC_ECE385_SP25/lab6_2/sdk/mb_usb_hdmi_top/hw/mb_usb_hdmi_top.xsa
TRACE::2025-03-27.14:39:11::SCWPlatform:: Unique name xilinx:::0.0
TRACE::2025-03-27.14:39:11::SCWPlatform::Trying to set the existing hwdb with name mb_usb_hdmi_top_1
TRACE::2025-03-27.14:39:11::SCWPlatform::Opened existing hwdb mb_usb_hdmi_top_1
TRACE::2025-03-27.14:39:11::SCWPlatform::Found the Hw Db part of the input DSA
TRACE::2025-03-27.14:39:11::SCWPlatform::Trying to open the hw design at D:/School/UIUC_ECE385_SP25/lab6_2/sdk/mb_usb_hdmi_top/hw/mb_usb_hdmi_top.xsa
TRACE::2025-03-27.14:39:11::SCWPlatform::DSA given D:/School/UIUC_ECE385_SP25/lab6_2/sdk/mb_usb_hdmi_top/hw/mb_usb_hdmi_top.xsa
TRACE::2025-03-27.14:39:11::SCWPlatform::DSA absoulate path D:/School/UIUC_ECE385_SP25/lab6_2/sdk/mb_usb_hdmi_top/hw/mb_usb_hdmi_top.xsa
TRACE::2025-03-27.14:39:11::SCWPlatform::DSA directory D:/School/UIUC_ECE385_SP25/lab6_2/sdk/mb_usb_hdmi_top/hw
TRACE::2025-03-27.14:39:11::SCWPlatform:: Platform Path D:/School/UIUC_ECE385_SP25/lab6_2/sdk/mb_usb_hdmi_top/hw/mb_usb_hdmi_top.xsa
TRACE::2025-03-27.14:39:11::SCWPlatform:: Unique name xilinx:::0.0
TRACE::2025-03-27.14:39:11::SCWPlatform::Trying to set the existing hwdb with name mb_usb_hdmi_top_1
TRACE::2025-03-27.14:39:11::SCWPlatform::Opened existing hwdb mb_usb_hdmi_top_1
TRACE::2025-03-27.14:39:11::SCWPlatform::Found the Hw Db part of the input DSA
TRACE::2025-03-27.14:39:11::SCWMssOS::Checking the sw design at  D:/School/UIUC_ECE385_SP25/lab6_2/sdk/mb_usb_hdmi_top/microblaze_0/standalone_microblaze_0/bsp/system.mss
TRACE::2025-03-27.14:39:11::SCWMssOS::DEBUG:  swdes dump  
TRACE::2025-03-27.14:39:11::SCWMssOS::No sw design opened at  D:/School/UIUC_ECE385_SP25/lab6_2/sdk/mb_usb_hdmi_top/microblaze_0/standalone_microblaze_0/bsp/system.mss
TRACE::2025-03-27.14:39:11::SCWMssOS::mss exists loading the mss file  D:/School/UIUC_ECE385_SP25/lab6_2/sdk/mb_usb_hdmi_top/microblaze_0/standalone_microblaze_0/bsp/system.mss
TRACE::2025-03-27.14:39:11::SCWMssOS::Opened the sw design from mss  D:/School/UIUC_ECE385_SP25/lab6_2/sdk/mb_usb_hdmi_top/microblaze_0/standalone_microblaze_0/bsp/system.mss
TRACE::2025-03-27.14:39:11::SCWMssOS::Adding the swdes entry D:/School/UIUC_ECE385_SP25/lab6_2/sdk/mb_usb_hdmi_top/microblaze_0/standalone_microblaze_0/bsp/system.mss with des name system
TRACE::2025-03-27.14:39:11::SCWMssOS::updating the scw layer about changes
TRACE::2025-03-27.14:39:11::SCWMssOS::Opened the sw design.  D:/School/UIUC_ECE385_SP25/lab6_2/sdk/mb_usb_hdmi_top/microblaze_0/standalone_microblaze_0/bsp/system.mss
TRACE::2025-03-27.14:39:11::SCWMssOS::Saving the mss changes D:/School/UIUC_ECE385_SP25/lab6_2/sdk/mb_usb_hdmi_top/microblaze_0/standalone_microblaze_0/bsp/system.mss
TRACE::2025-03-27.14:39:11::SCWMssOS::Found a swdesign opened with the mssfile.
TRACE::2025-03-27.14:39:11::SCWMssOS::Completed writemss as part of save.
TRACE::2025-03-27.14:39:11::SCWMssOS::Commit changes completed.
TRACE::2025-03-27.14:39:11::SCWReader::Adding prebuilt librarypaths as   
TRACE::2025-03-27.14:39:11::SCWReader::Adding prebuilt incpaths  as   
TRACE::2025-03-27.14:39:11::SCWPlatform::Trying to open the hw design at D:/School/UIUC_ECE385_SP25/lab6_2/sdk/mb_usb_hdmi_top/hw/mb_usb_hdmi_top.xsa
TRACE::2025-03-27.14:39:11::SCWPlatform::DSA given D:/School/UIUC_ECE385_SP25/lab6_2/sdk/mb_usb_hdmi_top/hw/mb_usb_hdmi_top.xsa
TRACE::2025-03-27.14:39:11::SCWPlatform::DSA absoulate path D:/School/UIUC_ECE385_SP25/lab6_2/sdk/mb_usb_hdmi_top/hw/mb_usb_hdmi_top.xsa
TRACE::2025-03-27.14:39:11::SCWPlatform::DSA directory D:/School/UIUC_ECE385_SP25/lab6_2/sdk/mb_usb_hdmi_top/hw
TRACE::2025-03-27.14:39:11::SCWPlatform:: Platform Path D:/School/UIUC_ECE385_SP25/lab6_2/sdk/mb_usb_hdmi_top/hw/mb_usb_hdmi_top.xsa
TRACE::2025-03-27.14:39:11::SCWPlatform:: Unique name xilinx:::0.0
TRACE::2025-03-27.14:39:11::SCWPlatform::Trying to set the existing hwdb with name mb_usb_hdmi_top_1
TRACE::2025-03-27.14:39:11::SCWPlatform::Opened existing hwdb mb_usb_hdmi_top_1
TRACE::2025-03-27.14:39:11::SCWPlatform::Found the Hw Db part of the input DSA
TRACE::2025-03-27.14:39:11::SCWMssOS::Checking the sw design at  D:/School/UIUC_ECE385_SP25/lab6_2/sdk/mb_usb_hdmi_top/microblaze_0/standalone_microblaze_0/bsp/system.mss
TRACE::2025-03-27.14:39:11::SCWMssOS::DEBUG:  swdes dump  D:/School/UIUC_ECE385_SP25/lab6_2/sdk/mb_usb_hdmi_top/microblaze_0/standalone_microblaze_0/bsp/system.mss|system||

TRACE::2025-03-27.14:39:11::SCWMssOS::Sw design exists and opened at  D:/School/UIUC_ECE385_SP25/lab6_2/sdk/mb_usb_hdmi_top/microblaze_0/standalone_microblaze_0/bsp/system.mss
TRACE::2025-03-27.14:39:11::SCWReader::No isolation master present  
TRACE::2025-03-27.14:39:14::SCWPlatform::DSA given D:/School/UIUC_ECE385_SP25/lab6_2/sdk/mb_usb_hdmi_top/tempdsa/mb_usb_hdmi_top.xsa
TRACE::2025-03-27.14:39:14::SCWPlatform::DSA absoulate path D:/School/UIUC_ECE385_SP25/lab6_2/sdk/mb_usb_hdmi_top/tempdsa/mb_usb_hdmi_top.xsa
TRACE::2025-03-27.14:39:14::SCWPlatform:: Platform location is D:/School/UIUC_ECE385_SP25/lab6_2/sdk/mb_usb_hdmi_top/tempdsa
TRACE::2025-03-27.14:39:14::SCWPlatform:: Platform Path D:/School/UIUC_ECE385_SP25/lab6_2/sdk/mb_usb_hdmi_top/tempdsa/mb_usb_hdmi_top.xsa
TRACE::2025-03-27.14:39:14::SCWPlatform:: Unique name xilinx:::0.0
TRACE::2025-03-27.14:39:14::SCWPlatform::Found the Hw Db part of the input DSA
TRACE::2025-03-27.14:39:14::SCWMssOS::Doing hw sync for the mss in domain: standalone_microblaze_0
TRACE::2025-03-27.14:39:14::SCWPlatform::Trying to open the hw design at D:/School/UIUC_ECE385_SP25/lab6_2/sdk/mb_usb_hdmi_top/hw/mb_usb_hdmi_top.xsa
TRACE::2025-03-27.14:39:14::SCWPlatform::DSA given D:/School/UIUC_ECE385_SP25/lab6_2/sdk/mb_usb_hdmi_top/hw/mb_usb_hdmi_top.xsa
TRACE::2025-03-27.14:39:14::SCWPlatform::DSA absoulate path D:/School/UIUC_ECE385_SP25/lab6_2/sdk/mb_usb_hdmi_top/hw/mb_usb_hdmi_top.xsa
TRACE::2025-03-27.14:39:14::SCWPlatform::DSA directory D:/School/UIUC_ECE385_SP25/lab6_2/sdk/mb_usb_hdmi_top/hw
TRACE::2025-03-27.14:39:14::SCWPlatform:: Platform Path D:/School/UIUC_ECE385_SP25/lab6_2/sdk/mb_usb_hdmi_top/hw/mb_usb_hdmi_top.xsa
TRACE::2025-03-27.14:39:14::SCWPlatform:: Unique name xilinx:::0.0
TRACE::2025-03-27.14:39:14::SCWPlatform::Trying to set the existing hwdb with name mb_usb_hdmi_top_1
TRACE::2025-03-27.14:39:14::SCWPlatform::Opened existing hwdb mb_usb_hdmi_top_1
TRACE::2025-03-27.14:39:14::SCWPlatform::Found the Hw Db part of the input DSA
TRACE::2025-03-27.14:39:14::SCWPlatform::Trying to open the hw design at D:/School/UIUC_ECE385_SP25/lab6_2/sdk/mb_usb_hdmi_top/hw/mb_usb_hdmi_top.xsa
TRACE::2025-03-27.14:39:14::SCWPlatform::DSA given D:/School/UIUC_ECE385_SP25/lab6_2/sdk/mb_usb_hdmi_top/hw/mb_usb_hdmi_top.xsa
TRACE::2025-03-27.14:39:14::SCWPlatform::DSA absoulate path D:/School/UIUC_ECE385_SP25/lab6_2/sdk/mb_usb_hdmi_top/hw/mb_usb_hdmi_top.xsa
TRACE::2025-03-27.14:39:14::SCWPlatform::DSA directory D:/School/UIUC_ECE385_SP25/lab6_2/sdk/mb_usb_hdmi_top/hw
TRACE::2025-03-27.14:39:14::SCWPlatform:: Platform Path D:/School/UIUC_ECE385_SP25/lab6_2/sdk/mb_usb_hdmi_top/hw/mb_usb_hdmi_top.xsa
TRACE::2025-03-27.14:39:14::SCWPlatform:: Unique name xilinx:::0.0
TRACE::2025-03-27.14:39:14::SCWPlatform::Trying to set the existing hwdb with name mb_usb_hdmi_top_1
TRACE::2025-03-27.14:39:14::SCWPlatform::Opened existing hwdb mb_usb_hdmi_top_1
TRACE::2025-03-27.14:39:14::SCWPlatform::Found the Hw Db part of the input DSA
TRACE::2025-03-27.14:39:14::SCWMssOS::Checking the sw design at  D:/School/UIUC_ECE385_SP25/lab6_2/sdk/mb_usb_hdmi_top/microblaze_0/standalone_microblaze_0/bsp/system.mss
TRACE::2025-03-27.14:39:14::SCWMssOS::DEBUG:  swdes dump  D:/School/UIUC_ECE385_SP25/lab6_2/sdk/mb_usb_hdmi_top/microblaze_0/standalone_microblaze_0/bsp/system.mss|system||

TRACE::2025-03-27.14:39:14::SCWMssOS::Sw design exists and opened at  D:/School/UIUC_ECE385_SP25/lab6_2/sdk/mb_usb_hdmi_top/microblaze_0/standalone_microblaze_0/bsp/system.mss
TRACE::2025-03-27.14:39:14::SCWPlatform::Trying to open the hw design at D:/School/UIUC_ECE385_SP25/lab6_2/sdk/mb_usb_hdmi_top/tempdsa/mb_usb_hdmi_top.xsa
TRACE::2025-03-27.14:39:14::SCWPlatform::DSA given D:/School/UIUC_ECE385_SP25/lab6_2/sdk/mb_usb_hdmi_top/tempdsa/mb_usb_hdmi_top.xsa
TRACE::2025-03-27.14:39:14::SCWPlatform::DSA absoulate path D:/School/UIUC_ECE385_SP25/lab6_2/sdk/mb_usb_hdmi_top/tempdsa/mb_usb_hdmi_top.xsa
TRACE::2025-03-27.14:39:14::SCWPlatform::DSA directory D:/School/UIUC_ECE385_SP25/lab6_2/sdk/mb_usb_hdmi_top/tempdsa
TRACE::2025-03-27.14:39:14::SCWPlatform:: Platform Path D:/School/UIUC_ECE385_SP25/lab6_2/sdk/mb_usb_hdmi_top/tempdsa/mb_usb_hdmi_top.xsa
TRACE::2025-03-27.14:39:14::SCWPlatform:: Unique name xilinx:::0.0
TRACE::2025-03-27.14:39:14::SCWPlatform::update - Opened existing hwdb mb_usb_hdmi_top_2
TRACE::2025-03-27.14:39:14::SCWPlatform::Found the Hw Db part of the input DSA
TRACE::2025-03-27.14:39:14::SCWMssOS::Saving the mss changes D:/School/UIUC_ECE385_SP25/lab6_2/sdk/mb_usb_hdmi_top/microblaze_0/standalone_microblaze_0/bsp/system.mss
TRACE::2025-03-27.14:39:14::SCWMssOS::Found a swdesign opened with the mssfile.
TRACE::2025-03-27.14:39:14::SCWMssOS::Completed writemss as part of save.
TRACE::2025-03-27.14:39:14::SCWMssOS::Commit changes completed.
TRACE::2025-03-27.14:39:14::SCWMssOS::Completed hw sync for the mss in domain: standalone_microblaze_0
TRACE::2025-03-27.14:39:14::SCWMssOS::Removing the swdes entry for  D:/School/UIUC_ECE385_SP25/lab6_2/sdk/mb_usb_hdmi_top/microblaze_0/standalone_microblaze_0/bsp/system.mss
TRACE::2025-03-27.14:39:14::SCWPlatform::Trying to open the hw design at D:/School/UIUC_ECE385_SP25/lab6_2/sdk/mb_usb_hdmi_top/hw/mb_usb_hdmi_top.xsa
TRACE::2025-03-27.14:39:14::SCWPlatform::DSA given D:/School/UIUC_ECE385_SP25/lab6_2/sdk/mb_usb_hdmi_top/hw/mb_usb_hdmi_top.xsa
TRACE::2025-03-27.14:39:14::SCWPlatform::DSA absoulate path D:/School/UIUC_ECE385_SP25/lab6_2/sdk/mb_usb_hdmi_top/hw/mb_usb_hdmi_top.xsa
TRACE::2025-03-27.14:39:14::SCWPlatform::DSA directory D:/School/UIUC_ECE385_SP25/lab6_2/sdk/mb_usb_hdmi_top/hw
TRACE::2025-03-27.14:39:14::SCWPlatform:: Platform Path D:/School/UIUC_ECE385_SP25/lab6_2/sdk/mb_usb_hdmi_top/hw/mb_usb_hdmi_top.xsa
TRACE::2025-03-27.14:39:14::SCWPlatform:: Unique name xilinx:::0.0
TRACE::2025-03-27.14:39:14::SCWPlatform::Do not have an existing db opened. 
TRACE::2025-03-27.14:39:14::SCWPlatform::Opened new HwDB with name mb_usb_hdmi_top_3
TRACE::2025-03-27.14:39:14::SCWMssOS::Saving the mss changes D:/School/UIUC_ECE385_SP25/lab6_2/sdk/mb_usb_hdmi_top/microblaze_0/standalone_microblaze_0/bsp/system.mss
TRACE::2025-03-27.14:39:14::SCWMssOS::Adding the swdes entry, mss present, able to open swdb D:/School/UIUC_ECE385_SP25/lab6_2/sdk/mb_usb_hdmi_top/microblaze_0/standalone_microblaze_0/bsp/system.mss with des name system
TRACE::2025-03-27.14:39:14::SCWMssOS::Writing the mss file completed D:/School/UIUC_ECE385_SP25/lab6_2/sdk/mb_usb_hdmi_top/microblaze_0/standalone_microblaze_0/bsp/system.mss
TRACE::2025-03-27.14:39:14::SCWMssOS::Commit changes completed.
TRACE::2025-03-27.14:39:14::SCWPlatform::Trying to open the hw design at D:/School/UIUC_ECE385_SP25/lab6_2/sdk/mb_usb_hdmi_top/hw/mb_usb_hdmi_top.xsa
TRACE::2025-03-27.14:39:14::SCWPlatform::DSA given D:/School/UIUC_ECE385_SP25/lab6_2/sdk/mb_usb_hdmi_top/hw/mb_usb_hdmi_top.xsa
TRACE::2025-03-27.14:39:14::SCWPlatform::DSA absoulate path D:/School/UIUC_ECE385_SP25/lab6_2/sdk/mb_usb_hdmi_top/hw/mb_usb_hdmi_top.xsa
TRACE::2025-03-27.14:39:14::SCWPlatform::DSA directory D:/School/UIUC_ECE385_SP25/lab6_2/sdk/mb_usb_hdmi_top/hw
TRACE::2025-03-27.14:39:14::SCWPlatform:: Platform Path D:/School/UIUC_ECE385_SP25/lab6_2/sdk/mb_usb_hdmi_top/hw/mb_usb_hdmi_top.xsa
TRACE::2025-03-27.14:39:14::SCWPlatform:: Unique name xilinx:::0.0
TRACE::2025-03-27.14:39:14::SCWPlatform::Trying to set the existing hwdb with name mb_usb_hdmi_top_3
TRACE::2025-03-27.14:39:14::SCWPlatform::Opened existing hwdb mb_usb_hdmi_top_3
TRACE::2025-03-27.14:39:14::SCWPlatform::Found the Hw Db part of the input DSA
TRACE::2025-03-27.14:39:14::SCWMssOS::Checking the sw design at  D:/School/UIUC_ECE385_SP25/lab6_2/sdk/mb_usb_hdmi_top/microblaze_0/standalone_microblaze_0/bsp/system.mss
TRACE::2025-03-27.14:39:14::SCWMssOS::DEBUG:  swdes dump  D:/School/UIUC_ECE385_SP25/lab6_2/sdk/mb_usb_hdmi_top/microblaze_0/standalone_microblaze_0/bsp/system.mss|system||

TRACE::2025-03-27.14:39:14::SCWMssOS::Sw design exists and opened at  D:/School/UIUC_ECE385_SP25/lab6_2/sdk/mb_usb_hdmi_top/microblaze_0/standalone_microblaze_0/bsp/system.mss
TRACE::2025-03-27.14:39:14::SCWWriter::formatted JSON is {
	"platformName":	"mb_usb_hdmi_top",
	"sprVersion":	"2.0",
	"mode":	"gui",
	"dsaType":	"Fixed",
	"platformDesc":	"mb_usb_hdmi_top",
	"platHandOff":	"D:/School/UIUC_ECE385_SP25/lab6_2/mb_usb_hdmi_top.xsa",
	"platIntHandOff":	"<platformDir>/hw/mb_usb_hdmi_top.xsa",
	"deviceType":	"FPGA",
	"platIsPrebuiltAutogen":	"false",
	"platIsNoBootBsp":	"false",
	"hasFsblMakeHasChanges":	"false",
	"hasPmufwMakeHasChanges":	"false",
	"platPreBuiltFlag":	false,
	"platformSamplesDir":	"",
	"platActiveSys":	"mb_usb_hdmi_top",
	"systems":	[{
			"systemName":	"mb_usb_hdmi_top",
			"systemDesc":	"mb_usb_hdmi_top",
			"sysIsBootAutoGen":	"true",
			"systemDispName":	"mb_usb_hdmi_top",
			"sysActiveDom":	"standalone_microblaze_0",
			"sysDefaultDom":	"standalone_microblaze_0",
			"domains":	[{
					"domainName":	"standalone_microblaze_0",
					"domainDispName":	"standalone_microblaze_0",
					"domainDesc":	"standalone_microblaze_0",
					"processors":	"microblaze_0",
					"os":	"standalone",
					"sdxOs":	"standalone",
					"debugEnable":	"False",
					"domRuntimes":	["cpp"],
					"swRepo":	"",
					"mssOsVer":	"8.0",
					"mssFile":	"",
					"md5Digest":	"304529987e879521ca977c68d163f3621",
					"compatibleApp":	"",
					"domType":	"mssDomain",
					"arch":	"32-bit",
					"appSettings":	{
						"appCompilerFlags":	"",
						"appLinkerFlags":	""
					},
					"addedLibs":	[],
					"libOptions":	{
						"libsContainingOptions":	[]
					},
					"prebuiltLibs":	{
						"prebuiltIncPath":	[],
						"prebuiltLibPath":	[]
					},
					"isolation":	{
					}
				}]
		}]
}
TRACE::2025-03-27.14:39:25::SCWMssOS::cleaning the bsp 
TRACE::2025-03-27.14:39:25::SCWMssOS::System Command Ran  D: & cd  D:/School/UIUC_ECE385_SP25/lab6_2/sdk/mb_usb_hdmi_top/microblaze_0/standalone_microblaze_0/bsp & make clean 
TRACE::2025-03-27.14:39:25::SCWMssOS::make -C microblaze_0/libsrc/bram_v4_8/src -s clean 

TRACE::2025-03-27.14:39:25::SCWMssOS::make -C microblaze_0/libsrc/cpu_v2_16/src -s clean 

TRACE::2025-03-27.14:39:25::SCWMssOS::make -C microblaze_0/libsrc/gpio_v4_9/src -s clean 

TRACE::2025-03-27.14:39:25::SCWMssOS::make -C microblaze_0/libsrc/intc_v3_15/src -s clean 

TRACE::2025-03-27.14:39:25::SCWMssOS::make -C microblaze_0/libsrc/spi_v4_9/src -s clean 

TRACE::2025-03-27.14:39:25::SCWMssOS::make -C microblaze_0/libsrc/standalone_v8_0/src -s clean 

TRACE::2025-03-27.14:39:26::SCWMssOS::make -C microblaze_0/libsrc/tmrctr_v4_9/src -s clean 

TRACE::2025-03-27.14:39:26::SCWMssOS::make -C microblaze_0/libsrc/uartlite_v3_7/src -s clean 

TRACE::2025-03-27.14:39:26::SCWMssOS::rm -f microblaze_0/lib/libxil.a

LOG::2025-03-27.14:39:28::SCWPlatform::Started generating the artifacts platform mb_usb_hdmi_top
TRACE::2025-03-27.14:39:28::SCWPlatform::Sanity checking of platform is completed
LOG::2025-03-27.14:39:28::SCWPlatform::Started generating the artifacts for system configuration mb_usb_hdmi_top
LOG::2025-03-27.14:39:28::SCWSystem::Checking the domain standalone_microblaze_0
LOG::2025-03-27.14:39:28::SCWSystem::Not a boot domain 
LOG::2025-03-27.14:39:28::SCWSystem::Started Processing the domain standalone_microblaze_0
TRACE::2025-03-27.14:39:28::SCWDomain::Generating domain artifcats
TRACE::2025-03-27.14:39:28::SCWMssOS::Generating standalone artifcats
TRACE::2025-03-27.14:39:28::SCWMssOS:: Copying the user libraries. 
TRACE::2025-03-27.14:39:28::SCWPlatform::Trying to open the hw design at D:/School/UIUC_ECE385_SP25/lab6_2/sdk/mb_usb_hdmi_top/hw/mb_usb_hdmi_top.xsa
TRACE::2025-03-27.14:39:28::SCWPlatform::DSA given D:/School/UIUC_ECE385_SP25/lab6_2/sdk/mb_usb_hdmi_top/hw/mb_usb_hdmi_top.xsa
TRACE::2025-03-27.14:39:28::SCWPlatform::DSA absoulate path D:/School/UIUC_ECE385_SP25/lab6_2/sdk/mb_usb_hdmi_top/hw/mb_usb_hdmi_top.xsa
TRACE::2025-03-27.14:39:28::SCWPlatform::DSA directory D:/School/UIUC_ECE385_SP25/lab6_2/sdk/mb_usb_hdmi_top/hw
TRACE::2025-03-27.14:39:28::SCWPlatform:: Platform Path D:/School/UIUC_ECE385_SP25/lab6_2/sdk/mb_usb_hdmi_top/hw/mb_usb_hdmi_top.xsa
TRACE::2025-03-27.14:39:28::SCWPlatform:: Unique name xilinx:::0.0
TRACE::2025-03-27.14:39:28::SCWPlatform::Trying to set the existing hwdb with name mb_usb_hdmi_top_3
TRACE::2025-03-27.14:39:28::SCWPlatform::Opened existing hwdb mb_usb_hdmi_top_3
TRACE::2025-03-27.14:39:28::SCWPlatform::Found the Hw Db part of the input DSA
TRACE::2025-03-27.14:39:28::SCWMssOS::Checking the sw design at  D:/School/UIUC_ECE385_SP25/lab6_2/sdk/mb_usb_hdmi_top/microblaze_0/standalone_microblaze_0/bsp/system.mss
TRACE::2025-03-27.14:39:28::SCWMssOS::DEBUG:  swdes dump  D:/School/UIUC_ECE385_SP25/lab6_2/sdk/mb_usb_hdmi_top/microblaze_0/standalone_microblaze_0/bsp/system.mss|system||

TRACE::2025-03-27.14:39:28::SCWMssOS::Sw design exists and opened at  D:/School/UIUC_ECE385_SP25/lab6_2/sdk/mb_usb_hdmi_top/microblaze_0/standalone_microblaze_0/bsp/system.mss
TRACE::2025-03-27.14:39:28::SCWMssOS::Completed writing the mss file at D:/School/UIUC_ECE385_SP25/lab6_2/sdk/mb_usb_hdmi_top/microblaze_0/standalone_microblaze_0/bsp
TRACE::2025-03-27.14:39:28::SCWMssOS::Mss edits present, copying mssfile into export location D:/School/UIUC_ECE385_SP25/lab6_2/sdk/mb_usb_hdmi_top/microblaze_0/standalone_microblaze_0/bsp/system.mss
TRACE::2025-03-27.14:39:28::SCWMssOS::bsp generated is stale removing and regenerating. 
TRACE::2025-03-27.14:39:31::SCWMssOS::doing bsp build ... 
TRACE::2025-03-27.14:39:31::SCWMssOS::System Command Ran  D: & cd  D:/School/UIUC_ECE385_SP25/lab6_2/sdk/mb_usb_hdmi_top/microblaze_0/standalone_microblaze_0/bsp & make 
TRACE::2025-03-27.14:39:31::SCWMssOS::make --no-print-directory seq_libs

TRACE::2025-03-27.14:39:32::SCWMssOS::'Finished building libraries sequentially.'

TRACE::2025-03-27.14:39:32::SCWMssOS::make -j 10 --no-print-directory par_libs

TRACE::2025-03-27.14:39:32::SCWMssOS::"Running Make include in microblaze_0/libsrc/bram_v4_8/src"

TRACE::2025-03-27.14:39:32::SCWMssOS::make -C microblaze_0/libsrc/bram_v4_8/src -s include  "SHELL=CMD" "COMPILER=mb-gcc" "ASSEMBLER=mb-as" "ARCHIVER=mb-ar" "COMPILE
TRACE::2025-03-27.14:39:32::SCWMssOS::R_FLAGS=  -O2 -c -mcpu=v11.0 -mlittle-endian -mno-xl-reorder -mno-xl-soft-mul -mxl-barrel-shift -mxl-pattern-compare" "EXTRA_CO
TRACE::2025-03-27.14:39:32::SCWMssOS::MPILER_FLAGS=-g -ffunction-sections -fdata-sections -Wall -Wextra -fno-tree-loop-distribute-patterns"

TRACE::2025-03-27.14:39:32::SCWMssOS::"Running Make include in microblaze_0/libsrc/cpu_v2_16/src"

TRACE::2025-03-27.14:39:32::SCWMssOS::make -C microblaze_0/libsrc/cpu_v2_16/src -s include  "SHELL=CMD" "COMPILER=mb-gcc" "ASSEMBLER=mb-as" "ARCHIVER=mb-ar" "COMPILE
TRACE::2025-03-27.14:39:32::SCWMssOS::R_FLAGS=  -O2 -c -mcpu=v11.0 -mlittle-endian -mno-xl-reorder -mno-xl-soft-mul -mxl-barrel-shift -mxl-pattern-compare" "EXTRA_CO
TRACE::2025-03-27.14:39:32::SCWMssOS::MPILER_FLAGS=-g -ffunction-sections -fdata-sections -Wall -Wextra -fno-tree-loop-distribute-patterns"

TRACE::2025-03-27.14:39:32::SCWMssOS::"Running Make include in microblaze_0/libsrc/gpio_v4_9/src"

TRACE::2025-03-27.14:39:32::SCWMssOS::make -C microblaze_0/libsrc/gpio_v4_9/src -s include  "SHELL=CMD" "COMPILER=mb-gcc" "ASSEMBLER=mb-as" "ARCHIVER=mb-ar" "COMPILE
TRACE::2025-03-27.14:39:32::SCWMssOS::R_FLAGS=  -O2 -c -mcpu=v11.0 -mlittle-endian -mno-xl-reorder -mno-xl-soft-mul -mxl-barrel-shift -mxl-pattern-compare" "EXTRA_CO
TRACE::2025-03-27.14:39:32::SCWMssOS::MPILER_FLAGS=-g -ffunction-sections -fdata-sections -Wall -Wextra -fno-tree-loop-distribute-patterns"

TRACE::2025-03-27.14:39:32::SCWMssOS::"Running Make include in microblaze_0/libsrc/intc_v3_15/src"

TRACE::2025-03-27.14:39:32::SCWMssOS::make -C microblaze_0/libsrc/intc_v3_15/src -s include  "SHELL=CMD" "COMPILER=mb-gcc" "ASSEMBLER=mb-as" "ARCHIVER=mb-ar" "COMPIL
TRACE::2025-03-27.14:39:32::SCWMssOS::ER_FLAGS=  -O2 -c -mcpu=v11.0 -mlittle-endian -mno-xl-reorder -mno-xl-soft-mul -mxl-barrel-shift -mxl-pattern-compare" "EXTRA_C
TRACE::2025-03-27.14:39:32::SCWMssOS::OMPILER_FLAGS=-g -ffunction-sections -fdata-sections -Wall -Wextra -fno-tree-loop-distribute-patterns"

TRACE::2025-03-27.14:39:32::SCWMssOS::"Running Make include in microblaze_0/libsrc/spi_v4_9/src"

TRACE::2025-03-27.14:39:32::SCWMssOS::make -C microblaze_0/libsrc/spi_v4_9/src -s include  "SHELL=CMD" "COMPILER=mb-gcc" "ASSEMBLER=mb-as" "ARCHIVER=mb-ar" "COMPILER
TRACE::2025-03-27.14:39:32::SCWMssOS::_FLAGS=  -O2 -c -mcpu=v11.0 -mlittle-endian -mno-xl-reorder -mno-xl-soft-mul -mxl-barrel-shift -mxl-pattern-compare" "EXTRA_COM
TRACE::2025-03-27.14:39:32::SCWMssOS::PILER_FLAGS=-g -ffunction-sections -fdata-sections -Wall -Wextra -fno-tree-loop-distribute-patterns"

TRACE::2025-03-27.14:39:32::SCWMssOS::"Running Make include in microblaze_0/libsrc/standalone_v8_0/src"

TRACE::2025-03-27.14:39:32::SCWMssOS::make -C microblaze_0/libsrc/standalone_v8_0/src -s include  "SHELL=CMD" "COMPILER=mb-gcc" "ASSEMBLER=mb-as" "ARCHIVER=mb-ar" "C
TRACE::2025-03-27.14:39:32::SCWMssOS::OMPILER_FLAGS=  -O2 -c -mcpu=v11.0 -mlittle-endian -mno-xl-reorder -mno-xl-soft-mul -mxl-barrel-shift -mxl-pattern-compare" "EX
TRACE::2025-03-27.14:39:32::SCWMssOS::TRA_COMPILER_FLAGS=-g -ffunction-sections -fdata-sections -Wall -Wextra -fno-tree-loop-distribute-patterns"

TRACE::2025-03-27.14:39:32::SCWMssOS::"Running Make include in microblaze_0/libsrc/tmrctr_v4_9/src"

TRACE::2025-03-27.14:39:32::SCWMssOS::make -C microblaze_0/libsrc/tmrctr_v4_9/src -s include  "SHELL=CMD" "COMPILER=mb-gcc" "ASSEMBLER=mb-as" "ARCHIVER=mb-ar" "COMPI
TRACE::2025-03-27.14:39:32::SCWMssOS::LER_FLAGS=  -O2 -c -mcpu=v11.0 -mlittle-endian -mno-xl-reorder -mno-xl-soft-mul -mxl-barrel-shift -mxl-pattern-compare" "EXTRA_
TRACE::2025-03-27.14:39:32::SCWMssOS::COMPILER_FLAGS=-g -ffunction-sections -fdata-sections -Wall -Wextra -fno-tree-loop-distribute-patterns"

TRACE::2025-03-27.14:39:32::SCWMssOS::"Running Make include in microblaze_0/libsrc/uartlite_v3_7/src"

TRACE::2025-03-27.14:39:32::SCWMssOS::make -C microblaze_0/libsrc/uartlite_v3_7/src -s include  "SHELL=CMD" "COMPILER=mb-gcc" "ASSEMBLER=mb-as" "ARCHIVER=mb-ar" "COM
TRACE::2025-03-27.14:39:32::SCWMssOS::PILER_FLAGS=  -O2 -c -mcpu=v11.0 -mlittle-endian -mno-xl-reorder -mno-xl-soft-mul -mxl-barrel-shift -mxl-pattern-compare" "EXTR
TRACE::2025-03-27.14:39:32::SCWMssOS::A_COMPILER_FLAGS=-g -ffunction-sections -fdata-sections -Wall -Wextra -fno-tree-loop-distribute-patterns"

TRACE::2025-03-27.14:39:32::SCWMssOS::"Running Make libs in microblaze_0/libsrc/bram_v4_8/src"

TRACE::2025-03-27.14:39:32::SCWMssOS::make -C microblaze_0/libsrc/bram_v4_8/src -s libs  "SHELL=CMD" "COMPILER=mb-gcc" "ASSEMBLER=mb-as" "ARCHIVER=mb-ar" "COMPILER_F
TRACE::2025-03-27.14:39:32::SCWMssOS::LAGS=  -O2 -c -mcpu=v11.0 -mlittle-endian -mno-xl-reorder -mno-xl-soft-mul -mxl-barrel-shift -mxl-pattern-compare" "EXTRA_COMPI
TRACE::2025-03-27.14:39:32::SCWMssOS::LER_FLAGS=-g -ffunction-sections -fdata-sections -Wall -Wextra -fno-tree-loop-distribute-patterns"

TRACE::2025-03-27.14:39:32::SCWMssOS::"Running Make libs in microblaze_0/libsrc/cpu_v2_16/src"

TRACE::2025-03-27.14:39:32::SCWMssOS::make -C microblaze_0/libsrc/cpu_v2_16/src -s libs  "SHELL=CMD" "COMPILER=mb-gcc" "ASSEMBLER=mb-as" "ARCHIVER=mb-ar" "COMPILER_F
TRACE::2025-03-27.14:39:32::SCWMssOS::LAGS=  -O2 -c -mcpu=v11.0 -mlittle-endian -mno-xl-reorder -mno-xl-soft-mul -mxl-barrel-shift -mxl-pattern-compare" "EXTRA_COMPI
TRACE::2025-03-27.14:39:32::SCWMssOS::LER_FLAGS=-g -ffunction-sections -fdata-sections -Wall -Wextra -fno-tree-loop-distribute-patterns"

TRACE::2025-03-27.14:39:32::SCWMssOS::"Running Make libs in microblaze_0/libsrc/gpio_v4_9/src"

TRACE::2025-03-27.14:39:32::SCWMssOS::make -C microblaze_0/libsrc/gpio_v4_9/src -s libs  "SHELL=CMD" "COMPILER=mb-gcc" "ASSEMBLER=mb-as" "ARCHIVER=mb-ar" "COMPILER_F
TRACE::2025-03-27.14:39:32::SCWMssOS::LAGS=  -O2 -c -mcpu=v11.0 -mlittle-endian -mno-xl-reorder -mno-xl-soft-mul -mxl-barrel-shift -mxl-pattern-compare" "EXTRA_COMPI
TRACE::2025-03-27.14:39:32::SCWMssOS::LER_FLAGS=-g -ffunction-sections -fdata-sections -Wall -Wextra -fno-tree-loop-distribute-patterns"

TRACE::2025-03-27.14:39:32::SCWMssOS::"Running Make libs in microblaze_0/libsrc/intc_v3_15/src"

TRACE::2025-03-27.14:39:32::SCWMssOS::make -C microblaze_0/libsrc/intc_v3_15/src -s libs  "SHELL=CMD" "COMPILER=mb-gcc" "ASSEMBLER=mb-as" "ARCHIVER=mb-ar" "COMPILER_
TRACE::2025-03-27.14:39:32::SCWMssOS::FLAGS=  -O2 -c -mcpu=v11.0 -mlittle-endian -mno-xl-reorder -mno-xl-soft-mul -mxl-barrel-shift -mxl-pattern-compare" "EXTRA_COMP
TRACE::2025-03-27.14:39:32::SCWMssOS::ILER_FLAGS=-g -ffunction-sections -fdata-sections -Wall -Wextra -fno-tree-loop-distribute-patterns"

TRACE::2025-03-27.14:39:32::SCWMssOS::"Running Make libs in microblaze_0/libsrc/spi_v4_9/src"

TRACE::2025-03-27.14:39:32::SCWMssOS::make -C microblaze_0/libsrc/spi_v4_9/src -s libs  "SHELL=CMD" "COMPILER=mb-gcc" "ASSEMBLER=mb-as" "ARCHIVER=mb-ar" "COMPILER_FL
TRACE::2025-03-27.14:39:32::SCWMssOS::AGS=  -O2 -c -mcpu=v11.0 -mlittle-endian -mno-xl-reorder -mno-xl-soft-mul -mxl-barrel-shift -mxl-pattern-compare" "EXTRA_COMPIL
TRACE::2025-03-27.14:39:32::SCWMssOS::ER_FLAGS=-g -ffunction-sections -fdata-sections -Wall -Wextra -fno-tree-loop-distribute-patterns"

TRACE::2025-03-27.14:39:33::SCWMssOS::"Running Make libs in microblaze_0/libsrc/standalone_v8_0/src"

TRACE::2025-03-27.14:39:33::SCWMssOS::make -C microblaze_0/libsrc/standalone_v8_0/src -s libs  "SHELL=CMD" "COMPILER=mb-gcc" "ASSEMBLER=mb-as" "ARCHIVER=mb-ar" "COMP
TRACE::2025-03-27.14:39:33::SCWMssOS::ILER_FLAGS=  -O2 -c -mcpu=v11.0 -mlittle-endian -mno-xl-reorder -mno-xl-soft-mul -mxl-barrel-shift -mxl-pattern-compare" "EXTRA
TRACE::2025-03-27.14:39:33::SCWMssOS::_COMPILER_FLAGS=-g -ffunction-sections -fdata-sections -Wall -Wextra -fno-tree-loop-distribute-patterns"

TRACE::2025-03-27.14:39:33::SCWMssOS::"Running Make libs in microblaze_0/libsrc/tmrctr_v4_9/src"

TRACE::2025-03-27.14:39:33::SCWMssOS::make -C microblaze_0/libsrc/tmrctr_v4_9/src -s libs  "SHELL=CMD" "COMPILER=mb-gcc" "ASSEMBLER=mb-as" "ARCHIVER=mb-ar" "COMPILER
TRACE::2025-03-27.14:39:33::SCWMssOS::_FLAGS=  -O2 -c -mcpu=v11.0 -mlittle-endian -mno-xl-reorder -mno-xl-soft-mul -mxl-barrel-shift -mxl-pattern-compare" "EXTRA_COM
TRACE::2025-03-27.14:39:33::SCWMssOS::PILER_FLAGS=-g -ffunction-sections -fdata-sections -Wall -Wextra -fno-tree-loop-distribute-patterns"

TRACE::2025-03-27.14:39:33::SCWMssOS::"Running Make libs in microblaze_0/libsrc/uartlite_v3_7/src"

TRACE::2025-03-27.14:39:33::SCWMssOS::make -C microblaze_0/libsrc/uartlite_v3_7/src -s libs  "SHELL=CMD" "COMPILER=mb-gcc" "ASSEMBLER=mb-as" "ARCHIVER=mb-ar" "COMPIL
TRACE::2025-03-27.14:39:33::SCWMssOS::ER_FLAGS=  -O2 -c -mcpu=v11.0 -mlittle-endian -mno-xl-reorder -mno-xl-soft-mul -mxl-barrel-shift -mxl-pattern-compare" "EXTRA_C
TRACE::2025-03-27.14:39:33::SCWMssOS::OMPILER_FLAGS=-g -ffunction-sections -fdata-sections -Wall -Wextra -fno-tree-loop-distribute-patterns"

TRACE::2025-03-27.14:39:34::SCWMssOS::"DEBUG NON_LTO_OBJECTS is ../../../lib/microblaze_interrupt_handler.o"

TRACE::2025-03-27.14:39:34::SCWMssOS::'Finished building libraries parallelly.'

TRACE::2025-03-27.14:39:34::SCWMssOS::make --no-print-directory archive

TRACE::2025-03-27.14:39:34::SCWMssOS::mb-ar -r  microblaze_0/lib/libxil.a microblaze_0/lib/_exit.o microblaze_0/lib/errno.o microblaze_0/lib/fcntl.o microblaze_0/lib
TRACE::2025-03-27.14:39:34::SCWMssOS::/hw_exception_handler.o microblaze_0/lib/inbyte.o microblaze_0/lib/microblaze_disable_dcache.o microblaze_0/lib/microblaze_disa
TRACE::2025-03-27.14:39:34::SCWMssOS::ble_exceptions.o microblaze_0/lib/microblaze_disable_icache.o microblaze_0/lib/microblaze_disable_interrupts.o microblaze_0/lib
TRACE::2025-03-27.14:39:34::SCWMssOS::/microblaze_enable_dcache.o microblaze_0/lib/microblaze_enable_exceptions.o microblaze_0/lib/microblaze_enable_icache.o microbl
TRACE::2025-03-27.14:39:34::SCWMssOS::aze_0/lib/microblaze_enable_interrupts.o microblaze_0/lib/microblaze_exception_handler.o microblaze_0/lib/microblaze_flush_cach
TRACE::2025-03-27.14:39:34::SCWMssOS::e_ext.o microblaze_0/lib/microblaze_flush_cache_ext_range.o microblaze_0/lib/microblaze_flush_dcache.o microblaze_0/lib/microbl
TRACE::2025-03-27.14:39:34::SCWMssOS::aze_flush_dcache_range.o microblaze_0/lib/microblaze_init_dcache_range.o microblaze_0/lib/microblaze_init_icache_range.o microb
TRACE::2025-03-27.14:39:34::SCWMssOS::laze_0/lib/microblaze_interrupt_handler.o microblaze_0/lib/microblaze_interrupts_g.o microblaze_0/lib/microblaze_invalidate_cac
TRACE::2025-03-27.14:39:34::SCWMssOS::he_ext.o microblaze_0/lib/microblaze_invalidate_cache_ext_range.o microblaze_0/lib/microblaze_invalidate_dcache.o microblaze_0/
TRACE::2025-03-27.14:39:34::SCWMssOS::lib/microblaze_invalidate_dcache_range.o microblaze_0/lib/microblaze_invalidate_icache.o microblaze_0/lib/microblaze_invalidate
TRACE::2025-03-27.14:39:34::SCWMssOS::_icache_range.o microblaze_0/lib/microblaze_scrub.o microblaze_0/lib/microblaze_selftest.o microblaze_0/lib/microblaze_sleep.o 
TRACE::2025-03-27.14:39:34::SCWMssOS::microblaze_0/lib/microblaze_update_dcache.o microblaze_0/lib/microblaze_update_icache.o microblaze_0/lib/outbyte.o microblaze_0
TRACE::2025-03-27.14:39:34::SCWMssOS::/lib/print.o microblaze_0/lib/pvr.o microblaze_0/lib/xbram.o microblaze_0/lib/xbram_g.o microblaze_0/lib/xbram_intr.o microblaz
TRACE::2025-03-27.14:39:34::SCWMssOS::e_0/lib/xbram_selftest.o microblaze_0/lib/xbram_sinit.o microblaze_0/lib/xgpio.o microblaze_0/lib/xgpio_extra.o microblaze_0/li
TRACE::2025-03-27.14:39:34::SCWMssOS::b/xgpio_g.o microblaze_0/lib/xgpio_intr.o microblaze_0/lib/xgpio_selftest.o microblaze_0/lib/xgpio_sinit.o microblaze_0/lib/xil
TRACE::2025-03-27.14:39:34::SCWMssOS::_assert.o microblaze_0/lib/xil_cache.o microblaze_0/lib/xil_clocking.o microblaze_0/lib/xil_exception.o microblaze_0/lib/xil_me
TRACE::2025-03-27.14:39:34::SCWMssOS::m.o microblaze_0/lib/xil_misc_psreset_api.o microblaze_0/lib/xil_printf.o microblaze_0/lib/xil_sleepcommon.o microblaze_0/lib/x
TRACE::2025-03-27.14:39:34::SCWMssOS::il_testcache.o microblaze_0/lib/xil_testio.o microblaze_0/lib/xil_testmem.o microblaze_0/lib/xil_util.o microblaze_0/lib/xintc.
TRACE::2025-03-27.14:39:34::SCWMssOS::o microblaze_0/lib/xintc_g.o microblaze_0/lib/xintc_intr.o microblaze_0/lib/xintc_l.o microblaze_0/lib/xintc_options.o microbla
TRACE::2025-03-27.14:39:34::SCWMssOS::ze_0/lib/xintc_selftest.o microblaze_0/lib/xinterrupt_wrap.o microblaze_0/lib/xio.o microblaze_0/lib/xplatform_info.o microblaz
TRACE::2025-03-27.14:39:34::SCWMssOS::e_0/lib/xspi.o microblaze_0/lib/xspi_g.o microblaze_0/lib/xspi_options.o microblaze_0/lib/xspi_selftest.o microblaze_0/lib/xspi
TRACE::2025-03-27.14:39:34::SCWMssOS::_sinit.o microblaze_0/lib/xspi_stats.o microblaze_0/lib/xtmrctr.o microblaze_0/lib/xtmrctr_g.o microblaze_0/lib/xtmrctr_intr.o 
TRACE::2025-03-27.14:39:34::SCWMssOS::microblaze_0/lib/xtmrctr_l.o microblaze_0/lib/xtmrctr_options.o microblaze_0/lib/xtmrctr_selftest.o microblaze_0/lib/xtmrctr_si
TRACE::2025-03-27.14:39:34::SCWMssOS::nit.o microblaze_0/lib/xtmrctr_stats.o microblaze_0/lib/xuartlite.o microblaze_0/lib/xuartlite_g.o microblaze_0/lib/xuartlite_i
TRACE::2025-03-27.14:39:34::SCWMssOS::ntr.o microblaze_0/lib/xuartlite_l.o microblaze_0/lib/xuartlite_selftest.o microblaze_0/lib/xuartlite_sinit.o microblaze_0/lib/
TRACE::2025-03-27.14:39:34::SCWMssOS::xuartlite_stats.o

TRACE::2025-03-27.14:39:34::SCWMssOS::'Finished building libraries'

TRACE::2025-03-27.14:39:34::SCWMssOS:: Checking if to create the Supporting Applications
TRACE::2025-03-27.14:39:34::SCWMssOS:: No Linux domain exists, trying to generate FSBL 
LOG::2025-03-27.14:39:34::SCWSystem::Completed Processing the domain standalone_microblaze_0
LOG::2025-03-27.14:39:34::SCWSystem::Completed Processing the sysconfig mb_usb_hdmi_top
LOG::2025-03-27.14:39:34::SCWPlatform::Completed generating the artifacts for system configuration mb_usb_hdmi_top
TRACE::2025-03-27.14:39:34::SCWPlatform::Started preparing the platform 
TRACE::2025-03-27.14:39:34::SCWSystem::Writing the bif file for system config mb_usb_hdmi_top
TRACE::2025-03-27.14:39:34::SCWSystem::dir created 
TRACE::2025-03-27.14:39:34::SCWSystem::Writing the bif 
TRACE::2025-03-27.14:39:34::SCWPlatform::Started writing the spfm file 
TRACE::2025-03-27.14:39:34::SCWPlatform::Started writing the xpfm file 
TRACE::2025-03-27.14:39:34::SCWPlatform::Completed generating the platform
TRACE::2025-03-27.14:39:34::SCWMssOS::Saving the mss changes D:/School/UIUC_ECE385_SP25/lab6_2/sdk/mb_usb_hdmi_top/microblaze_0/standalone_microblaze_0/bsp/system.mss
TRACE::2025-03-27.14:39:34::SCWMssOS::Adding the swdes entry, mss present, able to open swdb D:/School/UIUC_ECE385_SP25/lab6_2/sdk/mb_usb_hdmi_top/microblaze_0/standalone_microblaze_0/bsp/system.mss with des name system
TRACE::2025-03-27.14:39:34::SCWMssOS::Writing the mss file completed D:/School/UIUC_ECE385_SP25/lab6_2/sdk/mb_usb_hdmi_top/microblaze_0/standalone_microblaze_0/bsp/system.mss
TRACE::2025-03-27.14:39:34::SCWMssOS::Commit changes completed.
TRACE::2025-03-27.14:39:34::SCWPlatform::Trying to open the hw design at D:/School/UIUC_ECE385_SP25/lab6_2/sdk/mb_usb_hdmi_top/hw/mb_usb_hdmi_top.xsa
TRACE::2025-03-27.14:39:34::SCWPlatform::DSA given D:/School/UIUC_ECE385_SP25/lab6_2/sdk/mb_usb_hdmi_top/hw/mb_usb_hdmi_top.xsa
TRACE::2025-03-27.14:39:34::SCWPlatform::DSA absoulate path D:/School/UIUC_ECE385_SP25/lab6_2/sdk/mb_usb_hdmi_top/hw/mb_usb_hdmi_top.xsa
TRACE::2025-03-27.14:39:34::SCWPlatform::DSA directory D:/School/UIUC_ECE385_SP25/lab6_2/sdk/mb_usb_hdmi_top/hw
TRACE::2025-03-27.14:39:34::SCWPlatform:: Platform Path D:/School/UIUC_ECE385_SP25/lab6_2/sdk/mb_usb_hdmi_top/hw/mb_usb_hdmi_top.xsa
TRACE::2025-03-27.14:39:34::SCWPlatform:: Unique name xilinx:::0.0
TRACE::2025-03-27.14:39:34::SCWPlatform::Trying to set the existing hwdb with name mb_usb_hdmi_top_3
TRACE::2025-03-27.14:39:34::SCWPlatform::Opened existing hwdb mb_usb_hdmi_top_3
TRACE::2025-03-27.14:39:34::SCWPlatform::Found the Hw Db part of the input DSA
TRACE::2025-03-27.14:39:34::SCWMssOS::Checking the sw design at  D:/School/UIUC_ECE385_SP25/lab6_2/sdk/mb_usb_hdmi_top/microblaze_0/standalone_microblaze_0/bsp/system.mss
TRACE::2025-03-27.14:39:34::SCWMssOS::DEBUG:  swdes dump  D:/School/UIUC_ECE385_SP25/lab6_2/sdk/mb_usb_hdmi_top/microblaze_0/standalone_microblaze_0/bsp/system.mss|system||

TRACE::2025-03-27.14:39:34::SCWMssOS::Sw design exists and opened at  D:/School/UIUC_ECE385_SP25/lab6_2/sdk/mb_usb_hdmi_top/microblaze_0/standalone_microblaze_0/bsp/system.mss
TRACE::2025-03-27.14:39:34::SCWWriter::formatted JSON is {
	"platformName":	"mb_usb_hdmi_top",
	"sprVersion":	"2.0",
	"mode":	"gui",
	"dsaType":	"Fixed",
	"platformDesc":	"mb_usb_hdmi_top",
	"platHandOff":	"D:/School/UIUC_ECE385_SP25/lab6_2/mb_usb_hdmi_top.xsa",
	"platIntHandOff":	"<platformDir>/hw/mb_usb_hdmi_top.xsa",
	"deviceType":	"FPGA",
	"platIsPrebuiltAutogen":	"false",
	"platIsNoBootBsp":	"false",
	"hasFsblMakeHasChanges":	"false",
	"hasPmufwMakeHasChanges":	"false",
	"platPreBuiltFlag":	false,
	"platformSamplesDir":	"",
	"platActiveSys":	"mb_usb_hdmi_top",
	"systems":	[{
			"systemName":	"mb_usb_hdmi_top",
			"systemDesc":	"mb_usb_hdmi_top",
			"sysIsBootAutoGen":	"true",
			"systemDispName":	"mb_usb_hdmi_top",
			"sysActiveDom":	"standalone_microblaze_0",
			"sysDefaultDom":	"standalone_microblaze_0",
			"domains":	[{
					"domainName":	"standalone_microblaze_0",
					"domainDispName":	"standalone_microblaze_0",
					"domainDesc":	"standalone_microblaze_0",
					"processors":	"microblaze_0",
					"os":	"standalone",
					"sdxOs":	"standalone",
					"debugEnable":	"False",
					"domRuntimes":	["cpp"],
					"swRepo":	"",
					"mssOsVer":	"8.0",
					"mssFile":	"",
					"md5Digest":	"304529987e879521ca977c68d163f362",
					"compatibleApp":	"",
					"domType":	"mssDomain",
					"arch":	"32-bit",
					"appSettings":	{
						"appCompilerFlags":	"",
						"appLinkerFlags":	""
					},
					"addedLibs":	[],
					"libOptions":	{
						"libsContainingOptions":	[]
					},
					"prebuiltLibs":	{
						"prebuiltIncPath":	[],
						"prebuiltLibPath":	[]
					},
					"isolation":	{
					}
				}]
		}]
}
KEYINFO::2025-03-27.14:39:34::SCWPlatform::updated the xpfm file.
TRACE::2025-03-27.14:39:34::SCWPlatform::Trying to open the hw design at D:/School/UIUC_ECE385_SP25/lab6_2/sdk/mb_usb_hdmi_top/hw/mb_usb_hdmi_top.xsa
TRACE::2025-03-27.14:39:34::SCWPlatform::DSA given D:/School/UIUC_ECE385_SP25/lab6_2/sdk/mb_usb_hdmi_top/hw/mb_usb_hdmi_top.xsa
TRACE::2025-03-27.14:39:34::SCWPlatform::DSA absoulate path D:/School/UIUC_ECE385_SP25/lab6_2/sdk/mb_usb_hdmi_top/hw/mb_usb_hdmi_top.xsa
TRACE::2025-03-27.14:39:34::SCWPlatform::DSA directory D:/School/UIUC_ECE385_SP25/lab6_2/sdk/mb_usb_hdmi_top/hw
TRACE::2025-03-27.14:39:34::SCWPlatform:: Platform Path D:/School/UIUC_ECE385_SP25/lab6_2/sdk/mb_usb_hdmi_top/hw/mb_usb_hdmi_top.xsa
TRACE::2025-03-27.14:39:34::SCWPlatform:: Unique name xilinx:::0.0
TRACE::2025-03-27.14:39:34::SCWPlatform::Trying to set the existing hwdb with name mb_usb_hdmi_top_3
TRACE::2025-03-27.14:39:34::SCWPlatform::Opened existing hwdb mb_usb_hdmi_top_3
TRACE::2025-03-27.14:39:34::SCWPlatform::Found the Hw Db part of the input DSA
TRACE::2025-03-27.14:39:34::SCWMssOS::Checking the sw design at  D:/School/UIUC_ECE385_SP25/lab6_2/sdk/mb_usb_hdmi_top/microblaze_0/standalone_microblaze_0/bsp/system.mss
TRACE::2025-03-27.14:39:34::SCWMssOS::DEBUG:  swdes dump  D:/School/UIUC_ECE385_SP25/lab6_2/sdk/mb_usb_hdmi_top/microblaze_0/standalone_microblaze_0/bsp/system.mss|system||

TRACE::2025-03-27.14:39:34::SCWMssOS::Sw design exists and opened at  D:/School/UIUC_ECE385_SP25/lab6_2/sdk/mb_usb_hdmi_top/microblaze_0/standalone_microblaze_0/bsp/system.mss
TRACE::2025-03-27.14:45:53::SCWPlatform::Clearing the existing platform
TRACE::2025-03-27.14:45:53::SCWSystem::Clearing the existing sysconfig
TRACE::2025-03-27.14:45:53::SCWMssOS::Removing the swdes entry for  D:/School/UIUC_ECE385_SP25/lab6_2/sdk/mb_usb_hdmi_top/microblaze_0/standalone_microblaze_0/bsp/system.mss
TRACE::2025-03-27.14:45:53::SCWSystem::Clearing the domains completed.
TRACE::2025-03-27.14:45:53::SCWPlatform::Clearing the opened hw db.
TRACE::2025-03-27.14:45:53::SCWPlatform::DSA given D:/School/UIUC_ECE385_SP25/lab6_2/sdk/mb_usb_hdmi_top/hw/mb_usb_hdmi_top.xsa
TRACE::2025-03-27.14:45:53::SCWPlatform::DSA absoulate path D:/School/UIUC_ECE385_SP25/lab6_2/sdk/mb_usb_hdmi_top/hw/mb_usb_hdmi_top.xsa
TRACE::2025-03-27.14:45:53::SCWPlatform:: Platform location is D:/School/UIUC_ECE385_SP25/lab6_2/sdk/mb_usb_hdmi_top/hw
TRACE::2025-03-27.14:45:53::SCWPlatform:: Platform Path D:/School/UIUC_ECE385_SP25/lab6_2/sdk/mb_usb_hdmi_top/hw/mb_usb_hdmi_top.xsa
TRACE::2025-03-27.14:45:53::SCWPlatform:: Unique name xilinx:::0.0
TRACE::2025-03-27.14:45:53::SCWPlatform::Removing the HwDB with name D:/School/UIUC_ECE385_SP25/lab6_2/sdk/mb_usb_hdmi_top/hw/mb_usb_hdmi_top.xsa
TRACE::2025-03-27.14:45:53::SCWPlatform::Trying to open the hw design at D:/School/UIUC_ECE385_SP25/lab6_2/sdk/mb_usb_hdmi_top/hw/mb_usb_hdmi_top.xsa
TRACE::2025-03-27.14:45:53::SCWPlatform::DSA given D:/School/UIUC_ECE385_SP25/lab6_2/sdk/mb_usb_hdmi_top/hw/mb_usb_hdmi_top.xsa
TRACE::2025-03-27.14:45:53::SCWPlatform::DSA absoulate path D:/School/UIUC_ECE385_SP25/lab6_2/sdk/mb_usb_hdmi_top/hw/mb_usb_hdmi_top.xsa
TRACE::2025-03-27.14:45:53::SCWPlatform::DSA directory D:/School/UIUC_ECE385_SP25/lab6_2/sdk/mb_usb_hdmi_top/hw
TRACE::2025-03-27.14:45:53::SCWPlatform:: Platform Path D:/School/UIUC_ECE385_SP25/lab6_2/sdk/mb_usb_hdmi_top/hw/mb_usb_hdmi_top.xsa
TRACE::2025-03-27.14:45:53::SCWPlatform:: Unique name xilinx:::0.0
TRACE::2025-03-27.14:45:53::SCWPlatform::Do not have an existing db opened. 
TRACE::2025-03-27.14:45:53::SCWPlatform::Opened new HwDB with name mb_usb_hdmi_top_5
TRACE::2025-03-27.14:45:53::SCWReader::Active system found as  mb_usb_hdmi_top
TRACE::2025-03-27.14:45:53::SCWReader::Handling sysconfig mb_usb_hdmi_top
TRACE::2025-03-27.14:45:53::SCWDomain::checking for install qemu data   : 
TRACE::2025-03-27.14:45:53::SCWPlatform::Trying to open the hw design at D:/School/UIUC_ECE385_SP25/lab6_2/sdk/mb_usb_hdmi_top/hw/mb_usb_hdmi_top.xsa
TRACE::2025-03-27.14:45:53::SCWPlatform::DSA given D:/School/UIUC_ECE385_SP25/lab6_2/sdk/mb_usb_hdmi_top/hw/mb_usb_hdmi_top.xsa
TRACE::2025-03-27.14:45:53::SCWPlatform::DSA absoulate path D:/School/UIUC_ECE385_SP25/lab6_2/sdk/mb_usb_hdmi_top/hw/mb_usb_hdmi_top.xsa
TRACE::2025-03-27.14:45:53::SCWPlatform::DSA directory D:/School/UIUC_ECE385_SP25/lab6_2/sdk/mb_usb_hdmi_top/hw
TRACE::2025-03-27.14:45:53::SCWPlatform:: Platform Path D:/School/UIUC_ECE385_SP25/lab6_2/sdk/mb_usb_hdmi_top/hw/mb_usb_hdmi_top.xsa
TRACE::2025-03-27.14:45:53::SCWPlatform:: Unique name xilinx:::0.0
TRACE::2025-03-27.14:45:53::SCWPlatform::Trying to set the existing hwdb with name mb_usb_hdmi_top_5
TRACE::2025-03-27.14:45:53::SCWPlatform::Opened existing hwdb mb_usb_hdmi_top_5
TRACE::2025-03-27.14:45:53::SCWPlatform::Found the Hw Db part of the input DSA
TRACE::2025-03-27.14:45:53::SCWPlatform::Trying to open the hw design at D:/School/UIUC_ECE385_SP25/lab6_2/sdk/mb_usb_hdmi_top/hw/mb_usb_hdmi_top.xsa
TRACE::2025-03-27.14:45:53::SCWPlatform::DSA given D:/School/UIUC_ECE385_SP25/lab6_2/sdk/mb_usb_hdmi_top/hw/mb_usb_hdmi_top.xsa
TRACE::2025-03-27.14:45:53::SCWPlatform::DSA absoulate path D:/School/UIUC_ECE385_SP25/lab6_2/sdk/mb_usb_hdmi_top/hw/mb_usb_hdmi_top.xsa
TRACE::2025-03-27.14:45:53::SCWPlatform::DSA directory D:/School/UIUC_ECE385_SP25/lab6_2/sdk/mb_usb_hdmi_top/hw
TRACE::2025-03-27.14:45:53::SCWPlatform:: Platform Path D:/School/UIUC_ECE385_SP25/lab6_2/sdk/mb_usb_hdmi_top/hw/mb_usb_hdmi_top.xsa
TRACE::2025-03-27.14:45:53::SCWPlatform:: Unique name xilinx:::0.0
TRACE::2025-03-27.14:45:53::SCWPlatform::Trying to set the existing hwdb with name mb_usb_hdmi_top_5
TRACE::2025-03-27.14:45:53::SCWPlatform::Opened existing hwdb mb_usb_hdmi_top_5
TRACE::2025-03-27.14:45:53::SCWPlatform::Found the Hw Db part of the input DSA
TRACE::2025-03-27.14:45:53::SCWPlatform::Trying to open the hw design at D:/School/UIUC_ECE385_SP25/lab6_2/sdk/mb_usb_hdmi_top/hw/mb_usb_hdmi_top.xsa
TRACE::2025-03-27.14:45:53::SCWPlatform::DSA given D:/School/UIUC_ECE385_SP25/lab6_2/sdk/mb_usb_hdmi_top/hw/mb_usb_hdmi_top.xsa
TRACE::2025-03-27.14:45:53::SCWPlatform::DSA absoulate path D:/School/UIUC_ECE385_SP25/lab6_2/sdk/mb_usb_hdmi_top/hw/mb_usb_hdmi_top.xsa
TRACE::2025-03-27.14:45:53::SCWPlatform::DSA directory D:/School/UIUC_ECE385_SP25/lab6_2/sdk/mb_usb_hdmi_top/hw
TRACE::2025-03-27.14:45:53::SCWPlatform:: Platform Path D:/School/UIUC_ECE385_SP25/lab6_2/sdk/mb_usb_hdmi_top/hw/mb_usb_hdmi_top.xsa
TRACE::2025-03-27.14:45:53::SCWPlatform:: Unique name xilinx:::0.0
TRACE::2025-03-27.14:45:53::SCWPlatform::Trying to set the existing hwdb with name mb_usb_hdmi_top_5
TRACE::2025-03-27.14:45:53::SCWPlatform::Opened existing hwdb mb_usb_hdmi_top_5
TRACE::2025-03-27.14:45:53::SCWPlatform::Found the Hw Db part of the input DSA
TRACE::2025-03-27.14:45:53::SCWPlatform::Trying to open the hw design at D:/School/UIUC_ECE385_SP25/lab6_2/sdk/mb_usb_hdmi_top/hw/mb_usb_hdmi_top.xsa
TRACE::2025-03-27.14:45:53::SCWPlatform::DSA given D:/School/UIUC_ECE385_SP25/lab6_2/sdk/mb_usb_hdmi_top/hw/mb_usb_hdmi_top.xsa
TRACE::2025-03-27.14:45:53::SCWPlatform::DSA absoulate path D:/School/UIUC_ECE385_SP25/lab6_2/sdk/mb_usb_hdmi_top/hw/mb_usb_hdmi_top.xsa
TRACE::2025-03-27.14:45:53::SCWPlatform::DSA directory D:/School/UIUC_ECE385_SP25/lab6_2/sdk/mb_usb_hdmi_top/hw
TRACE::2025-03-27.14:45:53::SCWPlatform:: Platform Path D:/School/UIUC_ECE385_SP25/lab6_2/sdk/mb_usb_hdmi_top/hw/mb_usb_hdmi_top.xsa
TRACE::2025-03-27.14:45:53::SCWPlatform:: Unique name xilinx:::0.0
TRACE::2025-03-27.14:45:53::SCWPlatform::Trying to set the existing hwdb with name mb_usb_hdmi_top_5
TRACE::2025-03-27.14:45:53::SCWPlatform::Opened existing hwdb mb_usb_hdmi_top_5
TRACE::2025-03-27.14:45:53::SCWPlatform::Found the Hw Db part of the input DSA
TRACE::2025-03-27.14:45:53::SCWMssOS::Checking the sw design at  D:/School/UIUC_ECE385_SP25/lab6_2/sdk/mb_usb_hdmi_top/microblaze_0/standalone_microblaze_0/bsp/system.mss
TRACE::2025-03-27.14:45:53::SCWMssOS::DEBUG:  swdes dump  
TRACE::2025-03-27.14:45:53::SCWMssOS::No sw design opened at  D:/School/UIUC_ECE385_SP25/lab6_2/sdk/mb_usb_hdmi_top/microblaze_0/standalone_microblaze_0/bsp/system.mss
TRACE::2025-03-27.14:45:53::SCWMssOS::mss exists loading the mss file  D:/School/UIUC_ECE385_SP25/lab6_2/sdk/mb_usb_hdmi_top/microblaze_0/standalone_microblaze_0/bsp/system.mss
TRACE::2025-03-27.14:45:53::SCWMssOS::Opened the sw design from mss  D:/School/UIUC_ECE385_SP25/lab6_2/sdk/mb_usb_hdmi_top/microblaze_0/standalone_microblaze_0/bsp/system.mss
TRACE::2025-03-27.14:45:53::SCWMssOS::Adding the swdes entry D:/School/UIUC_ECE385_SP25/lab6_2/sdk/mb_usb_hdmi_top/microblaze_0/standalone_microblaze_0/bsp/system.mss with des name system
TRACE::2025-03-27.14:45:53::SCWMssOS::updating the scw layer about changes
TRACE::2025-03-27.14:45:53::SCWMssOS::Opened the sw design.  D:/School/UIUC_ECE385_SP25/lab6_2/sdk/mb_usb_hdmi_top/microblaze_0/standalone_microblaze_0/bsp/system.mss
TRACE::2025-03-27.14:45:53::SCWMssOS::Saving the mss changes D:/School/UIUC_ECE385_SP25/lab6_2/sdk/mb_usb_hdmi_top/microblaze_0/standalone_microblaze_0/bsp/system.mss
TRACE::2025-03-27.14:45:53::SCWMssOS::Found a swdesign opened with the mssfile.
TRACE::2025-03-27.14:45:53::SCWMssOS::Completed writemss as part of save.
TRACE::2025-03-27.14:45:53::SCWMssOS::Commit changes completed.
TRACE::2025-03-27.14:45:53::SCWReader::Adding prebuilt librarypaths as   
TRACE::2025-03-27.14:45:53::SCWReader::Adding prebuilt incpaths  as   
TRACE::2025-03-27.14:45:53::SCWPlatform::Trying to open the hw design at D:/School/UIUC_ECE385_SP25/lab6_2/sdk/mb_usb_hdmi_top/hw/mb_usb_hdmi_top.xsa
TRACE::2025-03-27.14:45:53::SCWPlatform::DSA given D:/School/UIUC_ECE385_SP25/lab6_2/sdk/mb_usb_hdmi_top/hw/mb_usb_hdmi_top.xsa
TRACE::2025-03-27.14:45:53::SCWPlatform::DSA absoulate path D:/School/UIUC_ECE385_SP25/lab6_2/sdk/mb_usb_hdmi_top/hw/mb_usb_hdmi_top.xsa
TRACE::2025-03-27.14:45:53::SCWPlatform::DSA directory D:/School/UIUC_ECE385_SP25/lab6_2/sdk/mb_usb_hdmi_top/hw
TRACE::2025-03-27.14:45:53::SCWPlatform:: Platform Path D:/School/UIUC_ECE385_SP25/lab6_2/sdk/mb_usb_hdmi_top/hw/mb_usb_hdmi_top.xsa
TRACE::2025-03-27.14:45:53::SCWPlatform:: Unique name xilinx:::0.0
TRACE::2025-03-27.14:45:53::SCWPlatform::Trying to set the existing hwdb with name mb_usb_hdmi_top_5
TRACE::2025-03-27.14:45:53::SCWPlatform::Opened existing hwdb mb_usb_hdmi_top_5
TRACE::2025-03-27.14:45:53::SCWPlatform::Found the Hw Db part of the input DSA
TRACE::2025-03-27.14:45:53::SCWMssOS::Checking the sw design at  D:/School/UIUC_ECE385_SP25/lab6_2/sdk/mb_usb_hdmi_top/microblaze_0/standalone_microblaze_0/bsp/system.mss
TRACE::2025-03-27.14:45:53::SCWMssOS::DEBUG:  swdes dump  D:/School/UIUC_ECE385_SP25/lab6_2/sdk/mb_usb_hdmi_top/microblaze_0/standalone_microblaze_0/bsp/system.mss|system||

TRACE::2025-03-27.14:45:53::SCWMssOS::Sw design exists and opened at  D:/School/UIUC_ECE385_SP25/lab6_2/sdk/mb_usb_hdmi_top/microblaze_0/standalone_microblaze_0/bsp/system.mss
TRACE::2025-03-27.14:45:53::SCWReader::No isolation master present  
TRACE::2025-03-27.14:45:55::SCWPlatform::DSA given D:/School/UIUC_ECE385_SP25/lab6_2/sdk/mb_usb_hdmi_top/tempdsa/mb_usb_hdmi_top.xsa
TRACE::2025-03-27.14:45:55::SCWPlatform::DSA absoulate path D:/School/UIUC_ECE385_SP25/lab6_2/sdk/mb_usb_hdmi_top/tempdsa/mb_usb_hdmi_top.xsa
TRACE::2025-03-27.14:45:55::SCWPlatform:: Platform location is D:/School/UIUC_ECE385_SP25/lab6_2/sdk/mb_usb_hdmi_top/tempdsa
TRACE::2025-03-27.14:45:55::SCWPlatform:: Platform Path D:/School/UIUC_ECE385_SP25/lab6_2/sdk/mb_usb_hdmi_top/tempdsa/mb_usb_hdmi_top.xsa
TRACE::2025-03-27.14:45:55::SCWPlatform:: Unique name xilinx:::0.0
TRACE::2025-03-27.14:45:56::SCWPlatform::Found the Hw Db part of the input DSA
TRACE::2025-03-27.14:45:56::SCWMssOS::Doing hw sync for the mss in domain: standalone_microblaze_0
TRACE::2025-03-27.14:45:56::SCWPlatform::Trying to open the hw design at D:/School/UIUC_ECE385_SP25/lab6_2/sdk/mb_usb_hdmi_top/hw/mb_usb_hdmi_top.xsa
TRACE::2025-03-27.14:45:56::SCWPlatform::DSA given D:/School/UIUC_ECE385_SP25/lab6_2/sdk/mb_usb_hdmi_top/hw/mb_usb_hdmi_top.xsa
TRACE::2025-03-27.14:45:56::SCWPlatform::DSA absoulate path D:/School/UIUC_ECE385_SP25/lab6_2/sdk/mb_usb_hdmi_top/hw/mb_usb_hdmi_top.xsa
TRACE::2025-03-27.14:45:56::SCWPlatform::DSA directory D:/School/UIUC_ECE385_SP25/lab6_2/sdk/mb_usb_hdmi_top/hw
TRACE::2025-03-27.14:45:56::SCWPlatform:: Platform Path D:/School/UIUC_ECE385_SP25/lab6_2/sdk/mb_usb_hdmi_top/hw/mb_usb_hdmi_top.xsa
TRACE::2025-03-27.14:45:56::SCWPlatform:: Unique name xilinx:::0.0
TRACE::2025-03-27.14:45:56::SCWPlatform::Trying to set the existing hwdb with name mb_usb_hdmi_top_5
TRACE::2025-03-27.14:45:56::SCWPlatform::Opened existing hwdb mb_usb_hdmi_top_5
TRACE::2025-03-27.14:45:56::SCWPlatform::Found the Hw Db part of the input DSA
TRACE::2025-03-27.14:45:56::SCWPlatform::Trying to open the hw design at D:/School/UIUC_ECE385_SP25/lab6_2/sdk/mb_usb_hdmi_top/hw/mb_usb_hdmi_top.xsa
TRACE::2025-03-27.14:45:56::SCWPlatform::DSA given D:/School/UIUC_ECE385_SP25/lab6_2/sdk/mb_usb_hdmi_top/hw/mb_usb_hdmi_top.xsa
TRACE::2025-03-27.14:45:56::SCWPlatform::DSA absoulate path D:/School/UIUC_ECE385_SP25/lab6_2/sdk/mb_usb_hdmi_top/hw/mb_usb_hdmi_top.xsa
TRACE::2025-03-27.14:45:56::SCWPlatform::DSA directory D:/School/UIUC_ECE385_SP25/lab6_2/sdk/mb_usb_hdmi_top/hw
TRACE::2025-03-27.14:45:56::SCWPlatform:: Platform Path D:/School/UIUC_ECE385_SP25/lab6_2/sdk/mb_usb_hdmi_top/hw/mb_usb_hdmi_top.xsa
TRACE::2025-03-27.14:45:56::SCWPlatform:: Unique name xilinx:::0.0
TRACE::2025-03-27.14:45:56::SCWPlatform::Trying to set the existing hwdb with name mb_usb_hdmi_top_5
TRACE::2025-03-27.14:45:56::SCWPlatform::Opened existing hwdb mb_usb_hdmi_top_5
TRACE::2025-03-27.14:45:56::SCWPlatform::Found the Hw Db part of the input DSA
TRACE::2025-03-27.14:45:56::SCWMssOS::Checking the sw design at  D:/School/UIUC_ECE385_SP25/lab6_2/sdk/mb_usb_hdmi_top/microblaze_0/standalone_microblaze_0/bsp/system.mss
TRACE::2025-03-27.14:45:56::SCWMssOS::DEBUG:  swdes dump  D:/School/UIUC_ECE385_SP25/lab6_2/sdk/mb_usb_hdmi_top/microblaze_0/standalone_microblaze_0/bsp/system.mss|system||

TRACE::2025-03-27.14:45:56::SCWMssOS::Sw design exists and opened at  D:/School/UIUC_ECE385_SP25/lab6_2/sdk/mb_usb_hdmi_top/microblaze_0/standalone_microblaze_0/bsp/system.mss
TRACE::2025-03-27.14:45:56::SCWPlatform::Trying to open the hw design at D:/School/UIUC_ECE385_SP25/lab6_2/sdk/mb_usb_hdmi_top/tempdsa/mb_usb_hdmi_top.xsa
TRACE::2025-03-27.14:45:56::SCWPlatform::DSA given D:/School/UIUC_ECE385_SP25/lab6_2/sdk/mb_usb_hdmi_top/tempdsa/mb_usb_hdmi_top.xsa
TRACE::2025-03-27.14:45:56::SCWPlatform::DSA absoulate path D:/School/UIUC_ECE385_SP25/lab6_2/sdk/mb_usb_hdmi_top/tempdsa/mb_usb_hdmi_top.xsa
TRACE::2025-03-27.14:45:56::SCWPlatform::DSA directory D:/School/UIUC_ECE385_SP25/lab6_2/sdk/mb_usb_hdmi_top/tempdsa
TRACE::2025-03-27.14:45:56::SCWPlatform:: Platform Path D:/School/UIUC_ECE385_SP25/lab6_2/sdk/mb_usb_hdmi_top/tempdsa/mb_usb_hdmi_top.xsa
TRACE::2025-03-27.14:45:56::SCWPlatform:: Unique name xilinx:::0.0
TRACE::2025-03-27.14:45:56::SCWPlatform::update - Opened existing hwdb mb_usb_hdmi_top_6
TRACE::2025-03-27.14:45:56::SCWPlatform::Found the Hw Db part of the input DSA
TRACE::2025-03-27.14:45:56::SCWMssOS::Saving the mss changes D:/School/UIUC_ECE385_SP25/lab6_2/sdk/mb_usb_hdmi_top/microblaze_0/standalone_microblaze_0/bsp/system.mss
TRACE::2025-03-27.14:45:56::SCWMssOS::Found a swdesign opened with the mssfile.
TRACE::2025-03-27.14:45:56::SCWMssOS::Completed writemss as part of save.
TRACE::2025-03-27.14:45:56::SCWMssOS::Commit changes completed.
TRACE::2025-03-27.14:45:56::SCWMssOS::Completed hw sync for the mss in domain: standalone_microblaze_0
TRACE::2025-03-27.14:45:56::SCWMssOS::Removing the swdes entry for  D:/School/UIUC_ECE385_SP25/lab6_2/sdk/mb_usb_hdmi_top/microblaze_0/standalone_microblaze_0/bsp/system.mss
TRACE::2025-03-27.14:45:56::SCWPlatform::Trying to open the hw design at D:/School/UIUC_ECE385_SP25/lab6_2/sdk/mb_usb_hdmi_top/hw/mb_usb_hdmi_top.xsa
TRACE::2025-03-27.14:45:56::SCWPlatform::DSA given D:/School/UIUC_ECE385_SP25/lab6_2/sdk/mb_usb_hdmi_top/hw/mb_usb_hdmi_top.xsa
TRACE::2025-03-27.14:45:56::SCWPlatform::DSA absoulate path D:/School/UIUC_ECE385_SP25/lab6_2/sdk/mb_usb_hdmi_top/hw/mb_usb_hdmi_top.xsa
TRACE::2025-03-27.14:45:56::SCWPlatform::DSA directory D:/School/UIUC_ECE385_SP25/lab6_2/sdk/mb_usb_hdmi_top/hw
TRACE::2025-03-27.14:45:56::SCWPlatform:: Platform Path D:/School/UIUC_ECE385_SP25/lab6_2/sdk/mb_usb_hdmi_top/hw/mb_usb_hdmi_top.xsa
TRACE::2025-03-27.14:45:56::SCWPlatform:: Unique name xilinx:::0.0
TRACE::2025-03-27.14:45:56::SCWPlatform::Do not have an existing db opened. 
TRACE::2025-03-27.14:45:56::SCWPlatform::Opened new HwDB with name mb_usb_hdmi_top_7
TRACE::2025-03-27.14:45:56::SCWMssOS::Saving the mss changes D:/School/UIUC_ECE385_SP25/lab6_2/sdk/mb_usb_hdmi_top/microblaze_0/standalone_microblaze_0/bsp/system.mss
TRACE::2025-03-27.14:45:56::SCWMssOS::Adding the swdes entry, mss present, able to open swdb D:/School/UIUC_ECE385_SP25/lab6_2/sdk/mb_usb_hdmi_top/microblaze_0/standalone_microblaze_0/bsp/system.mss with des name system
TRACE::2025-03-27.14:45:56::SCWMssOS::Writing the mss file completed D:/School/UIUC_ECE385_SP25/lab6_2/sdk/mb_usb_hdmi_top/microblaze_0/standalone_microblaze_0/bsp/system.mss
TRACE::2025-03-27.14:45:56::SCWMssOS::Commit changes completed.
TRACE::2025-03-27.14:45:56::SCWPlatform::Trying to open the hw design at D:/School/UIUC_ECE385_SP25/lab6_2/sdk/mb_usb_hdmi_top/hw/mb_usb_hdmi_top.xsa
TRACE::2025-03-27.14:45:56::SCWPlatform::DSA given D:/School/UIUC_ECE385_SP25/lab6_2/sdk/mb_usb_hdmi_top/hw/mb_usb_hdmi_top.xsa
TRACE::2025-03-27.14:45:56::SCWPlatform::DSA absoulate path D:/School/UIUC_ECE385_SP25/lab6_2/sdk/mb_usb_hdmi_top/hw/mb_usb_hdmi_top.xsa
TRACE::2025-03-27.14:45:56::SCWPlatform::DSA directory D:/School/UIUC_ECE385_SP25/lab6_2/sdk/mb_usb_hdmi_top/hw
TRACE::2025-03-27.14:45:56::SCWPlatform:: Platform Path D:/School/UIUC_ECE385_SP25/lab6_2/sdk/mb_usb_hdmi_top/hw/mb_usb_hdmi_top.xsa
TRACE::2025-03-27.14:45:56::SCWPlatform:: Unique name xilinx:::0.0
TRACE::2025-03-27.14:45:56::SCWPlatform::Trying to set the existing hwdb with name mb_usb_hdmi_top_7
TRACE::2025-03-27.14:45:56::SCWPlatform::Opened existing hwdb mb_usb_hdmi_top_7
TRACE::2025-03-27.14:45:56::SCWPlatform::Found the Hw Db part of the input DSA
TRACE::2025-03-27.14:45:56::SCWMssOS::Checking the sw design at  D:/School/UIUC_ECE385_SP25/lab6_2/sdk/mb_usb_hdmi_top/microblaze_0/standalone_microblaze_0/bsp/system.mss
TRACE::2025-03-27.14:45:56::SCWMssOS::DEBUG:  swdes dump  D:/School/UIUC_ECE385_SP25/lab6_2/sdk/mb_usb_hdmi_top/microblaze_0/standalone_microblaze_0/bsp/system.mss|system||

TRACE::2025-03-27.14:45:56::SCWMssOS::Sw design exists and opened at  D:/School/UIUC_ECE385_SP25/lab6_2/sdk/mb_usb_hdmi_top/microblaze_0/standalone_microblaze_0/bsp/system.mss
TRACE::2025-03-27.14:45:56::SCWWriter::formatted JSON is {
	"platformName":	"mb_usb_hdmi_top",
	"sprVersion":	"2.0",
	"mode":	"gui",
	"dsaType":	"Fixed",
	"platformDesc":	"mb_usb_hdmi_top",
	"platHandOff":	"D:/School/UIUC_ECE385_SP25/lab6_2/mb_usb_hdmi_top.xsa",
	"platIntHandOff":	"<platformDir>/hw/mb_usb_hdmi_top.xsa",
	"deviceType":	"FPGA",
	"platIsPrebuiltAutogen":	"false",
	"platIsNoBootBsp":	"false",
	"hasFsblMakeHasChanges":	"false",
	"hasPmufwMakeHasChanges":	"false",
	"platPreBuiltFlag":	false,
	"platformSamplesDir":	"",
	"platActiveSys":	"mb_usb_hdmi_top",
	"systems":	[{
			"systemName":	"mb_usb_hdmi_top",
			"systemDesc":	"mb_usb_hdmi_top",
			"sysIsBootAutoGen":	"true",
			"systemDispName":	"mb_usb_hdmi_top",
			"sysActiveDom":	"standalone_microblaze_0",
			"sysDefaultDom":	"standalone_microblaze_0",
			"domains":	[{
					"domainName":	"standalone_microblaze_0",
					"domainDispName":	"standalone_microblaze_0",
					"domainDesc":	"standalone_microblaze_0",
					"processors":	"microblaze_0",
					"os":	"standalone",
					"sdxOs":	"standalone",
					"debugEnable":	"False",
					"domRuntimes":	["cpp"],
					"swRepo":	"",
					"mssOsVer":	"8.0",
					"mssFile":	"",
					"md5Digest":	"304529987e879521ca977c68d163f3621",
					"compatibleApp":	"",
					"domType":	"mssDomain",
					"arch":	"32-bit",
					"appSettings":	{
						"appCompilerFlags":	"",
						"appLinkerFlags":	""
					},
					"addedLibs":	[],
					"libOptions":	{
						"libsContainingOptions":	[]
					},
					"prebuiltLibs":	{
						"prebuiltIncPath":	[],
						"prebuiltLibPath":	[]
					},
					"isolation":	{
					}
				}]
		}]
}
TRACE::2025-03-27.14:46:07::SCWPlatform::Clearing the existing platform
TRACE::2025-03-27.14:46:07::SCWSystem::Clearing the existing sysconfig
TRACE::2025-03-27.14:46:07::SCWMssOS::Removing the swdes entry for  D:/School/UIUC_ECE385_SP25/lab6_2/sdk/mb_usb_hdmi_top/microblaze_0/standalone_microblaze_0/bsp/system.mss
TRACE::2025-03-27.14:46:07::SCWSystem::Clearing the domains completed.
TRACE::2025-03-27.14:46:07::SCWPlatform::Clearing the opened hw db.
TRACE::2025-03-27.14:46:07::SCWPlatform::DSA given D:/School/UIUC_ECE385_SP25/lab6_2/sdk/mb_usb_hdmi_top/hw/mb_usb_hdmi_top.xsa
TRACE::2025-03-27.14:46:07::SCWPlatform::DSA absoulate path D:/School/UIUC_ECE385_SP25/lab6_2/sdk/mb_usb_hdmi_top/hw/mb_usb_hdmi_top.xsa
TRACE::2025-03-27.14:46:07::SCWPlatform:: Platform location is D:/School/UIUC_ECE385_SP25/lab6_2/sdk/mb_usb_hdmi_top/hw
TRACE::2025-03-27.14:46:07::SCWPlatform:: Platform Path D:/School/UIUC_ECE385_SP25/lab6_2/sdk/mb_usb_hdmi_top/hw/mb_usb_hdmi_top.xsa
TRACE::2025-03-27.14:46:07::SCWPlatform:: Unique name xilinx:::0.0
TRACE::2025-03-27.14:46:07::SCWPlatform::Removing the HwDB with name D:/School/UIUC_ECE385_SP25/lab6_2/sdk/mb_usb_hdmi_top/hw/mb_usb_hdmi_top.xsa
TRACE::2025-03-27.14:46:07::SCWPlatform::Trying to open the hw design at D:/School/UIUC_ECE385_SP25/lab6_2/sdk/mb_usb_hdmi_top/hw/mb_usb_hdmi_top.xsa
TRACE::2025-03-27.14:46:07::SCWPlatform::DSA given D:/School/UIUC_ECE385_SP25/lab6_2/sdk/mb_usb_hdmi_top/hw/mb_usb_hdmi_top.xsa
TRACE::2025-03-27.14:46:07::SCWPlatform::DSA absoulate path D:/School/UIUC_ECE385_SP25/lab6_2/sdk/mb_usb_hdmi_top/hw/mb_usb_hdmi_top.xsa
TRACE::2025-03-27.14:46:07::SCWPlatform::DSA directory D:/School/UIUC_ECE385_SP25/lab6_2/sdk/mb_usb_hdmi_top/hw
TRACE::2025-03-27.14:46:07::SCWPlatform:: Platform Path D:/School/UIUC_ECE385_SP25/lab6_2/sdk/mb_usb_hdmi_top/hw/mb_usb_hdmi_top.xsa
TRACE::2025-03-27.14:46:07::SCWPlatform:: Unique name xilinx:::0.0
TRACE::2025-03-27.14:46:07::SCWPlatform::Do not have an existing db opened. 
TRACE::2025-03-27.14:46:07::SCWPlatform::Opened new HwDB with name mb_usb_hdmi_top_8
TRACE::2025-03-27.14:46:07::SCWReader::Active system found as  mb_usb_hdmi_top
TRACE::2025-03-27.14:46:07::SCWReader::Handling sysconfig mb_usb_hdmi_top
TRACE::2025-03-27.14:46:07::SCWDomain::checking for install qemu data   : 
TRACE::2025-03-27.14:46:07::SCWPlatform::Trying to open the hw design at D:/School/UIUC_ECE385_SP25/lab6_2/sdk/mb_usb_hdmi_top/hw/mb_usb_hdmi_top.xsa
TRACE::2025-03-27.14:46:07::SCWPlatform::DSA given D:/School/UIUC_ECE385_SP25/lab6_2/sdk/mb_usb_hdmi_top/hw/mb_usb_hdmi_top.xsa
TRACE::2025-03-27.14:46:07::SCWPlatform::DSA absoulate path D:/School/UIUC_ECE385_SP25/lab6_2/sdk/mb_usb_hdmi_top/hw/mb_usb_hdmi_top.xsa
TRACE::2025-03-27.14:46:07::SCWPlatform::DSA directory D:/School/UIUC_ECE385_SP25/lab6_2/sdk/mb_usb_hdmi_top/hw
TRACE::2025-03-27.14:46:07::SCWPlatform:: Platform Path D:/School/UIUC_ECE385_SP25/lab6_2/sdk/mb_usb_hdmi_top/hw/mb_usb_hdmi_top.xsa
TRACE::2025-03-27.14:46:07::SCWPlatform:: Unique name xilinx:::0.0
TRACE::2025-03-27.14:46:07::SCWPlatform::Trying to set the existing hwdb with name mb_usb_hdmi_top_8
TRACE::2025-03-27.14:46:07::SCWPlatform::Opened existing hwdb mb_usb_hdmi_top_8
TRACE::2025-03-27.14:46:07::SCWPlatform::Found the Hw Db part of the input DSA
TRACE::2025-03-27.14:46:07::SCWPlatform::Trying to open the hw design at D:/School/UIUC_ECE385_SP25/lab6_2/sdk/mb_usb_hdmi_top/hw/mb_usb_hdmi_top.xsa
TRACE::2025-03-27.14:46:07::SCWPlatform::DSA given D:/School/UIUC_ECE385_SP25/lab6_2/sdk/mb_usb_hdmi_top/hw/mb_usb_hdmi_top.xsa
TRACE::2025-03-27.14:46:07::SCWPlatform::DSA absoulate path D:/School/UIUC_ECE385_SP25/lab6_2/sdk/mb_usb_hdmi_top/hw/mb_usb_hdmi_top.xsa
TRACE::2025-03-27.14:46:07::SCWPlatform::DSA directory D:/School/UIUC_ECE385_SP25/lab6_2/sdk/mb_usb_hdmi_top/hw
TRACE::2025-03-27.14:46:07::SCWPlatform:: Platform Path D:/School/UIUC_ECE385_SP25/lab6_2/sdk/mb_usb_hdmi_top/hw/mb_usb_hdmi_top.xsa
TRACE::2025-03-27.14:46:07::SCWPlatform:: Unique name xilinx:::0.0
TRACE::2025-03-27.14:46:07::SCWPlatform::Trying to set the existing hwdb with name mb_usb_hdmi_top_8
TRACE::2025-03-27.14:46:07::SCWPlatform::Opened existing hwdb mb_usb_hdmi_top_8
TRACE::2025-03-27.14:46:07::SCWPlatform::Found the Hw Db part of the input DSA
TRACE::2025-03-27.14:46:07::SCWPlatform::Trying to open the hw design at D:/School/UIUC_ECE385_SP25/lab6_2/sdk/mb_usb_hdmi_top/hw/mb_usb_hdmi_top.xsa
TRACE::2025-03-27.14:46:07::SCWPlatform::DSA given D:/School/UIUC_ECE385_SP25/lab6_2/sdk/mb_usb_hdmi_top/hw/mb_usb_hdmi_top.xsa
TRACE::2025-03-27.14:46:07::SCWPlatform::DSA absoulate path D:/School/UIUC_ECE385_SP25/lab6_2/sdk/mb_usb_hdmi_top/hw/mb_usb_hdmi_top.xsa
TRACE::2025-03-27.14:46:07::SCWPlatform::DSA directory D:/School/UIUC_ECE385_SP25/lab6_2/sdk/mb_usb_hdmi_top/hw
TRACE::2025-03-27.14:46:07::SCWPlatform:: Platform Path D:/School/UIUC_ECE385_SP25/lab6_2/sdk/mb_usb_hdmi_top/hw/mb_usb_hdmi_top.xsa
TRACE::2025-03-27.14:46:07::SCWPlatform:: Unique name xilinx:::0.0
TRACE::2025-03-27.14:46:07::SCWPlatform::Trying to set the existing hwdb with name mb_usb_hdmi_top_8
TRACE::2025-03-27.14:46:07::SCWPlatform::Opened existing hwdb mb_usb_hdmi_top_8
TRACE::2025-03-27.14:46:07::SCWPlatform::Found the Hw Db part of the input DSA
TRACE::2025-03-27.14:46:07::SCWPlatform::Trying to open the hw design at D:/School/UIUC_ECE385_SP25/lab6_2/sdk/mb_usb_hdmi_top/hw/mb_usb_hdmi_top.xsa
TRACE::2025-03-27.14:46:07::SCWPlatform::DSA given D:/School/UIUC_ECE385_SP25/lab6_2/sdk/mb_usb_hdmi_top/hw/mb_usb_hdmi_top.xsa
TRACE::2025-03-27.14:46:07::SCWPlatform::DSA absoulate path D:/School/UIUC_ECE385_SP25/lab6_2/sdk/mb_usb_hdmi_top/hw/mb_usb_hdmi_top.xsa
TRACE::2025-03-27.14:46:07::SCWPlatform::DSA directory D:/School/UIUC_ECE385_SP25/lab6_2/sdk/mb_usb_hdmi_top/hw
TRACE::2025-03-27.14:46:07::SCWPlatform:: Platform Path D:/School/UIUC_ECE385_SP25/lab6_2/sdk/mb_usb_hdmi_top/hw/mb_usb_hdmi_top.xsa
TRACE::2025-03-27.14:46:07::SCWPlatform:: Unique name xilinx:::0.0
TRACE::2025-03-27.14:46:07::SCWPlatform::Trying to set the existing hwdb with name mb_usb_hdmi_top_8
TRACE::2025-03-27.14:46:07::SCWPlatform::Opened existing hwdb mb_usb_hdmi_top_8
TRACE::2025-03-27.14:46:07::SCWPlatform::Found the Hw Db part of the input DSA
TRACE::2025-03-27.14:46:07::SCWMssOS::Checking the sw design at  D:/School/UIUC_ECE385_SP25/lab6_2/sdk/mb_usb_hdmi_top/microblaze_0/standalone_microblaze_0/bsp/system.mss
TRACE::2025-03-27.14:46:07::SCWMssOS::DEBUG:  swdes dump  
TRACE::2025-03-27.14:46:07::SCWMssOS::No sw design opened at  D:/School/UIUC_ECE385_SP25/lab6_2/sdk/mb_usb_hdmi_top/microblaze_0/standalone_microblaze_0/bsp/system.mss
TRACE::2025-03-27.14:46:07::SCWMssOS::mss exists loading the mss file  D:/School/UIUC_ECE385_SP25/lab6_2/sdk/mb_usb_hdmi_top/microblaze_0/standalone_microblaze_0/bsp/system.mss
TRACE::2025-03-27.14:46:07::SCWMssOS::Opened the sw design from mss  D:/School/UIUC_ECE385_SP25/lab6_2/sdk/mb_usb_hdmi_top/microblaze_0/standalone_microblaze_0/bsp/system.mss
TRACE::2025-03-27.14:46:07::SCWMssOS::Adding the swdes entry D:/School/UIUC_ECE385_SP25/lab6_2/sdk/mb_usb_hdmi_top/microblaze_0/standalone_microblaze_0/bsp/system.mss with des name system
TRACE::2025-03-27.14:46:07::SCWMssOS::updating the scw layer about changes
TRACE::2025-03-27.14:46:07::SCWMssOS::Opened the sw design.  D:/School/UIUC_ECE385_SP25/lab6_2/sdk/mb_usb_hdmi_top/microblaze_0/standalone_microblaze_0/bsp/system.mss
TRACE::2025-03-27.14:46:07::SCWMssOS::Saving the mss changes D:/School/UIUC_ECE385_SP25/lab6_2/sdk/mb_usb_hdmi_top/microblaze_0/standalone_microblaze_0/bsp/system.mss
TRACE::2025-03-27.14:46:07::SCWMssOS::Found a swdesign opened with the mssfile.
TRACE::2025-03-27.14:46:07::SCWMssOS::Completed writemss as part of save.
TRACE::2025-03-27.14:46:07::SCWMssOS::Commit changes completed.
TRACE::2025-03-27.14:46:07::SCWReader::Adding prebuilt librarypaths as   
TRACE::2025-03-27.14:46:07::SCWReader::Adding prebuilt incpaths  as   
TRACE::2025-03-27.14:46:07::SCWPlatform::Trying to open the hw design at D:/School/UIUC_ECE385_SP25/lab6_2/sdk/mb_usb_hdmi_top/hw/mb_usb_hdmi_top.xsa
TRACE::2025-03-27.14:46:07::SCWPlatform::DSA given D:/School/UIUC_ECE385_SP25/lab6_2/sdk/mb_usb_hdmi_top/hw/mb_usb_hdmi_top.xsa
TRACE::2025-03-27.14:46:07::SCWPlatform::DSA absoulate path D:/School/UIUC_ECE385_SP25/lab6_2/sdk/mb_usb_hdmi_top/hw/mb_usb_hdmi_top.xsa
TRACE::2025-03-27.14:46:07::SCWPlatform::DSA directory D:/School/UIUC_ECE385_SP25/lab6_2/sdk/mb_usb_hdmi_top/hw
TRACE::2025-03-27.14:46:07::SCWPlatform:: Platform Path D:/School/UIUC_ECE385_SP25/lab6_2/sdk/mb_usb_hdmi_top/hw/mb_usb_hdmi_top.xsa
TRACE::2025-03-27.14:46:07::SCWPlatform:: Unique name xilinx:::0.0
TRACE::2025-03-27.14:46:07::SCWPlatform::Trying to set the existing hwdb with name mb_usb_hdmi_top_8
TRACE::2025-03-27.14:46:07::SCWPlatform::Opened existing hwdb mb_usb_hdmi_top_8
TRACE::2025-03-27.14:46:07::SCWPlatform::Found the Hw Db part of the input DSA
TRACE::2025-03-27.14:46:07::SCWMssOS::Checking the sw design at  D:/School/UIUC_ECE385_SP25/lab6_2/sdk/mb_usb_hdmi_top/microblaze_0/standalone_microblaze_0/bsp/system.mss
TRACE::2025-03-27.14:46:07::SCWMssOS::DEBUG:  swdes dump  D:/School/UIUC_ECE385_SP25/lab6_2/sdk/mb_usb_hdmi_top/microblaze_0/standalone_microblaze_0/bsp/system.mss|system||

TRACE::2025-03-27.14:46:07::SCWMssOS::Sw design exists and opened at  D:/School/UIUC_ECE385_SP25/lab6_2/sdk/mb_usb_hdmi_top/microblaze_0/standalone_microblaze_0/bsp/system.mss
TRACE::2025-03-27.14:46:07::SCWReader::No isolation master present  
TRACE::2025-03-27.14:46:10::SCWPlatform::DSA given D:/School/UIUC_ECE385_SP25/lab6_2/sdk/mb_usb_hdmi_top/tempdsa/mb_usb_hdmi_top.xsa
TRACE::2025-03-27.14:46:10::SCWPlatform::DSA absoulate path D:/School/UIUC_ECE385_SP25/lab6_2/sdk/mb_usb_hdmi_top/tempdsa/mb_usb_hdmi_top.xsa
TRACE::2025-03-27.14:46:10::SCWPlatform:: Platform location is D:/School/UIUC_ECE385_SP25/lab6_2/sdk/mb_usb_hdmi_top/tempdsa
TRACE::2025-03-27.14:46:10::SCWPlatform:: Platform Path D:/School/UIUC_ECE385_SP25/lab6_2/sdk/mb_usb_hdmi_top/tempdsa/mb_usb_hdmi_top.xsa
TRACE::2025-03-27.14:46:10::SCWPlatform:: Unique name xilinx:::0.0
TRACE::2025-03-27.14:46:10::SCWPlatform::Found the Hw Db part of the input DSA
TRACE::2025-03-27.14:46:10::SCWMssOS::Doing hw sync for the mss in domain: standalone_microblaze_0
TRACE::2025-03-27.14:46:10::SCWPlatform::Trying to open the hw design at D:/School/UIUC_ECE385_SP25/lab6_2/sdk/mb_usb_hdmi_top/hw/mb_usb_hdmi_top.xsa
TRACE::2025-03-27.14:46:10::SCWPlatform::DSA given D:/School/UIUC_ECE385_SP25/lab6_2/sdk/mb_usb_hdmi_top/hw/mb_usb_hdmi_top.xsa
TRACE::2025-03-27.14:46:10::SCWPlatform::DSA absoulate path D:/School/UIUC_ECE385_SP25/lab6_2/sdk/mb_usb_hdmi_top/hw/mb_usb_hdmi_top.xsa
TRACE::2025-03-27.14:46:10::SCWPlatform::DSA directory D:/School/UIUC_ECE385_SP25/lab6_2/sdk/mb_usb_hdmi_top/hw
TRACE::2025-03-27.14:46:10::SCWPlatform:: Platform Path D:/School/UIUC_ECE385_SP25/lab6_2/sdk/mb_usb_hdmi_top/hw/mb_usb_hdmi_top.xsa
TRACE::2025-03-27.14:46:10::SCWPlatform:: Unique name xilinx:::0.0
TRACE::2025-03-27.14:46:10::SCWPlatform::Trying to set the existing hwdb with name mb_usb_hdmi_top_8
TRACE::2025-03-27.14:46:10::SCWPlatform::Opened existing hwdb mb_usb_hdmi_top_8
TRACE::2025-03-27.14:46:10::SCWPlatform::Found the Hw Db part of the input DSA
TRACE::2025-03-27.14:46:10::SCWPlatform::Trying to open the hw design at D:/School/UIUC_ECE385_SP25/lab6_2/sdk/mb_usb_hdmi_top/hw/mb_usb_hdmi_top.xsa
TRACE::2025-03-27.14:46:10::SCWPlatform::DSA given D:/School/UIUC_ECE385_SP25/lab6_2/sdk/mb_usb_hdmi_top/hw/mb_usb_hdmi_top.xsa
TRACE::2025-03-27.14:46:10::SCWPlatform::DSA absoulate path D:/School/UIUC_ECE385_SP25/lab6_2/sdk/mb_usb_hdmi_top/hw/mb_usb_hdmi_top.xsa
TRACE::2025-03-27.14:46:10::SCWPlatform::DSA directory D:/School/UIUC_ECE385_SP25/lab6_2/sdk/mb_usb_hdmi_top/hw
TRACE::2025-03-27.14:46:10::SCWPlatform:: Platform Path D:/School/UIUC_ECE385_SP25/lab6_2/sdk/mb_usb_hdmi_top/hw/mb_usb_hdmi_top.xsa
TRACE::2025-03-27.14:46:10::SCWPlatform:: Unique name xilinx:::0.0
TRACE::2025-03-27.14:46:10::SCWPlatform::Trying to set the existing hwdb with name mb_usb_hdmi_top_8
TRACE::2025-03-27.14:46:10::SCWPlatform::Opened existing hwdb mb_usb_hdmi_top_8
TRACE::2025-03-27.14:46:10::SCWPlatform::Found the Hw Db part of the input DSA
TRACE::2025-03-27.14:46:10::SCWMssOS::Checking the sw design at  D:/School/UIUC_ECE385_SP25/lab6_2/sdk/mb_usb_hdmi_top/microblaze_0/standalone_microblaze_0/bsp/system.mss
TRACE::2025-03-27.14:46:10::SCWMssOS::DEBUG:  swdes dump  D:/School/UIUC_ECE385_SP25/lab6_2/sdk/mb_usb_hdmi_top/microblaze_0/standalone_microblaze_0/bsp/system.mss|system||

TRACE::2025-03-27.14:46:10::SCWMssOS::Sw design exists and opened at  D:/School/UIUC_ECE385_SP25/lab6_2/sdk/mb_usb_hdmi_top/microblaze_0/standalone_microblaze_0/bsp/system.mss
TRACE::2025-03-27.14:46:10::SCWPlatform::Trying to open the hw design at D:/School/UIUC_ECE385_SP25/lab6_2/sdk/mb_usb_hdmi_top/tempdsa/mb_usb_hdmi_top.xsa
TRACE::2025-03-27.14:46:10::SCWPlatform::DSA given D:/School/UIUC_ECE385_SP25/lab6_2/sdk/mb_usb_hdmi_top/tempdsa/mb_usb_hdmi_top.xsa
TRACE::2025-03-27.14:46:10::SCWPlatform::DSA absoulate path D:/School/UIUC_ECE385_SP25/lab6_2/sdk/mb_usb_hdmi_top/tempdsa/mb_usb_hdmi_top.xsa
TRACE::2025-03-27.14:46:10::SCWPlatform::DSA directory D:/School/UIUC_ECE385_SP25/lab6_2/sdk/mb_usb_hdmi_top/tempdsa
TRACE::2025-03-27.14:46:10::SCWPlatform:: Platform Path D:/School/UIUC_ECE385_SP25/lab6_2/sdk/mb_usb_hdmi_top/tempdsa/mb_usb_hdmi_top.xsa
TRACE::2025-03-27.14:46:10::SCWPlatform:: Unique name xilinx:::0.0
TRACE::2025-03-27.14:46:10::SCWPlatform::update - Opened existing hwdb mb_usb_hdmi_top_9
TRACE::2025-03-27.14:46:10::SCWPlatform::Found the Hw Db part of the input DSA
TRACE::2025-03-27.14:46:10::SCWMssOS::Saving the mss changes D:/School/UIUC_ECE385_SP25/lab6_2/sdk/mb_usb_hdmi_top/microblaze_0/standalone_microblaze_0/bsp/system.mss
TRACE::2025-03-27.14:46:10::SCWMssOS::Found a swdesign opened with the mssfile.
TRACE::2025-03-27.14:46:10::SCWMssOS::Completed writemss as part of save.
TRACE::2025-03-27.14:46:10::SCWMssOS::Commit changes completed.
TRACE::2025-03-27.14:46:10::SCWMssOS::Completed hw sync for the mss in domain: standalone_microblaze_0
TRACE::2025-03-27.14:46:10::SCWMssOS::Removing the swdes entry for  D:/School/UIUC_ECE385_SP25/lab6_2/sdk/mb_usb_hdmi_top/microblaze_0/standalone_microblaze_0/bsp/system.mss
TRACE::2025-03-27.14:46:10::SCWPlatform::Trying to open the hw design at D:/School/UIUC_ECE385_SP25/lab6_2/sdk/mb_usb_hdmi_top/hw/mb_usb_hdmi_top.xsa
TRACE::2025-03-27.14:46:10::SCWPlatform::DSA given D:/School/UIUC_ECE385_SP25/lab6_2/sdk/mb_usb_hdmi_top/hw/mb_usb_hdmi_top.xsa
TRACE::2025-03-27.14:46:10::SCWPlatform::DSA absoulate path D:/School/UIUC_ECE385_SP25/lab6_2/sdk/mb_usb_hdmi_top/hw/mb_usb_hdmi_top.xsa
TRACE::2025-03-27.14:46:10::SCWPlatform::DSA directory D:/School/UIUC_ECE385_SP25/lab6_2/sdk/mb_usb_hdmi_top/hw
TRACE::2025-03-27.14:46:10::SCWPlatform:: Platform Path D:/School/UIUC_ECE385_SP25/lab6_2/sdk/mb_usb_hdmi_top/hw/mb_usb_hdmi_top.xsa
TRACE::2025-03-27.14:46:10::SCWPlatform:: Unique name xilinx:::0.0
TRACE::2025-03-27.14:46:10::SCWPlatform::Do not have an existing db opened. 
TRACE::2025-03-27.14:46:10::SCWPlatform::Opened new HwDB with name mb_usb_hdmi_top_10
TRACE::2025-03-27.14:46:10::SCWMssOS::Saving the mss changes D:/School/UIUC_ECE385_SP25/lab6_2/sdk/mb_usb_hdmi_top/microblaze_0/standalone_microblaze_0/bsp/system.mss
TRACE::2025-03-27.14:46:10::SCWMssOS::Adding the swdes entry, mss present, able to open swdb D:/School/UIUC_ECE385_SP25/lab6_2/sdk/mb_usb_hdmi_top/microblaze_0/standalone_microblaze_0/bsp/system.mss with des name system
TRACE::2025-03-27.14:46:10::SCWMssOS::Writing the mss file completed D:/School/UIUC_ECE385_SP25/lab6_2/sdk/mb_usb_hdmi_top/microblaze_0/standalone_microblaze_0/bsp/system.mss
TRACE::2025-03-27.14:46:10::SCWMssOS::Commit changes completed.
TRACE::2025-03-27.14:46:10::SCWPlatform::Trying to open the hw design at D:/School/UIUC_ECE385_SP25/lab6_2/sdk/mb_usb_hdmi_top/hw/mb_usb_hdmi_top.xsa
TRACE::2025-03-27.14:46:10::SCWPlatform::DSA given D:/School/UIUC_ECE385_SP25/lab6_2/sdk/mb_usb_hdmi_top/hw/mb_usb_hdmi_top.xsa
TRACE::2025-03-27.14:46:10::SCWPlatform::DSA absoulate path D:/School/UIUC_ECE385_SP25/lab6_2/sdk/mb_usb_hdmi_top/hw/mb_usb_hdmi_top.xsa
TRACE::2025-03-27.14:46:10::SCWPlatform::DSA directory D:/School/UIUC_ECE385_SP25/lab6_2/sdk/mb_usb_hdmi_top/hw
TRACE::2025-03-27.14:46:10::SCWPlatform:: Platform Path D:/School/UIUC_ECE385_SP25/lab6_2/sdk/mb_usb_hdmi_top/hw/mb_usb_hdmi_top.xsa
TRACE::2025-03-27.14:46:10::SCWPlatform:: Unique name xilinx:::0.0
TRACE::2025-03-27.14:46:10::SCWPlatform::Trying to set the existing hwdb with name mb_usb_hdmi_top_10
TRACE::2025-03-27.14:46:10::SCWPlatform::Opened existing hwdb mb_usb_hdmi_top_10
TRACE::2025-03-27.14:46:10::SCWPlatform::Found the Hw Db part of the input DSA
TRACE::2025-03-27.14:46:10::SCWMssOS::Checking the sw design at  D:/School/UIUC_ECE385_SP25/lab6_2/sdk/mb_usb_hdmi_top/microblaze_0/standalone_microblaze_0/bsp/system.mss
TRACE::2025-03-27.14:46:10::SCWMssOS::DEBUG:  swdes dump  D:/School/UIUC_ECE385_SP25/lab6_2/sdk/mb_usb_hdmi_top/microblaze_0/standalone_microblaze_0/bsp/system.mss|system||

TRACE::2025-03-27.14:46:10::SCWMssOS::Sw design exists and opened at  D:/School/UIUC_ECE385_SP25/lab6_2/sdk/mb_usb_hdmi_top/microblaze_0/standalone_microblaze_0/bsp/system.mss
TRACE::2025-03-27.14:46:10::SCWWriter::formatted JSON is {
	"platformName":	"mb_usb_hdmi_top",
	"sprVersion":	"2.0",
	"mode":	"gui",
	"dsaType":	"Fixed",
	"platformDesc":	"mb_usb_hdmi_top",
	"platHandOff":	"D:/School/UIUC_ECE385_SP25/lab6_2/mb_usb_hdmi_top.xsa",
	"platIntHandOff":	"<platformDir>/hw/mb_usb_hdmi_top.xsa",
	"deviceType":	"FPGA",
	"platIsPrebuiltAutogen":	"false",
	"platIsNoBootBsp":	"false",
	"hasFsblMakeHasChanges":	"false",
	"hasPmufwMakeHasChanges":	"false",
	"platPreBuiltFlag":	false,
	"platformSamplesDir":	"",
	"platActiveSys":	"mb_usb_hdmi_top",
	"systems":	[{
			"systemName":	"mb_usb_hdmi_top",
			"systemDesc":	"mb_usb_hdmi_top",
			"sysIsBootAutoGen":	"true",
			"systemDispName":	"mb_usb_hdmi_top",
			"sysActiveDom":	"standalone_microblaze_0",
			"sysDefaultDom":	"standalone_microblaze_0",
			"domains":	[{
					"domainName":	"standalone_microblaze_0",
					"domainDispName":	"standalone_microblaze_0",
					"domainDesc":	"standalone_microblaze_0",
					"processors":	"microblaze_0",
					"os":	"standalone",
					"sdxOs":	"standalone",
					"debugEnable":	"False",
					"domRuntimes":	["cpp"],
					"swRepo":	"",
					"mssOsVer":	"8.0",
					"mssFile":	"",
					"md5Digest":	"304529987e879521ca977c68d163f3621",
					"compatibleApp":	"",
					"domType":	"mssDomain",
					"arch":	"32-bit",
					"appSettings":	{
						"appCompilerFlags":	"",
						"appLinkerFlags":	""
					},
					"addedLibs":	[],
					"libOptions":	{
						"libsContainingOptions":	[]
					},
					"prebuiltLibs":	{
						"prebuiltIncPath":	[],
						"prebuiltLibPath":	[]
					},
					"isolation":	{
					}
				}]
		}]
}
TRACE::2025-03-27.14:46:35::SCWPlatform::Clearing the existing platform
TRACE::2025-03-27.14:46:35::SCWSystem::Clearing the existing sysconfig
TRACE::2025-03-27.14:46:35::SCWMssOS::Removing the swdes entry for  D:/School/UIUC_ECE385_SP25/lab6_2/sdk/mb_usb_hdmi_top/microblaze_0/standalone_microblaze_0/bsp/system.mss
TRACE::2025-03-27.14:46:35::SCWSystem::Clearing the domains completed.
TRACE::2025-03-27.14:46:35::SCWPlatform::Clearing the opened hw db.
TRACE::2025-03-27.14:46:35::SCWPlatform::DSA given D:/School/UIUC_ECE385_SP25/lab6_2/sdk/mb_usb_hdmi_top/hw/mb_usb_hdmi_top.xsa
TRACE::2025-03-27.14:46:35::SCWPlatform::DSA absoulate path D:/School/UIUC_ECE385_SP25/lab6_2/sdk/mb_usb_hdmi_top/hw/mb_usb_hdmi_top.xsa
TRACE::2025-03-27.14:46:35::SCWPlatform:: Platform location is D:/School/UIUC_ECE385_SP25/lab6_2/sdk/mb_usb_hdmi_top/hw
TRACE::2025-03-27.14:46:35::SCWPlatform:: Platform Path D:/School/UIUC_ECE385_SP25/lab6_2/sdk/mb_usb_hdmi_top/hw/mb_usb_hdmi_top.xsa
TRACE::2025-03-27.14:46:35::SCWPlatform:: Unique name xilinx:::0.0
TRACE::2025-03-27.14:46:35::SCWPlatform::Removing the HwDB with name D:/School/UIUC_ECE385_SP25/lab6_2/sdk/mb_usb_hdmi_top/hw/mb_usb_hdmi_top.xsa
TRACE::2025-03-27.14:46:35::SCWPlatform::Trying to open the hw design at D:/School/UIUC_ECE385_SP25/lab6_2/sdk/mb_usb_hdmi_top/hw/mb_usb_hdmi_top.xsa
TRACE::2025-03-27.14:46:35::SCWPlatform::DSA given D:/School/UIUC_ECE385_SP25/lab6_2/sdk/mb_usb_hdmi_top/hw/mb_usb_hdmi_top.xsa
TRACE::2025-03-27.14:46:35::SCWPlatform::DSA absoulate path D:/School/UIUC_ECE385_SP25/lab6_2/sdk/mb_usb_hdmi_top/hw/mb_usb_hdmi_top.xsa
TRACE::2025-03-27.14:46:35::SCWPlatform::DSA directory D:/School/UIUC_ECE385_SP25/lab6_2/sdk/mb_usb_hdmi_top/hw
TRACE::2025-03-27.14:46:35::SCWPlatform:: Platform Path D:/School/UIUC_ECE385_SP25/lab6_2/sdk/mb_usb_hdmi_top/hw/mb_usb_hdmi_top.xsa
TRACE::2025-03-27.14:46:35::SCWPlatform:: Unique name xilinx:::0.0
TRACE::2025-03-27.14:46:35::SCWPlatform::Do not have an existing db opened. 
TRACE::2025-03-27.14:46:35::SCWPlatform::Opened new HwDB with name mb_usb_hdmi_top_11
TRACE::2025-03-27.14:46:35::SCWReader::Active system found as  mb_usb_hdmi_top
TRACE::2025-03-27.14:46:35::SCWReader::Handling sysconfig mb_usb_hdmi_top
TRACE::2025-03-27.14:46:35::SCWDomain::checking for install qemu data   : 
TRACE::2025-03-27.14:46:35::SCWPlatform::Trying to open the hw design at D:/School/UIUC_ECE385_SP25/lab6_2/sdk/mb_usb_hdmi_top/hw/mb_usb_hdmi_top.xsa
TRACE::2025-03-27.14:46:35::SCWPlatform::DSA given D:/School/UIUC_ECE385_SP25/lab6_2/sdk/mb_usb_hdmi_top/hw/mb_usb_hdmi_top.xsa
TRACE::2025-03-27.14:46:35::SCWPlatform::DSA absoulate path D:/School/UIUC_ECE385_SP25/lab6_2/sdk/mb_usb_hdmi_top/hw/mb_usb_hdmi_top.xsa
TRACE::2025-03-27.14:46:35::SCWPlatform::DSA directory D:/School/UIUC_ECE385_SP25/lab6_2/sdk/mb_usb_hdmi_top/hw
TRACE::2025-03-27.14:46:35::SCWPlatform:: Platform Path D:/School/UIUC_ECE385_SP25/lab6_2/sdk/mb_usb_hdmi_top/hw/mb_usb_hdmi_top.xsa
TRACE::2025-03-27.14:46:35::SCWPlatform:: Unique name xilinx:::0.0
TRACE::2025-03-27.14:46:35::SCWPlatform::Trying to set the existing hwdb with name mb_usb_hdmi_top_11
TRACE::2025-03-27.14:46:35::SCWPlatform::Opened existing hwdb mb_usb_hdmi_top_11
TRACE::2025-03-27.14:46:35::SCWPlatform::Found the Hw Db part of the input DSA
TRACE::2025-03-27.14:46:35::SCWPlatform::Trying to open the hw design at D:/School/UIUC_ECE385_SP25/lab6_2/sdk/mb_usb_hdmi_top/hw/mb_usb_hdmi_top.xsa
TRACE::2025-03-27.14:46:35::SCWPlatform::DSA given D:/School/UIUC_ECE385_SP25/lab6_2/sdk/mb_usb_hdmi_top/hw/mb_usb_hdmi_top.xsa
TRACE::2025-03-27.14:46:35::SCWPlatform::DSA absoulate path D:/School/UIUC_ECE385_SP25/lab6_2/sdk/mb_usb_hdmi_top/hw/mb_usb_hdmi_top.xsa
TRACE::2025-03-27.14:46:35::SCWPlatform::DSA directory D:/School/UIUC_ECE385_SP25/lab6_2/sdk/mb_usb_hdmi_top/hw
TRACE::2025-03-27.14:46:35::SCWPlatform:: Platform Path D:/School/UIUC_ECE385_SP25/lab6_2/sdk/mb_usb_hdmi_top/hw/mb_usb_hdmi_top.xsa
TRACE::2025-03-27.14:46:35::SCWPlatform:: Unique name xilinx:::0.0
TRACE::2025-03-27.14:46:35::SCWPlatform::Trying to set the existing hwdb with name mb_usb_hdmi_top_11
TRACE::2025-03-27.14:46:35::SCWPlatform::Opened existing hwdb mb_usb_hdmi_top_11
TRACE::2025-03-27.14:46:35::SCWPlatform::Found the Hw Db part of the input DSA
TRACE::2025-03-27.14:46:35::SCWPlatform::Trying to open the hw design at D:/School/UIUC_ECE385_SP25/lab6_2/sdk/mb_usb_hdmi_top/hw/mb_usb_hdmi_top.xsa
TRACE::2025-03-27.14:46:35::SCWPlatform::DSA given D:/School/UIUC_ECE385_SP25/lab6_2/sdk/mb_usb_hdmi_top/hw/mb_usb_hdmi_top.xsa
TRACE::2025-03-27.14:46:35::SCWPlatform::DSA absoulate path D:/School/UIUC_ECE385_SP25/lab6_2/sdk/mb_usb_hdmi_top/hw/mb_usb_hdmi_top.xsa
TRACE::2025-03-27.14:46:35::SCWPlatform::DSA directory D:/School/UIUC_ECE385_SP25/lab6_2/sdk/mb_usb_hdmi_top/hw
TRACE::2025-03-27.14:46:35::SCWPlatform:: Platform Path D:/School/UIUC_ECE385_SP25/lab6_2/sdk/mb_usb_hdmi_top/hw/mb_usb_hdmi_top.xsa
TRACE::2025-03-27.14:46:35::SCWPlatform:: Unique name xilinx:::0.0
TRACE::2025-03-27.14:46:35::SCWPlatform::Trying to set the existing hwdb with name mb_usb_hdmi_top_11
TRACE::2025-03-27.14:46:35::SCWPlatform::Opened existing hwdb mb_usb_hdmi_top_11
TRACE::2025-03-27.14:46:35::SCWPlatform::Found the Hw Db part of the input DSA
TRACE::2025-03-27.14:46:35::SCWPlatform::Trying to open the hw design at D:/School/UIUC_ECE385_SP25/lab6_2/sdk/mb_usb_hdmi_top/hw/mb_usb_hdmi_top.xsa
TRACE::2025-03-27.14:46:35::SCWPlatform::DSA given D:/School/UIUC_ECE385_SP25/lab6_2/sdk/mb_usb_hdmi_top/hw/mb_usb_hdmi_top.xsa
TRACE::2025-03-27.14:46:35::SCWPlatform::DSA absoulate path D:/School/UIUC_ECE385_SP25/lab6_2/sdk/mb_usb_hdmi_top/hw/mb_usb_hdmi_top.xsa
TRACE::2025-03-27.14:46:35::SCWPlatform::DSA directory D:/School/UIUC_ECE385_SP25/lab6_2/sdk/mb_usb_hdmi_top/hw
TRACE::2025-03-27.14:46:35::SCWPlatform:: Platform Path D:/School/UIUC_ECE385_SP25/lab6_2/sdk/mb_usb_hdmi_top/hw/mb_usb_hdmi_top.xsa
TRACE::2025-03-27.14:46:35::SCWPlatform:: Unique name xilinx:::0.0
TRACE::2025-03-27.14:46:35::SCWPlatform::Trying to set the existing hwdb with name mb_usb_hdmi_top_11
TRACE::2025-03-27.14:46:35::SCWPlatform::Opened existing hwdb mb_usb_hdmi_top_11
TRACE::2025-03-27.14:46:35::SCWPlatform::Found the Hw Db part of the input DSA
TRACE::2025-03-27.14:46:35::SCWMssOS::Checking the sw design at  D:/School/UIUC_ECE385_SP25/lab6_2/sdk/mb_usb_hdmi_top/microblaze_0/standalone_microblaze_0/bsp/system.mss
TRACE::2025-03-27.14:46:35::SCWMssOS::DEBUG:  swdes dump  
TRACE::2025-03-27.14:46:35::SCWMssOS::No sw design opened at  D:/School/UIUC_ECE385_SP25/lab6_2/sdk/mb_usb_hdmi_top/microblaze_0/standalone_microblaze_0/bsp/system.mss
TRACE::2025-03-27.14:46:35::SCWMssOS::mss exists loading the mss file  D:/School/UIUC_ECE385_SP25/lab6_2/sdk/mb_usb_hdmi_top/microblaze_0/standalone_microblaze_0/bsp/system.mss
TRACE::2025-03-27.14:46:35::SCWMssOS::Opened the sw design from mss  D:/School/UIUC_ECE385_SP25/lab6_2/sdk/mb_usb_hdmi_top/microblaze_0/standalone_microblaze_0/bsp/system.mss
TRACE::2025-03-27.14:46:35::SCWMssOS::Adding the swdes entry D:/School/UIUC_ECE385_SP25/lab6_2/sdk/mb_usb_hdmi_top/microblaze_0/standalone_microblaze_0/bsp/system.mss with des name system
TRACE::2025-03-27.14:46:35::SCWMssOS::updating the scw layer about changes
TRACE::2025-03-27.14:46:35::SCWMssOS::Opened the sw design.  D:/School/UIUC_ECE385_SP25/lab6_2/sdk/mb_usb_hdmi_top/microblaze_0/standalone_microblaze_0/bsp/system.mss
TRACE::2025-03-27.14:46:35::SCWMssOS::Saving the mss changes D:/School/UIUC_ECE385_SP25/lab6_2/sdk/mb_usb_hdmi_top/microblaze_0/standalone_microblaze_0/bsp/system.mss
TRACE::2025-03-27.14:46:35::SCWMssOS::Found a swdesign opened with the mssfile.
TRACE::2025-03-27.14:46:35::SCWMssOS::Completed writemss as part of save.
TRACE::2025-03-27.14:46:35::SCWMssOS::Commit changes completed.
TRACE::2025-03-27.14:46:35::SCWReader::Adding prebuilt librarypaths as   
TRACE::2025-03-27.14:46:35::SCWReader::Adding prebuilt incpaths  as   
TRACE::2025-03-27.14:46:35::SCWPlatform::Trying to open the hw design at D:/School/UIUC_ECE385_SP25/lab6_2/sdk/mb_usb_hdmi_top/hw/mb_usb_hdmi_top.xsa
TRACE::2025-03-27.14:46:35::SCWPlatform::DSA given D:/School/UIUC_ECE385_SP25/lab6_2/sdk/mb_usb_hdmi_top/hw/mb_usb_hdmi_top.xsa
TRACE::2025-03-27.14:46:35::SCWPlatform::DSA absoulate path D:/School/UIUC_ECE385_SP25/lab6_2/sdk/mb_usb_hdmi_top/hw/mb_usb_hdmi_top.xsa
TRACE::2025-03-27.14:46:35::SCWPlatform::DSA directory D:/School/UIUC_ECE385_SP25/lab6_2/sdk/mb_usb_hdmi_top/hw
TRACE::2025-03-27.14:46:35::SCWPlatform:: Platform Path D:/School/UIUC_ECE385_SP25/lab6_2/sdk/mb_usb_hdmi_top/hw/mb_usb_hdmi_top.xsa
TRACE::2025-03-27.14:46:35::SCWPlatform:: Unique name xilinx:::0.0
TRACE::2025-03-27.14:46:35::SCWPlatform::Trying to set the existing hwdb with name mb_usb_hdmi_top_11
TRACE::2025-03-27.14:46:35::SCWPlatform::Opened existing hwdb mb_usb_hdmi_top_11
TRACE::2025-03-27.14:46:35::SCWPlatform::Found the Hw Db part of the input DSA
TRACE::2025-03-27.14:46:35::SCWMssOS::Checking the sw design at  D:/School/UIUC_ECE385_SP25/lab6_2/sdk/mb_usb_hdmi_top/microblaze_0/standalone_microblaze_0/bsp/system.mss
TRACE::2025-03-27.14:46:35::SCWMssOS::DEBUG:  swdes dump  D:/School/UIUC_ECE385_SP25/lab6_2/sdk/mb_usb_hdmi_top/microblaze_0/standalone_microblaze_0/bsp/system.mss|system||

TRACE::2025-03-27.14:46:35::SCWMssOS::Sw design exists and opened at  D:/School/UIUC_ECE385_SP25/lab6_2/sdk/mb_usb_hdmi_top/microblaze_0/standalone_microblaze_0/bsp/system.mss
TRACE::2025-03-27.14:46:35::SCWReader::No isolation master present  
TRACE::2025-03-27.14:46:38::SCWPlatform::DSA given D:/School/UIUC_ECE385_SP25/lab6_2/sdk/mb_usb_hdmi_top/tempdsa/mb_usb_hdmi_top.xsa
TRACE::2025-03-27.14:46:38::SCWPlatform::DSA absoulate path D:/School/UIUC_ECE385_SP25/lab6_2/sdk/mb_usb_hdmi_top/tempdsa/mb_usb_hdmi_top.xsa
TRACE::2025-03-27.14:46:38::SCWPlatform:: Platform location is D:/School/UIUC_ECE385_SP25/lab6_2/sdk/mb_usb_hdmi_top/tempdsa
TRACE::2025-03-27.14:46:38::SCWPlatform:: Platform Path D:/School/UIUC_ECE385_SP25/lab6_2/sdk/mb_usb_hdmi_top/tempdsa/mb_usb_hdmi_top.xsa
TRACE::2025-03-27.14:46:38::SCWPlatform:: Unique name xilinx:::0.0
TRACE::2025-03-27.14:46:39::SCWPlatform::Found the Hw Db part of the input DSA
TRACE::2025-03-27.14:46:39::SCWMssOS::Doing hw sync for the mss in domain: standalone_microblaze_0
TRACE::2025-03-27.14:46:39::SCWPlatform::Trying to open the hw design at D:/School/UIUC_ECE385_SP25/lab6_2/sdk/mb_usb_hdmi_top/hw/mb_usb_hdmi_top.xsa
TRACE::2025-03-27.14:46:39::SCWPlatform::DSA given D:/School/UIUC_ECE385_SP25/lab6_2/sdk/mb_usb_hdmi_top/hw/mb_usb_hdmi_top.xsa
TRACE::2025-03-27.14:46:39::SCWPlatform::DSA absoulate path D:/School/UIUC_ECE385_SP25/lab6_2/sdk/mb_usb_hdmi_top/hw/mb_usb_hdmi_top.xsa
TRACE::2025-03-27.14:46:39::SCWPlatform::DSA directory D:/School/UIUC_ECE385_SP25/lab6_2/sdk/mb_usb_hdmi_top/hw
TRACE::2025-03-27.14:46:39::SCWPlatform:: Platform Path D:/School/UIUC_ECE385_SP25/lab6_2/sdk/mb_usb_hdmi_top/hw/mb_usb_hdmi_top.xsa
TRACE::2025-03-27.14:46:39::SCWPlatform:: Unique name xilinx:::0.0
TRACE::2025-03-27.14:46:39::SCWPlatform::Trying to set the existing hwdb with name mb_usb_hdmi_top_11
TRACE::2025-03-27.14:46:39::SCWPlatform::Opened existing hwdb mb_usb_hdmi_top_11
TRACE::2025-03-27.14:46:39::SCWPlatform::Found the Hw Db part of the input DSA
TRACE::2025-03-27.14:46:39::SCWPlatform::Trying to open the hw design at D:/School/UIUC_ECE385_SP25/lab6_2/sdk/mb_usb_hdmi_top/hw/mb_usb_hdmi_top.xsa
TRACE::2025-03-27.14:46:39::SCWPlatform::DSA given D:/School/UIUC_ECE385_SP25/lab6_2/sdk/mb_usb_hdmi_top/hw/mb_usb_hdmi_top.xsa
TRACE::2025-03-27.14:46:39::SCWPlatform::DSA absoulate path D:/School/UIUC_ECE385_SP25/lab6_2/sdk/mb_usb_hdmi_top/hw/mb_usb_hdmi_top.xsa
TRACE::2025-03-27.14:46:39::SCWPlatform::DSA directory D:/School/UIUC_ECE385_SP25/lab6_2/sdk/mb_usb_hdmi_top/hw
TRACE::2025-03-27.14:46:39::SCWPlatform:: Platform Path D:/School/UIUC_ECE385_SP25/lab6_2/sdk/mb_usb_hdmi_top/hw/mb_usb_hdmi_top.xsa
TRACE::2025-03-27.14:46:39::SCWPlatform:: Unique name xilinx:::0.0
TRACE::2025-03-27.14:46:39::SCWPlatform::Trying to set the existing hwdb with name mb_usb_hdmi_top_11
TRACE::2025-03-27.14:46:39::SCWPlatform::Opened existing hwdb mb_usb_hdmi_top_11
TRACE::2025-03-27.14:46:39::SCWPlatform::Found the Hw Db part of the input DSA
TRACE::2025-03-27.14:46:39::SCWMssOS::Checking the sw design at  D:/School/UIUC_ECE385_SP25/lab6_2/sdk/mb_usb_hdmi_top/microblaze_0/standalone_microblaze_0/bsp/system.mss
TRACE::2025-03-27.14:46:39::SCWMssOS::DEBUG:  swdes dump  D:/School/UIUC_ECE385_SP25/lab6_2/sdk/mb_usb_hdmi_top/microblaze_0/standalone_microblaze_0/bsp/system.mss|system||

TRACE::2025-03-27.14:46:39::SCWMssOS::Sw design exists and opened at  D:/School/UIUC_ECE385_SP25/lab6_2/sdk/mb_usb_hdmi_top/microblaze_0/standalone_microblaze_0/bsp/system.mss
TRACE::2025-03-27.14:46:39::SCWPlatform::Trying to open the hw design at D:/School/UIUC_ECE385_SP25/lab6_2/sdk/mb_usb_hdmi_top/tempdsa/mb_usb_hdmi_top.xsa
TRACE::2025-03-27.14:46:39::SCWPlatform::DSA given D:/School/UIUC_ECE385_SP25/lab6_2/sdk/mb_usb_hdmi_top/tempdsa/mb_usb_hdmi_top.xsa
TRACE::2025-03-27.14:46:39::SCWPlatform::DSA absoulate path D:/School/UIUC_ECE385_SP25/lab6_2/sdk/mb_usb_hdmi_top/tempdsa/mb_usb_hdmi_top.xsa
TRACE::2025-03-27.14:46:39::SCWPlatform::DSA directory D:/School/UIUC_ECE385_SP25/lab6_2/sdk/mb_usb_hdmi_top/tempdsa
TRACE::2025-03-27.14:46:39::SCWPlatform:: Platform Path D:/School/UIUC_ECE385_SP25/lab6_2/sdk/mb_usb_hdmi_top/tempdsa/mb_usb_hdmi_top.xsa
TRACE::2025-03-27.14:46:39::SCWPlatform:: Unique name xilinx:::0.0
TRACE::2025-03-27.14:46:39::SCWPlatform::update - Opened existing hwdb mb_usb_hdmi_top_12
TRACE::2025-03-27.14:46:39::SCWPlatform::Found the Hw Db part of the input DSA
TRACE::2025-03-27.14:46:39::SCWMssOS::Saving the mss changes D:/School/UIUC_ECE385_SP25/lab6_2/sdk/mb_usb_hdmi_top/microblaze_0/standalone_microblaze_0/bsp/system.mss
TRACE::2025-03-27.14:46:39::SCWMssOS::Found a swdesign opened with the mssfile.
TRACE::2025-03-27.14:46:39::SCWMssOS::Completed writemss as part of save.
TRACE::2025-03-27.14:46:39::SCWMssOS::Commit changes completed.
TRACE::2025-03-27.14:46:39::SCWMssOS::Completed hw sync for the mss in domain: standalone_microblaze_0
TRACE::2025-03-27.14:46:39::SCWMssOS::Removing the swdes entry for  D:/School/UIUC_ECE385_SP25/lab6_2/sdk/mb_usb_hdmi_top/microblaze_0/standalone_microblaze_0/bsp/system.mss
TRACE::2025-03-27.14:46:39::SCWPlatform::Trying to open the hw design at D:/School/UIUC_ECE385_SP25/lab6_2/sdk/mb_usb_hdmi_top/hw/mb_usb_hdmi_top.xsa
TRACE::2025-03-27.14:46:39::SCWPlatform::DSA given D:/School/UIUC_ECE385_SP25/lab6_2/sdk/mb_usb_hdmi_top/hw/mb_usb_hdmi_top.xsa
TRACE::2025-03-27.14:46:39::SCWPlatform::DSA absoulate path D:/School/UIUC_ECE385_SP25/lab6_2/sdk/mb_usb_hdmi_top/hw/mb_usb_hdmi_top.xsa
TRACE::2025-03-27.14:46:39::SCWPlatform::DSA directory D:/School/UIUC_ECE385_SP25/lab6_2/sdk/mb_usb_hdmi_top/hw
TRACE::2025-03-27.14:46:39::SCWPlatform:: Platform Path D:/School/UIUC_ECE385_SP25/lab6_2/sdk/mb_usb_hdmi_top/hw/mb_usb_hdmi_top.xsa
TRACE::2025-03-27.14:46:39::SCWPlatform:: Unique name xilinx:::0.0
TRACE::2025-03-27.14:46:39::SCWPlatform::Do not have an existing db opened. 
TRACE::2025-03-27.14:46:39::SCWPlatform::Opened new HwDB with name mb_usb_hdmi_top_13
TRACE::2025-03-27.14:46:39::SCWMssOS::Saving the mss changes D:/School/UIUC_ECE385_SP25/lab6_2/sdk/mb_usb_hdmi_top/microblaze_0/standalone_microblaze_0/bsp/system.mss
TRACE::2025-03-27.14:46:39::SCWMssOS::Adding the swdes entry, mss present, able to open swdb D:/School/UIUC_ECE385_SP25/lab6_2/sdk/mb_usb_hdmi_top/microblaze_0/standalone_microblaze_0/bsp/system.mss with des name system
TRACE::2025-03-27.14:46:39::SCWMssOS::Writing the mss file completed D:/School/UIUC_ECE385_SP25/lab6_2/sdk/mb_usb_hdmi_top/microblaze_0/standalone_microblaze_0/bsp/system.mss
TRACE::2025-03-27.14:46:39::SCWMssOS::Commit changes completed.
TRACE::2025-03-27.14:46:39::SCWPlatform::Trying to open the hw design at D:/School/UIUC_ECE385_SP25/lab6_2/sdk/mb_usb_hdmi_top/hw/mb_usb_hdmi_top.xsa
TRACE::2025-03-27.14:46:39::SCWPlatform::DSA given D:/School/UIUC_ECE385_SP25/lab6_2/sdk/mb_usb_hdmi_top/hw/mb_usb_hdmi_top.xsa
TRACE::2025-03-27.14:46:39::SCWPlatform::DSA absoulate path D:/School/UIUC_ECE385_SP25/lab6_2/sdk/mb_usb_hdmi_top/hw/mb_usb_hdmi_top.xsa
TRACE::2025-03-27.14:46:39::SCWPlatform::DSA directory D:/School/UIUC_ECE385_SP25/lab6_2/sdk/mb_usb_hdmi_top/hw
TRACE::2025-03-27.14:46:39::SCWPlatform:: Platform Path D:/School/UIUC_ECE385_SP25/lab6_2/sdk/mb_usb_hdmi_top/hw/mb_usb_hdmi_top.xsa
TRACE::2025-03-27.14:46:39::SCWPlatform:: Unique name xilinx:::0.0
TRACE::2025-03-27.14:46:39::SCWPlatform::Trying to set the existing hwdb with name mb_usb_hdmi_top_13
TRACE::2025-03-27.14:46:39::SCWPlatform::Opened existing hwdb mb_usb_hdmi_top_13
TRACE::2025-03-27.14:46:39::SCWPlatform::Found the Hw Db part of the input DSA
TRACE::2025-03-27.14:46:39::SCWMssOS::Checking the sw design at  D:/School/UIUC_ECE385_SP25/lab6_2/sdk/mb_usb_hdmi_top/microblaze_0/standalone_microblaze_0/bsp/system.mss
TRACE::2025-03-27.14:46:39::SCWMssOS::DEBUG:  swdes dump  D:/School/UIUC_ECE385_SP25/lab6_2/sdk/mb_usb_hdmi_top/microblaze_0/standalone_microblaze_0/bsp/system.mss|system||

TRACE::2025-03-27.14:46:39::SCWMssOS::Sw design exists and opened at  D:/School/UIUC_ECE385_SP25/lab6_2/sdk/mb_usb_hdmi_top/microblaze_0/standalone_microblaze_0/bsp/system.mss
TRACE::2025-03-27.14:46:39::SCWWriter::formatted JSON is {
	"platformName":	"mb_usb_hdmi_top",
	"sprVersion":	"2.0",
	"mode":	"gui",
	"dsaType":	"Fixed",
	"platformDesc":	"mb_usb_hdmi_top",
	"platHandOff":	"D:/School/UIUC_ECE385_SP25/lab6_2/mb_usb_hdmi_top.xsa",
	"platIntHandOff":	"<platformDir>/hw/mb_usb_hdmi_top.xsa",
	"deviceType":	"FPGA",
	"platIsPrebuiltAutogen":	"false",
	"platIsNoBootBsp":	"false",
	"hasFsblMakeHasChanges":	"false",
	"hasPmufwMakeHasChanges":	"false",
	"platPreBuiltFlag":	false,
	"platformSamplesDir":	"",
	"platActiveSys":	"mb_usb_hdmi_top",
	"systems":	[{
			"systemName":	"mb_usb_hdmi_top",
			"systemDesc":	"mb_usb_hdmi_top",
			"sysIsBootAutoGen":	"true",
			"systemDispName":	"mb_usb_hdmi_top",
			"sysActiveDom":	"standalone_microblaze_0",
			"sysDefaultDom":	"standalone_microblaze_0",
			"domains":	[{
					"domainName":	"standalone_microblaze_0",
					"domainDispName":	"standalone_microblaze_0",
					"domainDesc":	"standalone_microblaze_0",
					"processors":	"microblaze_0",
					"os":	"standalone",
					"sdxOs":	"standalone",
					"debugEnable":	"False",
					"domRuntimes":	["cpp"],
					"swRepo":	"",
					"mssOsVer":	"8.0",
					"mssFile":	"",
					"md5Digest":	"304529987e879521ca977c68d163f3621",
					"compatibleApp":	"",
					"domType":	"mssDomain",
					"arch":	"32-bit",
					"appSettings":	{
						"appCompilerFlags":	"",
						"appLinkerFlags":	""
					},
					"addedLibs":	[],
					"libOptions":	{
						"libsContainingOptions":	[]
					},
					"prebuiltLibs":	{
						"prebuiltIncPath":	[],
						"prebuiltLibPath":	[]
					},
					"isolation":	{
					}
				}]
		}]
}
TRACE::2025-03-27.14:46:47::SCWPlatform::Clearing the existing platform
TRACE::2025-03-27.14:46:47::SCWSystem::Clearing the existing sysconfig
TRACE::2025-03-27.14:46:47::SCWMssOS::Removing the swdes entry for  D:/School/UIUC_ECE385_SP25/lab6_2/sdk/mb_usb_hdmi_top/microblaze_0/standalone_microblaze_0/bsp/system.mss
TRACE::2025-03-27.14:46:47::SCWSystem::Clearing the domains completed.
TRACE::2025-03-27.14:46:47::SCWPlatform::Clearing the opened hw db.
TRACE::2025-03-27.14:46:47::SCWPlatform::DSA given D:/School/UIUC_ECE385_SP25/lab6_2/sdk/mb_usb_hdmi_top/hw/mb_usb_hdmi_top.xsa
TRACE::2025-03-27.14:46:47::SCWPlatform::DSA absoulate path D:/School/UIUC_ECE385_SP25/lab6_2/sdk/mb_usb_hdmi_top/hw/mb_usb_hdmi_top.xsa
TRACE::2025-03-27.14:46:47::SCWPlatform:: Platform location is D:/School/UIUC_ECE385_SP25/lab6_2/sdk/mb_usb_hdmi_top/hw
TRACE::2025-03-27.14:46:47::SCWPlatform:: Platform Path D:/School/UIUC_ECE385_SP25/lab6_2/sdk/mb_usb_hdmi_top/hw/mb_usb_hdmi_top.xsa
TRACE::2025-03-27.14:46:47::SCWPlatform:: Unique name xilinx:::0.0
TRACE::2025-03-27.14:46:47::SCWPlatform::Removing the HwDB with name D:/School/UIUC_ECE385_SP25/lab6_2/sdk/mb_usb_hdmi_top/hw/mb_usb_hdmi_top.xsa
TRACE::2025-03-27.14:46:47::SCWPlatform::Trying to open the hw design at D:/School/UIUC_ECE385_SP25/lab6_2/sdk/mb_usb_hdmi_top/hw/mb_usb_hdmi_top.xsa
TRACE::2025-03-27.14:46:47::SCWPlatform::DSA given D:/School/UIUC_ECE385_SP25/lab6_2/sdk/mb_usb_hdmi_top/hw/mb_usb_hdmi_top.xsa
TRACE::2025-03-27.14:46:47::SCWPlatform::DSA absoulate path D:/School/UIUC_ECE385_SP25/lab6_2/sdk/mb_usb_hdmi_top/hw/mb_usb_hdmi_top.xsa
TRACE::2025-03-27.14:46:47::SCWPlatform::DSA directory D:/School/UIUC_ECE385_SP25/lab6_2/sdk/mb_usb_hdmi_top/hw
TRACE::2025-03-27.14:46:47::SCWPlatform:: Platform Path D:/School/UIUC_ECE385_SP25/lab6_2/sdk/mb_usb_hdmi_top/hw/mb_usb_hdmi_top.xsa
TRACE::2025-03-27.14:46:47::SCWPlatform:: Unique name xilinx:::0.0
TRACE::2025-03-27.14:46:47::SCWPlatform::Do not have an existing db opened. 
TRACE::2025-03-27.14:46:47::SCWPlatform::Opened new HwDB with name mb_usb_hdmi_top_14
TRACE::2025-03-27.14:46:47::SCWReader::Active system found as  mb_usb_hdmi_top
TRACE::2025-03-27.14:46:47::SCWReader::Handling sysconfig mb_usb_hdmi_top
TRACE::2025-03-27.14:46:47::SCWDomain::checking for install qemu data   : 
TRACE::2025-03-27.14:46:47::SCWPlatform::Trying to open the hw design at D:/School/UIUC_ECE385_SP25/lab6_2/sdk/mb_usb_hdmi_top/hw/mb_usb_hdmi_top.xsa
TRACE::2025-03-27.14:46:47::SCWPlatform::DSA given D:/School/UIUC_ECE385_SP25/lab6_2/sdk/mb_usb_hdmi_top/hw/mb_usb_hdmi_top.xsa
TRACE::2025-03-27.14:46:47::SCWPlatform::DSA absoulate path D:/School/UIUC_ECE385_SP25/lab6_2/sdk/mb_usb_hdmi_top/hw/mb_usb_hdmi_top.xsa
TRACE::2025-03-27.14:46:47::SCWPlatform::DSA directory D:/School/UIUC_ECE385_SP25/lab6_2/sdk/mb_usb_hdmi_top/hw
TRACE::2025-03-27.14:46:47::SCWPlatform:: Platform Path D:/School/UIUC_ECE385_SP25/lab6_2/sdk/mb_usb_hdmi_top/hw/mb_usb_hdmi_top.xsa
TRACE::2025-03-27.14:46:47::SCWPlatform:: Unique name xilinx:::0.0
TRACE::2025-03-27.14:46:47::SCWPlatform::Trying to set the existing hwdb with name mb_usb_hdmi_top_14
TRACE::2025-03-27.14:46:47::SCWPlatform::Opened existing hwdb mb_usb_hdmi_top_14
TRACE::2025-03-27.14:46:47::SCWPlatform::Found the Hw Db part of the input DSA
TRACE::2025-03-27.14:46:47::SCWPlatform::Trying to open the hw design at D:/School/UIUC_ECE385_SP25/lab6_2/sdk/mb_usb_hdmi_top/hw/mb_usb_hdmi_top.xsa
TRACE::2025-03-27.14:46:47::SCWPlatform::DSA given D:/School/UIUC_ECE385_SP25/lab6_2/sdk/mb_usb_hdmi_top/hw/mb_usb_hdmi_top.xsa
TRACE::2025-03-27.14:46:47::SCWPlatform::DSA absoulate path D:/School/UIUC_ECE385_SP25/lab6_2/sdk/mb_usb_hdmi_top/hw/mb_usb_hdmi_top.xsa
TRACE::2025-03-27.14:46:47::SCWPlatform::DSA directory D:/School/UIUC_ECE385_SP25/lab6_2/sdk/mb_usb_hdmi_top/hw
TRACE::2025-03-27.14:46:47::SCWPlatform:: Platform Path D:/School/UIUC_ECE385_SP25/lab6_2/sdk/mb_usb_hdmi_top/hw/mb_usb_hdmi_top.xsa
TRACE::2025-03-27.14:46:47::SCWPlatform:: Unique name xilinx:::0.0
TRACE::2025-03-27.14:46:47::SCWPlatform::Trying to set the existing hwdb with name mb_usb_hdmi_top_14
TRACE::2025-03-27.14:46:47::SCWPlatform::Opened existing hwdb mb_usb_hdmi_top_14
TRACE::2025-03-27.14:46:47::SCWPlatform::Found the Hw Db part of the input DSA
TRACE::2025-03-27.14:46:47::SCWPlatform::Trying to open the hw design at D:/School/UIUC_ECE385_SP25/lab6_2/sdk/mb_usb_hdmi_top/hw/mb_usb_hdmi_top.xsa
TRACE::2025-03-27.14:46:47::SCWPlatform::DSA given D:/School/UIUC_ECE385_SP25/lab6_2/sdk/mb_usb_hdmi_top/hw/mb_usb_hdmi_top.xsa
TRACE::2025-03-27.14:46:47::SCWPlatform::DSA absoulate path D:/School/UIUC_ECE385_SP25/lab6_2/sdk/mb_usb_hdmi_top/hw/mb_usb_hdmi_top.xsa
TRACE::2025-03-27.14:46:47::SCWPlatform::DSA directory D:/School/UIUC_ECE385_SP25/lab6_2/sdk/mb_usb_hdmi_top/hw
TRACE::2025-03-27.14:46:47::SCWPlatform:: Platform Path D:/School/UIUC_ECE385_SP25/lab6_2/sdk/mb_usb_hdmi_top/hw/mb_usb_hdmi_top.xsa
TRACE::2025-03-27.14:46:47::SCWPlatform:: Unique name xilinx:::0.0
TRACE::2025-03-27.14:46:47::SCWPlatform::Trying to set the existing hwdb with name mb_usb_hdmi_top_14
TRACE::2025-03-27.14:46:47::SCWPlatform::Opened existing hwdb mb_usb_hdmi_top_14
TRACE::2025-03-27.14:46:47::SCWPlatform::Found the Hw Db part of the input DSA
TRACE::2025-03-27.14:46:47::SCWPlatform::Trying to open the hw design at D:/School/UIUC_ECE385_SP25/lab6_2/sdk/mb_usb_hdmi_top/hw/mb_usb_hdmi_top.xsa
TRACE::2025-03-27.14:46:47::SCWPlatform::DSA given D:/School/UIUC_ECE385_SP25/lab6_2/sdk/mb_usb_hdmi_top/hw/mb_usb_hdmi_top.xsa
TRACE::2025-03-27.14:46:47::SCWPlatform::DSA absoulate path D:/School/UIUC_ECE385_SP25/lab6_2/sdk/mb_usb_hdmi_top/hw/mb_usb_hdmi_top.xsa
TRACE::2025-03-27.14:46:47::SCWPlatform::DSA directory D:/School/UIUC_ECE385_SP25/lab6_2/sdk/mb_usb_hdmi_top/hw
TRACE::2025-03-27.14:46:47::SCWPlatform:: Platform Path D:/School/UIUC_ECE385_SP25/lab6_2/sdk/mb_usb_hdmi_top/hw/mb_usb_hdmi_top.xsa
TRACE::2025-03-27.14:46:47::SCWPlatform:: Unique name xilinx:::0.0
TRACE::2025-03-27.14:46:47::SCWPlatform::Trying to set the existing hwdb with name mb_usb_hdmi_top_14
TRACE::2025-03-27.14:46:47::SCWPlatform::Opened existing hwdb mb_usb_hdmi_top_14
TRACE::2025-03-27.14:46:47::SCWPlatform::Found the Hw Db part of the input DSA
TRACE::2025-03-27.14:46:47::SCWMssOS::Checking the sw design at  D:/School/UIUC_ECE385_SP25/lab6_2/sdk/mb_usb_hdmi_top/microblaze_0/standalone_microblaze_0/bsp/system.mss
TRACE::2025-03-27.14:46:47::SCWMssOS::DEBUG:  swdes dump  
TRACE::2025-03-27.14:46:47::SCWMssOS::No sw design opened at  D:/School/UIUC_ECE385_SP25/lab6_2/sdk/mb_usb_hdmi_top/microblaze_0/standalone_microblaze_0/bsp/system.mss
TRACE::2025-03-27.14:46:47::SCWMssOS::mss exists loading the mss file  D:/School/UIUC_ECE385_SP25/lab6_2/sdk/mb_usb_hdmi_top/microblaze_0/standalone_microblaze_0/bsp/system.mss
TRACE::2025-03-27.14:46:47::SCWMssOS::Opened the sw design from mss  D:/School/UIUC_ECE385_SP25/lab6_2/sdk/mb_usb_hdmi_top/microblaze_0/standalone_microblaze_0/bsp/system.mss
TRACE::2025-03-27.14:46:47::SCWMssOS::Adding the swdes entry D:/School/UIUC_ECE385_SP25/lab6_2/sdk/mb_usb_hdmi_top/microblaze_0/standalone_microblaze_0/bsp/system.mss with des name system
TRACE::2025-03-27.14:46:47::SCWMssOS::updating the scw layer about changes
TRACE::2025-03-27.14:46:47::SCWMssOS::Opened the sw design.  D:/School/UIUC_ECE385_SP25/lab6_2/sdk/mb_usb_hdmi_top/microblaze_0/standalone_microblaze_0/bsp/system.mss
TRACE::2025-03-27.14:46:47::SCWMssOS::Saving the mss changes D:/School/UIUC_ECE385_SP25/lab6_2/sdk/mb_usb_hdmi_top/microblaze_0/standalone_microblaze_0/bsp/system.mss
TRACE::2025-03-27.14:46:47::SCWMssOS::Found a swdesign opened with the mssfile.
TRACE::2025-03-27.14:46:47::SCWMssOS::Completed writemss as part of save.
TRACE::2025-03-27.14:46:47::SCWMssOS::Commit changes completed.
TRACE::2025-03-27.14:46:47::SCWReader::Adding prebuilt librarypaths as   
TRACE::2025-03-27.14:46:47::SCWReader::Adding prebuilt incpaths  as   
TRACE::2025-03-27.14:46:47::SCWPlatform::Trying to open the hw design at D:/School/UIUC_ECE385_SP25/lab6_2/sdk/mb_usb_hdmi_top/hw/mb_usb_hdmi_top.xsa
TRACE::2025-03-27.14:46:47::SCWPlatform::DSA given D:/School/UIUC_ECE385_SP25/lab6_2/sdk/mb_usb_hdmi_top/hw/mb_usb_hdmi_top.xsa
TRACE::2025-03-27.14:46:47::SCWPlatform::DSA absoulate path D:/School/UIUC_ECE385_SP25/lab6_2/sdk/mb_usb_hdmi_top/hw/mb_usb_hdmi_top.xsa
TRACE::2025-03-27.14:46:47::SCWPlatform::DSA directory D:/School/UIUC_ECE385_SP25/lab6_2/sdk/mb_usb_hdmi_top/hw
TRACE::2025-03-27.14:46:47::SCWPlatform:: Platform Path D:/School/UIUC_ECE385_SP25/lab6_2/sdk/mb_usb_hdmi_top/hw/mb_usb_hdmi_top.xsa
TRACE::2025-03-27.14:46:47::SCWPlatform:: Unique name xilinx:::0.0
TRACE::2025-03-27.14:46:47::SCWPlatform::Trying to set the existing hwdb with name mb_usb_hdmi_top_14
TRACE::2025-03-27.14:46:47::SCWPlatform::Opened existing hwdb mb_usb_hdmi_top_14
TRACE::2025-03-27.14:46:47::SCWPlatform::Found the Hw Db part of the input DSA
TRACE::2025-03-27.14:46:47::SCWMssOS::Checking the sw design at  D:/School/UIUC_ECE385_SP25/lab6_2/sdk/mb_usb_hdmi_top/microblaze_0/standalone_microblaze_0/bsp/system.mss
TRACE::2025-03-27.14:46:47::SCWMssOS::DEBUG:  swdes dump  D:/School/UIUC_ECE385_SP25/lab6_2/sdk/mb_usb_hdmi_top/microblaze_0/standalone_microblaze_0/bsp/system.mss|system||

TRACE::2025-03-27.14:46:47::SCWMssOS::Sw design exists and opened at  D:/School/UIUC_ECE385_SP25/lab6_2/sdk/mb_usb_hdmi_top/microblaze_0/standalone_microblaze_0/bsp/system.mss
TRACE::2025-03-27.14:46:47::SCWReader::No isolation master present  
TRACE::2025-03-27.14:46:49::SCWPlatform::DSA given D:/School/UIUC_ECE385_SP25/lab6_2/sdk/mb_usb_hdmi_top/tempdsa/mb_usb_hdmi_top.xsa
TRACE::2025-03-27.14:46:49::SCWPlatform::DSA absoulate path D:/School/UIUC_ECE385_SP25/lab6_2/sdk/mb_usb_hdmi_top/tempdsa/mb_usb_hdmi_top.xsa
TRACE::2025-03-27.14:46:49::SCWPlatform:: Platform location is D:/School/UIUC_ECE385_SP25/lab6_2/sdk/mb_usb_hdmi_top/tempdsa
TRACE::2025-03-27.14:46:49::SCWPlatform:: Platform Path D:/School/UIUC_ECE385_SP25/lab6_2/sdk/mb_usb_hdmi_top/tempdsa/mb_usb_hdmi_top.xsa
TRACE::2025-03-27.14:46:49::SCWPlatform:: Unique name xilinx:::0.0
TRACE::2025-03-27.14:46:50::SCWPlatform::Found the Hw Db part of the input DSA
TRACE::2025-03-27.14:46:50::SCWMssOS::Doing hw sync for the mss in domain: standalone_microblaze_0
TRACE::2025-03-27.14:46:50::SCWPlatform::Trying to open the hw design at D:/School/UIUC_ECE385_SP25/lab6_2/sdk/mb_usb_hdmi_top/hw/mb_usb_hdmi_top.xsa
TRACE::2025-03-27.14:46:50::SCWPlatform::DSA given D:/School/UIUC_ECE385_SP25/lab6_2/sdk/mb_usb_hdmi_top/hw/mb_usb_hdmi_top.xsa
TRACE::2025-03-27.14:46:50::SCWPlatform::DSA absoulate path D:/School/UIUC_ECE385_SP25/lab6_2/sdk/mb_usb_hdmi_top/hw/mb_usb_hdmi_top.xsa
TRACE::2025-03-27.14:46:50::SCWPlatform::DSA directory D:/School/UIUC_ECE385_SP25/lab6_2/sdk/mb_usb_hdmi_top/hw
TRACE::2025-03-27.14:46:50::SCWPlatform:: Platform Path D:/School/UIUC_ECE385_SP25/lab6_2/sdk/mb_usb_hdmi_top/hw/mb_usb_hdmi_top.xsa
TRACE::2025-03-27.14:46:50::SCWPlatform:: Unique name xilinx:::0.0
TRACE::2025-03-27.14:46:50::SCWPlatform::Trying to set the existing hwdb with name mb_usb_hdmi_top_14
TRACE::2025-03-27.14:46:50::SCWPlatform::Opened existing hwdb mb_usb_hdmi_top_14
TRACE::2025-03-27.14:46:50::SCWPlatform::Found the Hw Db part of the input DSA
TRACE::2025-03-27.14:46:50::SCWPlatform::Trying to open the hw design at D:/School/UIUC_ECE385_SP25/lab6_2/sdk/mb_usb_hdmi_top/hw/mb_usb_hdmi_top.xsa
TRACE::2025-03-27.14:46:50::SCWPlatform::DSA given D:/School/UIUC_ECE385_SP25/lab6_2/sdk/mb_usb_hdmi_top/hw/mb_usb_hdmi_top.xsa
TRACE::2025-03-27.14:46:50::SCWPlatform::DSA absoulate path D:/School/UIUC_ECE385_SP25/lab6_2/sdk/mb_usb_hdmi_top/hw/mb_usb_hdmi_top.xsa
TRACE::2025-03-27.14:46:50::SCWPlatform::DSA directory D:/School/UIUC_ECE385_SP25/lab6_2/sdk/mb_usb_hdmi_top/hw
TRACE::2025-03-27.14:46:50::SCWPlatform:: Platform Path D:/School/UIUC_ECE385_SP25/lab6_2/sdk/mb_usb_hdmi_top/hw/mb_usb_hdmi_top.xsa
TRACE::2025-03-27.14:46:50::SCWPlatform:: Unique name xilinx:::0.0
TRACE::2025-03-27.14:46:50::SCWPlatform::Trying to set the existing hwdb with name mb_usb_hdmi_top_14
TRACE::2025-03-27.14:46:50::SCWPlatform::Opened existing hwdb mb_usb_hdmi_top_14
TRACE::2025-03-27.14:46:50::SCWPlatform::Found the Hw Db part of the input DSA
TRACE::2025-03-27.14:46:50::SCWMssOS::Checking the sw design at  D:/School/UIUC_ECE385_SP25/lab6_2/sdk/mb_usb_hdmi_top/microblaze_0/standalone_microblaze_0/bsp/system.mss
TRACE::2025-03-27.14:46:50::SCWMssOS::DEBUG:  swdes dump  D:/School/UIUC_ECE385_SP25/lab6_2/sdk/mb_usb_hdmi_top/microblaze_0/standalone_microblaze_0/bsp/system.mss|system||

TRACE::2025-03-27.14:46:50::SCWMssOS::Sw design exists and opened at  D:/School/UIUC_ECE385_SP25/lab6_2/sdk/mb_usb_hdmi_top/microblaze_0/standalone_microblaze_0/bsp/system.mss
TRACE::2025-03-27.14:46:50::SCWPlatform::Trying to open the hw design at D:/School/UIUC_ECE385_SP25/lab6_2/sdk/mb_usb_hdmi_top/tempdsa/mb_usb_hdmi_top.xsa
TRACE::2025-03-27.14:46:50::SCWPlatform::DSA given D:/School/UIUC_ECE385_SP25/lab6_2/sdk/mb_usb_hdmi_top/tempdsa/mb_usb_hdmi_top.xsa
TRACE::2025-03-27.14:46:50::SCWPlatform::DSA absoulate path D:/School/UIUC_ECE385_SP25/lab6_2/sdk/mb_usb_hdmi_top/tempdsa/mb_usb_hdmi_top.xsa
TRACE::2025-03-27.14:46:50::SCWPlatform::DSA directory D:/School/UIUC_ECE385_SP25/lab6_2/sdk/mb_usb_hdmi_top/tempdsa
TRACE::2025-03-27.14:46:50::SCWPlatform:: Platform Path D:/School/UIUC_ECE385_SP25/lab6_2/sdk/mb_usb_hdmi_top/tempdsa/mb_usb_hdmi_top.xsa
TRACE::2025-03-27.14:46:50::SCWPlatform:: Unique name xilinx:::0.0
TRACE::2025-03-27.14:46:50::SCWPlatform::update - Opened existing hwdb mb_usb_hdmi_top_15
TRACE::2025-03-27.14:46:50::SCWPlatform::Found the Hw Db part of the input DSA
TRACE::2025-03-27.14:46:50::SCWMssOS::Saving the mss changes D:/School/UIUC_ECE385_SP25/lab6_2/sdk/mb_usb_hdmi_top/microblaze_0/standalone_microblaze_0/bsp/system.mss
TRACE::2025-03-27.14:46:50::SCWMssOS::Found a swdesign opened with the mssfile.
TRACE::2025-03-27.14:46:50::SCWMssOS::Completed writemss as part of save.
TRACE::2025-03-27.14:46:50::SCWMssOS::Commit changes completed.
TRACE::2025-03-27.14:46:50::SCWMssOS::Completed hw sync for the mss in domain: standalone_microblaze_0
TRACE::2025-03-27.14:46:50::SCWMssOS::Removing the swdes entry for  D:/School/UIUC_ECE385_SP25/lab6_2/sdk/mb_usb_hdmi_top/microblaze_0/standalone_microblaze_0/bsp/system.mss
TRACE::2025-03-27.14:46:50::SCWPlatform::Trying to open the hw design at D:/School/UIUC_ECE385_SP25/lab6_2/sdk/mb_usb_hdmi_top/hw/mb_usb_hdmi_top.xsa
TRACE::2025-03-27.14:46:50::SCWPlatform::DSA given D:/School/UIUC_ECE385_SP25/lab6_2/sdk/mb_usb_hdmi_top/hw/mb_usb_hdmi_top.xsa
TRACE::2025-03-27.14:46:50::SCWPlatform::DSA absoulate path D:/School/UIUC_ECE385_SP25/lab6_2/sdk/mb_usb_hdmi_top/hw/mb_usb_hdmi_top.xsa
TRACE::2025-03-27.14:46:50::SCWPlatform::DSA directory D:/School/UIUC_ECE385_SP25/lab6_2/sdk/mb_usb_hdmi_top/hw
TRACE::2025-03-27.14:46:50::SCWPlatform:: Platform Path D:/School/UIUC_ECE385_SP25/lab6_2/sdk/mb_usb_hdmi_top/hw/mb_usb_hdmi_top.xsa
TRACE::2025-03-27.14:46:50::SCWPlatform:: Unique name xilinx:::0.0
TRACE::2025-03-27.14:46:50::SCWPlatform::Do not have an existing db opened. 
TRACE::2025-03-27.14:46:50::SCWPlatform::Opened new HwDB with name mb_usb_hdmi_top_16
TRACE::2025-03-27.14:46:50::SCWMssOS::Saving the mss changes D:/School/UIUC_ECE385_SP25/lab6_2/sdk/mb_usb_hdmi_top/microblaze_0/standalone_microblaze_0/bsp/system.mss
TRACE::2025-03-27.14:46:50::SCWMssOS::Adding the swdes entry, mss present, able to open swdb D:/School/UIUC_ECE385_SP25/lab6_2/sdk/mb_usb_hdmi_top/microblaze_0/standalone_microblaze_0/bsp/system.mss with des name system
TRACE::2025-03-27.14:46:50::SCWMssOS::Writing the mss file completed D:/School/UIUC_ECE385_SP25/lab6_2/sdk/mb_usb_hdmi_top/microblaze_0/standalone_microblaze_0/bsp/system.mss
TRACE::2025-03-27.14:46:50::SCWMssOS::Commit changes completed.
TRACE::2025-03-27.14:46:50::SCWPlatform::Trying to open the hw design at D:/School/UIUC_ECE385_SP25/lab6_2/sdk/mb_usb_hdmi_top/hw/mb_usb_hdmi_top.xsa
TRACE::2025-03-27.14:46:50::SCWPlatform::DSA given D:/School/UIUC_ECE385_SP25/lab6_2/sdk/mb_usb_hdmi_top/hw/mb_usb_hdmi_top.xsa
TRACE::2025-03-27.14:46:50::SCWPlatform::DSA absoulate path D:/School/UIUC_ECE385_SP25/lab6_2/sdk/mb_usb_hdmi_top/hw/mb_usb_hdmi_top.xsa
TRACE::2025-03-27.14:46:50::SCWPlatform::DSA directory D:/School/UIUC_ECE385_SP25/lab6_2/sdk/mb_usb_hdmi_top/hw
TRACE::2025-03-27.14:46:50::SCWPlatform:: Platform Path D:/School/UIUC_ECE385_SP25/lab6_2/sdk/mb_usb_hdmi_top/hw/mb_usb_hdmi_top.xsa
TRACE::2025-03-27.14:46:50::SCWPlatform:: Unique name xilinx:::0.0
TRACE::2025-03-27.14:46:50::SCWPlatform::Trying to set the existing hwdb with name mb_usb_hdmi_top_16
TRACE::2025-03-27.14:46:50::SCWPlatform::Opened existing hwdb mb_usb_hdmi_top_16
TRACE::2025-03-27.14:46:50::SCWPlatform::Found the Hw Db part of the input DSA
TRACE::2025-03-27.14:46:50::SCWMssOS::Checking the sw design at  D:/School/UIUC_ECE385_SP25/lab6_2/sdk/mb_usb_hdmi_top/microblaze_0/standalone_microblaze_0/bsp/system.mss
TRACE::2025-03-27.14:46:50::SCWMssOS::DEBUG:  swdes dump  D:/School/UIUC_ECE385_SP25/lab6_2/sdk/mb_usb_hdmi_top/microblaze_0/standalone_microblaze_0/bsp/system.mss|system||

TRACE::2025-03-27.14:46:50::SCWMssOS::Sw design exists and opened at  D:/School/UIUC_ECE385_SP25/lab6_2/sdk/mb_usb_hdmi_top/microblaze_0/standalone_microblaze_0/bsp/system.mss
TRACE::2025-03-27.14:46:50::SCWWriter::formatted JSON is {
	"platformName":	"mb_usb_hdmi_top",
	"sprVersion":	"2.0",
	"mode":	"gui",
	"dsaType":	"Fixed",
	"platformDesc":	"mb_usb_hdmi_top",
	"platHandOff":	"D:/School/UIUC_ECE385_SP25/lab6_2/mb_usb_hdmi_top.xsa",
	"platIntHandOff":	"<platformDir>/hw/mb_usb_hdmi_top.xsa",
	"deviceType":	"FPGA",
	"platIsPrebuiltAutogen":	"false",
	"platIsNoBootBsp":	"false",
	"hasFsblMakeHasChanges":	"false",
	"hasPmufwMakeHasChanges":	"false",
	"platPreBuiltFlag":	false,
	"platformSamplesDir":	"",
	"platActiveSys":	"mb_usb_hdmi_top",
	"systems":	[{
			"systemName":	"mb_usb_hdmi_top",
			"systemDesc":	"mb_usb_hdmi_top",
			"sysIsBootAutoGen":	"true",
			"systemDispName":	"mb_usb_hdmi_top",
			"sysActiveDom":	"standalone_microblaze_0",
			"sysDefaultDom":	"standalone_microblaze_0",
			"domains":	[{
					"domainName":	"standalone_microblaze_0",
					"domainDispName":	"standalone_microblaze_0",
					"domainDesc":	"standalone_microblaze_0",
					"processors":	"microblaze_0",
					"os":	"standalone",
					"sdxOs":	"standalone",
					"debugEnable":	"False",
					"domRuntimes":	["cpp"],
					"swRepo":	"",
					"mssOsVer":	"8.0",
					"mssFile":	"",
					"md5Digest":	"304529987e879521ca977c68d163f3621",
					"compatibleApp":	"",
					"domType":	"mssDomain",
					"arch":	"32-bit",
					"appSettings":	{
						"appCompilerFlags":	"",
						"appLinkerFlags":	""
					},
					"addedLibs":	[],
					"libOptions":	{
						"libsContainingOptions":	[]
					},
					"prebuiltLibs":	{
						"prebuiltIncPath":	[],
						"prebuiltLibPath":	[]
					},
					"isolation":	{
					}
				}]
		}]
}
TRACE::2025-03-27.14:46:57::SCWPlatform::Clearing the existing platform
TRACE::2025-03-27.14:46:57::SCWSystem::Clearing the existing sysconfig
TRACE::2025-03-27.14:46:57::SCWMssOS::Removing the swdes entry for  D:/School/UIUC_ECE385_SP25/lab6_2/sdk/mb_usb_hdmi_top/microblaze_0/standalone_microblaze_0/bsp/system.mss
TRACE::2025-03-27.14:46:57::SCWSystem::Clearing the domains completed.
TRACE::2025-03-27.14:46:57::SCWPlatform::Clearing the opened hw db.
TRACE::2025-03-27.14:46:57::SCWPlatform::DSA given D:/School/UIUC_ECE385_SP25/lab6_2/sdk/mb_usb_hdmi_top/hw/mb_usb_hdmi_top.xsa
TRACE::2025-03-27.14:46:57::SCWPlatform::DSA absoulate path D:/School/UIUC_ECE385_SP25/lab6_2/sdk/mb_usb_hdmi_top/hw/mb_usb_hdmi_top.xsa
TRACE::2025-03-27.14:46:57::SCWPlatform:: Platform location is D:/School/UIUC_ECE385_SP25/lab6_2/sdk/mb_usb_hdmi_top/hw
TRACE::2025-03-27.14:46:57::SCWPlatform:: Platform Path D:/School/UIUC_ECE385_SP25/lab6_2/sdk/mb_usb_hdmi_top/hw/mb_usb_hdmi_top.xsa
TRACE::2025-03-27.14:46:57::SCWPlatform:: Unique name xilinx:::0.0
TRACE::2025-03-27.14:46:57::SCWPlatform::Removing the HwDB with name D:/School/UIUC_ECE385_SP25/lab6_2/sdk/mb_usb_hdmi_top/hw/mb_usb_hdmi_top.xsa
TRACE::2025-03-27.14:46:57::SCWPlatform::Trying to open the hw design at D:/School/UIUC_ECE385_SP25/lab6_2/sdk/mb_usb_hdmi_top/hw/mb_usb_hdmi_top.xsa
TRACE::2025-03-27.14:46:57::SCWPlatform::DSA given D:/School/UIUC_ECE385_SP25/lab6_2/sdk/mb_usb_hdmi_top/hw/mb_usb_hdmi_top.xsa
TRACE::2025-03-27.14:46:57::SCWPlatform::DSA absoulate path D:/School/UIUC_ECE385_SP25/lab6_2/sdk/mb_usb_hdmi_top/hw/mb_usb_hdmi_top.xsa
TRACE::2025-03-27.14:46:57::SCWPlatform::DSA directory D:/School/UIUC_ECE385_SP25/lab6_2/sdk/mb_usb_hdmi_top/hw
TRACE::2025-03-27.14:46:57::SCWPlatform:: Platform Path D:/School/UIUC_ECE385_SP25/lab6_2/sdk/mb_usb_hdmi_top/hw/mb_usb_hdmi_top.xsa
TRACE::2025-03-27.14:46:57::SCWPlatform:: Unique name xilinx:::0.0
TRACE::2025-03-27.14:46:57::SCWPlatform::Do not have an existing db opened. 
TRACE::2025-03-27.14:46:57::SCWPlatform::Opened new HwDB with name mb_usb_hdmi_top_17
TRACE::2025-03-27.14:46:57::SCWReader::Active system found as  mb_usb_hdmi_top
TRACE::2025-03-27.14:46:57::SCWReader::Handling sysconfig mb_usb_hdmi_top
TRACE::2025-03-27.14:46:57::SCWDomain::checking for install qemu data   : 
TRACE::2025-03-27.14:46:57::SCWPlatform::Trying to open the hw design at D:/School/UIUC_ECE385_SP25/lab6_2/sdk/mb_usb_hdmi_top/hw/mb_usb_hdmi_top.xsa
TRACE::2025-03-27.14:46:57::SCWPlatform::DSA given D:/School/UIUC_ECE385_SP25/lab6_2/sdk/mb_usb_hdmi_top/hw/mb_usb_hdmi_top.xsa
TRACE::2025-03-27.14:46:57::SCWPlatform::DSA absoulate path D:/School/UIUC_ECE385_SP25/lab6_2/sdk/mb_usb_hdmi_top/hw/mb_usb_hdmi_top.xsa
TRACE::2025-03-27.14:46:57::SCWPlatform::DSA directory D:/School/UIUC_ECE385_SP25/lab6_2/sdk/mb_usb_hdmi_top/hw
TRACE::2025-03-27.14:46:57::SCWPlatform:: Platform Path D:/School/UIUC_ECE385_SP25/lab6_2/sdk/mb_usb_hdmi_top/hw/mb_usb_hdmi_top.xsa
TRACE::2025-03-27.14:46:57::SCWPlatform:: Unique name xilinx:::0.0
TRACE::2025-03-27.14:46:57::SCWPlatform::Trying to set the existing hwdb with name mb_usb_hdmi_top_17
TRACE::2025-03-27.14:46:57::SCWPlatform::Opened existing hwdb mb_usb_hdmi_top_17
TRACE::2025-03-27.14:46:57::SCWPlatform::Found the Hw Db part of the input DSA
TRACE::2025-03-27.14:46:57::SCWPlatform::Trying to open the hw design at D:/School/UIUC_ECE385_SP25/lab6_2/sdk/mb_usb_hdmi_top/hw/mb_usb_hdmi_top.xsa
TRACE::2025-03-27.14:46:57::SCWPlatform::DSA given D:/School/UIUC_ECE385_SP25/lab6_2/sdk/mb_usb_hdmi_top/hw/mb_usb_hdmi_top.xsa
TRACE::2025-03-27.14:46:57::SCWPlatform::DSA absoulate path D:/School/UIUC_ECE385_SP25/lab6_2/sdk/mb_usb_hdmi_top/hw/mb_usb_hdmi_top.xsa
TRACE::2025-03-27.14:46:57::SCWPlatform::DSA directory D:/School/UIUC_ECE385_SP25/lab6_2/sdk/mb_usb_hdmi_top/hw
TRACE::2025-03-27.14:46:57::SCWPlatform:: Platform Path D:/School/UIUC_ECE385_SP25/lab6_2/sdk/mb_usb_hdmi_top/hw/mb_usb_hdmi_top.xsa
TRACE::2025-03-27.14:46:57::SCWPlatform:: Unique name xilinx:::0.0
TRACE::2025-03-27.14:46:57::SCWPlatform::Trying to set the existing hwdb with name mb_usb_hdmi_top_17
TRACE::2025-03-27.14:46:57::SCWPlatform::Opened existing hwdb mb_usb_hdmi_top_17
TRACE::2025-03-27.14:46:57::SCWPlatform::Found the Hw Db part of the input DSA
TRACE::2025-03-27.14:46:57::SCWPlatform::Trying to open the hw design at D:/School/UIUC_ECE385_SP25/lab6_2/sdk/mb_usb_hdmi_top/hw/mb_usb_hdmi_top.xsa
TRACE::2025-03-27.14:46:57::SCWPlatform::DSA given D:/School/UIUC_ECE385_SP25/lab6_2/sdk/mb_usb_hdmi_top/hw/mb_usb_hdmi_top.xsa
TRACE::2025-03-27.14:46:57::SCWPlatform::DSA absoulate path D:/School/UIUC_ECE385_SP25/lab6_2/sdk/mb_usb_hdmi_top/hw/mb_usb_hdmi_top.xsa
TRACE::2025-03-27.14:46:57::SCWPlatform::DSA directory D:/School/UIUC_ECE385_SP25/lab6_2/sdk/mb_usb_hdmi_top/hw
TRACE::2025-03-27.14:46:57::SCWPlatform:: Platform Path D:/School/UIUC_ECE385_SP25/lab6_2/sdk/mb_usb_hdmi_top/hw/mb_usb_hdmi_top.xsa
TRACE::2025-03-27.14:46:57::SCWPlatform:: Unique name xilinx:::0.0
TRACE::2025-03-27.14:46:57::SCWPlatform::Trying to set the existing hwdb with name mb_usb_hdmi_top_17
TRACE::2025-03-27.14:46:57::SCWPlatform::Opened existing hwdb mb_usb_hdmi_top_17
TRACE::2025-03-27.14:46:57::SCWPlatform::Found the Hw Db part of the input DSA
TRACE::2025-03-27.14:46:57::SCWPlatform::Trying to open the hw design at D:/School/UIUC_ECE385_SP25/lab6_2/sdk/mb_usb_hdmi_top/hw/mb_usb_hdmi_top.xsa
TRACE::2025-03-27.14:46:57::SCWPlatform::DSA given D:/School/UIUC_ECE385_SP25/lab6_2/sdk/mb_usb_hdmi_top/hw/mb_usb_hdmi_top.xsa
TRACE::2025-03-27.14:46:57::SCWPlatform::DSA absoulate path D:/School/UIUC_ECE385_SP25/lab6_2/sdk/mb_usb_hdmi_top/hw/mb_usb_hdmi_top.xsa
TRACE::2025-03-27.14:46:57::SCWPlatform::DSA directory D:/School/UIUC_ECE385_SP25/lab6_2/sdk/mb_usb_hdmi_top/hw
TRACE::2025-03-27.14:46:57::SCWPlatform:: Platform Path D:/School/UIUC_ECE385_SP25/lab6_2/sdk/mb_usb_hdmi_top/hw/mb_usb_hdmi_top.xsa
TRACE::2025-03-27.14:46:57::SCWPlatform:: Unique name xilinx:::0.0
TRACE::2025-03-27.14:46:57::SCWPlatform::Trying to set the existing hwdb with name mb_usb_hdmi_top_17
TRACE::2025-03-27.14:46:57::SCWPlatform::Opened existing hwdb mb_usb_hdmi_top_17
TRACE::2025-03-27.14:46:57::SCWPlatform::Found the Hw Db part of the input DSA
TRACE::2025-03-27.14:46:57::SCWMssOS::Checking the sw design at  D:/School/UIUC_ECE385_SP25/lab6_2/sdk/mb_usb_hdmi_top/microblaze_0/standalone_microblaze_0/bsp/system.mss
TRACE::2025-03-27.14:46:57::SCWMssOS::DEBUG:  swdes dump  
TRACE::2025-03-27.14:46:57::SCWMssOS::No sw design opened at  D:/School/UIUC_ECE385_SP25/lab6_2/sdk/mb_usb_hdmi_top/microblaze_0/standalone_microblaze_0/bsp/system.mss
TRACE::2025-03-27.14:46:57::SCWMssOS::mss exists loading the mss file  D:/School/UIUC_ECE385_SP25/lab6_2/sdk/mb_usb_hdmi_top/microblaze_0/standalone_microblaze_0/bsp/system.mss
TRACE::2025-03-27.14:46:57::SCWMssOS::Opened the sw design from mss  D:/School/UIUC_ECE385_SP25/lab6_2/sdk/mb_usb_hdmi_top/microblaze_0/standalone_microblaze_0/bsp/system.mss
TRACE::2025-03-27.14:46:57::SCWMssOS::Adding the swdes entry D:/School/UIUC_ECE385_SP25/lab6_2/sdk/mb_usb_hdmi_top/microblaze_0/standalone_microblaze_0/bsp/system.mss with des name system
TRACE::2025-03-27.14:46:57::SCWMssOS::updating the scw layer about changes
TRACE::2025-03-27.14:46:57::SCWMssOS::Opened the sw design.  D:/School/UIUC_ECE385_SP25/lab6_2/sdk/mb_usb_hdmi_top/microblaze_0/standalone_microblaze_0/bsp/system.mss
TRACE::2025-03-27.14:46:57::SCWMssOS::Saving the mss changes D:/School/UIUC_ECE385_SP25/lab6_2/sdk/mb_usb_hdmi_top/microblaze_0/standalone_microblaze_0/bsp/system.mss
TRACE::2025-03-27.14:46:57::SCWMssOS::Found a swdesign opened with the mssfile.
TRACE::2025-03-27.14:46:57::SCWMssOS::Completed writemss as part of save.
TRACE::2025-03-27.14:46:57::SCWMssOS::Commit changes completed.
TRACE::2025-03-27.14:46:57::SCWReader::Adding prebuilt librarypaths as   
TRACE::2025-03-27.14:46:57::SCWReader::Adding prebuilt incpaths  as   
TRACE::2025-03-27.14:46:57::SCWPlatform::Trying to open the hw design at D:/School/UIUC_ECE385_SP25/lab6_2/sdk/mb_usb_hdmi_top/hw/mb_usb_hdmi_top.xsa
TRACE::2025-03-27.14:46:57::SCWPlatform::DSA given D:/School/UIUC_ECE385_SP25/lab6_2/sdk/mb_usb_hdmi_top/hw/mb_usb_hdmi_top.xsa
TRACE::2025-03-27.14:46:57::SCWPlatform::DSA absoulate path D:/School/UIUC_ECE385_SP25/lab6_2/sdk/mb_usb_hdmi_top/hw/mb_usb_hdmi_top.xsa
TRACE::2025-03-27.14:46:57::SCWPlatform::DSA directory D:/School/UIUC_ECE385_SP25/lab6_2/sdk/mb_usb_hdmi_top/hw
TRACE::2025-03-27.14:46:57::SCWPlatform:: Platform Path D:/School/UIUC_ECE385_SP25/lab6_2/sdk/mb_usb_hdmi_top/hw/mb_usb_hdmi_top.xsa
TRACE::2025-03-27.14:46:57::SCWPlatform:: Unique name xilinx:::0.0
TRACE::2025-03-27.14:46:57::SCWPlatform::Trying to set the existing hwdb with name mb_usb_hdmi_top_17
TRACE::2025-03-27.14:46:57::SCWPlatform::Opened existing hwdb mb_usb_hdmi_top_17
TRACE::2025-03-27.14:46:57::SCWPlatform::Found the Hw Db part of the input DSA
TRACE::2025-03-27.14:46:57::SCWMssOS::Checking the sw design at  D:/School/UIUC_ECE385_SP25/lab6_2/sdk/mb_usb_hdmi_top/microblaze_0/standalone_microblaze_0/bsp/system.mss
TRACE::2025-03-27.14:46:57::SCWMssOS::DEBUG:  swdes dump  D:/School/UIUC_ECE385_SP25/lab6_2/sdk/mb_usb_hdmi_top/microblaze_0/standalone_microblaze_0/bsp/system.mss|system||

TRACE::2025-03-27.14:46:57::SCWMssOS::Sw design exists and opened at  D:/School/UIUC_ECE385_SP25/lab6_2/sdk/mb_usb_hdmi_top/microblaze_0/standalone_microblaze_0/bsp/system.mss
TRACE::2025-03-27.14:46:57::SCWReader::No isolation master present  
TRACE::2025-03-27.14:47:05::SCWPlatform::DSA given D:/School/UIUC_ECE385_SP25/lab6_2/sdk/mb_usb_hdmi_top/tempdsa/mb_usb_hdmi_top.xsa
TRACE::2025-03-27.14:47:05::SCWPlatform::DSA absoulate path D:/School/UIUC_ECE385_SP25/lab6_2/sdk/mb_usb_hdmi_top/tempdsa/mb_usb_hdmi_top.xsa
TRACE::2025-03-27.14:47:05::SCWPlatform:: Platform location is D:/School/UIUC_ECE385_SP25/lab6_2/sdk/mb_usb_hdmi_top/tempdsa
TRACE::2025-03-27.14:47:05::SCWPlatform:: Platform Path D:/School/UIUC_ECE385_SP25/lab6_2/sdk/mb_usb_hdmi_top/tempdsa/mb_usb_hdmi_top.xsa
TRACE::2025-03-27.14:47:05::SCWPlatform:: Unique name xilinx:::0.0
TRACE::2025-03-27.14:47:05::SCWPlatform::Found the Hw Db part of the input DSA
TRACE::2025-03-27.14:47:05::SCWMssOS::Doing hw sync for the mss in domain: standalone_microblaze_0
TRACE::2025-03-27.14:47:05::SCWPlatform::Trying to open the hw design at D:/School/UIUC_ECE385_SP25/lab6_2/sdk/mb_usb_hdmi_top/hw/mb_usb_hdmi_top.xsa
TRACE::2025-03-27.14:47:05::SCWPlatform::DSA given D:/School/UIUC_ECE385_SP25/lab6_2/sdk/mb_usb_hdmi_top/hw/mb_usb_hdmi_top.xsa
TRACE::2025-03-27.14:47:05::SCWPlatform::DSA absoulate path D:/School/UIUC_ECE385_SP25/lab6_2/sdk/mb_usb_hdmi_top/hw/mb_usb_hdmi_top.xsa
TRACE::2025-03-27.14:47:05::SCWPlatform::DSA directory D:/School/UIUC_ECE385_SP25/lab6_2/sdk/mb_usb_hdmi_top/hw
TRACE::2025-03-27.14:47:05::SCWPlatform:: Platform Path D:/School/UIUC_ECE385_SP25/lab6_2/sdk/mb_usb_hdmi_top/hw/mb_usb_hdmi_top.xsa
TRACE::2025-03-27.14:47:05::SCWPlatform:: Unique name xilinx:::0.0
TRACE::2025-03-27.14:47:05::SCWPlatform::Trying to set the existing hwdb with name mb_usb_hdmi_top_17
TRACE::2025-03-27.14:47:05::SCWPlatform::Opened existing hwdb mb_usb_hdmi_top_17
TRACE::2025-03-27.14:47:05::SCWPlatform::Found the Hw Db part of the input DSA
TRACE::2025-03-27.14:47:05::SCWPlatform::Trying to open the hw design at D:/School/UIUC_ECE385_SP25/lab6_2/sdk/mb_usb_hdmi_top/hw/mb_usb_hdmi_top.xsa
TRACE::2025-03-27.14:47:05::SCWPlatform::DSA given D:/School/UIUC_ECE385_SP25/lab6_2/sdk/mb_usb_hdmi_top/hw/mb_usb_hdmi_top.xsa
TRACE::2025-03-27.14:47:05::SCWPlatform::DSA absoulate path D:/School/UIUC_ECE385_SP25/lab6_2/sdk/mb_usb_hdmi_top/hw/mb_usb_hdmi_top.xsa
TRACE::2025-03-27.14:47:05::SCWPlatform::DSA directory D:/School/UIUC_ECE385_SP25/lab6_2/sdk/mb_usb_hdmi_top/hw
TRACE::2025-03-27.14:47:05::SCWPlatform:: Platform Path D:/School/UIUC_ECE385_SP25/lab6_2/sdk/mb_usb_hdmi_top/hw/mb_usb_hdmi_top.xsa
TRACE::2025-03-27.14:47:05::SCWPlatform:: Unique name xilinx:::0.0
TRACE::2025-03-27.14:47:05::SCWPlatform::Trying to set the existing hwdb with name mb_usb_hdmi_top_17
TRACE::2025-03-27.14:47:05::SCWPlatform::Opened existing hwdb mb_usb_hdmi_top_17
TRACE::2025-03-27.14:47:05::SCWPlatform::Found the Hw Db part of the input DSA
TRACE::2025-03-27.14:47:05::SCWMssOS::Checking the sw design at  D:/School/UIUC_ECE385_SP25/lab6_2/sdk/mb_usb_hdmi_top/microblaze_0/standalone_microblaze_0/bsp/system.mss
TRACE::2025-03-27.14:47:05::SCWMssOS::DEBUG:  swdes dump  D:/School/UIUC_ECE385_SP25/lab6_2/sdk/mb_usb_hdmi_top/microblaze_0/standalone_microblaze_0/bsp/system.mss|system||

TRACE::2025-03-27.14:47:05::SCWMssOS::Sw design exists and opened at  D:/School/UIUC_ECE385_SP25/lab6_2/sdk/mb_usb_hdmi_top/microblaze_0/standalone_microblaze_0/bsp/system.mss
TRACE::2025-03-27.14:47:05::SCWPlatform::Trying to open the hw design at D:/School/UIUC_ECE385_SP25/lab6_2/sdk/mb_usb_hdmi_top/tempdsa/mb_usb_hdmi_top.xsa
TRACE::2025-03-27.14:47:05::SCWPlatform::DSA given D:/School/UIUC_ECE385_SP25/lab6_2/sdk/mb_usb_hdmi_top/tempdsa/mb_usb_hdmi_top.xsa
TRACE::2025-03-27.14:47:05::SCWPlatform::DSA absoulate path D:/School/UIUC_ECE385_SP25/lab6_2/sdk/mb_usb_hdmi_top/tempdsa/mb_usb_hdmi_top.xsa
TRACE::2025-03-27.14:47:05::SCWPlatform::DSA directory D:/School/UIUC_ECE385_SP25/lab6_2/sdk/mb_usb_hdmi_top/tempdsa
TRACE::2025-03-27.14:47:05::SCWPlatform:: Platform Path D:/School/UIUC_ECE385_SP25/lab6_2/sdk/mb_usb_hdmi_top/tempdsa/mb_usb_hdmi_top.xsa
TRACE::2025-03-27.14:47:05::SCWPlatform:: Unique name xilinx:::0.0
TRACE::2025-03-27.14:47:05::SCWPlatform::update - Opened existing hwdb mb_usb_hdmi_top_18
TRACE::2025-03-27.14:47:05::SCWPlatform::Found the Hw Db part of the input DSA
TRACE::2025-03-27.14:47:05::SCWMssOS::Saving the mss changes D:/School/UIUC_ECE385_SP25/lab6_2/sdk/mb_usb_hdmi_top/microblaze_0/standalone_microblaze_0/bsp/system.mss
TRACE::2025-03-27.14:47:05::SCWMssOS::Found a swdesign opened with the mssfile.
TRACE::2025-03-27.14:47:05::SCWMssOS::Completed writemss as part of save.
TRACE::2025-03-27.14:47:05::SCWMssOS::Commit changes completed.
TRACE::2025-03-27.14:47:05::SCWMssOS::Completed hw sync for the mss in domain: standalone_microblaze_0
TRACE::2025-03-27.14:47:05::SCWMssOS::Removing the swdes entry for  D:/School/UIUC_ECE385_SP25/lab6_2/sdk/mb_usb_hdmi_top/microblaze_0/standalone_microblaze_0/bsp/system.mss
TRACE::2025-03-27.14:47:05::SCWPlatform::Trying to open the hw design at D:/School/UIUC_ECE385_SP25/lab6_2/sdk/mb_usb_hdmi_top/hw/mb_usb_hdmi_top.xsa
TRACE::2025-03-27.14:47:05::SCWPlatform::DSA given D:/School/UIUC_ECE385_SP25/lab6_2/sdk/mb_usb_hdmi_top/hw/mb_usb_hdmi_top.xsa
TRACE::2025-03-27.14:47:05::SCWPlatform::DSA absoulate path D:/School/UIUC_ECE385_SP25/lab6_2/sdk/mb_usb_hdmi_top/hw/mb_usb_hdmi_top.xsa
TRACE::2025-03-27.14:47:05::SCWPlatform::DSA directory D:/School/UIUC_ECE385_SP25/lab6_2/sdk/mb_usb_hdmi_top/hw
TRACE::2025-03-27.14:47:05::SCWPlatform:: Platform Path D:/School/UIUC_ECE385_SP25/lab6_2/sdk/mb_usb_hdmi_top/hw/mb_usb_hdmi_top.xsa
TRACE::2025-03-27.14:47:05::SCWPlatform:: Unique name xilinx:::0.0
TRACE::2025-03-27.14:47:05::SCWPlatform::Do not have an existing db opened. 
TRACE::2025-03-27.14:47:05::SCWPlatform::Opened new HwDB with name mb_usb_hdmi_top_19
TRACE::2025-03-27.14:47:05::SCWMssOS::Saving the mss changes D:/School/UIUC_ECE385_SP25/lab6_2/sdk/mb_usb_hdmi_top/microblaze_0/standalone_microblaze_0/bsp/system.mss
TRACE::2025-03-27.14:47:05::SCWMssOS::Adding the swdes entry, mss present, able to open swdb D:/School/UIUC_ECE385_SP25/lab6_2/sdk/mb_usb_hdmi_top/microblaze_0/standalone_microblaze_0/bsp/system.mss with des name system
TRACE::2025-03-27.14:47:05::SCWMssOS::Writing the mss file completed D:/School/UIUC_ECE385_SP25/lab6_2/sdk/mb_usb_hdmi_top/microblaze_0/standalone_microblaze_0/bsp/system.mss
TRACE::2025-03-27.14:47:05::SCWMssOS::Commit changes completed.
TRACE::2025-03-27.14:47:05::SCWPlatform::Trying to open the hw design at D:/School/UIUC_ECE385_SP25/lab6_2/sdk/mb_usb_hdmi_top/hw/mb_usb_hdmi_top.xsa
TRACE::2025-03-27.14:47:05::SCWPlatform::DSA given D:/School/UIUC_ECE385_SP25/lab6_2/sdk/mb_usb_hdmi_top/hw/mb_usb_hdmi_top.xsa
TRACE::2025-03-27.14:47:05::SCWPlatform::DSA absoulate path D:/School/UIUC_ECE385_SP25/lab6_2/sdk/mb_usb_hdmi_top/hw/mb_usb_hdmi_top.xsa
TRACE::2025-03-27.14:47:05::SCWPlatform::DSA directory D:/School/UIUC_ECE385_SP25/lab6_2/sdk/mb_usb_hdmi_top/hw
TRACE::2025-03-27.14:47:05::SCWPlatform:: Platform Path D:/School/UIUC_ECE385_SP25/lab6_2/sdk/mb_usb_hdmi_top/hw/mb_usb_hdmi_top.xsa
TRACE::2025-03-27.14:47:05::SCWPlatform:: Unique name xilinx:::0.0
TRACE::2025-03-27.14:47:05::SCWPlatform::Trying to set the existing hwdb with name mb_usb_hdmi_top_19
TRACE::2025-03-27.14:47:05::SCWPlatform::Opened existing hwdb mb_usb_hdmi_top_19
TRACE::2025-03-27.14:47:05::SCWPlatform::Found the Hw Db part of the input DSA
TRACE::2025-03-27.14:47:05::SCWMssOS::Checking the sw design at  D:/School/UIUC_ECE385_SP25/lab6_2/sdk/mb_usb_hdmi_top/microblaze_0/standalone_microblaze_0/bsp/system.mss
TRACE::2025-03-27.14:47:05::SCWMssOS::DEBUG:  swdes dump  D:/School/UIUC_ECE385_SP25/lab6_2/sdk/mb_usb_hdmi_top/microblaze_0/standalone_microblaze_0/bsp/system.mss|system||

TRACE::2025-03-27.14:47:05::SCWMssOS::Sw design exists and opened at  D:/School/UIUC_ECE385_SP25/lab6_2/sdk/mb_usb_hdmi_top/microblaze_0/standalone_microblaze_0/bsp/system.mss
TRACE::2025-03-27.14:47:05::SCWWriter::formatted JSON is {
	"platformName":	"mb_usb_hdmi_top",
	"sprVersion":	"2.0",
	"mode":	"gui",
	"dsaType":	"Fixed",
	"platformDesc":	"mb_usb_hdmi_top",
	"platHandOff":	"D:/School/UIUC_ECE385_SP25/lab6_2/mb_usb_hdmi_top.xsa",
	"platIntHandOff":	"<platformDir>/hw/mb_usb_hdmi_top.xsa",
	"deviceType":	"FPGA",
	"platIsPrebuiltAutogen":	"false",
	"platIsNoBootBsp":	"false",
	"hasFsblMakeHasChanges":	"false",
	"hasPmufwMakeHasChanges":	"false",
	"platPreBuiltFlag":	false,
	"platformSamplesDir":	"",
	"platActiveSys":	"mb_usb_hdmi_top",
	"systems":	[{
			"systemName":	"mb_usb_hdmi_top",
			"systemDesc":	"mb_usb_hdmi_top",
			"sysIsBootAutoGen":	"true",
			"systemDispName":	"mb_usb_hdmi_top",
			"sysActiveDom":	"standalone_microblaze_0",
			"sysDefaultDom":	"standalone_microblaze_0",
			"domains":	[{
					"domainName":	"standalone_microblaze_0",
					"domainDispName":	"standalone_microblaze_0",
					"domainDesc":	"standalone_microblaze_0",
					"processors":	"microblaze_0",
					"os":	"standalone",
					"sdxOs":	"standalone",
					"debugEnable":	"False",
					"domRuntimes":	["cpp"],
					"swRepo":	"",
					"mssOsVer":	"8.0",
					"mssFile":	"",
					"md5Digest":	"304529987e879521ca977c68d163f3621",
					"compatibleApp":	"",
					"domType":	"mssDomain",
					"arch":	"32-bit",
					"appSettings":	{
						"appCompilerFlags":	"",
						"appLinkerFlags":	""
					},
					"addedLibs":	[],
					"libOptions":	{
						"libsContainingOptions":	[]
					},
					"prebuiltLibs":	{
						"prebuiltIncPath":	[],
						"prebuiltLibPath":	[]
					},
					"isolation":	{
					}
				}]
		}]
}
TRACE::2025-03-27.14:47:14::SCWMssOS::cleaning the bsp 
TRACE::2025-03-27.14:47:14::SCWMssOS::System Command Ran  D: & cd  D:/School/UIUC_ECE385_SP25/lab6_2/sdk/mb_usb_hdmi_top/microblaze_0/standalone_microblaze_0/bsp & make clean 
TRACE::2025-03-27.14:47:14::SCWMssOS::make -C microblaze_0/libsrc/bram_v4_8/src -s clean 

TRACE::2025-03-27.14:47:14::SCWMssOS::make -C microblaze_0/libsrc/cpu_v2_16/src -s clean 

TRACE::2025-03-27.14:47:14::SCWMssOS::make -C microblaze_0/libsrc/gpio_v4_9/src -s clean 

TRACE::2025-03-27.14:47:14::SCWMssOS::make -C microblaze_0/libsrc/intc_v3_15/src -s clean 

TRACE::2025-03-27.14:47:14::SCWMssOS::make -C microblaze_0/libsrc/spi_v4_9/src -s clean 

TRACE::2025-03-27.14:47:14::SCWMssOS::make -C microblaze_0/libsrc/standalone_v8_0/src -s clean 

TRACE::2025-03-27.14:47:14::SCWMssOS::make -C microblaze_0/libsrc/tmrctr_v4_9/src -s clean 

TRACE::2025-03-27.14:47:14::SCWMssOS::make -C microblaze_0/libsrc/uartlite_v3_7/src -s clean 

TRACE::2025-03-27.14:47:14::SCWMssOS::rm -f microblaze_0/lib/libxil.a

LOG::2025-03-27.14:47:16::SCWPlatform::Started generating the artifacts platform mb_usb_hdmi_top
TRACE::2025-03-27.14:47:16::SCWPlatform::Sanity checking of platform is completed
LOG::2025-03-27.14:47:16::SCWPlatform::Started generating the artifacts for system configuration mb_usb_hdmi_top
LOG::2025-03-27.14:47:16::SCWSystem::Checking the domain standalone_microblaze_0
LOG::2025-03-27.14:47:16::SCWSystem::Not a boot domain 
LOG::2025-03-27.14:47:16::SCWSystem::Started Processing the domain standalone_microblaze_0
TRACE::2025-03-27.14:47:16::SCWDomain::Generating domain artifcats
TRACE::2025-03-27.14:47:16::SCWMssOS::Generating standalone artifcats
TRACE::2025-03-27.14:47:16::SCWMssOS:: Copying the user libraries. 
TRACE::2025-03-27.14:47:16::SCWPlatform::Trying to open the hw design at D:/School/UIUC_ECE385_SP25/lab6_2/sdk/mb_usb_hdmi_top/hw/mb_usb_hdmi_top.xsa
TRACE::2025-03-27.14:47:16::SCWPlatform::DSA given D:/School/UIUC_ECE385_SP25/lab6_2/sdk/mb_usb_hdmi_top/hw/mb_usb_hdmi_top.xsa
TRACE::2025-03-27.14:47:16::SCWPlatform::DSA absoulate path D:/School/UIUC_ECE385_SP25/lab6_2/sdk/mb_usb_hdmi_top/hw/mb_usb_hdmi_top.xsa
TRACE::2025-03-27.14:47:16::SCWPlatform::DSA directory D:/School/UIUC_ECE385_SP25/lab6_2/sdk/mb_usb_hdmi_top/hw
TRACE::2025-03-27.14:47:16::SCWPlatform:: Platform Path D:/School/UIUC_ECE385_SP25/lab6_2/sdk/mb_usb_hdmi_top/hw/mb_usb_hdmi_top.xsa
TRACE::2025-03-27.14:47:16::SCWPlatform:: Unique name xilinx:::0.0
TRACE::2025-03-27.14:47:16::SCWPlatform::Trying to set the existing hwdb with name mb_usb_hdmi_top_19
TRACE::2025-03-27.14:47:16::SCWPlatform::Opened existing hwdb mb_usb_hdmi_top_19
TRACE::2025-03-27.14:47:16::SCWPlatform::Found the Hw Db part of the input DSA
TRACE::2025-03-27.14:47:16::SCWMssOS::Checking the sw design at  D:/School/UIUC_ECE385_SP25/lab6_2/sdk/mb_usb_hdmi_top/microblaze_0/standalone_microblaze_0/bsp/system.mss
TRACE::2025-03-27.14:47:16::SCWMssOS::DEBUG:  swdes dump  D:/School/UIUC_ECE385_SP25/lab6_2/sdk/mb_usb_hdmi_top/microblaze_0/standalone_microblaze_0/bsp/system.mss|system||

TRACE::2025-03-27.14:47:16::SCWMssOS::Sw design exists and opened at  D:/School/UIUC_ECE385_SP25/lab6_2/sdk/mb_usb_hdmi_top/microblaze_0/standalone_microblaze_0/bsp/system.mss
TRACE::2025-03-27.14:47:16::SCWMssOS::Completed writing the mss file at D:/School/UIUC_ECE385_SP25/lab6_2/sdk/mb_usb_hdmi_top/microblaze_0/standalone_microblaze_0/bsp
TRACE::2025-03-27.14:47:16::SCWMssOS::Mss edits present, copying mssfile into export location D:/School/UIUC_ECE385_SP25/lab6_2/sdk/mb_usb_hdmi_top/microblaze_0/standalone_microblaze_0/bsp/system.mss
TRACE::2025-03-27.14:47:16::SCWMssOS::bsp generated is stale removing and regenerating. 
TRACE::2025-03-27.14:47:17::SCWMssOS::doing bsp build ... 
TRACE::2025-03-27.14:47:17::SCWMssOS::System Command Ran  D: & cd  D:/School/UIUC_ECE385_SP25/lab6_2/sdk/mb_usb_hdmi_top/microblaze_0/standalone_microblaze_0/bsp & make 
TRACE::2025-03-27.14:47:17::SCWMssOS::make --no-print-directory seq_libs

TRACE::2025-03-27.14:47:17::SCWMssOS::'Finished building libraries sequentially.'

TRACE::2025-03-27.14:47:17::SCWMssOS::make -j 10 --no-print-directory par_libs

TRACE::2025-03-27.14:47:17::SCWMssOS::"Running Make include in microblaze_0/libsrc/bram_v4_8/src"

TRACE::2025-03-27.14:47:17::SCWMssOS::make -C microblaze_0/libsrc/bram_v4_8/src -s include  "SHELL=CMD" "COMPILER=mb-gcc" "ASSEMBLER=mb-as" "ARCHIVER=mb-ar" "COMPILE
TRACE::2025-03-27.14:47:17::SCWMssOS::R_FLAGS=  -O2 -c -mcpu=v11.0 -mlittle-endian -mno-xl-reorder -mno-xl-soft-mul -mxl-barrel-shift -mxl-pattern-compare" "EXTRA_CO
TRACE::2025-03-27.14:47:17::SCWMssOS::MPILER_FLAGS=-g -ffunction-sections -fdata-sections -Wall -Wextra -fno-tree-loop-distribute-patterns"

TRACE::2025-03-27.14:47:17::SCWMssOS::"Running Make include in microblaze_0/libsrc/cpu_v2_16/src"

TRACE::2025-03-27.14:47:17::SCWMssOS::make -C microblaze_0/libsrc/cpu_v2_16/src -s include  "SHELL=CMD" "COMPILER=mb-gcc" "ASSEMBLER=mb-as" "ARCHIVER=mb-ar" "COMPILE
TRACE::2025-03-27.14:47:17::SCWMssOS::R_FLAGS=  -O2 -c -mcpu=v11.0 -mlittle-endian -mno-xl-reorder -mno-xl-soft-mul -mxl-barrel-shift -mxl-pattern-compare" "EXTRA_CO
TRACE::2025-03-27.14:47:17::SCWMssOS::MPILER_FLAGS=-g -ffunction-sections -fdata-sections -Wall -Wextra -fno-tree-loop-distribute-patterns"

TRACE::2025-03-27.14:47:17::SCWMssOS::"Running Make include in microblaze_0/libsrc/gpio_v4_9/src"

TRACE::2025-03-27.14:47:17::SCWMssOS::make -C microblaze_0/libsrc/gpio_v4_9/src -s include  "SHELL=CMD" "COMPILER=mb-gcc" "ASSEMBLER=mb-as" "ARCHIVER=mb-ar" "COMPILE
TRACE::2025-03-27.14:47:17::SCWMssOS::R_FLAGS=  -O2 -c -mcpu=v11.0 -mlittle-endian -mno-xl-reorder -mno-xl-soft-mul -mxl-barrel-shift -mxl-pattern-compare" "EXTRA_CO
TRACE::2025-03-27.14:47:17::SCWMssOS::MPILER_FLAGS=-g -ffunction-sections -fdata-sections -Wall -Wextra -fno-tree-loop-distribute-patterns"

TRACE::2025-03-27.14:47:17::SCWMssOS::"Running Make include in microblaze_0/libsrc/intc_v3_15/src"

TRACE::2025-03-27.14:47:17::SCWMssOS::make -C microblaze_0/libsrc/intc_v3_15/src -s include  "SHELL=CMD" "COMPILER=mb-gcc" "ASSEMBLER=mb-as" "ARCHIVER=mb-ar" "COMPIL
TRACE::2025-03-27.14:47:17::SCWMssOS::ER_FLAGS=  -O2 -c -mcpu=v11.0 -mlittle-endian -mno-xl-reorder -mno-xl-soft-mul -mxl-barrel-shift -mxl-pattern-compare" "EXTRA_C
TRACE::2025-03-27.14:47:17::SCWMssOS::OMPILER_FLAGS=-g -ffunction-sections -fdata-sections -Wall -Wextra -fno-tree-loop-distribute-patterns"

TRACE::2025-03-27.14:47:17::SCWMssOS::"Running Make include in microblaze_0/libsrc/spi_v4_9/src"

TRACE::2025-03-27.14:47:17::SCWMssOS::make -C microblaze_0/libsrc/spi_v4_9/src -s include  "SHELL=CMD" "COMPILER=mb-gcc" "ASSEMBLER=mb-as" "ARCHIVER=mb-ar" "COMPILER
TRACE::2025-03-27.14:47:17::SCWMssOS::_FLAGS=  -O2 -c -mcpu=v11.0 -mlittle-endian -mno-xl-reorder -mno-xl-soft-mul -mxl-barrel-shift -mxl-pattern-compare" "EXTRA_COM
TRACE::2025-03-27.14:47:17::SCWMssOS::PILER_FLAGS=-g -ffunction-sections -fdata-sections -Wall -Wextra -fno-tree-loop-distribute-patterns"

TRACE::2025-03-27.14:47:17::SCWMssOS::"Running Make include in microblaze_0/libsrc/standalone_v8_0/src"

TRACE::2025-03-27.14:47:17::SCWMssOS::make -C microblaze_0/libsrc/standalone_v8_0/src -s include  "SHELL=CMD" "COMPILER=mb-gcc" "ASSEMBLER=mb-as" "ARCHIVER=mb-ar" "C
TRACE::2025-03-27.14:47:17::SCWMssOS::OMPILER_FLAGS=  -O2 -c -mcpu=v11.0 -mlittle-endian -mno-xl-reorder -mno-xl-soft-mul -mxl-barrel-shift -mxl-pattern-compare" "EX
TRACE::2025-03-27.14:47:17::SCWMssOS::TRA_COMPILER_FLAGS=-g -ffunction-sections -fdata-sections -Wall -Wextra -fno-tree-loop-distribute-patterns"

TRACE::2025-03-27.14:47:17::SCWMssOS::"Running Make include in microblaze_0/libsrc/tmrctr_v4_9/src"

TRACE::2025-03-27.14:47:17::SCWMssOS::make -C microblaze_0/libsrc/tmrctr_v4_9/src -s include  "SHELL=CMD" "COMPILER=mb-gcc" "ASSEMBLER=mb-as" "ARCHIVER=mb-ar" "COMPI
TRACE::2025-03-27.14:47:17::SCWMssOS::LER_FLAGS=  -O2 -c -mcpu=v11.0 -mlittle-endian -mno-xl-reorder -mno-xl-soft-mul -mxl-barrel-shift -mxl-pattern-compare" "EXTRA_
TRACE::2025-03-27.14:47:17::SCWMssOS::COMPILER_FLAGS=-g -ffunction-sections -fdata-sections -Wall -Wextra -fno-tree-loop-distribute-patterns"

TRACE::2025-03-27.14:47:17::SCWMssOS::"Running Make include in microblaze_0/libsrc/uartlite_v3_7/src"

TRACE::2025-03-27.14:47:17::SCWMssOS::make -C microblaze_0/libsrc/uartlite_v3_7/src -s include  "SHELL=CMD" "COMPILER=mb-gcc" "ASSEMBLER=mb-as" "ARCHIVER=mb-ar" "COM
TRACE::2025-03-27.14:47:17::SCWMssOS::PILER_FLAGS=  -O2 -c -mcpu=v11.0 -mlittle-endian -mno-xl-reorder -mno-xl-soft-mul -mxl-barrel-shift -mxl-pattern-compare" "EXTR
TRACE::2025-03-27.14:47:17::SCWMssOS::A_COMPILER_FLAGS=-g -ffunction-sections -fdata-sections -Wall -Wextra -fno-tree-loop-distribute-patterns"

TRACE::2025-03-27.14:47:17::SCWMssOS::"Running Make libs in microblaze_0/libsrc/bram_v4_8/src"

TRACE::2025-03-27.14:47:17::SCWMssOS::make -C microblaze_0/libsrc/bram_v4_8/src -s libs  "SHELL=CMD" "COMPILER=mb-gcc" "ASSEMBLER=mb-as" "ARCHIVER=mb-ar" "COMPILER_F
TRACE::2025-03-27.14:47:17::SCWMssOS::LAGS=  -O2 -c -mcpu=v11.0 -mlittle-endian -mno-xl-reorder -mno-xl-soft-mul -mxl-barrel-shift -mxl-pattern-compare" "EXTRA_COMPI
TRACE::2025-03-27.14:47:17::SCWMssOS::LER_FLAGS=-g -ffunction-sections -fdata-sections -Wall -Wextra -fno-tree-loop-distribute-patterns"

TRACE::2025-03-27.14:47:17::SCWMssOS::"Running Make libs in microblaze_0/libsrc/cpu_v2_16/src"

TRACE::2025-03-27.14:47:17::SCWMssOS::make -C microblaze_0/libsrc/cpu_v2_16/src -s libs  "SHELL=CMD" "COMPILER=mb-gcc" "ASSEMBLER=mb-as" "ARCHIVER=mb-ar" "COMPILER_F
TRACE::2025-03-27.14:47:17::SCWMssOS::LAGS=  -O2 -c -mcpu=v11.0 -mlittle-endian -mno-xl-reorder -mno-xl-soft-mul -mxl-barrel-shift -mxl-pattern-compare" "EXTRA_COMPI
TRACE::2025-03-27.14:47:17::SCWMssOS::LER_FLAGS=-g -ffunction-sections -fdata-sections -Wall -Wextra -fno-tree-loop-distribute-patterns"

TRACE::2025-03-27.14:47:17::SCWMssOS::"Running Make libs in microblaze_0/libsrc/gpio_v4_9/src"

TRACE::2025-03-27.14:47:17::SCWMssOS::make -C microblaze_0/libsrc/gpio_v4_9/src -s libs  "SHELL=CMD" "COMPILER=mb-gcc" "ASSEMBLER=mb-as" "ARCHIVER=mb-ar" "COMPILER_F
TRACE::2025-03-27.14:47:17::SCWMssOS::LAGS=  -O2 -c -mcpu=v11.0 -mlittle-endian -mno-xl-reorder -mno-xl-soft-mul -mxl-barrel-shift -mxl-pattern-compare" "EXTRA_COMPI
TRACE::2025-03-27.14:47:17::SCWMssOS::LER_FLAGS=-g -ffunction-sections -fdata-sections -Wall -Wextra -fno-tree-loop-distribute-patterns"

TRACE::2025-03-27.14:47:17::SCWMssOS::"Running Make libs in microblaze_0/libsrc/intc_v3_15/src"

TRACE::2025-03-27.14:47:17::SCWMssOS::make -C microblaze_0/libsrc/intc_v3_15/src -s libs  "SHELL=CMD" "COMPILER=mb-gcc" "ASSEMBLER=mb-as" "ARCHIVER=mb-ar" "COMPILER_
TRACE::2025-03-27.14:47:17::SCWMssOS::FLAGS=  -O2 -c -mcpu=v11.0 -mlittle-endian -mno-xl-reorder -mno-xl-soft-mul -mxl-barrel-shift -mxl-pattern-compare" "EXTRA_COMP
TRACE::2025-03-27.14:47:17::SCWMssOS::ILER_FLAGS=-g -ffunction-sections -fdata-sections -Wall -Wextra -fno-tree-loop-distribute-patterns"

TRACE::2025-03-27.14:47:17::SCWMssOS::"Running Make libs in microblaze_0/libsrc/spi_v4_9/src"

TRACE::2025-03-27.14:47:17::SCWMssOS::make -C microblaze_0/libsrc/spi_v4_9/src -s libs  "SHELL=CMD" "COMPILER=mb-gcc" "ASSEMBLER=mb-as" "ARCHIVER=mb-ar" "COMPILER_FL
TRACE::2025-03-27.14:47:17::SCWMssOS::AGS=  -O2 -c -mcpu=v11.0 -mlittle-endian -mno-xl-reorder -mno-xl-soft-mul -mxl-barrel-shift -mxl-pattern-compare" "EXTRA_COMPIL
TRACE::2025-03-27.14:47:17::SCWMssOS::ER_FLAGS=-g -ffunction-sections -fdata-sections -Wall -Wextra -fno-tree-loop-distribute-patterns"

TRACE::2025-03-27.14:47:17::SCWMssOS::"Running Make libs in microblaze_0/libsrc/standalone_v8_0/src"

TRACE::2025-03-27.14:47:17::SCWMssOS::make -C microblaze_0/libsrc/standalone_v8_0/src -s libs  "SHELL=CMD" "COMPILER=mb-gcc" "ASSEMBLER=mb-as" "ARCHIVER=mb-ar" "COMP
TRACE::2025-03-27.14:47:17::SCWMssOS::ILER_FLAGS=  -O2 -c -mcpu=v11.0 -mlittle-endian -mno-xl-reorder -mno-xl-soft-mul -mxl-barrel-shift -mxl-pattern-compare" "EXTRA
TRACE::2025-03-27.14:47:17::SCWMssOS::_COMPILER_FLAGS=-g -ffunction-sections -fdata-sections -Wall -Wextra -fno-tree-loop-distribute-patterns"

TRACE::2025-03-27.14:47:17::SCWMssOS::"Running Make libs in microblaze_0/libsrc/tmrctr_v4_9/src"

TRACE::2025-03-27.14:47:17::SCWMssOS::make -C microblaze_0/libsrc/tmrctr_v4_9/src -s libs  "SHELL=CMD" "COMPILER=mb-gcc" "ASSEMBLER=mb-as" "ARCHIVER=mb-ar" "COMPILER
TRACE::2025-03-27.14:47:17::SCWMssOS::_FLAGS=  -O2 -c -mcpu=v11.0 -mlittle-endian -mno-xl-reorder -mno-xl-soft-mul -mxl-barrel-shift -mxl-pattern-compare" "EXTRA_COM
TRACE::2025-03-27.14:47:17::SCWMssOS::PILER_FLAGS=-g -ffunction-sections -fdata-sections -Wall -Wextra -fno-tree-loop-distribute-patterns"

TRACE::2025-03-27.14:47:18::SCWMssOS::"Running Make libs in microblaze_0/libsrc/uartlite_v3_7/src"

TRACE::2025-03-27.14:47:18::SCWMssOS::make -C microblaze_0/libsrc/uartlite_v3_7/src -s libs  "SHELL=CMD" "COMPILER=mb-gcc" "ASSEMBLER=mb-as" "ARCHIVER=mb-ar" "COMPIL
TRACE::2025-03-27.14:47:18::SCWMssOS::ER_FLAGS=  -O2 -c -mcpu=v11.0 -mlittle-endian -mno-xl-reorder -mno-xl-soft-mul -mxl-barrel-shift -mxl-pattern-compare" "EXTRA_C
TRACE::2025-03-27.14:47:18::SCWMssOS::OMPILER_FLAGS=-g -ffunction-sections -fdata-sections -Wall -Wextra -fno-tree-loop-distribute-patterns"

TRACE::2025-03-27.14:47:18::SCWMssOS::"DEBUG NON_LTO_OBJECTS is ../../../lib/microblaze_interrupt_handler.o"

TRACE::2025-03-27.14:47:18::SCWMssOS::'Finished building libraries parallelly.'

TRACE::2025-03-27.14:47:18::SCWMssOS::make --no-print-directory archive

TRACE::2025-03-27.14:47:18::SCWMssOS::mb-ar -r  microblaze_0/lib/libxil.a microblaze_0/lib/_exit.o microblaze_0/lib/errno.o microblaze_0/lib/fcntl.o microblaze_0/lib
TRACE::2025-03-27.14:47:18::SCWMssOS::/hw_exception_handler.o microblaze_0/lib/inbyte.o microblaze_0/lib/microblaze_disable_dcache.o microblaze_0/lib/microblaze_disa
TRACE::2025-03-27.14:47:18::SCWMssOS::ble_exceptions.o microblaze_0/lib/microblaze_disable_icache.o microblaze_0/lib/microblaze_disable_interrupts.o microblaze_0/lib
TRACE::2025-03-27.14:47:18::SCWMssOS::/microblaze_enable_dcache.o microblaze_0/lib/microblaze_enable_exceptions.o microblaze_0/lib/microblaze_enable_icache.o microbl
TRACE::2025-03-27.14:47:18::SCWMssOS::aze_0/lib/microblaze_enable_interrupts.o microblaze_0/lib/microblaze_exception_handler.o microblaze_0/lib/microblaze_flush_cach
TRACE::2025-03-27.14:47:18::SCWMssOS::e_ext.o microblaze_0/lib/microblaze_flush_cache_ext_range.o microblaze_0/lib/microblaze_flush_dcache.o microblaze_0/lib/microbl
TRACE::2025-03-27.14:47:18::SCWMssOS::aze_flush_dcache_range.o microblaze_0/lib/microblaze_init_dcache_range.o microblaze_0/lib/microblaze_init_icache_range.o microb
TRACE::2025-03-27.14:47:18::SCWMssOS::laze_0/lib/microblaze_interrupt_handler.o microblaze_0/lib/microblaze_interrupts_g.o microblaze_0/lib/microblaze_invalidate_cac
TRACE::2025-03-27.14:47:18::SCWMssOS::he_ext.o microblaze_0/lib/microblaze_invalidate_cache_ext_range.o microblaze_0/lib/microblaze_invalidate_dcache.o microblaze_0/
TRACE::2025-03-27.14:47:18::SCWMssOS::lib/microblaze_invalidate_dcache_range.o microblaze_0/lib/microblaze_invalidate_icache.o microblaze_0/lib/microblaze_invalidate
TRACE::2025-03-27.14:47:18::SCWMssOS::_icache_range.o microblaze_0/lib/microblaze_scrub.o microblaze_0/lib/microblaze_selftest.o microblaze_0/lib/microblaze_sleep.o 
TRACE::2025-03-27.14:47:18::SCWMssOS::microblaze_0/lib/microblaze_update_dcache.o microblaze_0/lib/microblaze_update_icache.o microblaze_0/lib/outbyte.o microblaze_0
TRACE::2025-03-27.14:47:18::SCWMssOS::/lib/print.o microblaze_0/lib/pvr.o microblaze_0/lib/xbram.o microblaze_0/lib/xbram_g.o microblaze_0/lib/xbram_intr.o microblaz
TRACE::2025-03-27.14:47:18::SCWMssOS::e_0/lib/xbram_selftest.o microblaze_0/lib/xbram_sinit.o microblaze_0/lib/xgpio.o microblaze_0/lib/xgpio_extra.o microblaze_0/li
TRACE::2025-03-27.14:47:18::SCWMssOS::b/xgpio_g.o microblaze_0/lib/xgpio_intr.o microblaze_0/lib/xgpio_selftest.o microblaze_0/lib/xgpio_sinit.o microblaze_0/lib/xil
TRACE::2025-03-27.14:47:18::SCWMssOS::_assert.o microblaze_0/lib/xil_cache.o microblaze_0/lib/xil_clocking.o microblaze_0/lib/xil_exception.o microblaze_0/lib/xil_me
TRACE::2025-03-27.14:47:18::SCWMssOS::m.o microblaze_0/lib/xil_misc_psreset_api.o microblaze_0/lib/xil_printf.o microblaze_0/lib/xil_sleepcommon.o microblaze_0/lib/x
TRACE::2025-03-27.14:47:18::SCWMssOS::il_testcache.o microblaze_0/lib/xil_testio.o microblaze_0/lib/xil_testmem.o microblaze_0/lib/xil_util.o microblaze_0/lib/xintc.
TRACE::2025-03-27.14:47:18::SCWMssOS::o microblaze_0/lib/xintc_g.o microblaze_0/lib/xintc_intr.o microblaze_0/lib/xintc_l.o microblaze_0/lib/xintc_options.o microbla
TRACE::2025-03-27.14:47:18::SCWMssOS::ze_0/lib/xintc_selftest.o microblaze_0/lib/xinterrupt_wrap.o microblaze_0/lib/xio.o microblaze_0/lib/xplatform_info.o microblaz
TRACE::2025-03-27.14:47:18::SCWMssOS::e_0/lib/xspi.o microblaze_0/lib/xspi_g.o microblaze_0/lib/xspi_options.o microblaze_0/lib/xspi_selftest.o microblaze_0/lib/xspi
TRACE::2025-03-27.14:47:18::SCWMssOS::_sinit.o microblaze_0/lib/xspi_stats.o microblaze_0/lib/xtmrctr.o microblaze_0/lib/xtmrctr_g.o microblaze_0/lib/xtmrctr_intr.o 
TRACE::2025-03-27.14:47:18::SCWMssOS::microblaze_0/lib/xtmrctr_l.o microblaze_0/lib/xtmrctr_options.o microblaze_0/lib/xtmrctr_selftest.o microblaze_0/lib/xtmrctr_si
TRACE::2025-03-27.14:47:18::SCWMssOS::nit.o microblaze_0/lib/xtmrctr_stats.o microblaze_0/lib/xuartlite.o microblaze_0/lib/xuartlite_g.o microblaze_0/lib/xuartlite_i
TRACE::2025-03-27.14:47:18::SCWMssOS::ntr.o microblaze_0/lib/xuartlite_l.o microblaze_0/lib/xuartlite_selftest.o microblaze_0/lib/xuartlite_sinit.o microblaze_0/lib/
TRACE::2025-03-27.14:47:18::SCWMssOS::xuartlite_stats.o

TRACE::2025-03-27.14:47:18::SCWMssOS::'Finished building libraries'

TRACE::2025-03-27.14:47:19::SCWMssOS:: Checking if to create the Supporting Applications
TRACE::2025-03-27.14:47:19::SCWMssOS:: No Linux domain exists, trying to generate FSBL 
LOG::2025-03-27.14:47:19::SCWSystem::Completed Processing the domain standalone_microblaze_0
LOG::2025-03-27.14:47:19::SCWSystem::Completed Processing the sysconfig mb_usb_hdmi_top
LOG::2025-03-27.14:47:19::SCWPlatform::Completed generating the artifacts for system configuration mb_usb_hdmi_top
TRACE::2025-03-27.14:47:19::SCWPlatform::Started preparing the platform 
TRACE::2025-03-27.14:47:19::SCWSystem::Writing the bif file for system config mb_usb_hdmi_top
TRACE::2025-03-27.14:47:19::SCWSystem::dir created 
TRACE::2025-03-27.14:47:19::SCWSystem::Writing the bif 
TRACE::2025-03-27.14:47:19::SCWPlatform::Started writing the spfm file 
TRACE::2025-03-27.14:47:19::SCWPlatform::Started writing the xpfm file 
TRACE::2025-03-27.14:47:19::SCWPlatform::Completed generating the platform
TRACE::2025-03-27.14:47:19::SCWMssOS::Saving the mss changes D:/School/UIUC_ECE385_SP25/lab6_2/sdk/mb_usb_hdmi_top/microblaze_0/standalone_microblaze_0/bsp/system.mss
TRACE::2025-03-27.14:47:19::SCWMssOS::Adding the swdes entry, mss present, able to open swdb D:/School/UIUC_ECE385_SP25/lab6_2/sdk/mb_usb_hdmi_top/microblaze_0/standalone_microblaze_0/bsp/system.mss with des name system
TRACE::2025-03-27.14:47:19::SCWMssOS::Writing the mss file completed D:/School/UIUC_ECE385_SP25/lab6_2/sdk/mb_usb_hdmi_top/microblaze_0/standalone_microblaze_0/bsp/system.mss
TRACE::2025-03-27.14:47:19::SCWMssOS::Commit changes completed.
TRACE::2025-03-27.14:47:19::SCWPlatform::Trying to open the hw design at D:/School/UIUC_ECE385_SP25/lab6_2/sdk/mb_usb_hdmi_top/hw/mb_usb_hdmi_top.xsa
TRACE::2025-03-27.14:47:19::SCWPlatform::DSA given D:/School/UIUC_ECE385_SP25/lab6_2/sdk/mb_usb_hdmi_top/hw/mb_usb_hdmi_top.xsa
TRACE::2025-03-27.14:47:19::SCWPlatform::DSA absoulate path D:/School/UIUC_ECE385_SP25/lab6_2/sdk/mb_usb_hdmi_top/hw/mb_usb_hdmi_top.xsa
TRACE::2025-03-27.14:47:19::SCWPlatform::DSA directory D:/School/UIUC_ECE385_SP25/lab6_2/sdk/mb_usb_hdmi_top/hw
TRACE::2025-03-27.14:47:19::SCWPlatform:: Platform Path D:/School/UIUC_ECE385_SP25/lab6_2/sdk/mb_usb_hdmi_top/hw/mb_usb_hdmi_top.xsa
TRACE::2025-03-27.14:47:19::SCWPlatform:: Unique name xilinx:::0.0
TRACE::2025-03-27.14:47:19::SCWPlatform::Trying to set the existing hwdb with name mb_usb_hdmi_top_19
TRACE::2025-03-27.14:47:19::SCWPlatform::Opened existing hwdb mb_usb_hdmi_top_19
TRACE::2025-03-27.14:47:19::SCWPlatform::Found the Hw Db part of the input DSA
TRACE::2025-03-27.14:47:19::SCWMssOS::Checking the sw design at  D:/School/UIUC_ECE385_SP25/lab6_2/sdk/mb_usb_hdmi_top/microblaze_0/standalone_microblaze_0/bsp/system.mss
TRACE::2025-03-27.14:47:19::SCWMssOS::DEBUG:  swdes dump  D:/School/UIUC_ECE385_SP25/lab6_2/sdk/mb_usb_hdmi_top/microblaze_0/standalone_microblaze_0/bsp/system.mss|system||

TRACE::2025-03-27.14:47:19::SCWMssOS::Sw design exists and opened at  D:/School/UIUC_ECE385_SP25/lab6_2/sdk/mb_usb_hdmi_top/microblaze_0/standalone_microblaze_0/bsp/system.mss
TRACE::2025-03-27.14:47:19::SCWWriter::formatted JSON is {
	"platformName":	"mb_usb_hdmi_top",
	"sprVersion":	"2.0",
	"mode":	"gui",
	"dsaType":	"Fixed",
	"platformDesc":	"mb_usb_hdmi_top",
	"platHandOff":	"D:/School/UIUC_ECE385_SP25/lab6_2/mb_usb_hdmi_top.xsa",
	"platIntHandOff":	"<platformDir>/hw/mb_usb_hdmi_top.xsa",
	"deviceType":	"FPGA",
	"platIsPrebuiltAutogen":	"false",
	"platIsNoBootBsp":	"false",
	"hasFsblMakeHasChanges":	"false",
	"hasPmufwMakeHasChanges":	"false",
	"platPreBuiltFlag":	false,
	"platformSamplesDir":	"",
	"platActiveSys":	"mb_usb_hdmi_top",
	"systems":	[{
			"systemName":	"mb_usb_hdmi_top",
			"systemDesc":	"mb_usb_hdmi_top",
			"sysIsBootAutoGen":	"true",
			"systemDispName":	"mb_usb_hdmi_top",
			"sysActiveDom":	"standalone_microblaze_0",
			"sysDefaultDom":	"standalone_microblaze_0",
			"domains":	[{
					"domainName":	"standalone_microblaze_0",
					"domainDispName":	"standalone_microblaze_0",
					"domainDesc":	"standalone_microblaze_0",
					"processors":	"microblaze_0",
					"os":	"standalone",
					"sdxOs":	"standalone",
					"debugEnable":	"False",
					"domRuntimes":	["cpp"],
					"swRepo":	"",
					"mssOsVer":	"8.0",
					"mssFile":	"",
					"md5Digest":	"304529987e879521ca977c68d163f362",
					"compatibleApp":	"",
					"domType":	"mssDomain",
					"arch":	"32-bit",
					"appSettings":	{
						"appCompilerFlags":	"",
						"appLinkerFlags":	""
					},
					"addedLibs":	[],
					"libOptions":	{
						"libsContainingOptions":	[]
					},
					"prebuiltLibs":	{
						"prebuiltIncPath":	[],
						"prebuiltLibPath":	[]
					},
					"isolation":	{
					}
				}]
		}]
}
KEYINFO::2025-03-27.14:47:19::SCWPlatform::updated the xpfm file.
TRACE::2025-03-27.14:47:19::SCWPlatform::Trying to open the hw design at D:/School/UIUC_ECE385_SP25/lab6_2/sdk/mb_usb_hdmi_top/hw/mb_usb_hdmi_top.xsa
TRACE::2025-03-27.14:47:19::SCWPlatform::DSA given D:/School/UIUC_ECE385_SP25/lab6_2/sdk/mb_usb_hdmi_top/hw/mb_usb_hdmi_top.xsa
TRACE::2025-03-27.14:47:19::SCWPlatform::DSA absoulate path D:/School/UIUC_ECE385_SP25/lab6_2/sdk/mb_usb_hdmi_top/hw/mb_usb_hdmi_top.xsa
TRACE::2025-03-27.14:47:19::SCWPlatform::DSA directory D:/School/UIUC_ECE385_SP25/lab6_2/sdk/mb_usb_hdmi_top/hw
TRACE::2025-03-27.14:47:19::SCWPlatform:: Platform Path D:/School/UIUC_ECE385_SP25/lab6_2/sdk/mb_usb_hdmi_top/hw/mb_usb_hdmi_top.xsa
TRACE::2025-03-27.14:47:19::SCWPlatform:: Unique name xilinx:::0.0
TRACE::2025-03-27.14:47:19::SCWPlatform::Trying to set the existing hwdb with name mb_usb_hdmi_top_19
TRACE::2025-03-27.14:47:19::SCWPlatform::Opened existing hwdb mb_usb_hdmi_top_19
TRACE::2025-03-27.14:47:19::SCWPlatform::Found the Hw Db part of the input DSA
TRACE::2025-03-27.14:47:19::SCWMssOS::Checking the sw design at  D:/School/UIUC_ECE385_SP25/lab6_2/sdk/mb_usb_hdmi_top/microblaze_0/standalone_microblaze_0/bsp/system.mss
TRACE::2025-03-27.14:47:19::SCWMssOS::DEBUG:  swdes dump  D:/School/UIUC_ECE385_SP25/lab6_2/sdk/mb_usb_hdmi_top/microblaze_0/standalone_microblaze_0/bsp/system.mss|system||

TRACE::2025-03-27.14:47:19::SCWMssOS::Sw design exists and opened at  D:/School/UIUC_ECE385_SP25/lab6_2/sdk/mb_usb_hdmi_top/microblaze_0/standalone_microblaze_0/bsp/system.mss
