Copyright 1986-2022 Xilinx, Inc. All Rights Reserved.
------------------------------------------------------------------------------------------------------------------------------------------------------------------------------------------------------------------
| Tool Version : Vivado v.2022.2 (win64) Build 3671981 Fri Oct 14 05:00:03 MDT 2022
| Date         : Fri May  2 03:00:25 2025
| Host         : Server running 64-bit major release  (build 9200)
| Command      : report_timing_summary -max_paths 10 -report_unconstrained -file gpu_top_timing_summary_routed.rpt -pb gpu_top_timing_summary_routed.pb -rpx gpu_top_timing_summary_routed.rpx -warn_on_violation
| Design       : gpu_top
| Device       : 7s50-csga324
| Speed File   : -1  PRODUCTION 1.23 2018-06-13
------------------------------------------------------------------------------------------------------------------------------------------------------------------------------------------------------------------

Timing Summary Report

------------------------------------------------------------------------------------------------
| Timer Settings
| --------------
------------------------------------------------------------------------------------------------

  Enable Multi Corner Analysis               :  Yes
  Enable Pessimism Removal                   :  Yes
  Pessimism Removal Resolution               :  Nearest Common Node
  Enable Input Delay Default Clock           :  No
  Enable Preset / Clear Arcs                 :  No
  Disable Flight Delays                      :  No
  Ignore I/O Paths                           :  No
  Timing Early Launch at Borrowing Latches   :  No
  Borrow Time for Max Delay Exceptions       :  Yes
  Merge Timing Exceptions                    :  Yes

  Corner  Analyze    Analyze    
  Name    Max Paths  Min Paths  
  ------  ---------  ---------  
  Slow    Yes        Yes        
  Fast    Yes        Yes        


------------------------------------------------------------------------------------------------
| Report Methodology
| ------------------
------------------------------------------------------------------------------------------------

Rule       Severity          Description                                         Violations  
---------  ----------------  --------------------------------------------------  ----------  
TIMING-4   Critical Warning  Invalid primary clock redefinition on a clock tree  1           
TIMING-6   Critical Warning  No common primary clock between related clocks      3           
TIMING-7   Critical Warning  No common node between related clocks               3           
TIMING-27  Critical Warning  Invalid primary clock on hierarchical pin           1           
LUTAR-1    Warning           LUT drives async reset alert                        1           
TIMING-18  Warning           Missing input or output delay                       2           

Note: This report is based on the most recent report_methodology run and may not be up-to-date. Run report_methodology on the current design for the latest report.



check_timing report

Table of Contents
-----------------
1. checking no_clock (0)
2. checking constant_clock (0)
3. checking pulse_width_clock (0)
4. checking unconstrained_internal_endpoints (0)
5. checking no_input_delay (4)
6. checking no_output_delay (4)
7. checking multiple_clock (0)
8. checking generated_clocks (0)
9. checking loops (0)
10. checking partial_input_delay (0)
11. checking partial_output_delay (0)
12. checking latch_loops (0)

1. checking no_clock (0)
------------------------
 There are 0 register/latch pins with no clock.


2. checking constant_clock (0)
------------------------------
 There are 0 register/latch pins with constant_clock.


3. checking pulse_width_clock (0)
---------------------------------
 There are 0 register/latch pins which need pulse_width check


4. checking unconstrained_internal_endpoints (0)
------------------------------------------------
 There are 0 pins that are not constrained for maximum delay.

 There are 0 pins that are not constrained for maximum delay due to constant clock.


5. checking no_input_delay (4)
------------------------------
 There are 4 input ports with no input delay specified. (HIGH)

 There are 0 input ports with no input delay but user has a false path constraint.


6. checking no_output_delay (4)
-------------------------------
 There are 4 ports with no output delay specified. (HIGH)

 There are 0 ports with no output delay but user has a false path constraint

 There are 0 ports with no output delay but with a timing clock defined on it or propagating through it


7. checking multiple_clock (0)
------------------------------
 There are 0 register/latch pins with multiple clocks.


8. checking generated_clocks (0)
--------------------------------
 There are 0 generated clocks that are not connected to a clock source.


9. checking loops (0)
---------------------
 There are 0 combinational loops in the design.


10. checking partial_input_delay (0)
------------------------------------
 There are 0 input ports with partial input delay specified.


11. checking partial_output_delay (0)
-------------------------------------
 There are 0 ports with partial output delay specified.


12. checking latch_loops (0)
----------------------------
 There are 0 combinational latch loops in the design through latch input



------------------------------------------------------------------------------------------------
| Design Timing Summary
| ---------------------
------------------------------------------------------------------------------------------------

    WNS(ns)      TNS(ns)  TNS Failing Endpoints  TNS Total Endpoints      WHS(ns)      THS(ns)  THS Failing Endpoints  THS Total Endpoints     WPWS(ns)     TPWS(ns)  TPWS Failing Endpoints  TPWS Total Endpoints  
    -------      -------  ---------------------  -------------------      -------      -------  ---------------------  -------------------     --------     --------  ----------------------  --------------------  
     -0.629       -3.614                      9                  935        0.057        0.000                      0                  935        3.000        0.000                       0                   302  


Timing constraints are not met.


------------------------------------------------------------------------------------------------
| Clock Summary
| -------------
------------------------------------------------------------------------------------------------

Clock                 Waveform(ns)         Period(ns)      Frequency(MHz)
-----                 ------------         ----------      --------------
clk_100               {0.000 5.000}        10.000          100.000         
clk_wiz/inst/clk_in1  {0.000 5.000}        10.000          100.000         
  clk_out1_clk_wiz_0  {0.000 20.000}       40.000          25.000          
  clk_out2_clk_wiz_0  {0.000 4.000}        8.000           125.000         
  clk_out3_clk_wiz_0  {0.000 10.000}       20.000          50.000          
  clkfbout_clk_wiz_0  {0.000 5.000}        10.000          100.000         


------------------------------------------------------------------------------------------------
| Intra Clock Table
| -----------------
------------------------------------------------------------------------------------------------

Clock                     WNS(ns)      TNS(ns)  TNS Failing Endpoints  TNS Total Endpoints      WHS(ns)      THS(ns)  THS Failing Endpoints  THS Total Endpoints     WPWS(ns)     TPWS(ns)  TPWS Failing Endpoints  TPWS Total Endpoints  
-----                     -------      -------  ---------------------  -------------------      -------      -------  ---------------------  -------------------     --------     --------  ----------------------  --------------------  
clk_100                    -0.059       -0.059                      1                  229        0.293        0.000                      0                  229        4.500        0.000                       0                    45  
clk_wiz/inst/clk_in1                                                                                                                                                    3.000        0.000                       0                     1  
  clk_out1_clk_wiz_0       33.073        0.000                      0                  212        0.103        0.000                      0                  212       19.020        0.000                       0                   206  
  clk_out2_clk_wiz_0                                                                                                                                                    5.845        0.000                       0                    10  
  clk_out3_clk_wiz_0       15.725        0.000                      0                   66        0.177        0.000                      0                   66        9.500        0.000                       0                    37  
  clkfbout_clk_wiz_0                                                                                                                                                    7.845        0.000                       0                     3  


------------------------------------------------------------------------------------------------
| Inter Clock Table
| -----------------
------------------------------------------------------------------------------------------------

From Clock          To Clock                WNS(ns)      TNS(ns)  TNS Failing Endpoints  TNS Total Endpoints      WHS(ns)      THS(ns)  THS Failing Endpoints  THS Total Endpoints  
----------          --------                -------      -------  ---------------------  -------------------      -------      -------  ---------------------  -------------------  
clk_out1_clk_wiz_0  clk_100                  -0.488       -0.576                      2                  321        0.057        0.000                      0                  321  
clk_out3_clk_wiz_0  clk_100                   4.205        0.000                      0                  252        0.100        0.000                      0                  252  
clk_100             clk_out1_clk_wiz_0       -0.629       -3.038                      7                   24        1.027        0.000                      0                   24  


------------------------------------------------------------------------------------------------
| Other Path Groups Table
| -----------------------
------------------------------------------------------------------------------------------------

Path Group    From Clock    To Clock          WNS(ns)      TNS(ns)  TNS Failing Endpoints  TNS Total Endpoints      WHS(ns)      THS(ns)  THS Failing Endpoints  THS Total Endpoints  
----------    ----------    --------          -------      -------  ---------------------  -------------------      -------      -------  ---------------------  -------------------  


------------------------------------------------------------------------------------------------
| User Ignored Path Table
| -----------------------
------------------------------------------------------------------------------------------------

Path Group    From Clock    To Clock    
----------    ----------    --------    


------------------------------------------------------------------------------------------------
| Unconstrained Path Table
| ------------------------
------------------------------------------------------------------------------------------------

Path Group          From Clock          To Clock          
----------          ----------          --------          
(none)              clk_out2_clk_wiz_0                      
(none)              clkfbout_clk_wiz_0                      
(none)                                  clk_100             
(none)                                  clk_out1_clk_wiz_0  
(none)                                  clk_out3_clk_wiz_0  


------------------------------------------------------------------------------------------------
| Timing Details
| --------------
------------------------------------------------------------------------------------------------


---------------------------------------------------------------------------------------------------
From Clock:  clk_100
  To Clock:  clk_100

Setup :            1  Failing Endpoint ,  Worst Slack       -0.059ns,  Total Violation       -0.059ns
Hold  :            0  Failing Endpoints,  Worst Slack        0.293ns,  Total Violation        0.000ns
PW    :            0  Failing Endpoints,  Worst Slack        4.500ns,  Total Violation        0.000ns
---------------------------------------------------------------------------------------------------


Max Delay Paths
--------------------------------------------------------------------------------------
Slack (VIOLATED) :        -0.059ns  (required time - arrival time)
  Source:                 addrc/buffer_select_reg/C
                            (rising edge-triggered cell FDCE clocked by clk_100  {rise@0.000ns fall@5.000ns period=10.000ns})
  Destination:            framebuffer/U0/inst_blk_mem_gen/gnbram.gnativebmg.native_blk_mem_gen/valid.cstr/ramloop[1].ram.r/prim_noinit.ram/DEVICE_7SERIES.NO_BMM_INFO.TRUE_DP.CASCADED_PRIM36.ram_B/ENBWREN
                            (rising edge-triggered cell RAMB36E1 clocked by clk_100  {rise@0.000ns fall@5.000ns period=10.000ns})
  Path Group:             clk_100
  Path Type:              Setup (Max at Slow Process Corner)
  Requirement:            10.000ns  (clk_100 rise@10.000ns - clk_100 rise@0.000ns)
  Data Path Delay:        9.593ns  (logic 2.953ns (30.783%)  route 6.640ns (69.217%))
  Logic Levels:           6  (CARRY4=3 LUT2=1 LUT3=1 LUT5=1)
  Clock Path Skew:        0.012ns (DCD - SCD + CPR)
    Destination Clock Delay (DCD):    4.807ns = ( 14.807 - 10.000 ) 
    Source Clock Delay      (SCD):    5.053ns
    Clock Pessimism Removal (CPR):    0.259ns
  Clock Uncertainty:      0.035ns  ((TSJ^2 + TIJ^2)^1/2 + DJ) / 2 + PE
    Total System Jitter     (TSJ):    0.071ns
    Total Input Jitter      (TIJ):    0.000ns
    Discrete Jitter          (DJ):    0.000ns
    Phase Error              (PE):    0.000ns

    Location             Delay type                Incr(ns)  Path(ns)    Netlist Resource(s)
  -------------------------------------------------------------------    -------------------
                         (clock clk_100 rise edge)    0.000     0.000 r  
    N15                                               0.000     0.000 r  clk (IN)
                         net (fo=0)                   0.000     0.000    clk
    N15                  IBUF (Prop_ibuf_I_O)         1.440     1.440 r  clk_IBUF_inst/O
                         net (fo=1, routed)           1.972     3.412    clk_IBUF
    BUFGCTRL_X0Y3        BUFG (Prop_bufg_I_O)         0.096     3.508 r  clk_IBUF_BUFG_inst/O
                         net (fo=45, routed)          1.545     5.053    addrc/clk
    SLICE_X30Y24         FDCE                                         r  addrc/buffer_select_reg/C
  -------------------------------------------------------------------    -------------------
    SLICE_X30Y24         FDCE (Prop_fdce_C_Q)         0.518     5.571 r  addrc/buffer_select_reg/Q
                         net (fo=43, routed)          1.225     6.796    addrc/addra[16]
    SLICE_X14Y17         LUT3 (Prop_lut3_I1_O)        0.124     6.920 r  addrc/addrb[9]_INST_0_i_3/O
                         net (fo=1, routed)           0.000     6.920    addrc/addrb[9]_INST_0_i_3_n_0
    SLICE_X14Y17         CARRY4 (Prop_carry4_S[3]_CO[3])
                                                      0.376     7.296 r  addrc/addrb[9]_INST_0_i_1/CO[3]
                         net (fo=1, routed)           0.000     7.296    addrc/addrb[9]_INST_0_i_1_n_0
    SLICE_X14Y18         CARRY4 (Prop_carry4_CI_O[1])
                                                      0.323     7.619 r  addrc/addrb[13]_INST_0_i_1/O[1]
                         net (fo=1, routed)           1.092     8.711    addrc/addrb[13]_INST_0_i_1_n_6
    SLICE_X13Y18         CARRY4 (Prop_carry4_S[1]_O[3])
                                                      0.946     9.657 r  addrc/addrb[13]_INST_0/O[3]
                         net (fo=5, routed)           0.818    10.475    framebuffer/U0/inst_blk_mem_gen/gnbram.gnativebmg.native_blk_mem_gen/valid.cstr/addrb[16]
    SLICE_X15Y19         LUT2 (Prop_lut2_I0_O)        0.334    10.809 r  framebuffer/U0/inst_blk_mem_gen/gnbram.gnativebmg.native_blk_mem_gen/valid.cstr/DEVICE_7SERIES.NO_BMM_INFO.TRUE_DP.CASCADED_PRIM36.ram_T_i_2__0/O
                         net (fo=8, routed)           1.106    11.915    framebuffer/U0/inst_blk_mem_gen/gnbram.gnativebmg.native_blk_mem_gen/valid.cstr/ramloop[1].ram.r/prim_noinit.ram/ENB
    SLICE_X12Y16         LUT5 (Prop_lut5_I4_O)        0.332    12.247 r  framebuffer/U0/inst_blk_mem_gen/gnbram.gnativebmg.native_blk_mem_gen/valid.cstr/ramloop[1].ram.r/prim_noinit.ram/DEVICE_7SERIES.NO_BMM_INFO.TRUE_DP.CASCADED_PRIM36.ram_B_ENBWREN_cooolgate_en_gate_35/O
                         net (fo=1, routed)           2.399    14.646    framebuffer/U0/inst_blk_mem_gen/gnbram.gnativebmg.native_blk_mem_gen/valid.cstr/ramloop[1].ram.r/prim_noinit.ram/DEVICE_7SERIES.NO_BMM_INFO.TRUE_DP.CASCADED_PRIM36.ram_B_ENBWREN_cooolgate_en_sig_18
    RAMB36_X0Y5          RAMB36E1                                     r  framebuffer/U0/inst_blk_mem_gen/gnbram.gnativebmg.native_blk_mem_gen/valid.cstr/ramloop[1].ram.r/prim_noinit.ram/DEVICE_7SERIES.NO_BMM_INFO.TRUE_DP.CASCADED_PRIM36.ram_B/ENBWREN
  -------------------------------------------------------------------    -------------------

                         (clock clk_100 rise edge)   10.000    10.000 r  
    N15                                               0.000    10.000 r  clk (IN)
                         net (fo=0)                   0.000    10.000    clk
    N15                  IBUF (Prop_ibuf_I_O)         1.370    11.370 r  clk_IBUF_inst/O
                         net (fo=1, routed)           1.868    13.238    clk_IBUF
    BUFGCTRL_X0Y3        BUFG (Prop_bufg_I_O)         0.091    13.329 r  clk_IBUF_BUFG_inst/O
                         net (fo=45, routed)          1.478    14.807    framebuffer/U0/inst_blk_mem_gen/gnbram.gnativebmg.native_blk_mem_gen/valid.cstr/ramloop[1].ram.r/prim_noinit.ram/clka
    RAMB36_X0Y5          RAMB36E1                                     r  framebuffer/U0/inst_blk_mem_gen/gnbram.gnativebmg.native_blk_mem_gen/valid.cstr/ramloop[1].ram.r/prim_noinit.ram/DEVICE_7SERIES.NO_BMM_INFO.TRUE_DP.CASCADED_PRIM36.ram_B/CLKBWRCLK
                         clock pessimism              0.259    15.066    
                         clock uncertainty           -0.035    15.030    
    RAMB36_X0Y5          RAMB36E1 (Setup_ramb36e1_CLKBWRCLK_ENBWREN)
                                                     -0.443    14.587    framebuffer/U0/inst_blk_mem_gen/gnbram.gnativebmg.native_blk_mem_gen/valid.cstr/ramloop[1].ram.r/prim_noinit.ram/DEVICE_7SERIES.NO_BMM_INFO.TRUE_DP.CASCADED_PRIM36.ram_B
  -------------------------------------------------------------------
                         required time                         14.587    
                         arrival time                         -14.646    
  -------------------------------------------------------------------
                         slack                                 -0.059    

Slack (MET) :             0.340ns  (required time - arrival time)
  Source:                 addrc/buffer_select_reg/C
                            (rising edge-triggered cell FDCE clocked by clk_100  {rise@0.000ns fall@5.000ns period=10.000ns})
  Destination:            framebuffer/U0/inst_blk_mem_gen/gnbram.gnativebmg.native_blk_mem_gen/valid.cstr/ramloop[5].ram.r/prim_noinit.ram/DEVICE_7SERIES.NO_BMM_INFO.TRUE_DP.CASCADED_PRIM36.ram_B/ENBWREN
                            (rising edge-triggered cell RAMB36E1 clocked by clk_100  {rise@0.000ns fall@5.000ns period=10.000ns})
  Path Group:             clk_100
  Path Type:              Setup (Max at Slow Process Corner)
  Requirement:            10.000ns  (clk_100 rise@10.000ns - clk_100 rise@0.000ns)
  Data Path Delay:        8.982ns  (logic 2.981ns (33.190%)  route 6.001ns (66.810%))
  Logic Levels:           6  (CARRY4=3 LUT2=1 LUT3=1 LUT5=1)
  Clock Path Skew:        0.024ns (DCD - SCD + CPR)
    Destination Clock Delay (DCD):    4.819ns = ( 14.819 - 10.000 ) 
    Source Clock Delay      (SCD):    5.053ns
    Clock Pessimism Removal (CPR):    0.259ns
  Clock Uncertainty:      0.035ns  ((TSJ^2 + TIJ^2)^1/2 + DJ) / 2 + PE
    Total System Jitter     (TSJ):    0.071ns
    Total Input Jitter      (TIJ):    0.000ns
    Discrete Jitter          (DJ):    0.000ns
    Phase Error              (PE):    0.000ns

    Location             Delay type                Incr(ns)  Path(ns)    Netlist Resource(s)
  -------------------------------------------------------------------    -------------------
                         (clock clk_100 rise edge)    0.000     0.000 r  
    N15                                               0.000     0.000 r  clk (IN)
                         net (fo=0)                   0.000     0.000    clk
    N15                  IBUF (Prop_ibuf_I_O)         1.440     1.440 r  clk_IBUF_inst/O
                         net (fo=1, routed)           1.972     3.412    clk_IBUF
    BUFGCTRL_X0Y3        BUFG (Prop_bufg_I_O)         0.096     3.508 r  clk_IBUF_BUFG_inst/O
                         net (fo=45, routed)          1.545     5.053    addrc/clk
    SLICE_X30Y24         FDCE                                         r  addrc/buffer_select_reg/C
  -------------------------------------------------------------------    -------------------
    SLICE_X30Y24         FDCE (Prop_fdce_C_Q)         0.518     5.571 r  addrc/buffer_select_reg/Q
                         net (fo=43, routed)          1.225     6.796    addrc/addra[16]
    SLICE_X14Y17         LUT3 (Prop_lut3_I1_O)        0.124     6.920 r  addrc/addrb[9]_INST_0_i_3/O
                         net (fo=1, routed)           0.000     6.920    addrc/addrb[9]_INST_0_i_3_n_0
    SLICE_X14Y17         CARRY4 (Prop_carry4_S[3]_CO[3])
                                                      0.376     7.296 r  addrc/addrb[9]_INST_0_i_1/CO[3]
                         net (fo=1, routed)           0.000     7.296    addrc/addrb[9]_INST_0_i_1_n_0
    SLICE_X14Y18         CARRY4 (Prop_carry4_CI_O[1])
                                                      0.323     7.619 r  addrc/addrb[13]_INST_0_i_1/O[1]
                         net (fo=1, routed)           1.092     8.711    addrc/addrb[13]_INST_0_i_1_n_6
    SLICE_X13Y18         CARRY4 (Prop_carry4_S[1]_O[3])
                                                      0.946     9.657 r  addrc/addrb[13]_INST_0/O[3]
                         net (fo=5, routed)           0.818    10.475    framebuffer/U0/inst_blk_mem_gen/gnbram.gnativebmg.native_blk_mem_gen/valid.cstr/addrb[16]
    SLICE_X15Y19         LUT2 (Prop_lut2_I0_O)        0.334    10.809 r  framebuffer/U0/inst_blk_mem_gen/gnbram.gnativebmg.native_blk_mem_gen/valid.cstr/DEVICE_7SERIES.NO_BMM_INFO.TRUE_DP.CASCADED_PRIM36.ram_T_i_2__0/O
                         net (fo=8, routed)           1.106    11.915    framebuffer/U0/inst_blk_mem_gen/gnbram.gnativebmg.native_blk_mem_gen/valid.cstr/ramloop[5].ram.r/prim_noinit.ram/ENB
    SLICE_X12Y16         LUT5 (Prop_lut5_I4_O)        0.360    12.275 r  framebuffer/U0/inst_blk_mem_gen/gnbram.gnativebmg.native_blk_mem_gen/valid.cstr/ramloop[5].ram.r/prim_noinit.ram/DEVICE_7SERIES.NO_BMM_INFO.TRUE_DP.CASCADED_PRIM36.ram_B_ENBWREN_cooolgate_en_gate_37/O
                         net (fo=1, routed)           1.760    14.035    framebuffer/U0/inst_blk_mem_gen/gnbram.gnativebmg.native_blk_mem_gen/valid.cstr/ramloop[5].ram.r/prim_noinit.ram/DEVICE_7SERIES.NO_BMM_INFO.TRUE_DP.CASCADED_PRIM36.ram_B_ENBWREN_cooolgate_en_sig_19
    RAMB36_X0Y2          RAMB36E1                                     r  framebuffer/U0/inst_blk_mem_gen/gnbram.gnativebmg.native_blk_mem_gen/valid.cstr/ramloop[5].ram.r/prim_noinit.ram/DEVICE_7SERIES.NO_BMM_INFO.TRUE_DP.CASCADED_PRIM36.ram_B/ENBWREN
  -------------------------------------------------------------------    -------------------

                         (clock clk_100 rise edge)   10.000    10.000 r  
    N15                                               0.000    10.000 r  clk (IN)
                         net (fo=0)                   0.000    10.000    clk
    N15                  IBUF (Prop_ibuf_I_O)         1.370    11.370 r  clk_IBUF_inst/O
                         net (fo=1, routed)           1.868    13.238    clk_IBUF
    BUFGCTRL_X0Y3        BUFG (Prop_bufg_I_O)         0.091    13.329 r  clk_IBUF_BUFG_inst/O
                         net (fo=45, routed)          1.490    14.819    framebuffer/U0/inst_blk_mem_gen/gnbram.gnativebmg.native_blk_mem_gen/valid.cstr/ramloop[5].ram.r/prim_noinit.ram/clka
    RAMB36_X0Y2          RAMB36E1                                     r  framebuffer/U0/inst_blk_mem_gen/gnbram.gnativebmg.native_blk_mem_gen/valid.cstr/ramloop[5].ram.r/prim_noinit.ram/DEVICE_7SERIES.NO_BMM_INFO.TRUE_DP.CASCADED_PRIM36.ram_B/CLKBWRCLK
                         clock pessimism              0.259    15.078    
                         clock uncertainty           -0.035    15.042    
    RAMB36_X0Y2          RAMB36E1 (Setup_ramb36e1_CLKBWRCLK_ENBWREN)
                                                     -0.667    14.375    framebuffer/U0/inst_blk_mem_gen/gnbram.gnativebmg.native_blk_mem_gen/valid.cstr/ramloop[5].ram.r/prim_noinit.ram/DEVICE_7SERIES.NO_BMM_INFO.TRUE_DP.CASCADED_PRIM36.ram_B
  -------------------------------------------------------------------
                         required time                         14.375    
                         arrival time                         -14.035    
  -------------------------------------------------------------------
                         slack                                  0.340    

Slack (MET) :             0.540ns  (required time - arrival time)
  Source:                 addrc/buffer_select_reg/C
                            (rising edge-triggered cell FDCE clocked by clk_100  {rise@0.000ns fall@5.000ns period=10.000ns})
  Destination:            framebuffer/U0/inst_blk_mem_gen/gnbram.gnativebmg.native_blk_mem_gen/valid.cstr/ramloop[7].ram.r/prim_noinit.ram/DEVICE_7SERIES.NO_BMM_INFO.TRUE_DP.CASCADED_PRIM36.ram_B/ENBWREN
                            (rising edge-triggered cell RAMB36E1 clocked by clk_100  {rise@0.000ns fall@5.000ns period=10.000ns})
  Path Group:             clk_100
  Path Type:              Setup (Max at Slow Process Corner)
  Requirement:            10.000ns  (clk_100 rise@10.000ns - clk_100 rise@0.000ns)
  Data Path Delay:        8.731ns  (logic 2.947ns (33.754%)  route 5.784ns (66.246%))
  Logic Levels:           6  (CARRY4=3 LUT2=1 LUT3=1 LUT5=1)
  Clock Path Skew:        -0.049ns (DCD - SCD + CPR)
    Destination Clock Delay (DCD):    4.818ns = ( 14.818 - 10.000 ) 
    Source Clock Delay      (SCD):    5.053ns
    Clock Pessimism Removal (CPR):    0.187ns
  Clock Uncertainty:      0.035ns  ((TSJ^2 + TIJ^2)^1/2 + DJ) / 2 + PE
    Total System Jitter     (TSJ):    0.071ns
    Total Input Jitter      (TIJ):    0.000ns
    Discrete Jitter          (DJ):    0.000ns
    Phase Error              (PE):    0.000ns

    Location             Delay type                Incr(ns)  Path(ns)    Netlist Resource(s)
  -------------------------------------------------------------------    -------------------
                         (clock clk_100 rise edge)    0.000     0.000 r  
    N15                                               0.000     0.000 r  clk (IN)
                         net (fo=0)                   0.000     0.000    clk
    N15                  IBUF (Prop_ibuf_I_O)         1.440     1.440 r  clk_IBUF_inst/O
                         net (fo=1, routed)           1.972     3.412    clk_IBUF
    BUFGCTRL_X0Y3        BUFG (Prop_bufg_I_O)         0.096     3.508 r  clk_IBUF_BUFG_inst/O
                         net (fo=45, routed)          1.545     5.053    addrc/clk
    SLICE_X30Y24         FDCE                                         r  addrc/buffer_select_reg/C
  -------------------------------------------------------------------    -------------------
    SLICE_X30Y24         FDCE (Prop_fdce_C_Q)         0.518     5.571 r  addrc/buffer_select_reg/Q
                         net (fo=43, routed)          1.225     6.796    addrc/addra[16]
    SLICE_X14Y17         LUT3 (Prop_lut3_I1_O)        0.124     6.920 r  addrc/addrb[9]_INST_0_i_3/O
                         net (fo=1, routed)           0.000     6.920    addrc/addrb[9]_INST_0_i_3_n_0
    SLICE_X14Y17         CARRY4 (Prop_carry4_S[3]_CO[3])
                                                      0.376     7.296 r  addrc/addrb[9]_INST_0_i_1/CO[3]
                         net (fo=1, routed)           0.000     7.296    addrc/addrb[9]_INST_0_i_1_n_0
    SLICE_X14Y18         CARRY4 (Prop_carry4_CI_O[1])
                                                      0.323     7.619 r  addrc/addrb[13]_INST_0_i_1/O[1]
                         net (fo=1, routed)           1.092     8.711    addrc/addrb[13]_INST_0_i_1_n_6
    SLICE_X13Y18         CARRY4 (Prop_carry4_S[1]_O[3])
                                                      0.946     9.657 r  addrc/addrb[13]_INST_0/O[3]
                         net (fo=5, routed)           0.818    10.475    framebuffer/U0/inst_blk_mem_gen/gnbram.gnativebmg.native_blk_mem_gen/valid.cstr/addrb[16]
    SLICE_X15Y19         LUT2 (Prop_lut2_I0_O)        0.334    10.809 r  framebuffer/U0/inst_blk_mem_gen/gnbram.gnativebmg.native_blk_mem_gen/valid.cstr/DEVICE_7SERIES.NO_BMM_INFO.TRUE_DP.CASCADED_PRIM36.ram_T_i_2__0/O
                         net (fo=8, routed)           1.034    11.843    framebuffer/U0/inst_blk_mem_gen/gnbram.gnativebmg.native_blk_mem_gen/valid.cstr/ramloop[7].ram.r/prim_noinit.ram/ENB
    SLICE_X28Y18         LUT5 (Prop_lut5_I4_O)        0.326    12.169 r  framebuffer/U0/inst_blk_mem_gen/gnbram.gnativebmg.native_blk_mem_gen/valid.cstr/ramloop[7].ram.r/prim_noinit.ram/DEVICE_7SERIES.NO_BMM_INFO.TRUE_DP.CASCADED_PRIM36.ram_B_ENBWREN_cooolgate_en_gate_39/O
                         net (fo=1, routed)           1.615    13.784    framebuffer/U0/inst_blk_mem_gen/gnbram.gnativebmg.native_blk_mem_gen/valid.cstr/ramloop[7].ram.r/prim_noinit.ram/DEVICE_7SERIES.NO_BMM_INFO.TRUE_DP.CASCADED_PRIM36.ram_B_ENBWREN_cooolgate_en_sig_20
    RAMB36_X2Y3          RAMB36E1                                     r  framebuffer/U0/inst_blk_mem_gen/gnbram.gnativebmg.native_blk_mem_gen/valid.cstr/ramloop[7].ram.r/prim_noinit.ram/DEVICE_7SERIES.NO_BMM_INFO.TRUE_DP.CASCADED_PRIM36.ram_B/ENBWREN
  -------------------------------------------------------------------    -------------------

                         (clock clk_100 rise edge)   10.000    10.000 r  
    N15                                               0.000    10.000 r  clk (IN)
                         net (fo=0)                   0.000    10.000    clk
    N15                  IBUF (Prop_ibuf_I_O)         1.370    11.370 r  clk_IBUF_inst/O
                         net (fo=1, routed)           1.868    13.238    clk_IBUF
    BUFGCTRL_X0Y3        BUFG (Prop_bufg_I_O)         0.091    13.329 r  clk_IBUF_BUFG_inst/O
                         net (fo=45, routed)          1.489    14.818    framebuffer/U0/inst_blk_mem_gen/gnbram.gnativebmg.native_blk_mem_gen/valid.cstr/ramloop[7].ram.r/prim_noinit.ram/clka
    RAMB36_X2Y3          RAMB36E1                                     r  framebuffer/U0/inst_blk_mem_gen/gnbram.gnativebmg.native_blk_mem_gen/valid.cstr/ramloop[7].ram.r/prim_noinit.ram/DEVICE_7SERIES.NO_BMM_INFO.TRUE_DP.CASCADED_PRIM36.ram_B/CLKBWRCLK
                         clock pessimism              0.187    15.005    
                         clock uncertainty           -0.035    14.969    
    RAMB36_X2Y3          RAMB36E1 (Setup_ramb36e1_CLKBWRCLK_ENBWREN)
                                                     -0.645    14.324    framebuffer/U0/inst_blk_mem_gen/gnbram.gnativebmg.native_blk_mem_gen/valid.cstr/ramloop[7].ram.r/prim_noinit.ram/DEVICE_7SERIES.NO_BMM_INFO.TRUE_DP.CASCADED_PRIM36.ram_B
  -------------------------------------------------------------------
                         required time                         14.324    
                         arrival time                         -13.784    
  -------------------------------------------------------------------
                         slack                                  0.540    

Slack (MET) :             0.684ns  (required time - arrival time)
  Source:                 addrc/buffer_select_reg/C
                            (rising edge-triggered cell FDCE clocked by clk_100  {rise@0.000ns fall@5.000ns period=10.000ns})
  Destination:            framebuffer/U0/inst_blk_mem_gen/gnbram.gnativebmg.native_blk_mem_gen/valid.cstr/ramloop[10].ram.r/prim_noinit.ram/DEVICE_7SERIES.NO_BMM_INFO.TRUE_DP.CASCADED_PRIM36.ram_B/ENBWREN
                            (rising edge-triggered cell RAMB36E1 clocked by clk_100  {rise@0.000ns fall@5.000ns period=10.000ns})
  Path Group:             clk_100
  Path Type:              Setup (Max at Slow Process Corner)
  Requirement:            10.000ns  (clk_100 rise@10.000ns - clk_100 rise@0.000ns)
  Data Path Delay:        8.779ns  (logic 2.953ns (33.636%)  route 5.826ns (66.364%))
  Logic Levels:           6  (CARRY4=3 LUT2=1 LUT3=1 LUT5=1)
  Clock Path Skew:        -0.059ns (DCD - SCD + CPR)
    Destination Clock Delay (DCD):    4.808ns = ( 14.808 - 10.000 ) 
    Source Clock Delay      (SCD):    5.053ns
    Clock Pessimism Removal (CPR):    0.187ns
  Clock Uncertainty:      0.035ns  ((TSJ^2 + TIJ^2)^1/2 + DJ) / 2 + PE
    Total System Jitter     (TSJ):    0.071ns
    Total Input Jitter      (TIJ):    0.000ns
    Discrete Jitter          (DJ):    0.000ns
    Phase Error              (PE):    0.000ns

    Location             Delay type                Incr(ns)  Path(ns)    Netlist Resource(s)
  -------------------------------------------------------------------    -------------------
                         (clock clk_100 rise edge)    0.000     0.000 r  
    N15                                               0.000     0.000 r  clk (IN)
                         net (fo=0)                   0.000     0.000    clk
    N15                  IBUF (Prop_ibuf_I_O)         1.440     1.440 r  clk_IBUF_inst/O
                         net (fo=1, routed)           1.972     3.412    clk_IBUF
    BUFGCTRL_X0Y3        BUFG (Prop_bufg_I_O)         0.096     3.508 r  clk_IBUF_BUFG_inst/O
                         net (fo=45, routed)          1.545     5.053    addrc/clk
    SLICE_X30Y24         FDCE                                         r  addrc/buffer_select_reg/C
  -------------------------------------------------------------------    -------------------
    SLICE_X30Y24         FDCE (Prop_fdce_C_Q)         0.518     5.571 r  addrc/buffer_select_reg/Q
                         net (fo=43, routed)          1.225     6.796    addrc/addra[16]
    SLICE_X14Y17         LUT3 (Prop_lut3_I1_O)        0.124     6.920 r  addrc/addrb[9]_INST_0_i_3/O
                         net (fo=1, routed)           0.000     6.920    addrc/addrb[9]_INST_0_i_3_n_0
    SLICE_X14Y17         CARRY4 (Prop_carry4_S[3]_CO[3])
                                                      0.376     7.296 r  addrc/addrb[9]_INST_0_i_1/CO[3]
                         net (fo=1, routed)           0.000     7.296    addrc/addrb[9]_INST_0_i_1_n_0
    SLICE_X14Y18         CARRY4 (Prop_carry4_CI_O[1])
                                                      0.323     7.619 r  addrc/addrb[13]_INST_0_i_1/O[1]
                         net (fo=1, routed)           1.092     8.711    addrc/addrb[13]_INST_0_i_1_n_6
    SLICE_X13Y18         CARRY4 (Prop_carry4_S[1]_O[3])
                                                      0.946     9.657 r  addrc/addrb[13]_INST_0/O[3]
                         net (fo=5, routed)           0.818    10.475    framebuffer/U0/inst_blk_mem_gen/gnbram.gnativebmg.native_blk_mem_gen/valid.cstr/addrb[16]
    SLICE_X15Y19         LUT2 (Prop_lut2_I0_O)        0.334    10.809 r  framebuffer/U0/inst_blk_mem_gen/gnbram.gnativebmg.native_blk_mem_gen/valid.cstr/DEVICE_7SERIES.NO_BMM_INFO.TRUE_DP.CASCADED_PRIM36.ram_T_i_2__0/O
                         net (fo=8, routed)           1.034    11.843    framebuffer/U0/inst_blk_mem_gen/gnbram.gnativebmg.native_blk_mem_gen/valid.cstr/ramloop[10].ram.r/prim_noinit.ram/ENB
    SLICE_X28Y18         LUT5 (Prop_lut5_I4_O)        0.332    12.175 r  framebuffer/U0/inst_blk_mem_gen/gnbram.gnativebmg.native_blk_mem_gen/valid.cstr/ramloop[10].ram.r/prim_noinit.ram/DEVICE_7SERIES.NO_BMM_INFO.TRUE_DP.CASCADED_PRIM36.ram_B_ENBWREN_cooolgate_en_gate_33/O
                         net (fo=1, routed)           1.658    13.833    framebuffer/U0/inst_blk_mem_gen/gnbram.gnativebmg.native_blk_mem_gen/valid.cstr/ramloop[10].ram.r/prim_noinit.ram/DEVICE_7SERIES.NO_BMM_INFO.TRUE_DP.CASCADED_PRIM36.ram_B_ENBWREN_cooolgate_en_sig_17
    RAMB36_X1Y5          RAMB36E1                                     r  framebuffer/U0/inst_blk_mem_gen/gnbram.gnativebmg.native_blk_mem_gen/valid.cstr/ramloop[10].ram.r/prim_noinit.ram/DEVICE_7SERIES.NO_BMM_INFO.TRUE_DP.CASCADED_PRIM36.ram_B/ENBWREN
  -------------------------------------------------------------------    -------------------

                         (clock clk_100 rise edge)   10.000    10.000 r  
    N15                                               0.000    10.000 r  clk (IN)
                         net (fo=0)                   0.000    10.000    clk
    N15                  IBUF (Prop_ibuf_I_O)         1.370    11.370 r  clk_IBUF_inst/O
                         net (fo=1, routed)           1.868    13.238    clk_IBUF
    BUFGCTRL_X0Y3        BUFG (Prop_bufg_I_O)         0.091    13.329 r  clk_IBUF_BUFG_inst/O
                         net (fo=45, routed)          1.479    14.808    framebuffer/U0/inst_blk_mem_gen/gnbram.gnativebmg.native_blk_mem_gen/valid.cstr/ramloop[10].ram.r/prim_noinit.ram/clka
    RAMB36_X1Y5          RAMB36E1                                     r  framebuffer/U0/inst_blk_mem_gen/gnbram.gnativebmg.native_blk_mem_gen/valid.cstr/ramloop[10].ram.r/prim_noinit.ram/DEVICE_7SERIES.NO_BMM_INFO.TRUE_DP.CASCADED_PRIM36.ram_B/CLKBWRCLK
                         clock pessimism              0.187    14.995    
                         clock uncertainty           -0.035    14.959    
    RAMB36_X1Y5          RAMB36E1 (Setup_ramb36e1_CLKBWRCLK_ENBWREN)
                                                     -0.443    14.516    framebuffer/U0/inst_blk_mem_gen/gnbram.gnativebmg.native_blk_mem_gen/valid.cstr/ramloop[10].ram.r/prim_noinit.ram/DEVICE_7SERIES.NO_BMM_INFO.TRUE_DP.CASCADED_PRIM36.ram_B
  -------------------------------------------------------------------
                         required time                         14.516    
                         arrival time                         -13.833    
  -------------------------------------------------------------------
                         slack                                  0.684    

Slack (MET) :             0.735ns  (required time - arrival time)
  Source:                 addrc/buffer_select_reg/C
                            (rising edge-triggered cell FDCE clocked by clk_100  {rise@0.000ns fall@5.000ns period=10.000ns})
  Destination:            framebuffer/U0/inst_blk_mem_gen/gnbram.gnativebmg.native_blk_mem_gen/valid.cstr/ramloop[8].ram.r/prim_noinit.ram/DEVICE_7SERIES.NO_BMM_INFO.TRUE_DP.SIMPLE_PRIM36.ram/ENBWREN
                            (rising edge-triggered cell RAMB36E1 clocked by clk_100  {rise@0.000ns fall@5.000ns period=10.000ns})
  Path Group:             clk_100
  Path Type:              Setup (Max at Slow Process Corner)
  Requirement:            10.000ns  (clk_100 rise@10.000ns - clk_100 rise@0.000ns)
  Data Path Delay:        8.528ns  (logic 2.555ns (29.960%)  route 5.973ns (70.040%))
  Logic Levels:           5  (CARRY4=3 LUT3=1 LUT4=1)
  Clock Path Skew:        -0.057ns (DCD - SCD + CPR)
    Destination Clock Delay (DCD):    4.810ns = ( 14.810 - 10.000 ) 
    Source Clock Delay      (SCD):    5.053ns
    Clock Pessimism Removal (CPR):    0.187ns
  Clock Uncertainty:      0.035ns  ((TSJ^2 + TIJ^2)^1/2 + DJ) / 2 + PE
    Total System Jitter     (TSJ):    0.071ns
    Total Input Jitter      (TIJ):    0.000ns
    Discrete Jitter          (DJ):    0.000ns
    Phase Error              (PE):    0.000ns

    Location             Delay type                Incr(ns)  Path(ns)    Netlist Resource(s)
  -------------------------------------------------------------------    -------------------
                         (clock clk_100 rise edge)    0.000     0.000 r  
    N15                                               0.000     0.000 r  clk (IN)
                         net (fo=0)                   0.000     0.000    clk
    N15                  IBUF (Prop_ibuf_I_O)         1.440     1.440 r  clk_IBUF_inst/O
                         net (fo=1, routed)           1.972     3.412    clk_IBUF
    BUFGCTRL_X0Y3        BUFG (Prop_bufg_I_O)         0.096     3.508 r  clk_IBUF_BUFG_inst/O
                         net (fo=45, routed)          1.545     5.053    addrc/clk
    SLICE_X30Y24         FDCE                                         r  addrc/buffer_select_reg/C
  -------------------------------------------------------------------    -------------------
    SLICE_X30Y24         FDCE (Prop_fdce_C_Q)         0.518     5.571 r  addrc/buffer_select_reg/Q
                         net (fo=43, routed)          1.225     6.796    addrc/addra[16]
    SLICE_X14Y17         LUT3 (Prop_lut3_I1_O)        0.124     6.920 r  addrc/addrb[9]_INST_0_i_3/O
                         net (fo=1, routed)           0.000     6.920    addrc/addrb[9]_INST_0_i_3_n_0
    SLICE_X14Y17         CARRY4 (Prop_carry4_S[3]_CO[3])
                                                      0.376     7.296 r  addrc/addrb[9]_INST_0_i_1/CO[3]
                         net (fo=1, routed)           0.000     7.296    addrc/addrb[9]_INST_0_i_1_n_0
    SLICE_X14Y18         CARRY4 (Prop_carry4_CI_O[1])
                                                      0.323     7.619 r  addrc/addrb[13]_INST_0_i_1/O[1]
                         net (fo=1, routed)           1.092     8.711    addrc/addrb[13]_INST_0_i_1_n_6
    SLICE_X13Y18         CARRY4 (Prop_carry4_S[1]_O[2])
                                                      0.886     9.597 f  addrc/addrb[13]_INST_0/O[2]
                         net (fo=19, routed)          1.365    10.962    framebuffer/U0/inst_blk_mem_gen/gnbram.gnativebmg.native_blk_mem_gen/valid.cstr/ramloop[8].ram.r/prim_noinit.ram/addrb[15]
    SLICE_X15Y19         LUT4 (Prop_lut4_I3_O)        0.328    11.290 r  framebuffer/U0/inst_blk_mem_gen/gnbram.gnativebmg.native_blk_mem_gen/valid.cstr/ramloop[8].ram.r/prim_noinit.ram/DEVICE_7SERIES.NO_BMM_INFO.TRUE_DP.SIMPLE_PRIM36.ram_i_2/O
                         net (fo=2, routed)           2.292    13.581    framebuffer/U0/inst_blk_mem_gen/gnbram.gnativebmg.native_blk_mem_gen/valid.cstr/ramloop[8].ram.r/prim_noinit.ram/ramloop[2].ram.ram_enb
    RAMB36_X2Y5          RAMB36E1                                     r  framebuffer/U0/inst_blk_mem_gen/gnbram.gnativebmg.native_blk_mem_gen/valid.cstr/ramloop[8].ram.r/prim_noinit.ram/DEVICE_7SERIES.NO_BMM_INFO.TRUE_DP.SIMPLE_PRIM36.ram/ENBWREN
  -------------------------------------------------------------------    -------------------

                         (clock clk_100 rise edge)   10.000    10.000 r  
    N15                                               0.000    10.000 r  clk (IN)
                         net (fo=0)                   0.000    10.000    clk
    N15                  IBUF (Prop_ibuf_I_O)         1.370    11.370 r  clk_IBUF_inst/O
                         net (fo=1, routed)           1.868    13.238    clk_IBUF
    BUFGCTRL_X0Y3        BUFG (Prop_bufg_I_O)         0.091    13.329 r  clk_IBUF_BUFG_inst/O
                         net (fo=45, routed)          1.481    14.810    framebuffer/U0/inst_blk_mem_gen/gnbram.gnativebmg.native_blk_mem_gen/valid.cstr/ramloop[8].ram.r/prim_noinit.ram/clka
    RAMB36_X2Y5          RAMB36E1                                     r  framebuffer/U0/inst_blk_mem_gen/gnbram.gnativebmg.native_blk_mem_gen/valid.cstr/ramloop[8].ram.r/prim_noinit.ram/DEVICE_7SERIES.NO_BMM_INFO.TRUE_DP.SIMPLE_PRIM36.ram/CLKBWRCLK
                         clock pessimism              0.187    14.997    
                         clock uncertainty           -0.035    14.961    
    RAMB36_X2Y5          RAMB36E1 (Setup_ramb36e1_CLKBWRCLK_ENBWREN)
                                                     -0.645    14.316    framebuffer/U0/inst_blk_mem_gen/gnbram.gnativebmg.native_blk_mem_gen/valid.cstr/ramloop[8].ram.r/prim_noinit.ram/DEVICE_7SERIES.NO_BMM_INFO.TRUE_DP.SIMPLE_PRIM36.ram
  -------------------------------------------------------------------
                         required time                         14.316    
                         arrival time                         -13.581    
  -------------------------------------------------------------------
                         slack                                  0.735    

Slack (MET) :             1.076ns  (required time - arrival time)
  Source:                 addrc/buffer_select_reg/C
                            (rising edge-triggered cell FDCE clocked by clk_100  {rise@0.000ns fall@5.000ns period=10.000ns})
  Destination:            framebuffer/U0/inst_blk_mem_gen/gnbram.gnativebmg.native_blk_mem_gen/valid.cstr/ramloop[6].ram.r/prim_noinit.ram/DEVICE_7SERIES.NO_BMM_INFO.TRUE_DP.CASCADED_PRIM36.ram_T/ENBWREN
                            (rising edge-triggered cell RAMB36E1 clocked by clk_100  {rise@0.000ns fall@5.000ns period=10.000ns})
  Path Group:             clk_100
  Path Type:              Setup (Max at Slow Process Corner)
  Requirement:            10.000ns  (clk_100 rise@10.000ns - clk_100 rise@0.000ns)
  Data Path Delay:        8.399ns  (logic 2.593ns (30.873%)  route 5.806ns (69.127%))
  Logic Levels:           5  (CARRY4=3 LUT2=1 LUT3=1)
  Clock Path Skew:        -0.047ns (DCD - SCD + CPR)
    Destination Clock Delay (DCD):    4.820ns = ( 14.820 - 10.000 ) 
    Source Clock Delay      (SCD):    5.053ns
    Clock Pessimism Removal (CPR):    0.187ns
  Clock Uncertainty:      0.035ns  ((TSJ^2 + TIJ^2)^1/2 + DJ) / 2 + PE
    Total System Jitter     (TSJ):    0.071ns
    Total Input Jitter      (TIJ):    0.000ns
    Discrete Jitter          (DJ):    0.000ns
    Phase Error              (PE):    0.000ns

    Location             Delay type                Incr(ns)  Path(ns)    Netlist Resource(s)
  -------------------------------------------------------------------    -------------------
                         (clock clk_100 rise edge)    0.000     0.000 r  
    N15                                               0.000     0.000 r  clk (IN)
                         net (fo=0)                   0.000     0.000    clk
    N15                  IBUF (Prop_ibuf_I_O)         1.440     1.440 r  clk_IBUF_inst/O
                         net (fo=1, routed)           1.972     3.412    clk_IBUF
    BUFGCTRL_X0Y3        BUFG (Prop_bufg_I_O)         0.096     3.508 r  clk_IBUF_BUFG_inst/O
                         net (fo=45, routed)          1.545     5.053    addrc/clk
    SLICE_X30Y24         FDCE                                         r  addrc/buffer_select_reg/C
  -------------------------------------------------------------------    -------------------
    SLICE_X30Y24         FDCE (Prop_fdce_C_Q)         0.518     5.571 r  addrc/buffer_select_reg/Q
                         net (fo=43, routed)          1.225     6.796    addrc/addra[16]
    SLICE_X14Y17         LUT3 (Prop_lut3_I1_O)        0.124     6.920 r  addrc/addrb[9]_INST_0_i_3/O
                         net (fo=1, routed)           0.000     6.920    addrc/addrb[9]_INST_0_i_3_n_0
    SLICE_X14Y17         CARRY4 (Prop_carry4_S[3]_CO[3])
                                                      0.376     7.296 r  addrc/addrb[9]_INST_0_i_1/CO[3]
                         net (fo=1, routed)           0.000     7.296    addrc/addrb[9]_INST_0_i_1_n_0
    SLICE_X14Y18         CARRY4 (Prop_carry4_CI_O[1])
                                                      0.323     7.619 r  addrc/addrb[13]_INST_0_i_1/O[1]
                         net (fo=1, routed)           1.092     8.711    addrc/addrb[13]_INST_0_i_1_n_6
    SLICE_X13Y18         CARRY4 (Prop_carry4_S[1]_O[3])
                                                      0.946     9.657 f  addrc/addrb[13]_INST_0/O[3]
                         net (fo=5, routed)           0.818    10.475    framebuffer/U0/inst_blk_mem_gen/gnbram.gnativebmg.native_blk_mem_gen/valid.cstr/addrb[16]
    SLICE_X15Y19         LUT2 (Prop_lut2_I1_O)        0.306    10.781 r  framebuffer/U0/inst_blk_mem_gen/gnbram.gnativebmg.native_blk_mem_gen/valid.cstr/DEVICE_7SERIES.NO_BMM_INFO.TRUE_DP.CASCADED_PRIM36.ram_T_i_2/O
                         net (fo=8, routed)           2.671    13.452    framebuffer/U0/inst_blk_mem_gen/gnbram.gnativebmg.native_blk_mem_gen/valid.cstr/ramloop[6].ram.r/prim_noinit.ram/ENB
    RAMB36_X2Y7          RAMB36E1                                     r  framebuffer/U0/inst_blk_mem_gen/gnbram.gnativebmg.native_blk_mem_gen/valid.cstr/ramloop[6].ram.r/prim_noinit.ram/DEVICE_7SERIES.NO_BMM_INFO.TRUE_DP.CASCADED_PRIM36.ram_T/ENBWREN
  -------------------------------------------------------------------    -------------------

                         (clock clk_100 rise edge)   10.000    10.000 r  
    N15                                               0.000    10.000 r  clk (IN)
                         net (fo=0)                   0.000    10.000    clk
    N15                  IBUF (Prop_ibuf_I_O)         1.370    11.370 r  clk_IBUF_inst/O
                         net (fo=1, routed)           1.868    13.238    clk_IBUF
    BUFGCTRL_X0Y3        BUFG (Prop_bufg_I_O)         0.091    13.329 r  clk_IBUF_BUFG_inst/O
                         net (fo=45, routed)          1.491    14.820    framebuffer/U0/inst_blk_mem_gen/gnbram.gnativebmg.native_blk_mem_gen/valid.cstr/ramloop[6].ram.r/prim_noinit.ram/clka
    RAMB36_X2Y7          RAMB36E1                                     r  framebuffer/U0/inst_blk_mem_gen/gnbram.gnativebmg.native_blk_mem_gen/valid.cstr/ramloop[6].ram.r/prim_noinit.ram/DEVICE_7SERIES.NO_BMM_INFO.TRUE_DP.CASCADED_PRIM36.ram_T/CLKBWRCLK
                         clock pessimism              0.187    15.007    
                         clock uncertainty           -0.035    14.971    
    RAMB36_X2Y7          RAMB36E1 (Setup_ramb36e1_CLKBWRCLK_ENBWREN)
                                                     -0.443    14.528    framebuffer/U0/inst_blk_mem_gen/gnbram.gnativebmg.native_blk_mem_gen/valid.cstr/ramloop[6].ram.r/prim_noinit.ram/DEVICE_7SERIES.NO_BMM_INFO.TRUE_DP.CASCADED_PRIM36.ram_T
  -------------------------------------------------------------------
                         required time                         14.528    
                         arrival time                         -13.452    
  -------------------------------------------------------------------
                         slack                                  1.076    

Slack (MET) :             1.113ns  (required time - arrival time)
  Source:                 addrc/buffer_select_reg/C
                            (rising edge-triggered cell FDCE clocked by clk_100  {rise@0.000ns fall@5.000ns period=10.000ns})
  Destination:            framebuffer/U0/inst_blk_mem_gen/gnbram.gnativebmg.native_blk_mem_gen/valid.cstr/ramloop[7].ram.r/prim_noinit.ram/DEVICE_7SERIES.NO_BMM_INFO.TRUE_DP.CASCADED_PRIM36.ram_T/ENBWREN
                            (rising edge-triggered cell RAMB36E1 clocked by clk_100  {rise@0.000ns fall@5.000ns period=10.000ns})
  Path Group:             clk_100
  Path Type:              Setup (Max at Slow Process Corner)
  Requirement:            10.000ns  (clk_100 rise@10.000ns - clk_100 rise@0.000ns)
  Data Path Delay:        8.147ns  (logic 2.621ns (32.172%)  route 5.526ns (67.828%))
  Logic Levels:           5  (CARRY4=3 LUT2=1 LUT3=1)
  Clock Path Skew:        -0.054ns (DCD - SCD + CPR)
    Destination Clock Delay (DCD):    4.813ns = ( 14.813 - 10.000 ) 
    Source Clock Delay      (SCD):    5.053ns
    Clock Pessimism Removal (CPR):    0.187ns
  Clock Uncertainty:      0.035ns  ((TSJ^2 + TIJ^2)^1/2 + DJ) / 2 + PE
    Total System Jitter     (TSJ):    0.071ns
    Total Input Jitter      (TIJ):    0.000ns
    Discrete Jitter          (DJ):    0.000ns
    Phase Error              (PE):    0.000ns

    Location             Delay type                Incr(ns)  Path(ns)    Netlist Resource(s)
  -------------------------------------------------------------------    -------------------
                         (clock clk_100 rise edge)    0.000     0.000 r  
    N15                                               0.000     0.000 r  clk (IN)
                         net (fo=0)                   0.000     0.000    clk
    N15                  IBUF (Prop_ibuf_I_O)         1.440     1.440 r  clk_IBUF_inst/O
                         net (fo=1, routed)           1.972     3.412    clk_IBUF
    BUFGCTRL_X0Y3        BUFG (Prop_bufg_I_O)         0.096     3.508 r  clk_IBUF_BUFG_inst/O
                         net (fo=45, routed)          1.545     5.053    addrc/clk
    SLICE_X30Y24         FDCE                                         r  addrc/buffer_select_reg/C
  -------------------------------------------------------------------    -------------------
    SLICE_X30Y24         FDCE (Prop_fdce_C_Q)         0.518     5.571 r  addrc/buffer_select_reg/Q
                         net (fo=43, routed)          1.225     6.796    addrc/addra[16]
    SLICE_X14Y17         LUT3 (Prop_lut3_I1_O)        0.124     6.920 r  addrc/addrb[9]_INST_0_i_3/O
                         net (fo=1, routed)           0.000     6.920    addrc/addrb[9]_INST_0_i_3_n_0
    SLICE_X14Y17         CARRY4 (Prop_carry4_S[3]_CO[3])
                                                      0.376     7.296 r  addrc/addrb[9]_INST_0_i_1/CO[3]
                         net (fo=1, routed)           0.000     7.296    addrc/addrb[9]_INST_0_i_1_n_0
    SLICE_X14Y18         CARRY4 (Prop_carry4_CI_O[1])
                                                      0.323     7.619 r  addrc/addrb[13]_INST_0_i_1/O[1]
                         net (fo=1, routed)           1.092     8.711    addrc/addrb[13]_INST_0_i_1_n_6
    SLICE_X13Y18         CARRY4 (Prop_carry4_S[1]_O[3])
                                                      0.946     9.657 r  addrc/addrb[13]_INST_0/O[3]
                         net (fo=5, routed)           0.818    10.475    framebuffer/U0/inst_blk_mem_gen/gnbram.gnativebmg.native_blk_mem_gen/valid.cstr/addrb[16]
    SLICE_X15Y19         LUT2 (Prop_lut2_I0_O)        0.334    10.809 r  framebuffer/U0/inst_blk_mem_gen/gnbram.gnativebmg.native_blk_mem_gen/valid.cstr/DEVICE_7SERIES.NO_BMM_INFO.TRUE_DP.CASCADED_PRIM36.ram_T_i_2__0/O
                         net (fo=8, routed)           2.391    13.200    framebuffer/U0/inst_blk_mem_gen/gnbram.gnativebmg.native_blk_mem_gen/valid.cstr/ramloop[7].ram.r/prim_noinit.ram/ENB
    RAMB36_X2Y4          RAMB36E1                                     r  framebuffer/U0/inst_blk_mem_gen/gnbram.gnativebmg.native_blk_mem_gen/valid.cstr/ramloop[7].ram.r/prim_noinit.ram/DEVICE_7SERIES.NO_BMM_INFO.TRUE_DP.CASCADED_PRIM36.ram_T/ENBWREN
  -------------------------------------------------------------------    -------------------

                         (clock clk_100 rise edge)   10.000    10.000 r  
    N15                                               0.000    10.000 r  clk (IN)
                         net (fo=0)                   0.000    10.000    clk
    N15                  IBUF (Prop_ibuf_I_O)         1.370    11.370 r  clk_IBUF_inst/O
                         net (fo=1, routed)           1.868    13.238    clk_IBUF
    BUFGCTRL_X0Y3        BUFG (Prop_bufg_I_O)         0.091    13.329 r  clk_IBUF_BUFG_inst/O
                         net (fo=45, routed)          1.484    14.813    framebuffer/U0/inst_blk_mem_gen/gnbram.gnativebmg.native_blk_mem_gen/valid.cstr/ramloop[7].ram.r/prim_noinit.ram/clka
    RAMB36_X2Y4          RAMB36E1                                     r  framebuffer/U0/inst_blk_mem_gen/gnbram.gnativebmg.native_blk_mem_gen/valid.cstr/ramloop[7].ram.r/prim_noinit.ram/DEVICE_7SERIES.NO_BMM_INFO.TRUE_DP.CASCADED_PRIM36.ram_T/CLKBWRCLK
                         clock pessimism              0.187    15.000    
                         clock uncertainty           -0.035    14.964    
    RAMB36_X2Y4          RAMB36E1 (Setup_ramb36e1_CLKBWRCLK_ENBWREN)
                                                     -0.651    14.313    framebuffer/U0/inst_blk_mem_gen/gnbram.gnativebmg.native_blk_mem_gen/valid.cstr/ramloop[7].ram.r/prim_noinit.ram/DEVICE_7SERIES.NO_BMM_INFO.TRUE_DP.CASCADED_PRIM36.ram_T
  -------------------------------------------------------------------
                         required time                         14.313    
                         arrival time                         -13.200    
  -------------------------------------------------------------------
                         slack                                  1.113    

Slack (MET) :             1.201ns  (required time - arrival time)
  Source:                 addrc/buffer_select_reg/C
                            (rising edge-triggered cell FDCE clocked by clk_100  {rise@0.000ns fall@5.000ns period=10.000ns})
  Destination:            framebuffer/U0/inst_blk_mem_gen/gnbram.gnativebmg.native_blk_mem_gen/valid.cstr/ramloop[10].ram.r/prim_noinit.ram/DEVICE_7SERIES.NO_BMM_INFO.TRUE_DP.CASCADED_PRIM36.ram_T/ENBWREN
                            (rising edge-triggered cell RAMB36E1 clocked by clk_100  {rise@0.000ns fall@5.000ns period=10.000ns})
  Path Group:             clk_100
  Path Type:              Setup (Max at Slow Process Corner)
  Requirement:            10.000ns  (clk_100 rise@10.000ns - clk_100 rise@0.000ns)
  Data Path Delay:        8.059ns  (logic 2.621ns (32.524%)  route 5.438ns (67.476%))
  Logic Levels:           5  (CARRY4=3 LUT2=1 LUT3=1)
  Clock Path Skew:        -0.054ns (DCD - SCD + CPR)
    Destination Clock Delay (DCD):    4.813ns = ( 14.813 - 10.000 ) 
    Source Clock Delay      (SCD):    5.053ns
    Clock Pessimism Removal (CPR):    0.187ns
  Clock Uncertainty:      0.035ns  ((TSJ^2 + TIJ^2)^1/2 + DJ) / 2 + PE
    Total System Jitter     (TSJ):    0.071ns
    Total Input Jitter      (TIJ):    0.000ns
    Discrete Jitter          (DJ):    0.000ns
    Phase Error              (PE):    0.000ns

    Location             Delay type                Incr(ns)  Path(ns)    Netlist Resource(s)
  -------------------------------------------------------------------    -------------------
                         (clock clk_100 rise edge)    0.000     0.000 r  
    N15                                               0.000     0.000 r  clk (IN)
                         net (fo=0)                   0.000     0.000    clk
    N15                  IBUF (Prop_ibuf_I_O)         1.440     1.440 r  clk_IBUF_inst/O
                         net (fo=1, routed)           1.972     3.412    clk_IBUF
    BUFGCTRL_X0Y3        BUFG (Prop_bufg_I_O)         0.096     3.508 r  clk_IBUF_BUFG_inst/O
                         net (fo=45, routed)          1.545     5.053    addrc/clk
    SLICE_X30Y24         FDCE                                         r  addrc/buffer_select_reg/C
  -------------------------------------------------------------------    -------------------
    SLICE_X30Y24         FDCE (Prop_fdce_C_Q)         0.518     5.571 r  addrc/buffer_select_reg/Q
                         net (fo=43, routed)          1.225     6.796    addrc/addra[16]
    SLICE_X14Y17         LUT3 (Prop_lut3_I1_O)        0.124     6.920 r  addrc/addrb[9]_INST_0_i_3/O
                         net (fo=1, routed)           0.000     6.920    addrc/addrb[9]_INST_0_i_3_n_0
    SLICE_X14Y17         CARRY4 (Prop_carry4_S[3]_CO[3])
                                                      0.376     7.296 r  addrc/addrb[9]_INST_0_i_1/CO[3]
                         net (fo=1, routed)           0.000     7.296    addrc/addrb[9]_INST_0_i_1_n_0
    SLICE_X14Y18         CARRY4 (Prop_carry4_CI_O[1])
                                                      0.323     7.619 r  addrc/addrb[13]_INST_0_i_1/O[1]
                         net (fo=1, routed)           1.092     8.711    addrc/addrb[13]_INST_0_i_1_n_6
    SLICE_X13Y18         CARRY4 (Prop_carry4_S[1]_O[3])
                                                      0.946     9.657 r  addrc/addrb[13]_INST_0/O[3]
                         net (fo=5, routed)           0.818    10.475    framebuffer/U0/inst_blk_mem_gen/gnbram.gnativebmg.native_blk_mem_gen/valid.cstr/addrb[16]
    SLICE_X15Y19         LUT2 (Prop_lut2_I0_O)        0.334    10.809 r  framebuffer/U0/inst_blk_mem_gen/gnbram.gnativebmg.native_blk_mem_gen/valid.cstr/DEVICE_7SERIES.NO_BMM_INFO.TRUE_DP.CASCADED_PRIM36.ram_T_i_2__0/O
                         net (fo=8, routed)           2.303    13.112    framebuffer/U0/inst_blk_mem_gen/gnbram.gnativebmg.native_blk_mem_gen/valid.cstr/ramloop[10].ram.r/prim_noinit.ram/ENB
    RAMB36_X1Y6          RAMB36E1                                     r  framebuffer/U0/inst_blk_mem_gen/gnbram.gnativebmg.native_blk_mem_gen/valid.cstr/ramloop[10].ram.r/prim_noinit.ram/DEVICE_7SERIES.NO_BMM_INFO.TRUE_DP.CASCADED_PRIM36.ram_T/ENBWREN
  -------------------------------------------------------------------    -------------------

                         (clock clk_100 rise edge)   10.000    10.000 r  
    N15                                               0.000    10.000 r  clk (IN)
                         net (fo=0)                   0.000    10.000    clk
    N15                  IBUF (Prop_ibuf_I_O)         1.370    11.370 r  clk_IBUF_inst/O
                         net (fo=1, routed)           1.868    13.238    clk_IBUF
    BUFGCTRL_X0Y3        BUFG (Prop_bufg_I_O)         0.091    13.329 r  clk_IBUF_BUFG_inst/O
                         net (fo=45, routed)          1.484    14.813    framebuffer/U0/inst_blk_mem_gen/gnbram.gnativebmg.native_blk_mem_gen/valid.cstr/ramloop[10].ram.r/prim_noinit.ram/clka
    RAMB36_X1Y6          RAMB36E1                                     r  framebuffer/U0/inst_blk_mem_gen/gnbram.gnativebmg.native_blk_mem_gen/valid.cstr/ramloop[10].ram.r/prim_noinit.ram/DEVICE_7SERIES.NO_BMM_INFO.TRUE_DP.CASCADED_PRIM36.ram_T/CLKBWRCLK
                         clock pessimism              0.187    15.000    
                         clock uncertainty           -0.035    14.964    
    RAMB36_X1Y6          RAMB36E1 (Setup_ramb36e1_CLKBWRCLK_ENBWREN)
                                                     -0.651    14.313    framebuffer/U0/inst_blk_mem_gen/gnbram.gnativebmg.native_blk_mem_gen/valid.cstr/ramloop[10].ram.r/prim_noinit.ram/DEVICE_7SERIES.NO_BMM_INFO.TRUE_DP.CASCADED_PRIM36.ram_T
  -------------------------------------------------------------------
                         required time                         14.313    
                         arrival time                         -13.112    
  -------------------------------------------------------------------
                         slack                                  1.201    

Slack (MET) :             1.255ns  (required time - arrival time)
  Source:                 addrc/buffer_select_reg/C
                            (rising edge-triggered cell FDCE clocked by clk_100  {rise@0.000ns fall@5.000ns period=10.000ns})
  Destination:            framebuffer/U0/inst_blk_mem_gen/gnbram.gnativebmg.native_blk_mem_gen/valid.cstr/ramloop[4].ram.r/prim_noinit.ram/DEVICE_7SERIES.NO_BMM_INFO.TRUE_DP.CASCADED_PRIM36.ram_B/ENBWREN
                            (rising edge-triggered cell RAMB36E1 clocked by clk_100  {rise@0.000ns fall@5.000ns period=10.000ns})
  Path Group:             clk_100
  Path Type:              Setup (Max at Slow Process Corner)
  Requirement:            10.000ns  (clk_100 rise@10.000ns - clk_100 rise@0.000ns)
  Data Path Delay:        8.219ns  (logic 2.593ns (31.550%)  route 5.626ns (68.450%))
  Logic Levels:           5  (CARRY4=3 LUT2=1 LUT3=1)
  Clock Path Skew:        -0.049ns (DCD - SCD + CPR)
    Destination Clock Delay (DCD):    4.818ns = ( 14.818 - 10.000 ) 
    Source Clock Delay      (SCD):    5.053ns
    Clock Pessimism Removal (CPR):    0.187ns
  Clock Uncertainty:      0.035ns  ((TSJ^2 + TIJ^2)^1/2 + DJ) / 2 + PE
    Total System Jitter     (TSJ):    0.071ns
    Total Input Jitter      (TIJ):    0.000ns
    Discrete Jitter          (DJ):    0.000ns
    Phase Error              (PE):    0.000ns

    Location             Delay type                Incr(ns)  Path(ns)    Netlist Resource(s)
  -------------------------------------------------------------------    -------------------
                         (clock clk_100 rise edge)    0.000     0.000 r  
    N15                                               0.000     0.000 r  clk (IN)
                         net (fo=0)                   0.000     0.000    clk
    N15                  IBUF (Prop_ibuf_I_O)         1.440     1.440 r  clk_IBUF_inst/O
                         net (fo=1, routed)           1.972     3.412    clk_IBUF
    BUFGCTRL_X0Y3        BUFG (Prop_bufg_I_O)         0.096     3.508 r  clk_IBUF_BUFG_inst/O
                         net (fo=45, routed)          1.545     5.053    addrc/clk
    SLICE_X30Y24         FDCE                                         r  addrc/buffer_select_reg/C
  -------------------------------------------------------------------    -------------------
    SLICE_X30Y24         FDCE (Prop_fdce_C_Q)         0.518     5.571 r  addrc/buffer_select_reg/Q
                         net (fo=43, routed)          1.225     6.796    addrc/addra[16]
    SLICE_X14Y17         LUT3 (Prop_lut3_I1_O)        0.124     6.920 r  addrc/addrb[9]_INST_0_i_3/O
                         net (fo=1, routed)           0.000     6.920    addrc/addrb[9]_INST_0_i_3_n_0
    SLICE_X14Y17         CARRY4 (Prop_carry4_S[3]_CO[3])
                                                      0.376     7.296 r  addrc/addrb[9]_INST_0_i_1/CO[3]
                         net (fo=1, routed)           0.000     7.296    addrc/addrb[9]_INST_0_i_1_n_0
    SLICE_X14Y18         CARRY4 (Prop_carry4_CI_O[1])
                                                      0.323     7.619 r  addrc/addrb[13]_INST_0_i_1/O[1]
                         net (fo=1, routed)           1.092     8.711    addrc/addrb[13]_INST_0_i_1_n_6
    SLICE_X13Y18         CARRY4 (Prop_carry4_S[1]_O[3])
                                                      0.946     9.657 f  addrc/addrb[13]_INST_0/O[3]
                         net (fo=5, routed)           0.818    10.475    framebuffer/U0/inst_blk_mem_gen/gnbram.gnativebmg.native_blk_mem_gen/valid.cstr/addrb[16]
    SLICE_X15Y19         LUT2 (Prop_lut2_I1_O)        0.306    10.781 r  framebuffer/U0/inst_blk_mem_gen/gnbram.gnativebmg.native_blk_mem_gen/valid.cstr/DEVICE_7SERIES.NO_BMM_INFO.TRUE_DP.CASCADED_PRIM36.ram_T_i_2/O
                         net (fo=8, routed)           2.491    13.272    framebuffer/U0/inst_blk_mem_gen/gnbram.gnativebmg.native_blk_mem_gen/valid.cstr/ramloop[4].ram.r/prim_noinit.ram/ENB
    RAMB36_X1Y7          RAMB36E1                                     r  framebuffer/U0/inst_blk_mem_gen/gnbram.gnativebmg.native_blk_mem_gen/valid.cstr/ramloop[4].ram.r/prim_noinit.ram/DEVICE_7SERIES.NO_BMM_INFO.TRUE_DP.CASCADED_PRIM36.ram_B/ENBWREN
  -------------------------------------------------------------------    -------------------

                         (clock clk_100 rise edge)   10.000    10.000 r  
    N15                                               0.000    10.000 r  clk (IN)
                         net (fo=0)                   0.000    10.000    clk
    N15                  IBUF (Prop_ibuf_I_O)         1.370    11.370 r  clk_IBUF_inst/O
                         net (fo=1, routed)           1.868    13.238    clk_IBUF
    BUFGCTRL_X0Y3        BUFG (Prop_bufg_I_O)         0.091    13.329 r  clk_IBUF_BUFG_inst/O
                         net (fo=45, routed)          1.489    14.818    framebuffer/U0/inst_blk_mem_gen/gnbram.gnativebmg.native_blk_mem_gen/valid.cstr/ramloop[4].ram.r/prim_noinit.ram/clka
    RAMB36_X1Y7          RAMB36E1                                     r  framebuffer/U0/inst_blk_mem_gen/gnbram.gnativebmg.native_blk_mem_gen/valid.cstr/ramloop[4].ram.r/prim_noinit.ram/DEVICE_7SERIES.NO_BMM_INFO.TRUE_DP.CASCADED_PRIM36.ram_B/CLKBWRCLK
                         clock pessimism              0.187    15.005    
                         clock uncertainty           -0.035    14.969    
    RAMB36_X1Y7          RAMB36E1 (Setup_ramb36e1_CLKBWRCLK_ENBWREN)
                                                     -0.443    14.526    framebuffer/U0/inst_blk_mem_gen/gnbram.gnativebmg.native_blk_mem_gen/valid.cstr/ramloop[4].ram.r/prim_noinit.ram/DEVICE_7SERIES.NO_BMM_INFO.TRUE_DP.CASCADED_PRIM36.ram_B
  -------------------------------------------------------------------
                         required time                         14.526    
                         arrival time                         -13.272    
  -------------------------------------------------------------------
                         slack                                  1.255    

Slack (MET) :             1.259ns  (required time - arrival time)
  Source:                 addrc/buffer_select_reg/C
                            (rising edge-triggered cell FDCE clocked by clk_100  {rise@0.000ns fall@5.000ns period=10.000ns})
  Destination:            framebuffer/U0/inst_blk_mem_gen/gnbram.gnativebmg.native_blk_mem_gen/valid.cstr/ramloop[4].ram.r/prim_noinit.ram/DEVICE_7SERIES.NO_BMM_INFO.TRUE_DP.CASCADED_PRIM36.ram_T/ENBWREN
                            (rising edge-triggered cell RAMB36E1 clocked by clk_100  {rise@0.000ns fall@5.000ns period=10.000ns})
  Path Group:             clk_100
  Path Type:              Setup (Max at Slow Process Corner)
  Requirement:            10.000ns  (clk_100 rise@10.000ns - clk_100 rise@0.000ns)
  Data Path Delay:        8.218ns  (logic 2.593ns (31.554%)  route 5.625ns (68.446%))
  Logic Levels:           5  (CARRY4=3 LUT2=1 LUT3=1)
  Clock Path Skew:        -0.045ns (DCD - SCD + CPR)
    Destination Clock Delay (DCD):    4.822ns = ( 14.822 - 10.000 ) 
    Source Clock Delay      (SCD):    5.053ns
    Clock Pessimism Removal (CPR):    0.187ns
  Clock Uncertainty:      0.035ns  ((TSJ^2 + TIJ^2)^1/2 + DJ) / 2 + PE
    Total System Jitter     (TSJ):    0.071ns
    Total Input Jitter      (TIJ):    0.000ns
    Discrete Jitter          (DJ):    0.000ns
    Phase Error              (PE):    0.000ns

    Location             Delay type                Incr(ns)  Path(ns)    Netlist Resource(s)
  -------------------------------------------------------------------    -------------------
                         (clock clk_100 rise edge)    0.000     0.000 r  
    N15                                               0.000     0.000 r  clk (IN)
                         net (fo=0)                   0.000     0.000    clk
    N15                  IBUF (Prop_ibuf_I_O)         1.440     1.440 r  clk_IBUF_inst/O
                         net (fo=1, routed)           1.972     3.412    clk_IBUF
    BUFGCTRL_X0Y3        BUFG (Prop_bufg_I_O)         0.096     3.508 r  clk_IBUF_BUFG_inst/O
                         net (fo=45, routed)          1.545     5.053    addrc/clk
    SLICE_X30Y24         FDCE                                         r  addrc/buffer_select_reg/C
  -------------------------------------------------------------------    -------------------
    SLICE_X30Y24         FDCE (Prop_fdce_C_Q)         0.518     5.571 r  addrc/buffer_select_reg/Q
                         net (fo=43, routed)          1.225     6.796    addrc/addra[16]
    SLICE_X14Y17         LUT3 (Prop_lut3_I1_O)        0.124     6.920 r  addrc/addrb[9]_INST_0_i_3/O
                         net (fo=1, routed)           0.000     6.920    addrc/addrb[9]_INST_0_i_3_n_0
    SLICE_X14Y17         CARRY4 (Prop_carry4_S[3]_CO[3])
                                                      0.376     7.296 r  addrc/addrb[9]_INST_0_i_1/CO[3]
                         net (fo=1, routed)           0.000     7.296    addrc/addrb[9]_INST_0_i_1_n_0
    SLICE_X14Y18         CARRY4 (Prop_carry4_CI_O[1])
                                                      0.323     7.619 r  addrc/addrb[13]_INST_0_i_1/O[1]
                         net (fo=1, routed)           1.092     8.711    addrc/addrb[13]_INST_0_i_1_n_6
    SLICE_X13Y18         CARRY4 (Prop_carry4_S[1]_O[3])
                                                      0.946     9.657 f  addrc/addrb[13]_INST_0/O[3]
                         net (fo=5, routed)           0.818    10.475    framebuffer/U0/inst_blk_mem_gen/gnbram.gnativebmg.native_blk_mem_gen/valid.cstr/addrb[16]
    SLICE_X15Y19         LUT2 (Prop_lut2_I1_O)        0.306    10.781 r  framebuffer/U0/inst_blk_mem_gen/gnbram.gnativebmg.native_blk_mem_gen/valid.cstr/DEVICE_7SERIES.NO_BMM_INFO.TRUE_DP.CASCADED_PRIM36.ram_T_i_2/O
                         net (fo=8, routed)           2.490    13.271    framebuffer/U0/inst_blk_mem_gen/gnbram.gnativebmg.native_blk_mem_gen/valid.cstr/ramloop[4].ram.r/prim_noinit.ram/ENB
    RAMB36_X1Y8          RAMB36E1                                     r  framebuffer/U0/inst_blk_mem_gen/gnbram.gnativebmg.native_blk_mem_gen/valid.cstr/ramloop[4].ram.r/prim_noinit.ram/DEVICE_7SERIES.NO_BMM_INFO.TRUE_DP.CASCADED_PRIM36.ram_T/ENBWREN
  -------------------------------------------------------------------    -------------------

                         (clock clk_100 rise edge)   10.000    10.000 r  
    N15                                               0.000    10.000 r  clk (IN)
                         net (fo=0)                   0.000    10.000    clk
    N15                  IBUF (Prop_ibuf_I_O)         1.370    11.370 r  clk_IBUF_inst/O
                         net (fo=1, routed)           1.868    13.238    clk_IBUF
    BUFGCTRL_X0Y3        BUFG (Prop_bufg_I_O)         0.091    13.329 r  clk_IBUF_BUFG_inst/O
                         net (fo=45, routed)          1.493    14.822    framebuffer/U0/inst_blk_mem_gen/gnbram.gnativebmg.native_blk_mem_gen/valid.cstr/ramloop[4].ram.r/prim_noinit.ram/clka
    RAMB36_X1Y8          RAMB36E1                                     r  framebuffer/U0/inst_blk_mem_gen/gnbram.gnativebmg.native_blk_mem_gen/valid.cstr/ramloop[4].ram.r/prim_noinit.ram/DEVICE_7SERIES.NO_BMM_INFO.TRUE_DP.CASCADED_PRIM36.ram_T/CLKBWRCLK
                         clock pessimism              0.187    15.009    
                         clock uncertainty           -0.035    14.973    
    RAMB36_X1Y8          RAMB36E1 (Setup_ramb36e1_CLKBWRCLK_ENBWREN)
                                                     -0.443    14.530    framebuffer/U0/inst_blk_mem_gen/gnbram.gnativebmg.native_blk_mem_gen/valid.cstr/ramloop[4].ram.r/prim_noinit.ram/DEVICE_7SERIES.NO_BMM_INFO.TRUE_DP.CASCADED_PRIM36.ram_T
  -------------------------------------------------------------------
                         required time                         14.530    
                         arrival time                         -13.271    
  -------------------------------------------------------------------
                         slack                                  1.259    





Min Delay Paths
--------------------------------------------------------------------------------------
Slack (MET) :             0.293ns  (arrival time - required time)
  Source:                 addrc/buffer_select_reg/C
                            (rising edge-triggered cell FDCE clocked by clk_100  {rise@0.000ns fall@5.000ns period=10.000ns})
  Destination:            addrc/buffer_select_reg/D
                            (rising edge-triggered cell FDCE clocked by clk_100  {rise@0.000ns fall@5.000ns period=10.000ns})
  Path Group:             clk_100
  Path Type:              Hold (Min at Fast Process Corner)
  Requirement:            0.000ns  (clk_100 rise@0.000ns - clk_100 rise@0.000ns)
  Data Path Delay:        0.413ns  (logic 0.209ns (50.601%)  route 0.204ns (49.399%))
  Logic Levels:           1  (LUT2=1)
  Clock Path Skew:        0.000ns (DCD - SCD - CPR)
    Destination Clock Delay (DCD):    1.929ns
    Source Clock Delay      (SCD):    1.418ns
    Clock Pessimism Removal (CPR):    0.511ns

    Location             Delay type                Incr(ns)  Path(ns)    Netlist Resource(s)
  -------------------------------------------------------------------    -------------------
                         (clock clk_100 rise edge)    0.000     0.000 r  
    N15                                               0.000     0.000 r  clk (IN)
                         net (fo=0)                   0.000     0.000    clk
    N15                  IBUF (Prop_ibuf_I_O)         0.209     0.209 r  clk_IBUF_inst/O
                         net (fo=1, routed)           0.634     0.843    clk_IBUF
    BUFGCTRL_X0Y3        BUFG (Prop_bufg_I_O)         0.026     0.869 r  clk_IBUF_BUFG_inst/O
                         net (fo=45, routed)          0.550     1.418    addrc/clk
    SLICE_X30Y24         FDCE                                         r  addrc/buffer_select_reg/C
  -------------------------------------------------------------------    -------------------
    SLICE_X30Y24         FDCE (Prop_fdce_C_Q)         0.164     1.582 r  addrc/buffer_select_reg/Q
                         net (fo=43, routed)          0.204     1.786    addrc/addra[16]
    SLICE_X30Y24         LUT2 (Prop_lut2_I1_O)        0.045     1.831 r  addrc/buffer_select_i_1/O
                         net (fo=1, routed)           0.000     1.831    addrc/buffer_select_i_1_n_0
    SLICE_X30Y24         FDCE                                         r  addrc/buffer_select_reg/D
  -------------------------------------------------------------------    -------------------

                         (clock clk_100 rise edge)    0.000     0.000 r  
    N15                                               0.000     0.000 r  clk (IN)
                         net (fo=0)                   0.000     0.000    clk
    N15                  IBUF (Prop_ibuf_I_O)         0.396     0.396 r  clk_IBUF_inst/O
                         net (fo=1, routed)           0.689     1.085    clk_IBUF
    BUFGCTRL_X0Y3        BUFG (Prop_bufg_I_O)         0.029     1.114 r  clk_IBUF_BUFG_inst/O
                         net (fo=45, routed)          0.816     1.929    addrc/clk
    SLICE_X30Y24         FDCE                                         r  addrc/buffer_select_reg/C
                         clock pessimism             -0.511     1.418    
    SLICE_X30Y24         FDCE (Hold_fdce_C_D)         0.120     1.538    addrc/buffer_select_reg
  -------------------------------------------------------------------
                         required time                         -1.538    
                         arrival time                           1.831    
  -------------------------------------------------------------------
                         slack                                  0.293    

Slack (MET) :             0.542ns  (arrival time - required time)
  Source:                 addrc/buffer_select_reg/C
                            (rising edge-triggered cell FDCE clocked by clk_100  {rise@0.000ns fall@5.000ns period=10.000ns})
  Destination:            framebuffer/U0/inst_blk_mem_gen/gnbram.gnativebmg.native_blk_mem_gen/valid.cstr/ramloop[10].ram.r/prim_noinit.ram/DEVICE_7SERIES.NO_BMM_INFO.TRUE_DP.CASCADED_PRIM36.ram_B/ADDRARDADDR[12]
                            (rising edge-triggered cell RAMB36E1 clocked by clk_100  {rise@0.000ns fall@5.000ns period=10.000ns})
  Path Group:             clk_100
  Path Type:              Hold (Min at Fast Process Corner)
  Requirement:            0.000ns  (clk_100 rise@0.000ns - clk_100 rise@0.000ns)
  Data Path Delay:        0.971ns  (logic 0.207ns (21.327%)  route 0.764ns (78.673%))
  Logic Levels:           1  (LUT1=1)
  Clock Path Skew:        0.311ns (DCD - SCD - CPR)
    Destination Clock Delay (DCD):    1.980ns
    Source Clock Delay      (SCD):    1.418ns
    Clock Pessimism Removal (CPR):    0.250ns

    Location             Delay type                Incr(ns)  Path(ns)    Netlist Resource(s)
  -------------------------------------------------------------------    -------------------
                         (clock clk_100 rise edge)    0.000     0.000 r  
    N15                                               0.000     0.000 r  clk (IN)
                         net (fo=0)                   0.000     0.000    clk
    N15                  IBUF (Prop_ibuf_I_O)         0.209     0.209 r  clk_IBUF_inst/O
                         net (fo=1, routed)           0.634     0.843    clk_IBUF
    BUFGCTRL_X0Y3        BUFG (Prop_bufg_I_O)         0.026     0.869 r  clk_IBUF_BUFG_inst/O
                         net (fo=45, routed)          0.550     1.418    addrc/clk
    SLICE_X30Y24         FDCE                                         r  addrc/buffer_select_reg/C
  -------------------------------------------------------------------    -------------------
    SLICE_X30Y24         FDCE (Prop_fdce_C_Q)         0.164     1.582 f  addrc/buffer_select_reg/Q
                         net (fo=43, routed)          0.204     1.786    addrc/addra[16]
    SLICE_X30Y24         LUT1 (Prop_lut1_I0_O)        0.043     1.829 r  addrc/addra[12]_INST_0/O
                         net (fo=35, routed)          0.560     2.389    framebuffer/U0/inst_blk_mem_gen/gnbram.gnativebmg.native_blk_mem_gen/valid.cstr/ramloop[10].ram.r/prim_noinit.ram/addra[12]
    RAMB36_X1Y5          RAMB36E1                                     r  framebuffer/U0/inst_blk_mem_gen/gnbram.gnativebmg.native_blk_mem_gen/valid.cstr/ramloop[10].ram.r/prim_noinit.ram/DEVICE_7SERIES.NO_BMM_INFO.TRUE_DP.CASCADED_PRIM36.ram_B/ADDRARDADDR[12]
  -------------------------------------------------------------------    -------------------

                         (clock clk_100 rise edge)    0.000     0.000 r  
    N15                                               0.000     0.000 r  clk (IN)
                         net (fo=0)                   0.000     0.000    clk
    N15                  IBUF (Prop_ibuf_I_O)         0.396     0.396 r  clk_IBUF_inst/O
                         net (fo=1, routed)           0.689     1.085    clk_IBUF
    BUFGCTRL_X0Y3        BUFG (Prop_bufg_I_O)         0.029     1.114 r  clk_IBUF_BUFG_inst/O
                         net (fo=45, routed)          0.866     1.980    framebuffer/U0/inst_blk_mem_gen/gnbram.gnativebmg.native_blk_mem_gen/valid.cstr/ramloop[10].ram.r/prim_noinit.ram/clka
    RAMB36_X1Y5          RAMB36E1                                     r  framebuffer/U0/inst_blk_mem_gen/gnbram.gnativebmg.native_blk_mem_gen/valid.cstr/ramloop[10].ram.r/prim_noinit.ram/DEVICE_7SERIES.NO_BMM_INFO.TRUE_DP.CASCADED_PRIM36.ram_B/CLKARDCLK
                         clock pessimism             -0.250     1.730    
    RAMB36_X1Y5          RAMB36E1 (Hold_ramb36e1_CLKARDCLK_ADDRARDADDR[12])
                                                      0.117     1.847    framebuffer/U0/inst_blk_mem_gen/gnbram.gnativebmg.native_blk_mem_gen/valid.cstr/ramloop[10].ram.r/prim_noinit.ram/DEVICE_7SERIES.NO_BMM_INFO.TRUE_DP.CASCADED_PRIM36.ram_B
  -------------------------------------------------------------------
                         required time                         -1.847    
                         arrival time                           2.389    
  -------------------------------------------------------------------
                         slack                                  0.542    

Slack (MET) :             0.643ns  (arrival time - required time)
  Source:                 addrc/buffer_select_reg/C
                            (rising edge-triggered cell FDCE clocked by clk_100  {rise@0.000ns fall@5.000ns period=10.000ns})
  Destination:            framebuffer/U0/inst_blk_mem_gen/gnbram.gnativebmg.native_blk_mem_gen/valid.cstr/ramloop[10].ram.r/prim_noinit.ram/DEVICE_7SERIES.NO_BMM_INFO.TRUE_DP.CASCADED_PRIM36.ram_T/ADDRARDADDR[12]
                            (rising edge-triggered cell RAMB36E1 clocked by clk_100  {rise@0.000ns fall@5.000ns period=10.000ns})
  Path Group:             clk_100
  Path Type:              Hold (Min at Fast Process Corner)
  Requirement:            0.000ns  (clk_100 rise@0.000ns - clk_100 rise@0.000ns)
  Data Path Delay:        1.077ns  (logic 0.207ns (19.228%)  route 0.870ns (80.772%))
  Logic Levels:           1  (LUT1=1)
  Clock Path Skew:        0.316ns (DCD - SCD - CPR)
    Destination Clock Delay (DCD):    1.985ns
    Source Clock Delay      (SCD):    1.418ns
    Clock Pessimism Removal (CPR):    0.250ns

    Location             Delay type                Incr(ns)  Path(ns)    Netlist Resource(s)
  -------------------------------------------------------------------    -------------------
                         (clock clk_100 rise edge)    0.000     0.000 r  
    N15                                               0.000     0.000 r  clk (IN)
                         net (fo=0)                   0.000     0.000    clk
    N15                  IBUF (Prop_ibuf_I_O)         0.209     0.209 r  clk_IBUF_inst/O
                         net (fo=1, routed)           0.634     0.843    clk_IBUF
    BUFGCTRL_X0Y3        BUFG (Prop_bufg_I_O)         0.026     0.869 r  clk_IBUF_BUFG_inst/O
                         net (fo=45, routed)          0.550     1.418    addrc/clk
    SLICE_X30Y24         FDCE                                         r  addrc/buffer_select_reg/C
  -------------------------------------------------------------------    -------------------
    SLICE_X30Y24         FDCE (Prop_fdce_C_Q)         0.164     1.582 f  addrc/buffer_select_reg/Q
                         net (fo=43, routed)          0.204     1.786    addrc/addra[16]
    SLICE_X30Y24         LUT1 (Prop_lut1_I0_O)        0.043     1.829 r  addrc/addra[12]_INST_0/O
                         net (fo=35, routed)          0.666     2.495    framebuffer/U0/inst_blk_mem_gen/gnbram.gnativebmg.native_blk_mem_gen/valid.cstr/ramloop[10].ram.r/prim_noinit.ram/addra[12]
    RAMB36_X1Y6          RAMB36E1                                     r  framebuffer/U0/inst_blk_mem_gen/gnbram.gnativebmg.native_blk_mem_gen/valid.cstr/ramloop[10].ram.r/prim_noinit.ram/DEVICE_7SERIES.NO_BMM_INFO.TRUE_DP.CASCADED_PRIM36.ram_T/ADDRARDADDR[12]
  -------------------------------------------------------------------    -------------------

                         (clock clk_100 rise edge)    0.000     0.000 r  
    N15                                               0.000     0.000 r  clk (IN)
                         net (fo=0)                   0.000     0.000    clk
    N15                  IBUF (Prop_ibuf_I_O)         0.396     0.396 r  clk_IBUF_inst/O
                         net (fo=1, routed)           0.689     1.085    clk_IBUF
    BUFGCTRL_X0Y3        BUFG (Prop_bufg_I_O)         0.029     1.114 r  clk_IBUF_BUFG_inst/O
                         net (fo=45, routed)          0.871     1.985    framebuffer/U0/inst_blk_mem_gen/gnbram.gnativebmg.native_blk_mem_gen/valid.cstr/ramloop[10].ram.r/prim_noinit.ram/clka
    RAMB36_X1Y6          RAMB36E1                                     r  framebuffer/U0/inst_blk_mem_gen/gnbram.gnativebmg.native_blk_mem_gen/valid.cstr/ramloop[10].ram.r/prim_noinit.ram/DEVICE_7SERIES.NO_BMM_INFO.TRUE_DP.CASCADED_PRIM36.ram_T/CLKARDCLK
                         clock pessimism             -0.250     1.735    
    RAMB36_X1Y6          RAMB36E1 (Hold_ramb36e1_CLKARDCLK_ADDRARDADDR[12])
                                                      0.117     1.852    framebuffer/U0/inst_blk_mem_gen/gnbram.gnativebmg.native_blk_mem_gen/valid.cstr/ramloop[10].ram.r/prim_noinit.ram/DEVICE_7SERIES.NO_BMM_INFO.TRUE_DP.CASCADED_PRIM36.ram_T
  -------------------------------------------------------------------
                         required time                         -1.852    
                         arrival time                           2.495    
  -------------------------------------------------------------------
                         slack                                  0.643    

Slack (MET) :             0.700ns  (arrival time - required time)
  Source:                 addrc/buffer_select_reg/C
                            (rising edge-triggered cell FDCE clocked by clk_100  {rise@0.000ns fall@5.000ns period=10.000ns})
  Destination:            framebuffer/U0/inst_blk_mem_gen/gnbram.gnativebmg.native_blk_mem_gen/valid.cstr/ramloop[10].ram.r/prim_noinit.ram/DEVICE_7SERIES.NO_BMM_INFO.TRUE_DP.CASCADED_PRIM36.ram_T/ADDRARDADDR[14]
                            (rising edge-triggered cell RAMB36E1 clocked by clk_100  {rise@0.000ns fall@5.000ns period=10.000ns})
  Path Group:             clk_100
  Path Type:              Hold (Min at Fast Process Corner)
  Requirement:            0.000ns  (clk_100 rise@0.000ns - clk_100 rise@0.000ns)
  Data Path Delay:        1.133ns  (logic 0.207ns (18.268%)  route 0.926ns (81.732%))
  Logic Levels:           1  (LUT1=1)
  Clock Path Skew:        0.316ns (DCD - SCD - CPR)
    Destination Clock Delay (DCD):    1.985ns
    Source Clock Delay      (SCD):    1.418ns
    Clock Pessimism Removal (CPR):    0.250ns

    Location             Delay type                Incr(ns)  Path(ns)    Netlist Resource(s)
  -------------------------------------------------------------------    -------------------
                         (clock clk_100 rise edge)    0.000     0.000 r  
    N15                                               0.000     0.000 r  clk (IN)
                         net (fo=0)                   0.000     0.000    clk
    N15                  IBUF (Prop_ibuf_I_O)         0.209     0.209 r  clk_IBUF_inst/O
                         net (fo=1, routed)           0.634     0.843    clk_IBUF
    BUFGCTRL_X0Y3        BUFG (Prop_bufg_I_O)         0.026     0.869 r  clk_IBUF_BUFG_inst/O
                         net (fo=45, routed)          0.550     1.418    addrc/clk
    SLICE_X30Y24         FDCE                                         r  addrc/buffer_select_reg/C
  -------------------------------------------------------------------    -------------------
    SLICE_X30Y24         FDCE (Prop_fdce_C_Q)         0.164     1.582 f  addrc/buffer_select_reg/Q
                         net (fo=43, routed)          0.204     1.786    addrc/addra[16]
    SLICE_X30Y24         LUT1 (Prop_lut1_I0_O)        0.043     1.829 r  addrc/addra[12]_INST_0/O
                         net (fo=35, routed)          0.722     2.551    framebuffer/U0/inst_blk_mem_gen/gnbram.gnativebmg.native_blk_mem_gen/valid.cstr/ramloop[10].ram.r/prim_noinit.ram/addra[14]
    RAMB36_X1Y6          RAMB36E1                                     r  framebuffer/U0/inst_blk_mem_gen/gnbram.gnativebmg.native_blk_mem_gen/valid.cstr/ramloop[10].ram.r/prim_noinit.ram/DEVICE_7SERIES.NO_BMM_INFO.TRUE_DP.CASCADED_PRIM36.ram_T/ADDRARDADDR[14]
  -------------------------------------------------------------------    -------------------

                         (clock clk_100 rise edge)    0.000     0.000 r  
    N15                                               0.000     0.000 r  clk (IN)
                         net (fo=0)                   0.000     0.000    clk
    N15                  IBUF (Prop_ibuf_I_O)         0.396     0.396 r  clk_IBUF_inst/O
                         net (fo=1, routed)           0.689     1.085    clk_IBUF
    BUFGCTRL_X0Y3        BUFG (Prop_bufg_I_O)         0.029     1.114 r  clk_IBUF_BUFG_inst/O
                         net (fo=45, routed)          0.871     1.985    framebuffer/U0/inst_blk_mem_gen/gnbram.gnativebmg.native_blk_mem_gen/valid.cstr/ramloop[10].ram.r/prim_noinit.ram/clka
    RAMB36_X1Y6          RAMB36E1                                     r  framebuffer/U0/inst_blk_mem_gen/gnbram.gnativebmg.native_blk_mem_gen/valid.cstr/ramloop[10].ram.r/prim_noinit.ram/DEVICE_7SERIES.NO_BMM_INFO.TRUE_DP.CASCADED_PRIM36.ram_T/CLKARDCLK
                         clock pessimism             -0.250     1.735    
    RAMB36_X1Y6          RAMB36E1 (Hold_ramb36e1_CLKARDCLK_ADDRARDADDR[14])
                                                      0.117     1.852    framebuffer/U0/inst_blk_mem_gen/gnbram.gnativebmg.native_blk_mem_gen/valid.cstr/ramloop[10].ram.r/prim_noinit.ram/DEVICE_7SERIES.NO_BMM_INFO.TRUE_DP.CASCADED_PRIM36.ram_T
  -------------------------------------------------------------------
                         required time                         -1.852    
                         arrival time                           2.551    
  -------------------------------------------------------------------
                         slack                                  0.700    

Slack (MET) :             0.714ns  (arrival time - required time)
  Source:                 addrc/buffer_select_reg/C
                            (rising edge-triggered cell FDCE clocked by clk_100  {rise@0.000ns fall@5.000ns period=10.000ns})
  Destination:            framebuffer/U0/inst_blk_mem_gen/gnbram.gnativebmg.native_blk_mem_gen/valid.cstr/ramloop[9].ram.r/prim_noinit.ram/DEVICE_7SERIES.NO_BMM_INFO.TRUE_DP.CASCADED_PRIM36.ram_T/ADDRARDADDR[15]
                            (rising edge-triggered cell RAMB36E1 clocked by clk_100  {rise@0.000ns fall@5.000ns period=10.000ns})
  Path Group:             clk_100
  Path Type:              Hold (Min at Fast Process Corner)
  Requirement:            0.000ns  (clk_100 rise@0.000ns - clk_100 rise@0.000ns)
  Data Path Delay:        1.208ns  (logic 0.164ns (13.574%)  route 1.044ns (86.426%))
  Logic Levels:           0  
  Clock Path Skew:        0.314ns (DCD - SCD - CPR)
    Destination Clock Delay (DCD):    1.983ns
    Source Clock Delay      (SCD):    1.418ns
    Clock Pessimism Removal (CPR):    0.250ns

    Location             Delay type                Incr(ns)  Path(ns)    Netlist Resource(s)
  -------------------------------------------------------------------    -------------------
                         (clock clk_100 rise edge)    0.000     0.000 r  
    N15                                               0.000     0.000 r  clk (IN)
                         net (fo=0)                   0.000     0.000    clk
    N15                  IBUF (Prop_ibuf_I_O)         0.209     0.209 r  clk_IBUF_inst/O
                         net (fo=1, routed)           0.634     0.843    clk_IBUF
    BUFGCTRL_X0Y3        BUFG (Prop_bufg_I_O)         0.026     0.869 r  clk_IBUF_BUFG_inst/O
                         net (fo=45, routed)          0.550     1.418    addrc/clk
    SLICE_X30Y24         FDCE                                         r  addrc/buffer_select_reg/C
  -------------------------------------------------------------------    -------------------
    SLICE_X30Y24         FDCE (Prop_fdce_C_Q)         0.164     1.582 r  addrc/buffer_select_reg/Q
                         net (fo=43, routed)          1.044     2.626    framebuffer/U0/inst_blk_mem_gen/gnbram.gnativebmg.native_blk_mem_gen/valid.cstr/ramloop[9].ram.r/prim_noinit.ram/addra[15]
    RAMB36_X1Y3          RAMB36E1                                     r  framebuffer/U0/inst_blk_mem_gen/gnbram.gnativebmg.native_blk_mem_gen/valid.cstr/ramloop[9].ram.r/prim_noinit.ram/DEVICE_7SERIES.NO_BMM_INFO.TRUE_DP.CASCADED_PRIM36.ram_T/ADDRARDADDR[15]
  -------------------------------------------------------------------    -------------------

                         (clock clk_100 rise edge)    0.000     0.000 r  
    N15                                               0.000     0.000 r  clk (IN)
                         net (fo=0)                   0.000     0.000    clk
    N15                  IBUF (Prop_ibuf_I_O)         0.396     0.396 r  clk_IBUF_inst/O
                         net (fo=1, routed)           0.689     1.085    clk_IBUF
    BUFGCTRL_X0Y3        BUFG (Prop_bufg_I_O)         0.029     1.114 r  clk_IBUF_BUFG_inst/O
                         net (fo=45, routed)          0.869     1.983    framebuffer/U0/inst_blk_mem_gen/gnbram.gnativebmg.native_blk_mem_gen/valid.cstr/ramloop[9].ram.r/prim_noinit.ram/clka
    RAMB36_X1Y3          RAMB36E1                                     r  framebuffer/U0/inst_blk_mem_gen/gnbram.gnativebmg.native_blk_mem_gen/valid.cstr/ramloop[9].ram.r/prim_noinit.ram/DEVICE_7SERIES.NO_BMM_INFO.TRUE_DP.CASCADED_PRIM36.ram_T/CLKARDCLK
                         clock pessimism             -0.250     1.733    
    RAMB36_X1Y3          RAMB36E1 (Hold_ramb36e1_CLKARDCLK_ADDRARDADDR[15])
                                                      0.180     1.913    framebuffer/U0/inst_blk_mem_gen/gnbram.gnativebmg.native_blk_mem_gen/valid.cstr/ramloop[9].ram.r/prim_noinit.ram/DEVICE_7SERIES.NO_BMM_INFO.TRUE_DP.CASCADED_PRIM36.ram_T
  -------------------------------------------------------------------
                         required time                         -1.913    
                         arrival time                           2.626    
  -------------------------------------------------------------------
                         slack                                  0.714    

Slack (MET) :             0.733ns  (arrival time - required time)
  Source:                 addrc/buffer_select_reg/C
                            (rising edge-triggered cell FDCE clocked by clk_100  {rise@0.000ns fall@5.000ns period=10.000ns})
  Destination:            framebuffer/U0/inst_blk_mem_gen/gnbram.gnativebmg.native_blk_mem_gen/valid.cstr/ramloop[9].ram.r/prim_noinit.ram/DEVICE_7SERIES.NO_BMM_INFO.TRUE_DP.CASCADED_PRIM36.ram_B/ADDRARDADDR[15]
                            (rising edge-triggered cell RAMB36E1 clocked by clk_100  {rise@0.000ns fall@5.000ns period=10.000ns})
  Path Group:             clk_100
  Path Type:              Hold (Min at Fast Process Corner)
  Requirement:            0.000ns  (clk_100 rise@0.000ns - clk_100 rise@0.000ns)
  Data Path Delay:        1.231ns  (logic 0.164ns (13.322%)  route 1.067ns (86.678%))
  Logic Levels:           0  
  Clock Path Skew:        0.318ns (DCD - SCD - CPR)
    Destination Clock Delay (DCD):    1.987ns
    Source Clock Delay      (SCD):    1.418ns
    Clock Pessimism Removal (CPR):    0.250ns

    Location             Delay type                Incr(ns)  Path(ns)    Netlist Resource(s)
  -------------------------------------------------------------------    -------------------
                         (clock clk_100 rise edge)    0.000     0.000 r  
    N15                                               0.000     0.000 r  clk (IN)
                         net (fo=0)                   0.000     0.000    clk
    N15                  IBUF (Prop_ibuf_I_O)         0.209     0.209 r  clk_IBUF_inst/O
                         net (fo=1, routed)           0.634     0.843    clk_IBUF
    BUFGCTRL_X0Y3        BUFG (Prop_bufg_I_O)         0.026     0.869 r  clk_IBUF_BUFG_inst/O
                         net (fo=45, routed)          0.550     1.418    addrc/clk
    SLICE_X30Y24         FDCE                                         r  addrc/buffer_select_reg/C
  -------------------------------------------------------------------    -------------------
    SLICE_X30Y24         FDCE (Prop_fdce_C_Q)         0.164     1.582 r  addrc/buffer_select_reg/Q
                         net (fo=43, routed)          1.067     2.649    framebuffer/U0/inst_blk_mem_gen/gnbram.gnativebmg.native_blk_mem_gen/valid.cstr/ramloop[9].ram.r/prim_noinit.ram/addra[15]
    RAMB36_X1Y2          RAMB36E1                                     r  framebuffer/U0/inst_blk_mem_gen/gnbram.gnativebmg.native_blk_mem_gen/valid.cstr/ramloop[9].ram.r/prim_noinit.ram/DEVICE_7SERIES.NO_BMM_INFO.TRUE_DP.CASCADED_PRIM36.ram_B/ADDRARDADDR[15]
  -------------------------------------------------------------------    -------------------

                         (clock clk_100 rise edge)    0.000     0.000 r  
    N15                                               0.000     0.000 r  clk (IN)
                         net (fo=0)                   0.000     0.000    clk
    N15                  IBUF (Prop_ibuf_I_O)         0.396     0.396 r  clk_IBUF_inst/O
                         net (fo=1, routed)           0.689     1.085    clk_IBUF
    BUFGCTRL_X0Y3        BUFG (Prop_bufg_I_O)         0.029     1.114 r  clk_IBUF_BUFG_inst/O
                         net (fo=45, routed)          0.873     1.987    framebuffer/U0/inst_blk_mem_gen/gnbram.gnativebmg.native_blk_mem_gen/valid.cstr/ramloop[9].ram.r/prim_noinit.ram/clka
    RAMB36_X1Y2          RAMB36E1                                     r  framebuffer/U0/inst_blk_mem_gen/gnbram.gnativebmg.native_blk_mem_gen/valid.cstr/ramloop[9].ram.r/prim_noinit.ram/DEVICE_7SERIES.NO_BMM_INFO.TRUE_DP.CASCADED_PRIM36.ram_B/CLKARDCLK
                         clock pessimism             -0.250     1.737    
    RAMB36_X1Y2          RAMB36E1 (Hold_ramb36e1_CLKARDCLK_ADDRARDADDR[15])
                                                      0.180     1.917    framebuffer/U0/inst_blk_mem_gen/gnbram.gnativebmg.native_blk_mem_gen/valid.cstr/ramloop[9].ram.r/prim_noinit.ram/DEVICE_7SERIES.NO_BMM_INFO.TRUE_DP.CASCADED_PRIM36.ram_B
  -------------------------------------------------------------------
                         required time                         -1.917    
                         arrival time                           2.649    
  -------------------------------------------------------------------
                         slack                                  0.733    

Slack (MET) :             0.744ns  (arrival time - required time)
  Source:                 addrc/buffer_select_reg/C
                            (rising edge-triggered cell FDCE clocked by clk_100  {rise@0.000ns fall@5.000ns period=10.000ns})
  Destination:            framebuffer/U0/inst_blk_mem_gen/gnbram.gnativebmg.native_blk_mem_gen/valid.cstr/ramloop[4].ram.r/prim_noinit.ram/DEVICE_7SERIES.NO_BMM_INFO.TRUE_DP.CASCADED_PRIM36.ram_B/ADDRARDADDR[12]
                            (rising edge-triggered cell RAMB36E1 clocked by clk_100  {rise@0.000ns fall@5.000ns period=10.000ns})
  Path Group:             clk_100
  Path Type:              Hold (Min at Fast Process Corner)
  Requirement:            0.000ns  (clk_100 rise@0.000ns - clk_100 rise@0.000ns)
  Data Path Delay:        1.183ns  (logic 0.207ns (17.504%)  route 0.976ns (82.496%))
  Logic Levels:           1  (LUT1=1)
  Clock Path Skew:        0.321ns (DCD - SCD - CPR)
    Destination Clock Delay (DCD):    1.990ns
    Source Clock Delay      (SCD):    1.418ns
    Clock Pessimism Removal (CPR):    0.250ns

    Location             Delay type                Incr(ns)  Path(ns)    Netlist Resource(s)
  -------------------------------------------------------------------    -------------------
                         (clock clk_100 rise edge)    0.000     0.000 r  
    N15                                               0.000     0.000 r  clk (IN)
                         net (fo=0)                   0.000     0.000    clk
    N15                  IBUF (Prop_ibuf_I_O)         0.209     0.209 r  clk_IBUF_inst/O
                         net (fo=1, routed)           0.634     0.843    clk_IBUF
    BUFGCTRL_X0Y3        BUFG (Prop_bufg_I_O)         0.026     0.869 r  clk_IBUF_BUFG_inst/O
                         net (fo=45, routed)          0.550     1.418    addrc/clk
    SLICE_X30Y24         FDCE                                         r  addrc/buffer_select_reg/C
  -------------------------------------------------------------------    -------------------
    SLICE_X30Y24         FDCE (Prop_fdce_C_Q)         0.164     1.582 f  addrc/buffer_select_reg/Q
                         net (fo=43, routed)          0.204     1.786    addrc/addra[16]
    SLICE_X30Y24         LUT1 (Prop_lut1_I0_O)        0.043     1.829 r  addrc/addra[12]_INST_0/O
                         net (fo=35, routed)          0.772     2.601    framebuffer/U0/inst_blk_mem_gen/gnbram.gnativebmg.native_blk_mem_gen/valid.cstr/ramloop[4].ram.r/prim_noinit.ram/addra[12]
    RAMB36_X1Y7          RAMB36E1                                     r  framebuffer/U0/inst_blk_mem_gen/gnbram.gnativebmg.native_blk_mem_gen/valid.cstr/ramloop[4].ram.r/prim_noinit.ram/DEVICE_7SERIES.NO_BMM_INFO.TRUE_DP.CASCADED_PRIM36.ram_B/ADDRARDADDR[12]
  -------------------------------------------------------------------    -------------------

                         (clock clk_100 rise edge)    0.000     0.000 r  
    N15                                               0.000     0.000 r  clk (IN)
                         net (fo=0)                   0.000     0.000    clk
    N15                  IBUF (Prop_ibuf_I_O)         0.396     0.396 r  clk_IBUF_inst/O
                         net (fo=1, routed)           0.689     1.085    clk_IBUF
    BUFGCTRL_X0Y3        BUFG (Prop_bufg_I_O)         0.029     1.114 r  clk_IBUF_BUFG_inst/O
                         net (fo=45, routed)          0.876     1.990    framebuffer/U0/inst_blk_mem_gen/gnbram.gnativebmg.native_blk_mem_gen/valid.cstr/ramloop[4].ram.r/prim_noinit.ram/clka
    RAMB36_X1Y7          RAMB36E1                                     r  framebuffer/U0/inst_blk_mem_gen/gnbram.gnativebmg.native_blk_mem_gen/valid.cstr/ramloop[4].ram.r/prim_noinit.ram/DEVICE_7SERIES.NO_BMM_INFO.TRUE_DP.CASCADED_PRIM36.ram_B/CLKARDCLK
                         clock pessimism             -0.250     1.740    
    RAMB36_X1Y7          RAMB36E1 (Hold_ramb36e1_CLKARDCLK_ADDRARDADDR[12])
                                                      0.117     1.857    framebuffer/U0/inst_blk_mem_gen/gnbram.gnativebmg.native_blk_mem_gen/valid.cstr/ramloop[4].ram.r/prim_noinit.ram/DEVICE_7SERIES.NO_BMM_INFO.TRUE_DP.CASCADED_PRIM36.ram_B
  -------------------------------------------------------------------
                         required time                         -1.857    
                         arrival time                           2.601    
  -------------------------------------------------------------------
                         slack                                  0.744    

Slack (MET) :             0.749ns  (arrival time - required time)
  Source:                 addrc/buffer_select_reg/C
                            (rising edge-triggered cell FDCE clocked by clk_100  {rise@0.000ns fall@5.000ns period=10.000ns})
  Destination:            framebuffer/U0/inst_blk_mem_gen/gnbram.gnativebmg.native_blk_mem_gen/valid.cstr/ramloop[1].ram.r/prim_noinit.ram/DEVICE_7SERIES.NO_BMM_INFO.TRUE_DP.CASCADED_PRIM36.ram_B/ADDRARDADDR[15]
                            (rising edge-triggered cell RAMB36E1 clocked by clk_100  {rise@0.000ns fall@5.000ns period=10.000ns})
  Path Group:             clk_100
  Path Type:              Hold (Min at Fast Process Corner)
  Requirement:            0.000ns  (clk_100 rise@0.000ns - clk_100 rise@0.000ns)
  Data Path Delay:        1.011ns  (logic 0.164ns (16.221%)  route 0.847ns (83.779%))
  Logic Levels:           0  
  Clock Path Skew:        0.082ns (DCD - SCD - CPR)
    Destination Clock Delay (DCD):    1.980ns
    Source Clock Delay      (SCD):    1.418ns
    Clock Pessimism Removal (CPR):    0.479ns

    Location             Delay type                Incr(ns)  Path(ns)    Netlist Resource(s)
  -------------------------------------------------------------------    -------------------
                         (clock clk_100 rise edge)    0.000     0.000 r  
    N15                                               0.000     0.000 r  clk (IN)
                         net (fo=0)                   0.000     0.000    clk
    N15                  IBUF (Prop_ibuf_I_O)         0.209     0.209 r  clk_IBUF_inst/O
                         net (fo=1, routed)           0.634     0.843    clk_IBUF
    BUFGCTRL_X0Y3        BUFG (Prop_bufg_I_O)         0.026     0.869 r  clk_IBUF_BUFG_inst/O
                         net (fo=45, routed)          0.550     1.418    addrc/clk
    SLICE_X30Y24         FDCE                                         r  addrc/buffer_select_reg/C
  -------------------------------------------------------------------    -------------------
    SLICE_X30Y24         FDCE (Prop_fdce_C_Q)         0.164     1.582 r  addrc/buffer_select_reg/Q
                         net (fo=43, routed)          0.847     2.429    framebuffer/U0/inst_blk_mem_gen/gnbram.gnativebmg.native_blk_mem_gen/valid.cstr/ramloop[1].ram.r/prim_noinit.ram/addra[15]
    RAMB36_X0Y5          RAMB36E1                                     r  framebuffer/U0/inst_blk_mem_gen/gnbram.gnativebmg.native_blk_mem_gen/valid.cstr/ramloop[1].ram.r/prim_noinit.ram/DEVICE_7SERIES.NO_BMM_INFO.TRUE_DP.CASCADED_PRIM36.ram_B/ADDRARDADDR[15]
  -------------------------------------------------------------------    -------------------

                         (clock clk_100 rise edge)    0.000     0.000 r  
    N15                                               0.000     0.000 r  clk (IN)
                         net (fo=0)                   0.000     0.000    clk
    N15                  IBUF (Prop_ibuf_I_O)         0.396     0.396 r  clk_IBUF_inst/O
                         net (fo=1, routed)           0.689     1.085    clk_IBUF
    BUFGCTRL_X0Y3        BUFG (Prop_bufg_I_O)         0.029     1.114 r  clk_IBUF_BUFG_inst/O
                         net (fo=45, routed)          0.866     1.980    framebuffer/U0/inst_blk_mem_gen/gnbram.gnativebmg.native_blk_mem_gen/valid.cstr/ramloop[1].ram.r/prim_noinit.ram/clka
    RAMB36_X0Y5          RAMB36E1                                     r  framebuffer/U0/inst_blk_mem_gen/gnbram.gnativebmg.native_blk_mem_gen/valid.cstr/ramloop[1].ram.r/prim_noinit.ram/DEVICE_7SERIES.NO_BMM_INFO.TRUE_DP.CASCADED_PRIM36.ram_B/CLKARDCLK
                         clock pessimism             -0.479     1.501    
    RAMB36_X0Y5          RAMB36E1 (Hold_ramb36e1_CLKARDCLK_ADDRARDADDR[15])
                                                      0.180     1.681    framebuffer/U0/inst_blk_mem_gen/gnbram.gnativebmg.native_blk_mem_gen/valid.cstr/ramloop[1].ram.r/prim_noinit.ram/DEVICE_7SERIES.NO_BMM_INFO.TRUE_DP.CASCADED_PRIM36.ram_B
  -------------------------------------------------------------------
                         required time                         -1.681    
                         arrival time                           2.429    
  -------------------------------------------------------------------
                         slack                                  0.749    

Slack (MET) :             0.750ns  (arrival time - required time)
  Source:                 addrc/buffer_select_reg/C
                            (rising edge-triggered cell FDCE clocked by clk_100  {rise@0.000ns fall@5.000ns period=10.000ns})
  Destination:            framebuffer/U0/inst_blk_mem_gen/gnbram.gnativebmg.native_blk_mem_gen/valid.cstr/ramloop[10].ram.r/prim_noinit.ram/DEVICE_7SERIES.NO_BMM_INFO.TRUE_DP.CASCADED_PRIM36.ram_T/ENARDEN
                            (rising edge-triggered cell RAMB36E1 clocked by clk_100  {rise@0.000ns fall@5.000ns period=10.000ns})
  Path Group:             clk_100
  Path Type:              Hold (Min at Fast Process Corner)
  Requirement:            0.000ns  (clk_100 rise@0.000ns - clk_100 rise@0.000ns)
  Data Path Delay:        1.163ns  (logic 0.209ns (17.978%)  route 0.954ns (82.022%))
  Logic Levels:           1  (LUT2=1)
  Clock Path Skew:        0.316ns (DCD - SCD - CPR)
    Destination Clock Delay (DCD):    1.985ns
    Source Clock Delay      (SCD):    1.418ns
    Clock Pessimism Removal (CPR):    0.250ns

    Location             Delay type                Incr(ns)  Path(ns)    Netlist Resource(s)
  -------------------------------------------------------------------    -------------------
                         (clock clk_100 rise edge)    0.000     0.000 r  
    N15                                               0.000     0.000 r  clk (IN)
                         net (fo=0)                   0.000     0.000    clk
    N15                  IBUF (Prop_ibuf_I_O)         0.209     0.209 r  clk_IBUF_inst/O
                         net (fo=1, routed)           0.634     0.843    clk_IBUF
    BUFGCTRL_X0Y3        BUFG (Prop_bufg_I_O)         0.026     0.869 r  clk_IBUF_BUFG_inst/O
                         net (fo=45, routed)          0.550     1.418    addrc/clk
    SLICE_X30Y24         FDCE                                         r  addrc/buffer_select_reg/C
  -------------------------------------------------------------------    -------------------
    SLICE_X30Y24         FDCE (Prop_fdce_C_Q)         0.164     1.582 r  addrc/buffer_select_reg/Q
                         net (fo=43, routed)          0.344     1.927    framebuffer/U0/inst_blk_mem_gen/gnbram.gnativebmg.native_blk_mem_gen/valid.cstr/ramloop[10].ram.r/prim_noinit.ram/addra[15]
    SLICE_X31Y22         LUT2 (Prop_lut2_I0_O)        0.045     1.972 r  framebuffer/U0/inst_blk_mem_gen/gnbram.gnativebmg.native_blk_mem_gen/valid.cstr/ramloop[10].ram.r/prim_noinit.ram/DEVICE_7SERIES.NO_BMM_INFO.TRUE_DP.CASCADED_PRIM36.ram_T_ENARDEN_cooolgate_en_gate_9_LOPT_REMAP/O
                         net (fo=1, routed)           0.609     2.581    framebuffer/U0/inst_blk_mem_gen/gnbram.gnativebmg.native_blk_mem_gen/valid.cstr/ramloop[10].ram.r/prim_noinit.ram/DEVICE_7SERIES.NO_BMM_INFO.TRUE_DP.CASCADED_PRIM36.ram_T_ENARDEN_cooolgate_en_sig_5
    RAMB36_X1Y6          RAMB36E1                                     r  framebuffer/U0/inst_blk_mem_gen/gnbram.gnativebmg.native_blk_mem_gen/valid.cstr/ramloop[10].ram.r/prim_noinit.ram/DEVICE_7SERIES.NO_BMM_INFO.TRUE_DP.CASCADED_PRIM36.ram_T/ENARDEN
  -------------------------------------------------------------------    -------------------

                         (clock clk_100 rise edge)    0.000     0.000 r  
    N15                                               0.000     0.000 r  clk (IN)
                         net (fo=0)                   0.000     0.000    clk
    N15                  IBUF (Prop_ibuf_I_O)         0.396     0.396 r  clk_IBUF_inst/O
                         net (fo=1, routed)           0.689     1.085    clk_IBUF
    BUFGCTRL_X0Y3        BUFG (Prop_bufg_I_O)         0.029     1.114 r  clk_IBUF_BUFG_inst/O
                         net (fo=45, routed)          0.871     1.985    framebuffer/U0/inst_blk_mem_gen/gnbram.gnativebmg.native_blk_mem_gen/valid.cstr/ramloop[10].ram.r/prim_noinit.ram/clka
    RAMB36_X1Y6          RAMB36E1                                     r  framebuffer/U0/inst_blk_mem_gen/gnbram.gnativebmg.native_blk_mem_gen/valid.cstr/ramloop[10].ram.r/prim_noinit.ram/DEVICE_7SERIES.NO_BMM_INFO.TRUE_DP.CASCADED_PRIM36.ram_T/CLKARDCLK
                         clock pessimism             -0.250     1.735    
    RAMB36_X1Y6          RAMB36E1 (Hold_ramb36e1_CLKARDCLK_ENARDEN)
                                                      0.096     1.831    framebuffer/U0/inst_blk_mem_gen/gnbram.gnativebmg.native_blk_mem_gen/valid.cstr/ramloop[10].ram.r/prim_noinit.ram/DEVICE_7SERIES.NO_BMM_INFO.TRUE_DP.CASCADED_PRIM36.ram_T
  -------------------------------------------------------------------
                         required time                         -1.831    
                         arrival time                           2.581    
  -------------------------------------------------------------------
                         slack                                  0.750    

Slack (MET) :             0.778ns  (arrival time - required time)
  Source:                 addrc/buffer_select_reg/C
                            (rising edge-triggered cell FDCE clocked by clk_100  {rise@0.000ns fall@5.000ns period=10.000ns})
  Destination:            framebuffer/U0/inst_blk_mem_gen/gnbram.gnativebmg.native_blk_mem_gen/valid.cstr/ramloop[1].ram.r/prim_noinit.ram/DEVICE_7SERIES.NO_BMM_INFO.TRUE_DP.CASCADED_PRIM36.ram_B/ADDRARDADDR[12]
                            (rising edge-triggered cell RAMB36E1 clocked by clk_100  {rise@0.000ns fall@5.000ns period=10.000ns})
  Path Group:             clk_100
  Path Type:              Hold (Min at Fast Process Corner)
  Requirement:            0.000ns  (clk_100 rise@0.000ns - clk_100 rise@0.000ns)
  Data Path Delay:        0.977ns  (logic 0.207ns (21.178%)  route 0.770ns (78.822%))
  Logic Levels:           1  (LUT1=1)
  Clock Path Skew:        0.082ns (DCD - SCD - CPR)
    Destination Clock Delay (DCD):    1.980ns
    Source Clock Delay      (SCD):    1.418ns
    Clock Pessimism Removal (CPR):    0.479ns

    Location             Delay type                Incr(ns)  Path(ns)    Netlist Resource(s)
  -------------------------------------------------------------------    -------------------
                         (clock clk_100 rise edge)    0.000     0.000 r  
    N15                                               0.000     0.000 r  clk (IN)
                         net (fo=0)                   0.000     0.000    clk
    N15                  IBUF (Prop_ibuf_I_O)         0.209     0.209 r  clk_IBUF_inst/O
                         net (fo=1, routed)           0.634     0.843    clk_IBUF
    BUFGCTRL_X0Y3        BUFG (Prop_bufg_I_O)         0.026     0.869 r  clk_IBUF_BUFG_inst/O
                         net (fo=45, routed)          0.550     1.418    addrc/clk
    SLICE_X30Y24         FDCE                                         r  addrc/buffer_select_reg/C
  -------------------------------------------------------------------    -------------------
    SLICE_X30Y24         FDCE (Prop_fdce_C_Q)         0.164     1.582 f  addrc/buffer_select_reg/Q
                         net (fo=43, routed)          0.204     1.786    addrc/addra[16]
    SLICE_X30Y24         LUT1 (Prop_lut1_I0_O)        0.043     1.829 r  addrc/addra[12]_INST_0/O
                         net (fo=35, routed)          0.566     2.396    framebuffer/U0/inst_blk_mem_gen/gnbram.gnativebmg.native_blk_mem_gen/valid.cstr/ramloop[1].ram.r/prim_noinit.ram/addra[12]
    RAMB36_X0Y5          RAMB36E1                                     r  framebuffer/U0/inst_blk_mem_gen/gnbram.gnativebmg.native_blk_mem_gen/valid.cstr/ramloop[1].ram.r/prim_noinit.ram/DEVICE_7SERIES.NO_BMM_INFO.TRUE_DP.CASCADED_PRIM36.ram_B/ADDRARDADDR[12]
  -------------------------------------------------------------------    -------------------

                         (clock clk_100 rise edge)    0.000     0.000 r  
    N15                                               0.000     0.000 r  clk (IN)
                         net (fo=0)                   0.000     0.000    clk
    N15                  IBUF (Prop_ibuf_I_O)         0.396     0.396 r  clk_IBUF_inst/O
                         net (fo=1, routed)           0.689     1.085    clk_IBUF
    BUFGCTRL_X0Y3        BUFG (Prop_bufg_I_O)         0.029     1.114 r  clk_IBUF_BUFG_inst/O
                         net (fo=45, routed)          0.866     1.980    framebuffer/U0/inst_blk_mem_gen/gnbram.gnativebmg.native_blk_mem_gen/valid.cstr/ramloop[1].ram.r/prim_noinit.ram/clka
    RAMB36_X0Y5          RAMB36E1                                     r  framebuffer/U0/inst_blk_mem_gen/gnbram.gnativebmg.native_blk_mem_gen/valid.cstr/ramloop[1].ram.r/prim_noinit.ram/DEVICE_7SERIES.NO_BMM_INFO.TRUE_DP.CASCADED_PRIM36.ram_B/CLKARDCLK
                         clock pessimism             -0.479     1.501    
    RAMB36_X0Y5          RAMB36E1 (Hold_ramb36e1_CLKARDCLK_ADDRARDADDR[12])
                                                      0.117     1.618    framebuffer/U0/inst_blk_mem_gen/gnbram.gnativebmg.native_blk_mem_gen/valid.cstr/ramloop[1].ram.r/prim_noinit.ram/DEVICE_7SERIES.NO_BMM_INFO.TRUE_DP.CASCADED_PRIM36.ram_B
  -------------------------------------------------------------------
                         required time                         -1.618    
                         arrival time                           2.396    
  -------------------------------------------------------------------
                         slack                                  0.778    





Pulse Width Checks
--------------------------------------------------------------------------------------
Clock Name:         clk_100
Waveform(ns):       { 0.000 5.000 }
Period(ns):         10.000
Sources:            { clk }

Check Type        Corner  Lib Pin             Reference Pin  Required(ns)  Actual(ns)  Slack(ns)  Location      Pin
Min Period        n/a     RAMB36E1/CLKARDCLK  n/a            2.892         10.000      7.108      RAMB36_X0Y0   framebuffer/U0/inst_blk_mem_gen/gnbram.gnativebmg.native_blk_mem_gen/valid.cstr/ramloop[0].ram.r/prim_noinit.ram/DEVICE_7SERIES.NO_BMM_INFO.TRUE_DP.CASCADED_PRIM36.ram_B/CLKARDCLK
Min Period        n/a     RAMB36E1/CLKBWRCLK  n/a            2.892         10.000      7.108      RAMB36_X0Y0   framebuffer/U0/inst_blk_mem_gen/gnbram.gnativebmg.native_blk_mem_gen/valid.cstr/ramloop[0].ram.r/prim_noinit.ram/DEVICE_7SERIES.NO_BMM_INFO.TRUE_DP.CASCADED_PRIM36.ram_B/CLKBWRCLK
Min Period        n/a     RAMB36E1/CLKARDCLK  n/a            2.892         10.000      7.108      RAMB36_X0Y1   framebuffer/U0/inst_blk_mem_gen/gnbram.gnativebmg.native_blk_mem_gen/valid.cstr/ramloop[0].ram.r/prim_noinit.ram/DEVICE_7SERIES.NO_BMM_INFO.TRUE_DP.CASCADED_PRIM36.ram_T/CLKARDCLK
Min Period        n/a     RAMB36E1/CLKBWRCLK  n/a            2.892         10.000      7.108      RAMB36_X0Y1   framebuffer/U0/inst_blk_mem_gen/gnbram.gnativebmg.native_blk_mem_gen/valid.cstr/ramloop[0].ram.r/prim_noinit.ram/DEVICE_7SERIES.NO_BMM_INFO.TRUE_DP.CASCADED_PRIM36.ram_T/CLKBWRCLK
Min Period        n/a     RAMB36E1/CLKARDCLK  n/a            2.892         10.000      7.108      RAMB36_X1Y5   framebuffer/U0/inst_blk_mem_gen/gnbram.gnativebmg.native_blk_mem_gen/valid.cstr/ramloop[10].ram.r/prim_noinit.ram/DEVICE_7SERIES.NO_BMM_INFO.TRUE_DP.CASCADED_PRIM36.ram_B/CLKARDCLK
Min Period        n/a     RAMB36E1/CLKBWRCLK  n/a            2.892         10.000      7.108      RAMB36_X1Y5   framebuffer/U0/inst_blk_mem_gen/gnbram.gnativebmg.native_blk_mem_gen/valid.cstr/ramloop[10].ram.r/prim_noinit.ram/DEVICE_7SERIES.NO_BMM_INFO.TRUE_DP.CASCADED_PRIM36.ram_B/CLKBWRCLK
Min Period        n/a     RAMB36E1/CLKARDCLK  n/a            2.892         10.000      7.108      RAMB36_X1Y6   framebuffer/U0/inst_blk_mem_gen/gnbram.gnativebmg.native_blk_mem_gen/valid.cstr/ramloop[10].ram.r/prim_noinit.ram/DEVICE_7SERIES.NO_BMM_INFO.TRUE_DP.CASCADED_PRIM36.ram_T/CLKARDCLK
Min Period        n/a     RAMB36E1/CLKBWRCLK  n/a            2.892         10.000      7.108      RAMB36_X1Y6   framebuffer/U0/inst_blk_mem_gen/gnbram.gnativebmg.native_blk_mem_gen/valid.cstr/ramloop[10].ram.r/prim_noinit.ram/DEVICE_7SERIES.NO_BMM_INFO.TRUE_DP.CASCADED_PRIM36.ram_T/CLKBWRCLK
Min Period        n/a     RAMB36E1/CLKARDCLK  n/a            2.892         10.000      7.108      RAMB36_X0Y5   framebuffer/U0/inst_blk_mem_gen/gnbram.gnativebmg.native_blk_mem_gen/valid.cstr/ramloop[1].ram.r/prim_noinit.ram/DEVICE_7SERIES.NO_BMM_INFO.TRUE_DP.CASCADED_PRIM36.ram_B/CLKARDCLK
Min Period        n/a     RAMB36E1/CLKBWRCLK  n/a            2.892         10.000      7.108      RAMB36_X0Y5   framebuffer/U0/inst_blk_mem_gen/gnbram.gnativebmg.native_blk_mem_gen/valid.cstr/ramloop[1].ram.r/prim_noinit.ram/DEVICE_7SERIES.NO_BMM_INFO.TRUE_DP.CASCADED_PRIM36.ram_B/CLKBWRCLK
Low Pulse Width   Slow    FDCE/C              n/a            0.500         5.000       4.500      SLICE_X30Y24  addrc/buffer_select_reg/C
Low Pulse Width   Fast    FDCE/C              n/a            0.500         5.000       4.500      SLICE_X30Y24  addrc/buffer_select_reg/C
Low Pulse Width   Slow    FDRE/C              n/a            0.500         5.000       4.500      SLICE_X13Y18  framebuffer/U0/inst_blk_mem_gen/gnbram.gnativebmg.native_blk_mem_gen/valid.cstr/has_mux_b.B/no_softecc_sel_reg.ce_pri.sel_pipe_reg[0]/C
Low Pulse Width   Fast    FDRE/C              n/a            0.500         5.000       4.500      SLICE_X13Y18  framebuffer/U0/inst_blk_mem_gen/gnbram.gnativebmg.native_blk_mem_gen/valid.cstr/has_mux_b.B/no_softecc_sel_reg.ce_pri.sel_pipe_reg[0]/C
Low Pulse Width   Slow    FDRE/C              n/a            0.500         5.000       4.500      SLICE_X13Y18  framebuffer/U0/inst_blk_mem_gen/gnbram.gnativebmg.native_blk_mem_gen/valid.cstr/has_mux_b.B/no_softecc_sel_reg.ce_pri.sel_pipe_reg[1]/C
Low Pulse Width   Fast    FDRE/C              n/a            0.500         5.000       4.500      SLICE_X13Y18  framebuffer/U0/inst_blk_mem_gen/gnbram.gnativebmg.native_blk_mem_gen/valid.cstr/has_mux_b.B/no_softecc_sel_reg.ce_pri.sel_pipe_reg[1]/C
Low Pulse Width   Slow    FDRE/C              n/a            0.500         5.000       4.500      SLICE_X13Y18  framebuffer/U0/inst_blk_mem_gen/gnbram.gnativebmg.native_blk_mem_gen/valid.cstr/has_mux_b.B/no_softecc_sel_reg.ce_pri.sel_pipe_reg[2]/C
Low Pulse Width   Fast    FDRE/C              n/a            0.500         5.000       4.500      SLICE_X13Y18  framebuffer/U0/inst_blk_mem_gen/gnbram.gnativebmg.native_blk_mem_gen/valid.cstr/has_mux_b.B/no_softecc_sel_reg.ce_pri.sel_pipe_reg[2]/C
Low Pulse Width   Slow    FDRE/C              n/a            0.500         5.000       4.500      SLICE_X13Y18  framebuffer/U0/inst_blk_mem_gen/gnbram.gnativebmg.native_blk_mem_gen/valid.cstr/has_mux_b.B/no_softecc_sel_reg.ce_pri.sel_pipe_reg[3]/C
Low Pulse Width   Fast    FDRE/C              n/a            0.500         5.000       4.500      SLICE_X13Y18  framebuffer/U0/inst_blk_mem_gen/gnbram.gnativebmg.native_blk_mem_gen/valid.cstr/has_mux_b.B/no_softecc_sel_reg.ce_pri.sel_pipe_reg[3]/C
High Pulse Width  Slow    FDCE/C              n/a            0.500         5.000       4.500      SLICE_X30Y24  addrc/buffer_select_reg/C
High Pulse Width  Fast    FDCE/C              n/a            0.500         5.000       4.500      SLICE_X30Y24  addrc/buffer_select_reg/C
High Pulse Width  Slow    FDRE/C              n/a            0.500         5.000       4.500      SLICE_X13Y18  framebuffer/U0/inst_blk_mem_gen/gnbram.gnativebmg.native_blk_mem_gen/valid.cstr/has_mux_b.B/no_softecc_sel_reg.ce_pri.sel_pipe_reg[0]/C
High Pulse Width  Fast    FDRE/C              n/a            0.500         5.000       4.500      SLICE_X13Y18  framebuffer/U0/inst_blk_mem_gen/gnbram.gnativebmg.native_blk_mem_gen/valid.cstr/has_mux_b.B/no_softecc_sel_reg.ce_pri.sel_pipe_reg[0]/C
High Pulse Width  Slow    FDRE/C              n/a            0.500         5.000       4.500      SLICE_X13Y18  framebuffer/U0/inst_blk_mem_gen/gnbram.gnativebmg.native_blk_mem_gen/valid.cstr/has_mux_b.B/no_softecc_sel_reg.ce_pri.sel_pipe_reg[1]/C
High Pulse Width  Fast    FDRE/C              n/a            0.500         5.000       4.500      SLICE_X13Y18  framebuffer/U0/inst_blk_mem_gen/gnbram.gnativebmg.native_blk_mem_gen/valid.cstr/has_mux_b.B/no_softecc_sel_reg.ce_pri.sel_pipe_reg[1]/C
High Pulse Width  Slow    FDRE/C              n/a            0.500         5.000       4.500      SLICE_X13Y18  framebuffer/U0/inst_blk_mem_gen/gnbram.gnativebmg.native_blk_mem_gen/valid.cstr/has_mux_b.B/no_softecc_sel_reg.ce_pri.sel_pipe_reg[2]/C
High Pulse Width  Fast    FDRE/C              n/a            0.500         5.000       4.500      SLICE_X13Y18  framebuffer/U0/inst_blk_mem_gen/gnbram.gnativebmg.native_blk_mem_gen/valid.cstr/has_mux_b.B/no_softecc_sel_reg.ce_pri.sel_pipe_reg[2]/C
High Pulse Width  Slow    FDRE/C              n/a            0.500         5.000       4.500      SLICE_X13Y18  framebuffer/U0/inst_blk_mem_gen/gnbram.gnativebmg.native_blk_mem_gen/valid.cstr/has_mux_b.B/no_softecc_sel_reg.ce_pri.sel_pipe_reg[3]/C
High Pulse Width  Fast    FDRE/C              n/a            0.500         5.000       4.500      SLICE_X13Y18  framebuffer/U0/inst_blk_mem_gen/gnbram.gnativebmg.native_blk_mem_gen/valid.cstr/has_mux_b.B/no_softecc_sel_reg.ce_pri.sel_pipe_reg[3]/C



---------------------------------------------------------------------------------------------------
From Clock:  clk_wiz/inst/clk_in1
  To Clock:  clk_wiz/inst/clk_in1

Setup :           NA  Failing Endpoints,  Worst Slack           NA  ,  Total Violation           NA
Hold  :           NA  Failing Endpoints,  Worst Slack           NA  ,  Total Violation           NA
PW    :            0  Failing Endpoints,  Worst Slack        3.000ns,  Total Violation        0.000ns
---------------------------------------------------------------------------------------------------


Pulse Width Checks
--------------------------------------------------------------------------------------
Clock Name:         clk_wiz/inst/clk_in1
Waveform(ns):       { 0.000 5.000 }
Period(ns):         10.000
Sources:            { clk_wiz/inst/clk_in1 }

Check Type        Corner  Lib Pin            Reference Pin  Required(ns)  Actual(ns)  Slack(ns)  Location         Pin
Min Period        n/a     MMCME2_ADV/CLKIN1  n/a            1.249         10.000      8.751      MMCME2_ADV_X1Y0  clk_wiz/inst/mmcm_adv_inst/CLKIN1
Max Period        n/a     MMCME2_ADV/CLKIN1  n/a            100.000       10.000      90.000     MMCME2_ADV_X1Y0  clk_wiz/inst/mmcm_adv_inst/CLKIN1
Low Pulse Width   Slow    MMCME2_ADV/CLKIN1  n/a            2.000         5.000       3.000      MMCME2_ADV_X1Y0  clk_wiz/inst/mmcm_adv_inst/CLKIN1
Low Pulse Width   Fast    MMCME2_ADV/CLKIN1  n/a            2.000         5.000       3.000      MMCME2_ADV_X1Y0  clk_wiz/inst/mmcm_adv_inst/CLKIN1
High Pulse Width  Slow    MMCME2_ADV/CLKIN1  n/a            2.000         5.000       3.000      MMCME2_ADV_X1Y0  clk_wiz/inst/mmcm_adv_inst/CLKIN1
High Pulse Width  Fast    MMCME2_ADV/CLKIN1  n/a            2.000         5.000       3.000      MMCME2_ADV_X1Y0  clk_wiz/inst/mmcm_adv_inst/CLKIN1



---------------------------------------------------------------------------------------------------
From Clock:  clk_out1_clk_wiz_0
  To Clock:  clk_out1_clk_wiz_0

Setup :            0  Failing Endpoints,  Worst Slack       33.073ns,  Total Violation        0.000ns
Hold  :            0  Failing Endpoints,  Worst Slack        0.103ns,  Total Violation        0.000ns
PW    :            0  Failing Endpoints,  Worst Slack       19.020ns,  Total Violation        0.000ns
---------------------------------------------------------------------------------------------------


Max Delay Paths
--------------------------------------------------------------------------------------
Slack (MET) :             33.073ns  (required time - arrival time)
  Source:                 vga/hc_reg[3]/C
                            (rising edge-triggered cell FDCE clocked by clk_out1_clk_wiz_0  {rise@0.000ns fall@20.000ns period=40.000ns})
  Destination:            vga/vc_reg[6]/CE
                            (rising edge-triggered cell FDCE clocked by clk_out1_clk_wiz_0  {rise@0.000ns fall@20.000ns period=40.000ns})
  Path Group:             clk_out1_clk_wiz_0
  Path Type:              Setup (Max at Slow Process Corner)
  Requirement:            40.000ns  (clk_out1_clk_wiz_0 rise@40.000ns - clk_out1_clk_wiz_0 rise@0.000ns)
  Data Path Delay:        6.599ns  (logic 0.992ns (15.033%)  route 5.607ns (84.967%))
  Logic Levels:           2  (LUT5=1 LUT6=1)
  Clock Path Skew:        -0.028ns (DCD - SCD + CPR)
    Destination Clock Delay (DCD):    1.440ns = ( 41.440 - 40.000 ) 
    Source Clock Delay      (SCD):    1.562ns
    Clock Pessimism Removal (CPR):    0.094ns
  Clock Uncertainty:      0.095ns  ((TSJ^2 + DJ^2)^1/2) / 2 + PE
    Total System Jitter     (TSJ):    0.071ns
    Discrete Jitter          (DJ):    0.175ns
    Phase Error              (PE):    0.000ns

    Location             Delay type                Incr(ns)  Path(ns)    Netlist Resource(s)
  -------------------------------------------------------------------    -------------------
                         (clock clk_out1_clk_wiz_0 rise edge)
                                                      0.000     0.000 r  
    BUFGCTRL_X0Y3        BUFG                         0.000     0.000 r  clk_IBUF_BUFG_inst/O
                         net (fo=45, routed)          1.575     1.575    clk_wiz/inst/clk_in1
    MMCME2_ADV_X1Y0      MMCME2_ADV (Prop_mmcme2_adv_CLKIN1_CLKOUT0)
                                                     -3.333    -1.757 r  clk_wiz/inst/mmcm_adv_inst/CLKOUT0
                         net (fo=1, routed)           1.661    -0.096    clk_wiz/inst/clk_out1_clk_wiz_0
    BUFGCTRL_X0Y0        BUFG (Prop_bufg_I_O)         0.096    -0.000 r  clk_wiz/inst/clkout1_buf/O
                         net (fo=204, routed)         1.562     1.562    vga/CLK
    SLICE_X12Y15         FDCE                                         r  vga/hc_reg[3]/C
  -------------------------------------------------------------------    -------------------
    SLICE_X12Y15         FDCE (Prop_fdce_C_Q)         0.518     2.080 r  vga/hc_reg[3]/Q
                         net (fo=6, routed)           4.010     6.090    vga/Q[2]
    SLICE_X12Y15         LUT5 (Prop_lut5_I0_O)        0.119     6.209 f  vga/hc[9]_i_2/O
                         net (fo=6, routed)           0.346     6.555    vga/hc[9]_i_2_n_0
    SLICE_X15Y16         LUT6 (Prop_lut6_I5_O)        0.355     6.910 r  vga/vc[9]_i_1/O
                         net (fo=10, routed)          1.252     8.161    vga/vc
    SLICE_X15Y18         FDCE                                         r  vga/vc_reg[6]/CE
  -------------------------------------------------------------------    -------------------

                         (clock clk_out1_clk_wiz_0 rise edge)
                                                     40.000    40.000 r  
    BUFGCTRL_X0Y3        BUFG                         0.000    40.000 r  clk_IBUF_BUFG_inst/O
                         net (fo=45, routed)          1.457    41.457    clk_wiz/inst/clk_in1
    MMCME2_ADV_X1Y0      MMCME2_ADV (Prop_mmcme2_adv_CLKIN1_CLKOUT0)
                                                     -3.129    38.328 r  clk_wiz/inst/mmcm_adv_inst/CLKOUT0
                         net (fo=1, routed)           1.581    39.909    clk_wiz/inst/clk_out1_clk_wiz_0
    BUFGCTRL_X0Y0        BUFG (Prop_bufg_I_O)         0.091    40.000 r  clk_wiz/inst/clkout1_buf/O
                         net (fo=204, routed)         1.440    41.440    vga/CLK
    SLICE_X15Y18         FDCE                                         r  vga/vc_reg[6]/C
                         clock pessimism              0.094    41.534    
                         clock uncertainty           -0.095    41.440    
    SLICE_X15Y18         FDCE (Setup_fdce_C_CE)      -0.205    41.235    vga/vc_reg[6]
  -------------------------------------------------------------------
                         required time                         41.235    
                         arrival time                          -8.161    
  -------------------------------------------------------------------
                         slack                                 33.073    

Slack (MET) :             33.073ns  (required time - arrival time)
  Source:                 vga/hc_reg[3]/C
                            (rising edge-triggered cell FDCE clocked by clk_out1_clk_wiz_0  {rise@0.000ns fall@20.000ns period=40.000ns})
  Destination:            vga/vc_reg[7]/CE
                            (rising edge-triggered cell FDCE clocked by clk_out1_clk_wiz_0  {rise@0.000ns fall@20.000ns period=40.000ns})
  Path Group:             clk_out1_clk_wiz_0
  Path Type:              Setup (Max at Slow Process Corner)
  Requirement:            40.000ns  (clk_out1_clk_wiz_0 rise@40.000ns - clk_out1_clk_wiz_0 rise@0.000ns)
  Data Path Delay:        6.599ns  (logic 0.992ns (15.033%)  route 5.607ns (84.967%))
  Logic Levels:           2  (LUT5=1 LUT6=1)
  Clock Path Skew:        -0.028ns (DCD - SCD + CPR)
    Destination Clock Delay (DCD):    1.440ns = ( 41.440 - 40.000 ) 
    Source Clock Delay      (SCD):    1.562ns
    Clock Pessimism Removal (CPR):    0.094ns
  Clock Uncertainty:      0.095ns  ((TSJ^2 + DJ^2)^1/2) / 2 + PE
    Total System Jitter     (TSJ):    0.071ns
    Discrete Jitter          (DJ):    0.175ns
    Phase Error              (PE):    0.000ns

    Location             Delay type                Incr(ns)  Path(ns)    Netlist Resource(s)
  -------------------------------------------------------------------    -------------------
                         (clock clk_out1_clk_wiz_0 rise edge)
                                                      0.000     0.000 r  
    BUFGCTRL_X0Y3        BUFG                         0.000     0.000 r  clk_IBUF_BUFG_inst/O
                         net (fo=45, routed)          1.575     1.575    clk_wiz/inst/clk_in1
    MMCME2_ADV_X1Y0      MMCME2_ADV (Prop_mmcme2_adv_CLKIN1_CLKOUT0)
                                                     -3.333    -1.757 r  clk_wiz/inst/mmcm_adv_inst/CLKOUT0
                         net (fo=1, routed)           1.661    -0.096    clk_wiz/inst/clk_out1_clk_wiz_0
    BUFGCTRL_X0Y0        BUFG (Prop_bufg_I_O)         0.096    -0.000 r  clk_wiz/inst/clkout1_buf/O
                         net (fo=204, routed)         1.562     1.562    vga/CLK
    SLICE_X12Y15         FDCE                                         r  vga/hc_reg[3]/C
  -------------------------------------------------------------------    -------------------
    SLICE_X12Y15         FDCE (Prop_fdce_C_Q)         0.518     2.080 r  vga/hc_reg[3]/Q
                         net (fo=6, routed)           4.010     6.090    vga/Q[2]
    SLICE_X12Y15         LUT5 (Prop_lut5_I0_O)        0.119     6.209 f  vga/hc[9]_i_2/O
                         net (fo=6, routed)           0.346     6.555    vga/hc[9]_i_2_n_0
    SLICE_X15Y16         LUT6 (Prop_lut6_I5_O)        0.355     6.910 r  vga/vc[9]_i_1/O
                         net (fo=10, routed)          1.252     8.161    vga/vc
    SLICE_X15Y18         FDCE                                         r  vga/vc_reg[7]/CE
  -------------------------------------------------------------------    -------------------

                         (clock clk_out1_clk_wiz_0 rise edge)
                                                     40.000    40.000 r  
    BUFGCTRL_X0Y3        BUFG                         0.000    40.000 r  clk_IBUF_BUFG_inst/O
                         net (fo=45, routed)          1.457    41.457    clk_wiz/inst/clk_in1
    MMCME2_ADV_X1Y0      MMCME2_ADV (Prop_mmcme2_adv_CLKIN1_CLKOUT0)
                                                     -3.129    38.328 r  clk_wiz/inst/mmcm_adv_inst/CLKOUT0
                         net (fo=1, routed)           1.581    39.909    clk_wiz/inst/clk_out1_clk_wiz_0
    BUFGCTRL_X0Y0        BUFG (Prop_bufg_I_O)         0.091    40.000 r  clk_wiz/inst/clkout1_buf/O
                         net (fo=204, routed)         1.440    41.440    vga/CLK
    SLICE_X15Y18         FDCE                                         r  vga/vc_reg[7]/C
                         clock pessimism              0.094    41.534    
                         clock uncertainty           -0.095    41.440    
    SLICE_X15Y18         FDCE (Setup_fdce_C_CE)      -0.205    41.235    vga/vc_reg[7]
  -------------------------------------------------------------------
                         required time                         41.235    
                         arrival time                          -8.161    
  -------------------------------------------------------------------
                         slack                                 33.073    

Slack (MET) :             33.073ns  (required time - arrival time)
  Source:                 vga/hc_reg[3]/C
                            (rising edge-triggered cell FDCE clocked by clk_out1_clk_wiz_0  {rise@0.000ns fall@20.000ns period=40.000ns})
  Destination:            vga/vc_reg[8]/CE
                            (rising edge-triggered cell FDCE clocked by clk_out1_clk_wiz_0  {rise@0.000ns fall@20.000ns period=40.000ns})
  Path Group:             clk_out1_clk_wiz_0
  Path Type:              Setup (Max at Slow Process Corner)
  Requirement:            40.000ns  (clk_out1_clk_wiz_0 rise@40.000ns - clk_out1_clk_wiz_0 rise@0.000ns)
  Data Path Delay:        6.599ns  (logic 0.992ns (15.033%)  route 5.607ns (84.967%))
  Logic Levels:           2  (LUT5=1 LUT6=1)
  Clock Path Skew:        -0.028ns (DCD - SCD + CPR)
    Destination Clock Delay (DCD):    1.440ns = ( 41.440 - 40.000 ) 
    Source Clock Delay      (SCD):    1.562ns
    Clock Pessimism Removal (CPR):    0.094ns
  Clock Uncertainty:      0.095ns  ((TSJ^2 + DJ^2)^1/2) / 2 + PE
    Total System Jitter     (TSJ):    0.071ns
    Discrete Jitter          (DJ):    0.175ns
    Phase Error              (PE):    0.000ns

    Location             Delay type                Incr(ns)  Path(ns)    Netlist Resource(s)
  -------------------------------------------------------------------    -------------------
                         (clock clk_out1_clk_wiz_0 rise edge)
                                                      0.000     0.000 r  
    BUFGCTRL_X0Y3        BUFG                         0.000     0.000 r  clk_IBUF_BUFG_inst/O
                         net (fo=45, routed)          1.575     1.575    clk_wiz/inst/clk_in1
    MMCME2_ADV_X1Y0      MMCME2_ADV (Prop_mmcme2_adv_CLKIN1_CLKOUT0)
                                                     -3.333    -1.757 r  clk_wiz/inst/mmcm_adv_inst/CLKOUT0
                         net (fo=1, routed)           1.661    -0.096    clk_wiz/inst/clk_out1_clk_wiz_0
    BUFGCTRL_X0Y0        BUFG (Prop_bufg_I_O)         0.096    -0.000 r  clk_wiz/inst/clkout1_buf/O
                         net (fo=204, routed)         1.562     1.562    vga/CLK
    SLICE_X12Y15         FDCE                                         r  vga/hc_reg[3]/C
  -------------------------------------------------------------------    -------------------
    SLICE_X12Y15         FDCE (Prop_fdce_C_Q)         0.518     2.080 r  vga/hc_reg[3]/Q
                         net (fo=6, routed)           4.010     6.090    vga/Q[2]
    SLICE_X12Y15         LUT5 (Prop_lut5_I0_O)        0.119     6.209 f  vga/hc[9]_i_2/O
                         net (fo=6, routed)           0.346     6.555    vga/hc[9]_i_2_n_0
    SLICE_X15Y16         LUT6 (Prop_lut6_I5_O)        0.355     6.910 r  vga/vc[9]_i_1/O
                         net (fo=10, routed)          1.252     8.161    vga/vc
    SLICE_X15Y18         FDCE                                         r  vga/vc_reg[8]/CE
  -------------------------------------------------------------------    -------------------

                         (clock clk_out1_clk_wiz_0 rise edge)
                                                     40.000    40.000 r  
    BUFGCTRL_X0Y3        BUFG                         0.000    40.000 r  clk_IBUF_BUFG_inst/O
                         net (fo=45, routed)          1.457    41.457    clk_wiz/inst/clk_in1
    MMCME2_ADV_X1Y0      MMCME2_ADV (Prop_mmcme2_adv_CLKIN1_CLKOUT0)
                                                     -3.129    38.328 r  clk_wiz/inst/mmcm_adv_inst/CLKOUT0
                         net (fo=1, routed)           1.581    39.909    clk_wiz/inst/clk_out1_clk_wiz_0
    BUFGCTRL_X0Y0        BUFG (Prop_bufg_I_O)         0.091    40.000 r  clk_wiz/inst/clkout1_buf/O
                         net (fo=204, routed)         1.440    41.440    vga/CLK
    SLICE_X15Y18         FDCE                                         r  vga/vc_reg[8]/C
                         clock pessimism              0.094    41.534    
                         clock uncertainty           -0.095    41.440    
    SLICE_X15Y18         FDCE (Setup_fdce_C_CE)      -0.205    41.235    vga/vc_reg[8]
  -------------------------------------------------------------------
                         required time                         41.235    
                         arrival time                          -8.161    
  -------------------------------------------------------------------
                         slack                                 33.073    

Slack (MET) :             33.358ns  (required time - arrival time)
  Source:                 vga/hc_reg[3]/C
                            (rising edge-triggered cell FDCE clocked by clk_out1_clk_wiz_0  {rise@0.000ns fall@20.000ns period=40.000ns})
  Destination:            vga/vc_reg[5]/CE
                            (rising edge-triggered cell FDCE clocked by clk_out1_clk_wiz_0  {rise@0.000ns fall@20.000ns period=40.000ns})
  Path Group:             clk_out1_clk_wiz_0
  Path Type:              Setup (Max at Slow Process Corner)
  Requirement:            40.000ns  (clk_out1_clk_wiz_0 rise@40.000ns - clk_out1_clk_wiz_0 rise@0.000ns)
  Data Path Delay:        6.316ns  (logic 0.992ns (15.706%)  route 5.324ns (84.294%))
  Logic Levels:           2  (LUT5=1 LUT6=1)
  Clock Path Skew:        -0.026ns (DCD - SCD + CPR)
    Destination Clock Delay (DCD):    1.442ns = ( 41.442 - 40.000 ) 
    Source Clock Delay      (SCD):    1.562ns
    Clock Pessimism Removal (CPR):    0.094ns
  Clock Uncertainty:      0.095ns  ((TSJ^2 + DJ^2)^1/2) / 2 + PE
    Total System Jitter     (TSJ):    0.071ns
    Discrete Jitter          (DJ):    0.175ns
    Phase Error              (PE):    0.000ns

    Location             Delay type                Incr(ns)  Path(ns)    Netlist Resource(s)
  -------------------------------------------------------------------    -------------------
                         (clock clk_out1_clk_wiz_0 rise edge)
                                                      0.000     0.000 r  
    BUFGCTRL_X0Y3        BUFG                         0.000     0.000 r  clk_IBUF_BUFG_inst/O
                         net (fo=45, routed)          1.575     1.575    clk_wiz/inst/clk_in1
    MMCME2_ADV_X1Y0      MMCME2_ADV (Prop_mmcme2_adv_CLKIN1_CLKOUT0)
                                                     -3.333    -1.757 r  clk_wiz/inst/mmcm_adv_inst/CLKOUT0
                         net (fo=1, routed)           1.661    -0.096    clk_wiz/inst/clk_out1_clk_wiz_0
    BUFGCTRL_X0Y0        BUFG (Prop_bufg_I_O)         0.096    -0.000 r  clk_wiz/inst/clkout1_buf/O
                         net (fo=204, routed)         1.562     1.562    vga/CLK
    SLICE_X12Y15         FDCE                                         r  vga/hc_reg[3]/C
  -------------------------------------------------------------------    -------------------
    SLICE_X12Y15         FDCE (Prop_fdce_C_Q)         0.518     2.080 r  vga/hc_reg[3]/Q
                         net (fo=6, routed)           4.010     6.090    vga/Q[2]
    SLICE_X12Y15         LUT5 (Prop_lut5_I0_O)        0.119     6.209 f  vga/hc[9]_i_2/O
                         net (fo=6, routed)           0.346     6.555    vga/hc[9]_i_2_n_0
    SLICE_X15Y16         LUT6 (Prop_lut6_I5_O)        0.355     6.910 r  vga/vc[9]_i_1/O
                         net (fo=10, routed)          0.969     7.878    vga/vc
    SLICE_X15Y17         FDCE                                         r  vga/vc_reg[5]/CE
  -------------------------------------------------------------------    -------------------

                         (clock clk_out1_clk_wiz_0 rise edge)
                                                     40.000    40.000 r  
    BUFGCTRL_X0Y3        BUFG                         0.000    40.000 r  clk_IBUF_BUFG_inst/O
                         net (fo=45, routed)          1.457    41.457    clk_wiz/inst/clk_in1
    MMCME2_ADV_X1Y0      MMCME2_ADV (Prop_mmcme2_adv_CLKIN1_CLKOUT0)
                                                     -3.129    38.328 r  clk_wiz/inst/mmcm_adv_inst/CLKOUT0
                         net (fo=1, routed)           1.581    39.909    clk_wiz/inst/clk_out1_clk_wiz_0
    BUFGCTRL_X0Y0        BUFG (Prop_bufg_I_O)         0.091    40.000 r  clk_wiz/inst/clkout1_buf/O
                         net (fo=204, routed)         1.442    41.442    vga/CLK
    SLICE_X15Y17         FDCE                                         r  vga/vc_reg[5]/C
                         clock pessimism              0.094    41.536    
                         clock uncertainty           -0.095    41.442    
    SLICE_X15Y17         FDCE (Setup_fdce_C_CE)      -0.205    41.237    vga/vc_reg[5]
  -------------------------------------------------------------------
                         required time                         41.237    
                         arrival time                          -7.878    
  -------------------------------------------------------------------
                         slack                                 33.358    

Slack (MET) :             33.358ns  (required time - arrival time)
  Source:                 vga/hc_reg[3]/C
                            (rising edge-triggered cell FDCE clocked by clk_out1_clk_wiz_0  {rise@0.000ns fall@20.000ns period=40.000ns})
  Destination:            vga/vc_reg[9]/CE
                            (rising edge-triggered cell FDCE clocked by clk_out1_clk_wiz_0  {rise@0.000ns fall@20.000ns period=40.000ns})
  Path Group:             clk_out1_clk_wiz_0
  Path Type:              Setup (Max at Slow Process Corner)
  Requirement:            40.000ns  (clk_out1_clk_wiz_0 rise@40.000ns - clk_out1_clk_wiz_0 rise@0.000ns)
  Data Path Delay:        6.316ns  (logic 0.992ns (15.706%)  route 5.324ns (84.294%))
  Logic Levels:           2  (LUT5=1 LUT6=1)
  Clock Path Skew:        -0.026ns (DCD - SCD + CPR)
    Destination Clock Delay (DCD):    1.442ns = ( 41.442 - 40.000 ) 
    Source Clock Delay      (SCD):    1.562ns
    Clock Pessimism Removal (CPR):    0.094ns
  Clock Uncertainty:      0.095ns  ((TSJ^2 + DJ^2)^1/2) / 2 + PE
    Total System Jitter     (TSJ):    0.071ns
    Discrete Jitter          (DJ):    0.175ns
    Phase Error              (PE):    0.000ns

    Location             Delay type                Incr(ns)  Path(ns)    Netlist Resource(s)
  -------------------------------------------------------------------    -------------------
                         (clock clk_out1_clk_wiz_0 rise edge)
                                                      0.000     0.000 r  
    BUFGCTRL_X0Y3        BUFG                         0.000     0.000 r  clk_IBUF_BUFG_inst/O
                         net (fo=45, routed)          1.575     1.575    clk_wiz/inst/clk_in1
    MMCME2_ADV_X1Y0      MMCME2_ADV (Prop_mmcme2_adv_CLKIN1_CLKOUT0)
                                                     -3.333    -1.757 r  clk_wiz/inst/mmcm_adv_inst/CLKOUT0
                         net (fo=1, routed)           1.661    -0.096    clk_wiz/inst/clk_out1_clk_wiz_0
    BUFGCTRL_X0Y0        BUFG (Prop_bufg_I_O)         0.096    -0.000 r  clk_wiz/inst/clkout1_buf/O
                         net (fo=204, routed)         1.562     1.562    vga/CLK
    SLICE_X12Y15         FDCE                                         r  vga/hc_reg[3]/C
  -------------------------------------------------------------------    -------------------
    SLICE_X12Y15         FDCE (Prop_fdce_C_Q)         0.518     2.080 r  vga/hc_reg[3]/Q
                         net (fo=6, routed)           4.010     6.090    vga/Q[2]
    SLICE_X12Y15         LUT5 (Prop_lut5_I0_O)        0.119     6.209 f  vga/hc[9]_i_2/O
                         net (fo=6, routed)           0.346     6.555    vga/hc[9]_i_2_n_0
    SLICE_X15Y16         LUT6 (Prop_lut6_I5_O)        0.355     6.910 r  vga/vc[9]_i_1/O
                         net (fo=10, routed)          0.969     7.878    vga/vc
    SLICE_X15Y17         FDCE                                         r  vga/vc_reg[9]/CE
  -------------------------------------------------------------------    -------------------

                         (clock clk_out1_clk_wiz_0 rise edge)
                                                     40.000    40.000 r  
    BUFGCTRL_X0Y3        BUFG                         0.000    40.000 r  clk_IBUF_BUFG_inst/O
                         net (fo=45, routed)          1.457    41.457    clk_wiz/inst/clk_in1
    MMCME2_ADV_X1Y0      MMCME2_ADV (Prop_mmcme2_adv_CLKIN1_CLKOUT0)
                                                     -3.129    38.328 r  clk_wiz/inst/mmcm_adv_inst/CLKOUT0
                         net (fo=1, routed)           1.581    39.909    clk_wiz/inst/clk_out1_clk_wiz_0
    BUFGCTRL_X0Y0        BUFG (Prop_bufg_I_O)         0.091    40.000 r  clk_wiz/inst/clkout1_buf/O
                         net (fo=204, routed)         1.442    41.442    vga/CLK
    SLICE_X15Y17         FDCE                                         r  vga/vc_reg[9]/C
                         clock pessimism              0.094    41.536    
                         clock uncertainty           -0.095    41.442    
    SLICE_X15Y17         FDCE (Setup_fdce_C_CE)      -0.205    41.237    vga/vc_reg[9]
  -------------------------------------------------------------------
                         required time                         41.237    
                         arrival time                          -7.878    
  -------------------------------------------------------------------
                         slack                                 33.358    

Slack (MET) :             33.513ns  (required time - arrival time)
  Source:                 vga/hc_reg[3]/C
                            (rising edge-triggered cell FDCE clocked by clk_out1_clk_wiz_0  {rise@0.000ns fall@20.000ns period=40.000ns})
  Destination:            vga/vc_reg[4]/CE
                            (rising edge-triggered cell FDCE clocked by clk_out1_clk_wiz_0  {rise@0.000ns fall@20.000ns period=40.000ns})
  Path Group:             clk_out1_clk_wiz_0
  Path Type:              Setup (Max at Slow Process Corner)
  Requirement:            40.000ns  (clk_out1_clk_wiz_0 rise@40.000ns - clk_out1_clk_wiz_0 rise@0.000ns)
  Data Path Delay:        6.163ns  (logic 0.992ns (16.096%)  route 5.171ns (83.904%))
  Logic Levels:           2  (LUT5=1 LUT6=1)
  Clock Path Skew:        -0.025ns (DCD - SCD + CPR)
    Destination Clock Delay (DCD):    1.443ns = ( 41.443 - 40.000 ) 
    Source Clock Delay      (SCD):    1.562ns
    Clock Pessimism Removal (CPR):    0.094ns
  Clock Uncertainty:      0.095ns  ((TSJ^2 + DJ^2)^1/2) / 2 + PE
    Total System Jitter     (TSJ):    0.071ns
    Discrete Jitter          (DJ):    0.175ns
    Phase Error              (PE):    0.000ns

    Location             Delay type                Incr(ns)  Path(ns)    Netlist Resource(s)
  -------------------------------------------------------------------    -------------------
                         (clock clk_out1_clk_wiz_0 rise edge)
                                                      0.000     0.000 r  
    BUFGCTRL_X0Y3        BUFG                         0.000     0.000 r  clk_IBUF_BUFG_inst/O
                         net (fo=45, routed)          1.575     1.575    clk_wiz/inst/clk_in1
    MMCME2_ADV_X1Y0      MMCME2_ADV (Prop_mmcme2_adv_CLKIN1_CLKOUT0)
                                                     -3.333    -1.757 r  clk_wiz/inst/mmcm_adv_inst/CLKOUT0
                         net (fo=1, routed)           1.661    -0.096    clk_wiz/inst/clk_out1_clk_wiz_0
    BUFGCTRL_X0Y0        BUFG (Prop_bufg_I_O)         0.096    -0.000 r  clk_wiz/inst/clkout1_buf/O
                         net (fo=204, routed)         1.562     1.562    vga/CLK
    SLICE_X12Y15         FDCE                                         r  vga/hc_reg[3]/C
  -------------------------------------------------------------------    -------------------
    SLICE_X12Y15         FDCE (Prop_fdce_C_Q)         0.518     2.080 r  vga/hc_reg[3]/Q
                         net (fo=6, routed)           4.010     6.090    vga/Q[2]
    SLICE_X12Y15         LUT5 (Prop_lut5_I0_O)        0.119     6.209 f  vga/hc[9]_i_2/O
                         net (fo=6, routed)           0.346     6.555    vga/hc[9]_i_2_n_0
    SLICE_X15Y16         LUT6 (Prop_lut6_I5_O)        0.355     6.910 r  vga/vc[9]_i_1/O
                         net (fo=10, routed)          0.816     7.725    vga/vc
    SLICE_X13Y16         FDCE                                         r  vga/vc_reg[4]/CE
  -------------------------------------------------------------------    -------------------

                         (clock clk_out1_clk_wiz_0 rise edge)
                                                     40.000    40.000 r  
    BUFGCTRL_X0Y3        BUFG                         0.000    40.000 r  clk_IBUF_BUFG_inst/O
                         net (fo=45, routed)          1.457    41.457    clk_wiz/inst/clk_in1
    MMCME2_ADV_X1Y0      MMCME2_ADV (Prop_mmcme2_adv_CLKIN1_CLKOUT0)
                                                     -3.129    38.328 r  clk_wiz/inst/mmcm_adv_inst/CLKOUT0
                         net (fo=1, routed)           1.581    39.909    clk_wiz/inst/clk_out1_clk_wiz_0
    BUFGCTRL_X0Y0        BUFG (Prop_bufg_I_O)         0.091    40.000 r  clk_wiz/inst/clkout1_buf/O
                         net (fo=204, routed)         1.443    41.443    vga/CLK
    SLICE_X13Y16         FDCE                                         r  vga/vc_reg[4]/C
                         clock pessimism              0.094    41.537    
                         clock uncertainty           -0.095    41.443    
    SLICE_X13Y16         FDCE (Setup_fdce_C_CE)      -0.205    41.238    vga/vc_reg[4]
  -------------------------------------------------------------------
                         required time                         41.238    
                         arrival time                          -7.725    
  -------------------------------------------------------------------
                         slack                                 33.513    

Slack (MET) :             33.811ns  (required time - arrival time)
  Source:                 vga/hc_reg[3]/C
                            (rising edge-triggered cell FDCE clocked by clk_out1_clk_wiz_0  {rise@0.000ns fall@20.000ns period=40.000ns})
  Destination:            vga/vc_reg[0]/CE
                            (rising edge-triggered cell FDCE clocked by clk_out1_clk_wiz_0  {rise@0.000ns fall@20.000ns period=40.000ns})
  Path Group:             clk_out1_clk_wiz_0
  Path Type:              Setup (Max at Slow Process Corner)
  Requirement:            40.000ns  (clk_out1_clk_wiz_0 rise@40.000ns - clk_out1_clk_wiz_0 rise@0.000ns)
  Data Path Delay:        5.851ns  (logic 0.992ns (16.955%)  route 4.859ns (83.045%))
  Logic Levels:           2  (LUT5=1 LUT6=1)
  Clock Path Skew:        -0.039ns (DCD - SCD + CPR)
    Destination Clock Delay (DCD):    1.443ns = ( 41.443 - 40.000 ) 
    Source Clock Delay      (SCD):    1.562ns
    Clock Pessimism Removal (CPR):    0.080ns
  Clock Uncertainty:      0.095ns  ((TSJ^2 + DJ^2)^1/2) / 2 + PE
    Total System Jitter     (TSJ):    0.071ns
    Discrete Jitter          (DJ):    0.175ns
    Phase Error              (PE):    0.000ns

    Location             Delay type                Incr(ns)  Path(ns)    Netlist Resource(s)
  -------------------------------------------------------------------    -------------------
                         (clock clk_out1_clk_wiz_0 rise edge)
                                                      0.000     0.000 r  
    BUFGCTRL_X0Y3        BUFG                         0.000     0.000 r  clk_IBUF_BUFG_inst/O
                         net (fo=45, routed)          1.575     1.575    clk_wiz/inst/clk_in1
    MMCME2_ADV_X1Y0      MMCME2_ADV (Prop_mmcme2_adv_CLKIN1_CLKOUT0)
                                                     -3.333    -1.757 r  clk_wiz/inst/mmcm_adv_inst/CLKOUT0
                         net (fo=1, routed)           1.661    -0.096    clk_wiz/inst/clk_out1_clk_wiz_0
    BUFGCTRL_X0Y0        BUFG (Prop_bufg_I_O)         0.096    -0.000 r  clk_wiz/inst/clkout1_buf/O
                         net (fo=204, routed)         1.562     1.562    vga/CLK
    SLICE_X12Y15         FDCE                                         r  vga/hc_reg[3]/C
  -------------------------------------------------------------------    -------------------
    SLICE_X12Y15         FDCE (Prop_fdce_C_Q)         0.518     2.080 r  vga/hc_reg[3]/Q
                         net (fo=6, routed)           4.010     6.090    vga/Q[2]
    SLICE_X12Y15         LUT5 (Prop_lut5_I0_O)        0.119     6.209 f  vga/hc[9]_i_2/O
                         net (fo=6, routed)           0.346     6.555    vga/hc[9]_i_2_n_0
    SLICE_X15Y16         LUT6 (Prop_lut6_I5_O)        0.355     6.910 r  vga/vc[9]_i_1/O
                         net (fo=10, routed)          0.504     7.413    vga/vc
    SLICE_X11Y17         FDCE                                         r  vga/vc_reg[0]/CE
  -------------------------------------------------------------------    -------------------

                         (clock clk_out1_clk_wiz_0 rise edge)
                                                     40.000    40.000 r  
    BUFGCTRL_X0Y3        BUFG                         0.000    40.000 r  clk_IBUF_BUFG_inst/O
                         net (fo=45, routed)          1.457    41.457    clk_wiz/inst/clk_in1
    MMCME2_ADV_X1Y0      MMCME2_ADV (Prop_mmcme2_adv_CLKIN1_CLKOUT0)
                                                     -3.129    38.328 r  clk_wiz/inst/mmcm_adv_inst/CLKOUT0
                         net (fo=1, routed)           1.581    39.909    clk_wiz/inst/clk_out1_clk_wiz_0
    BUFGCTRL_X0Y0        BUFG (Prop_bufg_I_O)         0.091    40.000 r  clk_wiz/inst/clkout1_buf/O
                         net (fo=204, routed)         1.443    41.443    vga/CLK
    SLICE_X11Y17         FDCE                                         r  vga/vc_reg[0]/C
                         clock pessimism              0.080    41.523    
                         clock uncertainty           -0.095    41.429    
    SLICE_X11Y17         FDCE (Setup_fdce_C_CE)      -0.205    41.224    vga/vc_reg[0]
  -------------------------------------------------------------------
                         required time                         41.224    
                         arrival time                          -7.413    
  -------------------------------------------------------------------
                         slack                                 33.811    

Slack (MET) :             33.811ns  (required time - arrival time)
  Source:                 vga/hc_reg[3]/C
                            (rising edge-triggered cell FDCE clocked by clk_out1_clk_wiz_0  {rise@0.000ns fall@20.000ns period=40.000ns})
  Destination:            vga/vc_reg[1]/CE
                            (rising edge-triggered cell FDCE clocked by clk_out1_clk_wiz_0  {rise@0.000ns fall@20.000ns period=40.000ns})
  Path Group:             clk_out1_clk_wiz_0
  Path Type:              Setup (Max at Slow Process Corner)
  Requirement:            40.000ns  (clk_out1_clk_wiz_0 rise@40.000ns - clk_out1_clk_wiz_0 rise@0.000ns)
  Data Path Delay:        5.851ns  (logic 0.992ns (16.955%)  route 4.859ns (83.045%))
  Logic Levels:           2  (LUT5=1 LUT6=1)
  Clock Path Skew:        -0.039ns (DCD - SCD + CPR)
    Destination Clock Delay (DCD):    1.443ns = ( 41.443 - 40.000 ) 
    Source Clock Delay      (SCD):    1.562ns
    Clock Pessimism Removal (CPR):    0.080ns
  Clock Uncertainty:      0.095ns  ((TSJ^2 + DJ^2)^1/2) / 2 + PE
    Total System Jitter     (TSJ):    0.071ns
    Discrete Jitter          (DJ):    0.175ns
    Phase Error              (PE):    0.000ns

    Location             Delay type                Incr(ns)  Path(ns)    Netlist Resource(s)
  -------------------------------------------------------------------    -------------------
                         (clock clk_out1_clk_wiz_0 rise edge)
                                                      0.000     0.000 r  
    BUFGCTRL_X0Y3        BUFG                         0.000     0.000 r  clk_IBUF_BUFG_inst/O
                         net (fo=45, routed)          1.575     1.575    clk_wiz/inst/clk_in1
    MMCME2_ADV_X1Y0      MMCME2_ADV (Prop_mmcme2_adv_CLKIN1_CLKOUT0)
                                                     -3.333    -1.757 r  clk_wiz/inst/mmcm_adv_inst/CLKOUT0
                         net (fo=1, routed)           1.661    -0.096    clk_wiz/inst/clk_out1_clk_wiz_0
    BUFGCTRL_X0Y0        BUFG (Prop_bufg_I_O)         0.096    -0.000 r  clk_wiz/inst/clkout1_buf/O
                         net (fo=204, routed)         1.562     1.562    vga/CLK
    SLICE_X12Y15         FDCE                                         r  vga/hc_reg[3]/C
  -------------------------------------------------------------------    -------------------
    SLICE_X12Y15         FDCE (Prop_fdce_C_Q)         0.518     2.080 r  vga/hc_reg[3]/Q
                         net (fo=6, routed)           4.010     6.090    vga/Q[2]
    SLICE_X12Y15         LUT5 (Prop_lut5_I0_O)        0.119     6.209 f  vga/hc[9]_i_2/O
                         net (fo=6, routed)           0.346     6.555    vga/hc[9]_i_2_n_0
    SLICE_X15Y16         LUT6 (Prop_lut6_I5_O)        0.355     6.910 r  vga/vc[9]_i_1/O
                         net (fo=10, routed)          0.504     7.413    vga/vc
    SLICE_X11Y17         FDCE                                         r  vga/vc_reg[1]/CE
  -------------------------------------------------------------------    -------------------

                         (clock clk_out1_clk_wiz_0 rise edge)
                                                     40.000    40.000 r  
    BUFGCTRL_X0Y3        BUFG                         0.000    40.000 r  clk_IBUF_BUFG_inst/O
                         net (fo=45, routed)          1.457    41.457    clk_wiz/inst/clk_in1
    MMCME2_ADV_X1Y0      MMCME2_ADV (Prop_mmcme2_adv_CLKIN1_CLKOUT0)
                                                     -3.129    38.328 r  clk_wiz/inst/mmcm_adv_inst/CLKOUT0
                         net (fo=1, routed)           1.581    39.909    clk_wiz/inst/clk_out1_clk_wiz_0
    BUFGCTRL_X0Y0        BUFG (Prop_bufg_I_O)         0.091    40.000 r  clk_wiz/inst/clkout1_buf/O
                         net (fo=204, routed)         1.443    41.443    vga/CLK
    SLICE_X11Y17         FDCE                                         r  vga/vc_reg[1]/C
                         clock pessimism              0.080    41.523    
                         clock uncertainty           -0.095    41.429    
    SLICE_X11Y17         FDCE (Setup_fdce_C_CE)      -0.205    41.224    vga/vc_reg[1]
  -------------------------------------------------------------------
                         required time                         41.224    
                         arrival time                          -7.413    
  -------------------------------------------------------------------
                         slack                                 33.811    

Slack (MET) :             33.811ns  (required time - arrival time)
  Source:                 vga/hc_reg[3]/C
                            (rising edge-triggered cell FDCE clocked by clk_out1_clk_wiz_0  {rise@0.000ns fall@20.000ns period=40.000ns})
  Destination:            vga/vc_reg[2]/CE
                            (rising edge-triggered cell FDCE clocked by clk_out1_clk_wiz_0  {rise@0.000ns fall@20.000ns period=40.000ns})
  Path Group:             clk_out1_clk_wiz_0
  Path Type:              Setup (Max at Slow Process Corner)
  Requirement:            40.000ns  (clk_out1_clk_wiz_0 rise@40.000ns - clk_out1_clk_wiz_0 rise@0.000ns)
  Data Path Delay:        5.851ns  (logic 0.992ns (16.955%)  route 4.859ns (83.045%))
  Logic Levels:           2  (LUT5=1 LUT6=1)
  Clock Path Skew:        -0.039ns (DCD - SCD + CPR)
    Destination Clock Delay (DCD):    1.443ns = ( 41.443 - 40.000 ) 
    Source Clock Delay      (SCD):    1.562ns
    Clock Pessimism Removal (CPR):    0.080ns
  Clock Uncertainty:      0.095ns  ((TSJ^2 + DJ^2)^1/2) / 2 + PE
    Total System Jitter     (TSJ):    0.071ns
    Discrete Jitter          (DJ):    0.175ns
    Phase Error              (PE):    0.000ns

    Location             Delay type                Incr(ns)  Path(ns)    Netlist Resource(s)
  -------------------------------------------------------------------    -------------------
                         (clock clk_out1_clk_wiz_0 rise edge)
                                                      0.000     0.000 r  
    BUFGCTRL_X0Y3        BUFG                         0.000     0.000 r  clk_IBUF_BUFG_inst/O
                         net (fo=45, routed)          1.575     1.575    clk_wiz/inst/clk_in1
    MMCME2_ADV_X1Y0      MMCME2_ADV (Prop_mmcme2_adv_CLKIN1_CLKOUT0)
                                                     -3.333    -1.757 r  clk_wiz/inst/mmcm_adv_inst/CLKOUT0
                         net (fo=1, routed)           1.661    -0.096    clk_wiz/inst/clk_out1_clk_wiz_0
    BUFGCTRL_X0Y0        BUFG (Prop_bufg_I_O)         0.096    -0.000 r  clk_wiz/inst/clkout1_buf/O
                         net (fo=204, routed)         1.562     1.562    vga/CLK
    SLICE_X12Y15         FDCE                                         r  vga/hc_reg[3]/C
  -------------------------------------------------------------------    -------------------
    SLICE_X12Y15         FDCE (Prop_fdce_C_Q)         0.518     2.080 r  vga/hc_reg[3]/Q
                         net (fo=6, routed)           4.010     6.090    vga/Q[2]
    SLICE_X12Y15         LUT5 (Prop_lut5_I0_O)        0.119     6.209 f  vga/hc[9]_i_2/O
                         net (fo=6, routed)           0.346     6.555    vga/hc[9]_i_2_n_0
    SLICE_X15Y16         LUT6 (Prop_lut6_I5_O)        0.355     6.910 r  vga/vc[9]_i_1/O
                         net (fo=10, routed)          0.504     7.413    vga/vc
    SLICE_X11Y17         FDCE                                         r  vga/vc_reg[2]/CE
  -------------------------------------------------------------------    -------------------

                         (clock clk_out1_clk_wiz_0 rise edge)
                                                     40.000    40.000 r  
    BUFGCTRL_X0Y3        BUFG                         0.000    40.000 r  clk_IBUF_BUFG_inst/O
                         net (fo=45, routed)          1.457    41.457    clk_wiz/inst/clk_in1
    MMCME2_ADV_X1Y0      MMCME2_ADV (Prop_mmcme2_adv_CLKIN1_CLKOUT0)
                                                     -3.129    38.328 r  clk_wiz/inst/mmcm_adv_inst/CLKOUT0
                         net (fo=1, routed)           1.581    39.909    clk_wiz/inst/clk_out1_clk_wiz_0
    BUFGCTRL_X0Y0        BUFG (Prop_bufg_I_O)         0.091    40.000 r  clk_wiz/inst/clkout1_buf/O
                         net (fo=204, routed)         1.443    41.443    vga/CLK
    SLICE_X11Y17         FDCE                                         r  vga/vc_reg[2]/C
                         clock pessimism              0.080    41.523    
                         clock uncertainty           -0.095    41.429    
    SLICE_X11Y17         FDCE (Setup_fdce_C_CE)      -0.205    41.224    vga/vc_reg[2]
  -------------------------------------------------------------------
                         required time                         41.224    
                         arrival time                          -7.413    
  -------------------------------------------------------------------
                         slack                                 33.811    

Slack (MET) :             33.811ns  (required time - arrival time)
  Source:                 vga/hc_reg[3]/C
                            (rising edge-triggered cell FDCE clocked by clk_out1_clk_wiz_0  {rise@0.000ns fall@20.000ns period=40.000ns})
  Destination:            vga/vc_reg[3]/CE
                            (rising edge-triggered cell FDCE clocked by clk_out1_clk_wiz_0  {rise@0.000ns fall@20.000ns period=40.000ns})
  Path Group:             clk_out1_clk_wiz_0
  Path Type:              Setup (Max at Slow Process Corner)
  Requirement:            40.000ns  (clk_out1_clk_wiz_0 rise@40.000ns - clk_out1_clk_wiz_0 rise@0.000ns)
  Data Path Delay:        5.851ns  (logic 0.992ns (16.955%)  route 4.859ns (83.045%))
  Logic Levels:           2  (LUT5=1 LUT6=1)
  Clock Path Skew:        -0.039ns (DCD - SCD + CPR)
    Destination Clock Delay (DCD):    1.443ns = ( 41.443 - 40.000 ) 
    Source Clock Delay      (SCD):    1.562ns
    Clock Pessimism Removal (CPR):    0.080ns
  Clock Uncertainty:      0.095ns  ((TSJ^2 + DJ^2)^1/2) / 2 + PE
    Total System Jitter     (TSJ):    0.071ns
    Discrete Jitter          (DJ):    0.175ns
    Phase Error              (PE):    0.000ns

    Location             Delay type                Incr(ns)  Path(ns)    Netlist Resource(s)
  -------------------------------------------------------------------    -------------------
                         (clock clk_out1_clk_wiz_0 rise edge)
                                                      0.000     0.000 r  
    BUFGCTRL_X0Y3        BUFG                         0.000     0.000 r  clk_IBUF_BUFG_inst/O
                         net (fo=45, routed)          1.575     1.575    clk_wiz/inst/clk_in1
    MMCME2_ADV_X1Y0      MMCME2_ADV (Prop_mmcme2_adv_CLKIN1_CLKOUT0)
                                                     -3.333    -1.757 r  clk_wiz/inst/mmcm_adv_inst/CLKOUT0
                         net (fo=1, routed)           1.661    -0.096    clk_wiz/inst/clk_out1_clk_wiz_0
    BUFGCTRL_X0Y0        BUFG (Prop_bufg_I_O)         0.096    -0.000 r  clk_wiz/inst/clkout1_buf/O
                         net (fo=204, routed)         1.562     1.562    vga/CLK
    SLICE_X12Y15         FDCE                                         r  vga/hc_reg[3]/C
  -------------------------------------------------------------------    -------------------
    SLICE_X12Y15         FDCE (Prop_fdce_C_Q)         0.518     2.080 r  vga/hc_reg[3]/Q
                         net (fo=6, routed)           4.010     6.090    vga/Q[2]
    SLICE_X12Y15         LUT5 (Prop_lut5_I0_O)        0.119     6.209 f  vga/hc[9]_i_2/O
                         net (fo=6, routed)           0.346     6.555    vga/hc[9]_i_2_n_0
    SLICE_X15Y16         LUT6 (Prop_lut6_I5_O)        0.355     6.910 r  vga/vc[9]_i_1/O
                         net (fo=10, routed)          0.504     7.413    vga/vc
    SLICE_X11Y17         FDCE                                         r  vga/vc_reg[3]/CE
  -------------------------------------------------------------------    -------------------

                         (clock clk_out1_clk_wiz_0 rise edge)
                                                     40.000    40.000 r  
    BUFGCTRL_X0Y3        BUFG                         0.000    40.000 r  clk_IBUF_BUFG_inst/O
                         net (fo=45, routed)          1.457    41.457    clk_wiz/inst/clk_in1
    MMCME2_ADV_X1Y0      MMCME2_ADV (Prop_mmcme2_adv_CLKIN1_CLKOUT0)
                                                     -3.129    38.328 r  clk_wiz/inst/mmcm_adv_inst/CLKOUT0
                         net (fo=1, routed)           1.581    39.909    clk_wiz/inst/clk_out1_clk_wiz_0
    BUFGCTRL_X0Y0        BUFG (Prop_bufg_I_O)         0.091    40.000 r  clk_wiz/inst/clkout1_buf/O
                         net (fo=204, routed)         1.443    41.443    vga/CLK
    SLICE_X11Y17         FDCE                                         r  vga/vc_reg[3]/C
                         clock pessimism              0.080    41.523    
                         clock uncertainty           -0.095    41.429    
    SLICE_X11Y17         FDCE (Setup_fdce_C_CE)      -0.205    41.224    vga/vc_reg[3]
  -------------------------------------------------------------------
                         required time                         41.224    
                         arrival time                          -7.413    
  -------------------------------------------------------------------
                         slack                                 33.811    





Min Delay Paths
--------------------------------------------------------------------------------------
Slack (MET) :             0.103ns  (arrival time - required time)
  Source:                 vga_to_hdmi/inst/srldly_0/srl[39].srl16_i_srlopt/C
                            (rising edge-triggered cell FDRE clocked by clk_out1_clk_wiz_0  {rise@0.000ns fall@20.000ns period=40.000ns})
  Destination:            vga_to_hdmi/inst/srldly_0/srl[39].srl16_i/D
                            (rising edge-triggered cell SRL16E clocked by clk_out1_clk_wiz_0  {rise@0.000ns fall@20.000ns period=40.000ns})
  Path Group:             clk_out1_clk_wiz_0
  Path Type:              Hold (Min at Fast Process Corner)
  Requirement:            0.000ns  (clk_out1_clk_wiz_0 rise@0.000ns - clk_out1_clk_wiz_0 rise@0.000ns)
  Data Path Delay:        0.247ns  (logic 0.128ns (51.778%)  route 0.119ns (48.222%))
  Logic Levels:           0  
  Clock Path Skew:        0.014ns (DCD - SCD - CPR)
    Destination Clock Delay (DCD):    0.817ns
    Source Clock Delay      (SCD):    0.550ns
    Clock Pessimism Removal (CPR):    0.253ns

    Location             Delay type                Incr(ns)  Path(ns)    Netlist Resource(s)
  -------------------------------------------------------------------    -------------------
                         (clock clk_out1_clk_wiz_0 rise edge)
                                                      0.000     0.000 r  
    BUFGCTRL_X0Y3        BUFG                         0.000     0.000 r  clk_IBUF_BUFG_inst/O
                         net (fo=45, routed)          0.549     0.549    clk_wiz/inst/clk_in1
    MMCME2_ADV_X1Y0      MMCME2_ADV (Prop_mmcme2_adv_CLKIN1_CLKOUT0)
                                                     -1.061    -0.512 r  clk_wiz/inst/mmcm_adv_inst/CLKOUT0
                         net (fo=1, routed)           0.486    -0.026    clk_wiz/inst/clk_out1_clk_wiz_0
    BUFGCTRL_X0Y0        BUFG (Prop_bufg_I_O)         0.026     0.000 r  clk_wiz/inst/clkout1_buf/O
                         net (fo=204, routed)         0.550     0.550    vga_to_hdmi/inst/srldly_0/pix_clk
    SLICE_X31Y24         FDRE                                         r  vga_to_hdmi/inst/srldly_0/srl[39].srl16_i_srlopt/C
  -------------------------------------------------------------------    -------------------
    SLICE_X31Y24         FDRE (Prop_fdre_C_Q)         0.128     0.678 r  vga_to_hdmi/inst/srldly_0/srl[39].srl16_i_srlopt/Q
                         net (fo=1, routed)           0.119     0.797    vga_to_hdmi/inst/srldly_0/srlopt_n_9
    SLICE_X30Y23         SRL16E                                       r  vga_to_hdmi/inst/srldly_0/srl[39].srl16_i/D
  -------------------------------------------------------------------    -------------------

                         (clock clk_out1_clk_wiz_0 rise edge)
                                                      0.000     0.000 r  
    BUFGCTRL_X0Y3        BUFG                         0.000     0.000 r  clk_IBUF_BUFG_inst/O
                         net (fo=45, routed)          0.817     0.817    clk_wiz/inst/clk_in1
    MMCME2_ADV_X1Y0      MMCME2_ADV (Prop_mmcme2_adv_CLKIN1_CLKOUT0)
                                                     -1.375    -0.559 r  clk_wiz/inst/mmcm_adv_inst/CLKOUT0
                         net (fo=1, routed)           0.530    -0.029    clk_wiz/inst/clk_out1_clk_wiz_0
    BUFGCTRL_X0Y0        BUFG (Prop_bufg_I_O)         0.029     0.000 r  clk_wiz/inst/clkout1_buf/O
                         net (fo=204, routed)         0.817     0.817    vga_to_hdmi/inst/srldly_0/pix_clk
    SLICE_X30Y23         SRL16E                                       r  vga_to_hdmi/inst/srldly_0/srl[39].srl16_i/CLK
                         clock pessimism             -0.253     0.564    
    SLICE_X30Y23         SRL16E (Hold_srl16e_CLK_D)
                                                      0.130     0.694    vga_to_hdmi/inst/srldly_0/srl[39].srl16_i
  -------------------------------------------------------------------
                         required time                         -0.694    
                         arrival time                           0.797    
  -------------------------------------------------------------------
                         slack                                  0.103    

Slack (MET) :             0.106ns  (arrival time - required time)
  Source:                 vga_to_hdmi/inst/encb/q_m_reg_reg[3]/C
                            (rising edge-triggered cell FDRE clocked by clk_out1_clk_wiz_0  {rise@0.000ns fall@20.000ns period=40.000ns})
  Destination:            vga_to_hdmi/inst/encb/dout_reg[3]/D
                            (rising edge-triggered cell FDCE clocked by clk_out1_clk_wiz_0  {rise@0.000ns fall@20.000ns period=40.000ns})
  Path Group:             clk_out1_clk_wiz_0
  Path Type:              Hold (Min at Fast Process Corner)
  Requirement:            0.000ns  (clk_out1_clk_wiz_0 rise@0.000ns - clk_out1_clk_wiz_0 rise@0.000ns)
  Data Path Delay:        0.240ns  (logic 0.186ns (77.466%)  route 0.054ns (22.534%))
  Logic Levels:           1  (LUT4=1)
  Clock Path Skew:        0.013ns (DCD - SCD - CPR)
    Destination Clock Delay (DCD):    0.858ns
    Source Clock Delay      (SCD):    0.589ns
    Clock Pessimism Removal (CPR):    0.256ns

    Location             Delay type                Incr(ns)  Path(ns)    Netlist Resource(s)
  -------------------------------------------------------------------    -------------------
                         (clock clk_out1_clk_wiz_0 rise edge)
                                                      0.000     0.000 r  
    BUFGCTRL_X0Y3        BUFG                         0.000     0.000 r  clk_IBUF_BUFG_inst/O
                         net (fo=45, routed)          0.549     0.549    clk_wiz/inst/clk_in1
    MMCME2_ADV_X1Y0      MMCME2_ADV (Prop_mmcme2_adv_CLKIN1_CLKOUT0)
                                                     -1.061    -0.512 r  clk_wiz/inst/mmcm_adv_inst/CLKOUT0
                         net (fo=1, routed)           0.486    -0.026    clk_wiz/inst/clk_out1_clk_wiz_0
    BUFGCTRL_X0Y0        BUFG (Prop_bufg_I_O)         0.026     0.000 r  clk_wiz/inst/clkout1_buf/O
                         net (fo=204, routed)         0.589     0.589    vga_to_hdmi/inst/encb/pix_clk
    SLICE_X3Y17          FDRE                                         r  vga_to_hdmi/inst/encb/q_m_reg_reg[3]/C
  -------------------------------------------------------------------    -------------------
    SLICE_X3Y17          FDRE (Prop_fdre_C_Q)         0.141     0.730 r  vga_to_hdmi/inst/encb/q_m_reg_reg[3]/Q
                         net (fo=1, routed)           0.054     0.784    vga_to_hdmi/inst/encb/q_m_reg_reg_n_0_[3]
    SLICE_X2Y17          LUT4 (Prop_lut4_I0_O)        0.045     0.829 r  vga_to_hdmi/inst/encb/dout[3]_i_1/O
                         net (fo=1, routed)           0.000     0.829    vga_to_hdmi/inst/encb/dout[3]_i_1_n_0
    SLICE_X2Y17          FDCE                                         r  vga_to_hdmi/inst/encb/dout_reg[3]/D
  -------------------------------------------------------------------    -------------------

                         (clock clk_out1_clk_wiz_0 rise edge)
                                                      0.000     0.000 r  
    BUFGCTRL_X0Y3        BUFG                         0.000     0.000 r  clk_IBUF_BUFG_inst/O
                         net (fo=45, routed)          0.817     0.817    clk_wiz/inst/clk_in1
    MMCME2_ADV_X1Y0      MMCME2_ADV (Prop_mmcme2_adv_CLKIN1_CLKOUT0)
                                                     -1.375    -0.559 r  clk_wiz/inst/mmcm_adv_inst/CLKOUT0
                         net (fo=1, routed)           0.530    -0.029    clk_wiz/inst/clk_out1_clk_wiz_0
    BUFGCTRL_X0Y0        BUFG (Prop_bufg_I_O)         0.029     0.000 r  clk_wiz/inst/clkout1_buf/O
                         net (fo=204, routed)         0.858     0.858    vga_to_hdmi/inst/encb/pix_clk
    SLICE_X2Y17          FDCE                                         r  vga_to_hdmi/inst/encb/dout_reg[3]/C
                         clock pessimism             -0.256     0.602    
    SLICE_X2Y17          FDCE (Hold_fdce_C_D)         0.121     0.723    vga_to_hdmi/inst/encb/dout_reg[3]
  -------------------------------------------------------------------
                         required time                         -0.723    
                         arrival time                           0.829    
  -------------------------------------------------------------------
                         slack                                  0.106    

Slack (MET) :             0.137ns  (arrival time - required time)
  Source:                 vga_to_hdmi/inst/srldly_0/srl[23].srl16_i_srlopt/C
                            (rising edge-triggered cell FDRE clocked by clk_out1_clk_wiz_0  {rise@0.000ns fall@20.000ns period=40.000ns})
  Destination:            vga_to_hdmi/inst/srldly_0/srl[23].srl16_i/D
                            (rising edge-triggered cell SRL16E clocked by clk_out1_clk_wiz_0  {rise@0.000ns fall@20.000ns period=40.000ns})
  Path Group:             clk_out1_clk_wiz_0
  Path Type:              Hold (Min at Fast Process Corner)
  Requirement:            0.000ns  (clk_out1_clk_wiz_0 rise@0.000ns - clk_out1_clk_wiz_0 rise@0.000ns)
  Data Path Delay:        0.298ns  (logic 0.128ns (42.984%)  route 0.170ns (57.016%))
  Logic Levels:           0  
  Clock Path Skew:        0.032ns (DCD - SCD - CPR)
    Destination Clock Delay (DCD):    0.817ns
    Source Clock Delay      (SCD):    0.551ns
    Clock Pessimism Removal (CPR):    0.234ns

    Location             Delay type                Incr(ns)  Path(ns)    Netlist Resource(s)
  -------------------------------------------------------------------    -------------------
                         (clock clk_out1_clk_wiz_0 rise edge)
                                                      0.000     0.000 r  
    BUFGCTRL_X0Y3        BUFG                         0.000     0.000 r  clk_IBUF_BUFG_inst/O
                         net (fo=45, routed)          0.549     0.549    clk_wiz/inst/clk_in1
    MMCME2_ADV_X1Y0      MMCME2_ADV (Prop_mmcme2_adv_CLKIN1_CLKOUT0)
                                                     -1.061    -0.512 r  clk_wiz/inst/mmcm_adv_inst/CLKOUT0
                         net (fo=1, routed)           0.486    -0.026    clk_wiz/inst/clk_out1_clk_wiz_0
    BUFGCTRL_X0Y0        BUFG (Prop_bufg_I_O)         0.026     0.000 r  clk_wiz/inst/clkout1_buf/O
                         net (fo=204, routed)         0.551     0.551    vga_to_hdmi/inst/srldly_0/pix_clk
    SLICE_X41Y23         FDRE                                         r  vga_to_hdmi/inst/srldly_0/srl[23].srl16_i_srlopt/C
  -------------------------------------------------------------------    -------------------
    SLICE_X41Y23         FDRE (Prop_fdre_C_Q)         0.128     0.679 r  vga_to_hdmi/inst/srldly_0/srl[23].srl16_i_srlopt/Q
                         net (fo=1, routed)           0.170     0.848    vga_to_hdmi/inst/srldly_0/srlopt_n_13
    SLICE_X38Y23         SRL16E                                       r  vga_to_hdmi/inst/srldly_0/srl[23].srl16_i/D
  -------------------------------------------------------------------    -------------------

                         (clock clk_out1_clk_wiz_0 rise edge)
                                                      0.000     0.000 r  
    BUFGCTRL_X0Y3        BUFG                         0.000     0.000 r  clk_IBUF_BUFG_inst/O
                         net (fo=45, routed)          0.817     0.817    clk_wiz/inst/clk_in1
    MMCME2_ADV_X1Y0      MMCME2_ADV (Prop_mmcme2_adv_CLKIN1_CLKOUT0)
                                                     -1.375    -0.559 r  clk_wiz/inst/mmcm_adv_inst/CLKOUT0
                         net (fo=1, routed)           0.530    -0.029    clk_wiz/inst/clk_out1_clk_wiz_0
    BUFGCTRL_X0Y0        BUFG (Prop_bufg_I_O)         0.029     0.000 r  clk_wiz/inst/clkout1_buf/O
                         net (fo=204, routed)         0.817     0.817    vga_to_hdmi/inst/srldly_0/pix_clk
    SLICE_X38Y23         SRL16E                                       r  vga_to_hdmi/inst/srldly_0/srl[23].srl16_i/CLK
                         clock pessimism             -0.234     0.583    
    SLICE_X38Y23         SRL16E (Hold_srl16e_CLK_D)
                                                      0.129     0.712    vga_to_hdmi/inst/srldly_0/srl[23].srl16_i
  -------------------------------------------------------------------
                         required time                         -0.712    
                         arrival time                           0.848    
  -------------------------------------------------------------------
                         slack                                  0.137    

Slack (MET) :             0.138ns  (arrival time - required time)
  Source:                 vga_to_hdmi/inst/srldly_0/srl[18].srl16_i_srlopt/C
                            (rising edge-triggered cell FDRE clocked by clk_out1_clk_wiz_0  {rise@0.000ns fall@20.000ns period=40.000ns})
  Destination:            vga_to_hdmi/inst/srldly_0/srl[18].srl16_i/D
                            (rising edge-triggered cell SRL16E clocked by clk_out1_clk_wiz_0  {rise@0.000ns fall@20.000ns period=40.000ns})
  Path Group:             clk_out1_clk_wiz_0
  Path Type:              Hold (Min at Fast Process Corner)
  Requirement:            0.000ns  (clk_out1_clk_wiz_0 rise@0.000ns - clk_out1_clk_wiz_0 rise@0.000ns)
  Data Path Delay:        0.439ns  (logic 0.128ns (29.129%)  route 0.311ns (70.871%))
  Logic Levels:           0  
  Clock Path Skew:        0.261ns (DCD - SCD - CPR)
    Destination Clock Delay (DCD):    0.817ns
    Source Clock Delay      (SCD):    0.551ns
    Clock Pessimism Removal (CPR):    0.005ns

    Location             Delay type                Incr(ns)  Path(ns)    Netlist Resource(s)
  -------------------------------------------------------------------    -------------------
                         (clock clk_out1_clk_wiz_0 rise edge)
                                                      0.000     0.000 r  
    BUFGCTRL_X0Y3        BUFG                         0.000     0.000 r  clk_IBUF_BUFG_inst/O
                         net (fo=45, routed)          0.549     0.549    clk_wiz/inst/clk_in1
    MMCME2_ADV_X1Y0      MMCME2_ADV (Prop_mmcme2_adv_CLKIN1_CLKOUT0)
                                                     -1.061    -0.512 r  clk_wiz/inst/mmcm_adv_inst/CLKOUT0
                         net (fo=1, routed)           0.486    -0.026    clk_wiz/inst/clk_out1_clk_wiz_0
    BUFGCTRL_X0Y0        BUFG (Prop_bufg_I_O)         0.026     0.000 r  clk_wiz/inst/clkout1_buf/O
                         net (fo=204, routed)         0.551     0.551    vga_to_hdmi/inst/srldly_0/pix_clk
    SLICE_X32Y23         FDRE                                         r  vga_to_hdmi/inst/srldly_0/srl[18].srl16_i_srlopt/C
  -------------------------------------------------------------------    -------------------
    SLICE_X32Y23         FDRE (Prop_fdre_C_Q)         0.128     0.679 r  vga_to_hdmi/inst/srldly_0/srl[18].srl16_i_srlopt/Q
                         net (fo=1, routed)           0.311     0.990    vga_to_hdmi/inst/srldly_0/srlopt_n_15
    SLICE_X38Y23         SRL16E                                       r  vga_to_hdmi/inst/srldly_0/srl[18].srl16_i/D
  -------------------------------------------------------------------    -------------------

                         (clock clk_out1_clk_wiz_0 rise edge)
                                                      0.000     0.000 r  
    BUFGCTRL_X0Y3        BUFG                         0.000     0.000 r  clk_IBUF_BUFG_inst/O
                         net (fo=45, routed)          0.817     0.817    clk_wiz/inst/clk_in1
    MMCME2_ADV_X1Y0      MMCME2_ADV (Prop_mmcme2_adv_CLKIN1_CLKOUT0)
                                                     -1.375    -0.559 r  clk_wiz/inst/mmcm_adv_inst/CLKOUT0
                         net (fo=1, routed)           0.530    -0.029    clk_wiz/inst/clk_out1_clk_wiz_0
    BUFGCTRL_X0Y0        BUFG (Prop_bufg_I_O)         0.029     0.000 r  clk_wiz/inst/clkout1_buf/O
                         net (fo=204, routed)         0.817     0.817    vga_to_hdmi/inst/srldly_0/pix_clk
    SLICE_X38Y23         SRL16E                                       r  vga_to_hdmi/inst/srldly_0/srl[18].srl16_i/CLK
                         clock pessimism             -0.005     0.812    
    SLICE_X38Y23         SRL16E (Hold_srl16e_CLK_D)
                                                      0.040     0.852    vga_to_hdmi/inst/srldly_0/srl[18].srl16_i
  -------------------------------------------------------------------
                         required time                         -0.852    
                         arrival time                           0.990    
  -------------------------------------------------------------------
                         slack                                  0.138    

Slack (MET) :             0.141ns  (arrival time - required time)
  Source:                 vga_to_hdmi/inst/encb/q_m_reg_reg[7]/C
                            (rising edge-triggered cell FDRE clocked by clk_out1_clk_wiz_0  {rise@0.000ns fall@20.000ns period=40.000ns})
  Destination:            vga_to_hdmi/inst/encb/dout_reg[7]/D
                            (rising edge-triggered cell FDCE clocked by clk_out1_clk_wiz_0  {rise@0.000ns fall@20.000ns period=40.000ns})
  Path Group:             clk_out1_clk_wiz_0
  Path Type:              Hold (Min at Fast Process Corner)
  Requirement:            0.000ns  (clk_out1_clk_wiz_0 rise@0.000ns - clk_out1_clk_wiz_0 rise@0.000ns)
  Data Path Delay:        0.275ns  (logic 0.186ns (67.611%)  route 0.089ns (32.389%))
  Logic Levels:           1  (LUT4=1)
  Clock Path Skew:        0.013ns (DCD - SCD - CPR)
    Destination Clock Delay (DCD):    0.857ns
    Source Clock Delay      (SCD):    0.588ns
    Clock Pessimism Removal (CPR):    0.256ns

    Location             Delay type                Incr(ns)  Path(ns)    Netlist Resource(s)
  -------------------------------------------------------------------    -------------------
                         (clock clk_out1_clk_wiz_0 rise edge)
                                                      0.000     0.000 r  
    BUFGCTRL_X0Y3        BUFG                         0.000     0.000 r  clk_IBUF_BUFG_inst/O
                         net (fo=45, routed)          0.549     0.549    clk_wiz/inst/clk_in1
    MMCME2_ADV_X1Y0      MMCME2_ADV (Prop_mmcme2_adv_CLKIN1_CLKOUT0)
                                                     -1.061    -0.512 r  clk_wiz/inst/mmcm_adv_inst/CLKOUT0
                         net (fo=1, routed)           0.486    -0.026    clk_wiz/inst/clk_out1_clk_wiz_0
    BUFGCTRL_X0Y0        BUFG (Prop_bufg_I_O)         0.026     0.000 r  clk_wiz/inst/clkout1_buf/O
                         net (fo=204, routed)         0.588     0.588    vga_to_hdmi/inst/encb/pix_clk
    SLICE_X3Y18          FDRE                                         r  vga_to_hdmi/inst/encb/q_m_reg_reg[7]/C
  -------------------------------------------------------------------    -------------------
    SLICE_X3Y18          FDRE (Prop_fdre_C_Q)         0.141     0.729 r  vga_to_hdmi/inst/encb/q_m_reg_reg[7]/Q
                         net (fo=1, routed)           0.089     0.818    vga_to_hdmi/inst/encb/q_m_reg_reg_n_0_[7]
    SLICE_X2Y18          LUT4 (Prop_lut4_I0_O)        0.045     0.863 r  vga_to_hdmi/inst/encb/dout[7]_i_1/O
                         net (fo=1, routed)           0.000     0.863    vga_to_hdmi/inst/encb/dout[7]_i_1_n_0
    SLICE_X2Y18          FDCE                                         r  vga_to_hdmi/inst/encb/dout_reg[7]/D
  -------------------------------------------------------------------    -------------------

                         (clock clk_out1_clk_wiz_0 rise edge)
                                                      0.000     0.000 r  
    BUFGCTRL_X0Y3        BUFG                         0.000     0.000 r  clk_IBUF_BUFG_inst/O
                         net (fo=45, routed)          0.817     0.817    clk_wiz/inst/clk_in1
    MMCME2_ADV_X1Y0      MMCME2_ADV (Prop_mmcme2_adv_CLKIN1_CLKOUT0)
                                                     -1.375    -0.559 r  clk_wiz/inst/mmcm_adv_inst/CLKOUT0
                         net (fo=1, routed)           0.530    -0.029    clk_wiz/inst/clk_out1_clk_wiz_0
    BUFGCTRL_X0Y0        BUFG (Prop_bufg_I_O)         0.029     0.000 r  clk_wiz/inst/clkout1_buf/O
                         net (fo=204, routed)         0.857     0.857    vga_to_hdmi/inst/encb/pix_clk
    SLICE_X2Y18          FDCE                                         r  vga_to_hdmi/inst/encb/dout_reg[7]/C
                         clock pessimism             -0.256     0.601    
    SLICE_X2Y18          FDCE (Hold_fdce_C_D)         0.121     0.722    vga_to_hdmi/inst/encb/dout_reg[7]
  -------------------------------------------------------------------
                         required time                         -0.722    
                         arrival time                           0.863    
  -------------------------------------------------------------------
                         slack                                  0.141    

Slack (MET) :             0.143ns  (arrival time - required time)
  Source:                 vga_to_hdmi/inst/encg/q_m_reg_reg[2]/C
                            (rising edge-triggered cell FDRE clocked by clk_out1_clk_wiz_0  {rise@0.000ns fall@20.000ns period=40.000ns})
  Destination:            vga_to_hdmi/inst/encg/dout_reg[2]/D
                            (rising edge-triggered cell FDCE clocked by clk_out1_clk_wiz_0  {rise@0.000ns fall@20.000ns period=40.000ns})
  Path Group:             clk_out1_clk_wiz_0
  Path Type:              Hold (Min at Fast Process Corner)
  Requirement:            0.000ns  (clk_out1_clk_wiz_0 rise@0.000ns - clk_out1_clk_wiz_0 rise@0.000ns)
  Data Path Delay:        0.277ns  (logic 0.186ns (67.123%)  route 0.091ns (32.877%))
  Logic Levels:           1  (LUT5=1)
  Clock Path Skew:        0.013ns (DCD - SCD - CPR)
    Destination Clock Delay (DCD):    0.854ns
    Source Clock Delay      (SCD):    0.585ns
    Clock Pessimism Removal (CPR):    0.256ns

    Location             Delay type                Incr(ns)  Path(ns)    Netlist Resource(s)
  -------------------------------------------------------------------    -------------------
                         (clock clk_out1_clk_wiz_0 rise edge)
                                                      0.000     0.000 r  
    BUFGCTRL_X0Y3        BUFG                         0.000     0.000 r  clk_IBUF_BUFG_inst/O
                         net (fo=45, routed)          0.549     0.549    clk_wiz/inst/clk_in1
    MMCME2_ADV_X1Y0      MMCME2_ADV (Prop_mmcme2_adv_CLKIN1_CLKOUT0)
                                                     -1.061    -0.512 r  clk_wiz/inst/mmcm_adv_inst/CLKOUT0
                         net (fo=1, routed)           0.486    -0.026    clk_wiz/inst/clk_out1_clk_wiz_0
    BUFGCTRL_X0Y0        BUFG (Prop_bufg_I_O)         0.026     0.000 r  clk_wiz/inst/clkout1_buf/O
                         net (fo=204, routed)         0.585     0.585    vga_to_hdmi/inst/encg/pix_clk
    SLICE_X3Y21          FDRE                                         r  vga_to_hdmi/inst/encg/q_m_reg_reg[2]/C
  -------------------------------------------------------------------    -------------------
    SLICE_X3Y21          FDRE (Prop_fdre_C_Q)         0.141     0.726 r  vga_to_hdmi/inst/encg/q_m_reg_reg[2]/Q
                         net (fo=1, routed)           0.091     0.817    vga_to_hdmi/inst/encg/q_m_reg_reg_n_0_[2]
    SLICE_X2Y21          LUT5 (Prop_lut5_I2_O)        0.045     0.862 r  vga_to_hdmi/inst/encg/dout[2]_i_1__0/O
                         net (fo=1, routed)           0.000     0.862    vga_to_hdmi/inst/encg/dout[2]_i_1__0_n_0
    SLICE_X2Y21          FDCE                                         r  vga_to_hdmi/inst/encg/dout_reg[2]/D
  -------------------------------------------------------------------    -------------------

                         (clock clk_out1_clk_wiz_0 rise edge)
                                                      0.000     0.000 r  
    BUFGCTRL_X0Y3        BUFG                         0.000     0.000 r  clk_IBUF_BUFG_inst/O
                         net (fo=45, routed)          0.817     0.817    clk_wiz/inst/clk_in1
    MMCME2_ADV_X1Y0      MMCME2_ADV (Prop_mmcme2_adv_CLKIN1_CLKOUT0)
                                                     -1.375    -0.559 r  clk_wiz/inst/mmcm_adv_inst/CLKOUT0
                         net (fo=1, routed)           0.530    -0.029    clk_wiz/inst/clk_out1_clk_wiz_0
    BUFGCTRL_X0Y0        BUFG (Prop_bufg_I_O)         0.029     0.000 r  clk_wiz/inst/clkout1_buf/O
                         net (fo=204, routed)         0.854     0.854    vga_to_hdmi/inst/encg/pix_clk
    SLICE_X2Y21          FDCE                                         r  vga_to_hdmi/inst/encg/dout_reg[2]/C
                         clock pessimism             -0.256     0.598    
    SLICE_X2Y21          FDCE (Hold_fdce_C_D)         0.121     0.719    vga_to_hdmi/inst/encg/dout_reg[2]
  -------------------------------------------------------------------
                         required time                         -0.719    
                         arrival time                           0.862    
  -------------------------------------------------------------------
                         slack                                  0.143    

Slack (MET) :             0.143ns  (arrival time - required time)
  Source:                 vga_to_hdmi/inst/encb/q_m_reg_reg[0]/C
                            (rising edge-triggered cell FDRE clocked by clk_out1_clk_wiz_0  {rise@0.000ns fall@20.000ns period=40.000ns})
  Destination:            vga_to_hdmi/inst/encb/dout_reg[0]/D
                            (rising edge-triggered cell FDCE clocked by clk_out1_clk_wiz_0  {rise@0.000ns fall@20.000ns period=40.000ns})
  Path Group:             clk_out1_clk_wiz_0
  Path Type:              Hold (Min at Fast Process Corner)
  Requirement:            0.000ns  (clk_out1_clk_wiz_0 rise@0.000ns - clk_out1_clk_wiz_0 rise@0.000ns)
  Data Path Delay:        0.277ns  (logic 0.186ns (67.123%)  route 0.091ns (32.877%))
  Logic Levels:           1  (LUT4=1)
  Clock Path Skew:        0.013ns (DCD - SCD - CPR)
    Destination Clock Delay (DCD):    0.857ns
    Source Clock Delay      (SCD):    0.588ns
    Clock Pessimism Removal (CPR):    0.256ns

    Location             Delay type                Incr(ns)  Path(ns)    Netlist Resource(s)
  -------------------------------------------------------------------    -------------------
                         (clock clk_out1_clk_wiz_0 rise edge)
                                                      0.000     0.000 r  
    BUFGCTRL_X0Y3        BUFG                         0.000     0.000 r  clk_IBUF_BUFG_inst/O
                         net (fo=45, routed)          0.549     0.549    clk_wiz/inst/clk_in1
    MMCME2_ADV_X1Y0      MMCME2_ADV (Prop_mmcme2_adv_CLKIN1_CLKOUT0)
                                                     -1.061    -0.512 r  clk_wiz/inst/mmcm_adv_inst/CLKOUT0
                         net (fo=1, routed)           0.486    -0.026    clk_wiz/inst/clk_out1_clk_wiz_0
    BUFGCTRL_X0Y0        BUFG (Prop_bufg_I_O)         0.026     0.000 r  clk_wiz/inst/clkout1_buf/O
                         net (fo=204, routed)         0.588     0.588    vga_to_hdmi/inst/encb/pix_clk
    SLICE_X3Y18          FDRE                                         r  vga_to_hdmi/inst/encb/q_m_reg_reg[0]/C
  -------------------------------------------------------------------    -------------------
    SLICE_X3Y18          FDRE (Prop_fdre_C_Q)         0.141     0.729 r  vga_to_hdmi/inst/encb/q_m_reg_reg[0]/Q
                         net (fo=1, routed)           0.091     0.820    vga_to_hdmi/inst/encb/q_m_reg_reg_n_0_[0]
    SLICE_X2Y18          LUT4 (Prop_lut4_I2_O)        0.045     0.865 r  vga_to_hdmi/inst/encb/dout[0]_i_1/O
                         net (fo=1, routed)           0.000     0.865    vga_to_hdmi/inst/encb/dout[0]_i_1_n_0
    SLICE_X2Y18          FDCE                                         r  vga_to_hdmi/inst/encb/dout_reg[0]/D
  -------------------------------------------------------------------    -------------------

                         (clock clk_out1_clk_wiz_0 rise edge)
                                                      0.000     0.000 r  
    BUFGCTRL_X0Y3        BUFG                         0.000     0.000 r  clk_IBUF_BUFG_inst/O
                         net (fo=45, routed)          0.817     0.817    clk_wiz/inst/clk_in1
    MMCME2_ADV_X1Y0      MMCME2_ADV (Prop_mmcme2_adv_CLKIN1_CLKOUT0)
                                                     -1.375    -0.559 r  clk_wiz/inst/mmcm_adv_inst/CLKOUT0
                         net (fo=1, routed)           0.530    -0.029    clk_wiz/inst/clk_out1_clk_wiz_0
    BUFGCTRL_X0Y0        BUFG (Prop_bufg_I_O)         0.029     0.000 r  clk_wiz/inst/clkout1_buf/O
                         net (fo=204, routed)         0.857     0.857    vga_to_hdmi/inst/encb/pix_clk
    SLICE_X2Y18          FDCE                                         r  vga_to_hdmi/inst/encb/dout_reg[0]/C
                         clock pessimism             -0.256     0.601    
    SLICE_X2Y18          FDCE (Hold_fdce_C_D)         0.121     0.722    vga_to_hdmi/inst/encb/dout_reg[0]
  -------------------------------------------------------------------
                         required time                         -0.722    
                         arrival time                           0.865    
  -------------------------------------------------------------------
                         slack                                  0.143    

Slack (MET) :             0.147ns  (arrival time - required time)
  Source:                 vga_to_hdmi/inst/encg/q_m_reg_reg[7]/C
                            (rising edge-triggered cell FDRE clocked by clk_out1_clk_wiz_0  {rise@0.000ns fall@20.000ns period=40.000ns})
  Destination:            vga_to_hdmi/inst/encg/dout_reg[7]/D
                            (rising edge-triggered cell FDCE clocked by clk_out1_clk_wiz_0  {rise@0.000ns fall@20.000ns period=40.000ns})
  Path Group:             clk_out1_clk_wiz_0
  Path Type:              Hold (Min at Fast Process Corner)
  Requirement:            0.000ns  (clk_out1_clk_wiz_0 rise@0.000ns - clk_out1_clk_wiz_0 rise@0.000ns)
  Data Path Delay:        0.304ns  (logic 0.186ns (61.170%)  route 0.118ns (38.830%))
  Logic Levels:           1  (LUT5=1)
  Clock Path Skew:        0.036ns (DCD - SCD - CPR)
    Destination Clock Delay (DCD):    0.853ns
    Source Clock Delay      (SCD):    0.583ns
    Clock Pessimism Removal (CPR):    0.234ns

    Location             Delay type                Incr(ns)  Path(ns)    Netlist Resource(s)
  -------------------------------------------------------------------    -------------------
                         (clock clk_out1_clk_wiz_0 rise edge)
                                                      0.000     0.000 r  
    BUFGCTRL_X0Y3        BUFG                         0.000     0.000 r  clk_IBUF_BUFG_inst/O
                         net (fo=45, routed)          0.549     0.549    clk_wiz/inst/clk_in1
    MMCME2_ADV_X1Y0      MMCME2_ADV (Prop_mmcme2_adv_CLKIN1_CLKOUT0)
                                                     -1.061    -0.512 r  clk_wiz/inst/mmcm_adv_inst/CLKOUT0
                         net (fo=1, routed)           0.486    -0.026    clk_wiz/inst/clk_out1_clk_wiz_0
    BUFGCTRL_X0Y0        BUFG (Prop_bufg_I_O)         0.026     0.000 r  clk_wiz/inst/clkout1_buf/O
                         net (fo=204, routed)         0.583     0.583    vga_to_hdmi/inst/encg/pix_clk
    SLICE_X4Y21          FDRE                                         r  vga_to_hdmi/inst/encg/q_m_reg_reg[7]/C
  -------------------------------------------------------------------    -------------------
    SLICE_X4Y21          FDRE (Prop_fdre_C_Q)         0.141     0.724 r  vga_to_hdmi/inst/encg/q_m_reg_reg[7]/Q
                         net (fo=1, routed)           0.118     0.842    vga_to_hdmi/inst/encg/q_m_reg_reg_n_0_[7]
    SLICE_X2Y22          LUT5 (Prop_lut5_I2_O)        0.045     0.887 r  vga_to_hdmi/inst/encg/dout[7]_i_1__0/O
                         net (fo=1, routed)           0.000     0.887    vga_to_hdmi/inst/encg/dout[7]_i_1__0_n_0
    SLICE_X2Y22          FDCE                                         r  vga_to_hdmi/inst/encg/dout_reg[7]/D
  -------------------------------------------------------------------    -------------------

                         (clock clk_out1_clk_wiz_0 rise edge)
                                                      0.000     0.000 r  
    BUFGCTRL_X0Y3        BUFG                         0.000     0.000 r  clk_IBUF_BUFG_inst/O
                         net (fo=45, routed)          0.817     0.817    clk_wiz/inst/clk_in1
    MMCME2_ADV_X1Y0      MMCME2_ADV (Prop_mmcme2_adv_CLKIN1_CLKOUT0)
                                                     -1.375    -0.559 r  clk_wiz/inst/mmcm_adv_inst/CLKOUT0
                         net (fo=1, routed)           0.530    -0.029    clk_wiz/inst/clk_out1_clk_wiz_0
    BUFGCTRL_X0Y0        BUFG (Prop_bufg_I_O)         0.029     0.000 r  clk_wiz/inst/clkout1_buf/O
                         net (fo=204, routed)         0.853     0.853    vga_to_hdmi/inst/encg/pix_clk
    SLICE_X2Y22          FDCE                                         r  vga_to_hdmi/inst/encg/dout_reg[7]/C
                         clock pessimism             -0.234     0.619    
    SLICE_X2Y22          FDCE (Hold_fdce_C_D)         0.121     0.740    vga_to_hdmi/inst/encg/dout_reg[7]
  -------------------------------------------------------------------
                         required time                         -0.740    
                         arrival time                           0.887    
  -------------------------------------------------------------------
                         slack                                  0.147    

Slack (MET) :             0.156ns  (arrival time - required time)
  Source:                 vga_to_hdmi/inst/srldly_0/srl[35].srl16_i_srlopt/C
                            (rising edge-triggered cell FDRE clocked by clk_out1_clk_wiz_0  {rise@0.000ns fall@20.000ns period=40.000ns})
  Destination:            vga_to_hdmi/inst/srldly_0/srl[35].srl16_i/D
                            (rising edge-triggered cell SRL16E clocked by clk_out1_clk_wiz_0  {rise@0.000ns fall@20.000ns period=40.000ns})
  Path Group:             clk_out1_clk_wiz_0
  Path Type:              Hold (Min at Fast Process Corner)
  Requirement:            0.000ns  (clk_out1_clk_wiz_0 rise@0.000ns - clk_out1_clk_wiz_0 rise@0.000ns)
  Data Path Delay:        0.244ns  (logic 0.128ns (52.400%)  route 0.116ns (47.600%))
  Logic Levels:           0  
  Clock Path Skew:        0.033ns (DCD - SCD - CPR)
    Destination Clock Delay (DCD):    0.817ns
    Source Clock Delay      (SCD):    0.550ns
    Clock Pessimism Removal (CPR):    0.234ns

    Location             Delay type                Incr(ns)  Path(ns)    Netlist Resource(s)
  -------------------------------------------------------------------    -------------------
                         (clock clk_out1_clk_wiz_0 rise edge)
                                                      0.000     0.000 r  
    BUFGCTRL_X0Y3        BUFG                         0.000     0.000 r  clk_IBUF_BUFG_inst/O
                         net (fo=45, routed)          0.549     0.549    clk_wiz/inst/clk_in1
    MMCME2_ADV_X1Y0      MMCME2_ADV (Prop_mmcme2_adv_CLKIN1_CLKOUT0)
                                                     -1.061    -0.512 r  clk_wiz/inst/mmcm_adv_inst/CLKOUT0
                         net (fo=1, routed)           0.486    -0.026    clk_wiz/inst/clk_out1_clk_wiz_0
    BUFGCTRL_X0Y0        BUFG (Prop_bufg_I_O)         0.026     0.000 r  clk_wiz/inst/clkout1_buf/O
                         net (fo=204, routed)         0.550     0.550    vga_to_hdmi/inst/srldly_0/pix_clk
    SLICE_X28Y24         FDRE                                         r  vga_to_hdmi/inst/srldly_0/srl[35].srl16_i_srlopt/C
  -------------------------------------------------------------------    -------------------
    SLICE_X28Y24         FDRE (Prop_fdre_C_Q)         0.128     0.678 r  vga_to_hdmi/inst/srldly_0/srl[35].srl16_i_srlopt/Q
                         net (fo=1, routed)           0.116     0.794    vga_to_hdmi/inst/srldly_0/srlopt_n_8
    SLICE_X30Y23         SRL16E                                       r  vga_to_hdmi/inst/srldly_0/srl[35].srl16_i/D
  -------------------------------------------------------------------    -------------------

                         (clock clk_out1_clk_wiz_0 rise edge)
                                                      0.000     0.000 r  
    BUFGCTRL_X0Y3        BUFG                         0.000     0.000 r  clk_IBUF_BUFG_inst/O
                         net (fo=45, routed)          0.817     0.817    clk_wiz/inst/clk_in1
    MMCME2_ADV_X1Y0      MMCME2_ADV (Prop_mmcme2_adv_CLKIN1_CLKOUT0)
                                                     -1.375    -0.559 r  clk_wiz/inst/mmcm_adv_inst/CLKOUT0
                         net (fo=1, routed)           0.530    -0.029    clk_wiz/inst/clk_out1_clk_wiz_0
    BUFGCTRL_X0Y0        BUFG (Prop_bufg_I_O)         0.029     0.000 r  clk_wiz/inst/clkout1_buf/O
                         net (fo=204, routed)         0.817     0.817    vga_to_hdmi/inst/srldly_0/pix_clk
    SLICE_X30Y23         SRL16E                                       r  vga_to_hdmi/inst/srldly_0/srl[35].srl16_i/CLK
                         clock pessimism             -0.234     0.583    
    SLICE_X30Y23         SRL16E (Hold_srl16e_CLK_D)
                                                      0.055     0.638    vga_to_hdmi/inst/srldly_0/srl[35].srl16_i
  -------------------------------------------------------------------
                         required time                         -0.638    
                         arrival time                           0.794    
  -------------------------------------------------------------------
                         slack                                  0.156    

Slack (MET) :             0.163ns  (arrival time - required time)
  Source:                 vga_to_hdmi/inst/srldly_0/srl[24].srl16_i_srlopt/C
                            (rising edge-triggered cell FDRE clocked by clk_out1_clk_wiz_0  {rise@0.000ns fall@20.000ns period=40.000ns})
  Destination:            vga_to_hdmi/inst/srldly_0/srl[24].srl16_i/D
                            (rising edge-triggered cell SRL16E clocked by clk_out1_clk_wiz_0  {rise@0.000ns fall@20.000ns period=40.000ns})
  Path Group:             clk_out1_clk_wiz_0
  Path Type:              Hold (Min at Fast Process Corner)
  Requirement:            0.000ns  (clk_out1_clk_wiz_0 rise@0.000ns - clk_out1_clk_wiz_0 rise@0.000ns)
  Data Path Delay:        0.244ns  (logic 0.128ns (52.385%)  route 0.116ns (47.615%))
  Logic Levels:           0  
  Clock Path Skew:        0.032ns (DCD - SCD - CPR)
    Destination Clock Delay (DCD):    0.819ns
    Source Clock Delay      (SCD):    0.553ns
    Clock Pessimism Removal (CPR):    0.234ns

    Location             Delay type                Incr(ns)  Path(ns)    Netlist Resource(s)
  -------------------------------------------------------------------    -------------------
                         (clock clk_out1_clk_wiz_0 rise edge)
                                                      0.000     0.000 r  
    BUFGCTRL_X0Y3        BUFG                         0.000     0.000 r  clk_IBUF_BUFG_inst/O
                         net (fo=45, routed)          0.549     0.549    clk_wiz/inst/clk_in1
    MMCME2_ADV_X1Y0      MMCME2_ADV (Prop_mmcme2_adv_CLKIN1_CLKOUT0)
                                                     -1.061    -0.512 r  clk_wiz/inst/mmcm_adv_inst/CLKOUT0
                         net (fo=1, routed)           0.486    -0.026    clk_wiz/inst/clk_out1_clk_wiz_0
    BUFGCTRL_X0Y0        BUFG (Prop_bufg_I_O)         0.026     0.000 r  clk_wiz/inst/clkout1_buf/O
                         net (fo=204, routed)         0.553     0.553    vga_to_hdmi/inst/srldly_0/pix_clk
    SLICE_X33Y22         FDRE                                         r  vga_to_hdmi/inst/srldly_0/srl[24].srl16_i_srlopt/C
  -------------------------------------------------------------------    -------------------
    SLICE_X33Y22         FDRE (Prop_fdre_C_Q)         0.128     0.681 r  vga_to_hdmi/inst/srldly_0/srl[24].srl16_i_srlopt/Q
                         net (fo=1, routed)           0.116     0.797    vga_to_hdmi/inst/srldly_0/srlopt_n_5
    SLICE_X34Y21         SRL16E                                       r  vga_to_hdmi/inst/srldly_0/srl[24].srl16_i/D
  -------------------------------------------------------------------    -------------------

                         (clock clk_out1_clk_wiz_0 rise edge)
                                                      0.000     0.000 r  
    BUFGCTRL_X0Y3        BUFG                         0.000     0.000 r  clk_IBUF_BUFG_inst/O
                         net (fo=45, routed)          0.817     0.817    clk_wiz/inst/clk_in1
    MMCME2_ADV_X1Y0      MMCME2_ADV (Prop_mmcme2_adv_CLKIN1_CLKOUT0)
                                                     -1.375    -0.559 r  clk_wiz/inst/mmcm_adv_inst/CLKOUT0
                         net (fo=1, routed)           0.530    -0.029    clk_wiz/inst/clk_out1_clk_wiz_0
    BUFGCTRL_X0Y0        BUFG (Prop_bufg_I_O)         0.029     0.000 r  clk_wiz/inst/clkout1_buf/O
                         net (fo=204, routed)         0.819     0.819    vga_to_hdmi/inst/srldly_0/pix_clk
    SLICE_X34Y21         SRL16E                                       r  vga_to_hdmi/inst/srldly_0/srl[24].srl16_i/CLK
                         clock pessimism             -0.234     0.585    
    SLICE_X34Y21         SRL16E (Hold_srl16e_CLK_D)
                                                      0.049     0.634    vga_to_hdmi/inst/srldly_0/srl[24].srl16_i
  -------------------------------------------------------------------
                         required time                         -0.634    
                         arrival time                           0.797    
  -------------------------------------------------------------------
                         slack                                  0.163    





Pulse Width Checks
--------------------------------------------------------------------------------------
Clock Name:         clk_out1_clk_wiz_0
Waveform(ns):       { 0.000 20.000 }
Period(ns):         40.000
Sources:            { clk_wiz/inst/mmcm_adv_inst/CLKOUT0 }

Check Type        Corner  Lib Pin             Reference Pin  Required(ns)  Actual(ns)  Slack(ns)  Location         Pin
Min Period        n/a     BUFG/I              n/a            2.155         40.000      37.845     BUFGCTRL_X0Y0    clk_wiz/inst/clkout1_buf/I
Min Period        n/a     OSERDESE2/CLKDIV    n/a            1.667         40.000      38.333     OLOGIC_X0Y20     vga_to_hdmi/inst/serial_b/oserdes_m/CLKDIV
Min Period        n/a     OSERDESE2/CLKDIV    n/a            1.667         40.000      38.333     OLOGIC_X0Y19     vga_to_hdmi/inst/serial_b/oserdes_s/CLKDIV
Min Period        n/a     OSERDESE2/CLKDIV    n/a            1.667         40.000      38.333     OLOGIC_X0Y18     vga_to_hdmi/inst/serial_clk/oserdes_m/CLKDIV
Min Period        n/a     OSERDESE2/CLKDIV    n/a            1.667         40.000      38.333     OLOGIC_X0Y17     vga_to_hdmi/inst/serial_clk/oserdes_s/CLKDIV
Min Period        n/a     OSERDESE2/CLKDIV    n/a            1.667         40.000      38.333     OLOGIC_X0Y22     vga_to_hdmi/inst/serial_g/oserdes_m/CLKDIV
Min Period        n/a     OSERDESE2/CLKDIV    n/a            1.667         40.000      38.333     OLOGIC_X0Y21     vga_to_hdmi/inst/serial_g/oserdes_s/CLKDIV
Min Period        n/a     OSERDESE2/CLKDIV    n/a            1.667         40.000      38.333     OLOGIC_X0Y24     vga_to_hdmi/inst/serial_r/oserdes_m/CLKDIV
Min Period        n/a     OSERDESE2/CLKDIV    n/a            1.667         40.000      38.333     OLOGIC_X0Y23     vga_to_hdmi/inst/serial_r/oserdes_s/CLKDIV
Min Period        n/a     MMCME2_ADV/CLKOUT0  n/a            1.249         40.000      38.751     MMCME2_ADV_X1Y0  clk_wiz/inst/mmcm_adv_inst/CLKOUT0
Max Period        n/a     MMCME2_ADV/CLKOUT0  n/a            213.360       40.000      173.360    MMCME2_ADV_X1Y0  clk_wiz/inst/mmcm_adv_inst/CLKOUT0
Low Pulse Width   Slow    SRL16E/CLK          n/a            0.980         20.000      19.020     SLICE_X6Y18      vga_to_hdmi/inst/encg/c0_q_reg_srl2/CLK
Low Pulse Width   Fast    SRL16E/CLK          n/a            0.980         20.000      19.020     SLICE_X6Y18      vga_to_hdmi/inst/encg/c0_q_reg_srl2/CLK
Low Pulse Width   Slow    SRL16E/CLK          n/a            0.980         20.000      19.020     SLICE_X38Y23     vga_to_hdmi/inst/srldly_0/srl[16].srl16_i/CLK
Low Pulse Width   Fast    SRL16E/CLK          n/a            0.980         20.000      19.020     SLICE_X38Y23     vga_to_hdmi/inst/srldly_0/srl[16].srl16_i/CLK
Low Pulse Width   Slow    SRL16E/CLK          n/a            0.980         20.000      19.020     SLICE_X38Y23     vga_to_hdmi/inst/srldly_0/srl[17].srl16_i/CLK
Low Pulse Width   Fast    SRL16E/CLK          n/a            0.980         20.000      19.020     SLICE_X38Y23     vga_to_hdmi/inst/srldly_0/srl[17].srl16_i/CLK
Low Pulse Width   Slow    SRL16E/CLK          n/a            0.980         20.000      19.020     SLICE_X38Y23     vga_to_hdmi/inst/srldly_0/srl[18].srl16_i/CLK
Low Pulse Width   Fast    SRL16E/CLK          n/a            0.980         20.000      19.020     SLICE_X38Y23     vga_to_hdmi/inst/srldly_0/srl[18].srl16_i/CLK
Low Pulse Width   Slow    SRL16E/CLK          n/a            0.980         20.000      19.020     SLICE_X38Y23     vga_to_hdmi/inst/srldly_0/srl[19].srl16_i/CLK
Low Pulse Width   Fast    SRL16E/CLK          n/a            0.980         20.000      19.020     SLICE_X38Y23     vga_to_hdmi/inst/srldly_0/srl[19].srl16_i/CLK
High Pulse Width  Slow    SRL16E/CLK          n/a            0.980         20.000      19.020     SLICE_X6Y18      vga_to_hdmi/inst/encg/c0_q_reg_srl2/CLK
High Pulse Width  Fast    SRL16E/CLK          n/a            0.980         20.000      19.020     SLICE_X6Y18      vga_to_hdmi/inst/encg/c0_q_reg_srl2/CLK
High Pulse Width  Slow    SRL16E/CLK          n/a            0.980         20.000      19.020     SLICE_X38Y23     vga_to_hdmi/inst/srldly_0/srl[16].srl16_i/CLK
High Pulse Width  Fast    SRL16E/CLK          n/a            0.980         20.000      19.020     SLICE_X38Y23     vga_to_hdmi/inst/srldly_0/srl[16].srl16_i/CLK
High Pulse Width  Slow    SRL16E/CLK          n/a            0.980         20.000      19.020     SLICE_X38Y23     vga_to_hdmi/inst/srldly_0/srl[17].srl16_i/CLK
High Pulse Width  Fast    SRL16E/CLK          n/a            0.980         20.000      19.020     SLICE_X38Y23     vga_to_hdmi/inst/srldly_0/srl[17].srl16_i/CLK
High Pulse Width  Slow    SRL16E/CLK          n/a            0.980         20.000      19.020     SLICE_X38Y23     vga_to_hdmi/inst/srldly_0/srl[18].srl16_i/CLK
High Pulse Width  Fast    SRL16E/CLK          n/a            0.980         20.000      19.020     SLICE_X38Y23     vga_to_hdmi/inst/srldly_0/srl[18].srl16_i/CLK
High Pulse Width  Slow    SRL16E/CLK          n/a            0.980         20.000      19.020     SLICE_X38Y23     vga_to_hdmi/inst/srldly_0/srl[19].srl16_i/CLK
High Pulse Width  Fast    SRL16E/CLK          n/a            0.980         20.000      19.020     SLICE_X38Y23     vga_to_hdmi/inst/srldly_0/srl[19].srl16_i/CLK



---------------------------------------------------------------------------------------------------
From Clock:  clk_out2_clk_wiz_0
  To Clock:  clk_out2_clk_wiz_0

Setup :           NA  Failing Endpoints,  Worst Slack           NA  ,  Total Violation           NA
Hold  :           NA  Failing Endpoints,  Worst Slack           NA  ,  Total Violation           NA
PW    :            0  Failing Endpoints,  Worst Slack        5.845ns,  Total Violation        0.000ns
---------------------------------------------------------------------------------------------------


Pulse Width Checks
--------------------------------------------------------------------------------------
Clock Name:         clk_out2_clk_wiz_0
Waveform(ns):       { 0.000 4.000 }
Period(ns):         8.000
Sources:            { clk_wiz/inst/mmcm_adv_inst/CLKOUT1 }

Check Type  Corner  Lib Pin             Reference Pin  Required(ns)  Actual(ns)  Slack(ns)  Location         Pin
Min Period  n/a     BUFG/I              n/a            2.155         8.000       5.845      BUFGCTRL_X0Y1    clk_wiz/inst/clkout2_buf/I
Min Period  n/a     OSERDESE2/CLK       n/a            1.667         8.000       6.333      OLOGIC_X0Y20     vga_to_hdmi/inst/serial_b/oserdes_m/CLK
Min Period  n/a     OSERDESE2/CLK       n/a            1.667         8.000       6.333      OLOGIC_X0Y19     vga_to_hdmi/inst/serial_b/oserdes_s/CLK
Min Period  n/a     OSERDESE2/CLK       n/a            1.667         8.000       6.333      OLOGIC_X0Y18     vga_to_hdmi/inst/serial_clk/oserdes_m/CLK
Min Period  n/a     OSERDESE2/CLK       n/a            1.667         8.000       6.333      OLOGIC_X0Y17     vga_to_hdmi/inst/serial_clk/oserdes_s/CLK
Min Period  n/a     OSERDESE2/CLK       n/a            1.667         8.000       6.333      OLOGIC_X0Y22     vga_to_hdmi/inst/serial_g/oserdes_m/CLK
Min Period  n/a     OSERDESE2/CLK       n/a            1.667         8.000       6.333      OLOGIC_X0Y21     vga_to_hdmi/inst/serial_g/oserdes_s/CLK
Min Period  n/a     OSERDESE2/CLK       n/a            1.667         8.000       6.333      OLOGIC_X0Y24     vga_to_hdmi/inst/serial_r/oserdes_m/CLK
Min Period  n/a     OSERDESE2/CLK       n/a            1.667         8.000       6.333      OLOGIC_X0Y23     vga_to_hdmi/inst/serial_r/oserdes_s/CLK
Min Period  n/a     MMCME2_ADV/CLKOUT1  n/a            1.249         8.000       6.751      MMCME2_ADV_X1Y0  clk_wiz/inst/mmcm_adv_inst/CLKOUT1
Max Period  n/a     MMCME2_ADV/CLKOUT1  n/a            213.360       8.000       205.360    MMCME2_ADV_X1Y0  clk_wiz/inst/mmcm_adv_inst/CLKOUT1



---------------------------------------------------------------------------------------------------
From Clock:  clk_out3_clk_wiz_0
  To Clock:  clk_out3_clk_wiz_0

Setup :            0  Failing Endpoints,  Worst Slack       15.725ns,  Total Violation        0.000ns
Hold  :            0  Failing Endpoints,  Worst Slack        0.177ns,  Total Violation        0.000ns
PW    :            0  Failing Endpoints,  Worst Slack        9.500ns,  Total Violation        0.000ns
---------------------------------------------------------------------------------------------------


Max Delay Paths
--------------------------------------------------------------------------------------
Slack (MET) :             15.725ns  (required time - arrival time)
  Source:                 alu_0/x_curr_reg[0]/C
                            (rising edge-triggered cell FDRE clocked by clk_out3_clk_wiz_0  {rise@0.000ns fall@10.000ns period=20.000ns})
  Destination:            alu_0/u_curr_reg[0]/CE
                            (rising edge-triggered cell FDRE clocked by clk_out3_clk_wiz_0  {rise@0.000ns fall@10.000ns period=20.000ns})
  Path Group:             clk_out3_clk_wiz_0
  Path Type:              Setup (Max at Slow Process Corner)
  Requirement:            20.000ns  (clk_out3_clk_wiz_0 rise@20.000ns - clk_out3_clk_wiz_0 rise@0.000ns)
  Data Path Delay:        3.739ns  (logic 1.616ns (43.222%)  route 2.123ns (56.778%))
  Logic Levels:           3  (CARRY4=1 LUT3=1 LUT4=1)
  Clock Path Skew:        -0.016ns (DCD - SCD + CPR)
    Destination Clock Delay (DCD):    1.439ns = ( 21.439 - 20.000 ) 
    Source Clock Delay      (SCD):    1.549ns
    Clock Pessimism Removal (CPR):    0.094ns
  Clock Uncertainty:      0.084ns  ((TSJ^2 + DJ^2)^1/2) / 2 + PE
    Total System Jitter     (TSJ):    0.071ns
    Discrete Jitter          (DJ):    0.152ns
    Phase Error              (PE):    0.000ns

    Location             Delay type                Incr(ns)  Path(ns)    Netlist Resource(s)
  -------------------------------------------------------------------    -------------------
                         (clock clk_out3_clk_wiz_0 rise edge)
                                                      0.000     0.000 r  
    BUFGCTRL_X0Y3        BUFG                         0.000     0.000 r  clk_IBUF_BUFG_inst/O
                         net (fo=45, routed)          1.575     1.575    clk_wiz/inst/clk_in1
    MMCME2_ADV_X1Y0      MMCME2_ADV (Prop_mmcme2_adv_CLKIN1_CLKOUT2)
                                                     -3.333    -1.757 r  clk_wiz/inst/mmcm_adv_inst/CLKOUT2
                         net (fo=1, routed)           1.661    -0.096    clk_wiz/inst/clk_out3_clk_wiz_0
    BUFGCTRL_X0Y2        BUFG (Prop_bufg_I_O)         0.096    -0.000 r  clk_wiz/inst/clkout3_buf/O
                         net (fo=35, routed)          1.549     1.549    alu_0/clk
    SLICE_X14Y24         FDRE                                         r  alu_0/x_curr_reg[0]/C
  -------------------------------------------------------------------    -------------------
    SLICE_X14Y24         FDRE (Prop_fdre_C_Q)         0.478     2.027 f  alu_0/x_curr_reg[0]/Q
                         net (fo=9, routed)           0.820     2.847    alu_0/x_curr_reg[0]
    SLICE_X12Y24         LUT3 (Prop_lut3_I2_O)        0.295     3.142 r  alu_0/done_i_5/O
                         net (fo=1, routed)           0.000     3.142    alu_0/done_i_5_n_0
    SLICE_X12Y24         CARRY4 (Prop_carry4_S[0]_CO[2])
                                                      0.538     3.680 f  alu_0/done_reg_i_2/CO[2]
                         net (fo=5, routed)           0.640     4.320    alu_0/x_curr1
    SLICE_X14Y24         LUT4 (Prop_lut4_I2_O)        0.305     4.625 r  alu_0/x_curr[8]_i_1/O
                         net (fo=18, routed)          0.663     5.288    alu_0/z_curr
    SLICE_X13Y20         FDRE                                         r  alu_0/u_curr_reg[0]/CE
  -------------------------------------------------------------------    -------------------

                         (clock clk_out3_clk_wiz_0 rise edge)
                                                     20.000    20.000 r  
    BUFGCTRL_X0Y3        BUFG                         0.000    20.000 r  clk_IBUF_BUFG_inst/O
                         net (fo=45, routed)          1.457    21.457    clk_wiz/inst/clk_in1
    MMCME2_ADV_X1Y0      MMCME2_ADV (Prop_mmcme2_adv_CLKIN1_CLKOUT2)
                                                     -3.129    18.328 r  clk_wiz/inst/mmcm_adv_inst/CLKOUT2
                         net (fo=1, routed)           1.581    19.909    clk_wiz/inst/clk_out3_clk_wiz_0
    BUFGCTRL_X0Y2        BUFG (Prop_bufg_I_O)         0.091    20.000 r  clk_wiz/inst/clkout3_buf/O
                         net (fo=35, routed)          1.439    21.439    alu_0/clk
    SLICE_X13Y20         FDRE                                         r  alu_0/u_curr_reg[0]/C
                         clock pessimism              0.094    21.533    
                         clock uncertainty           -0.084    21.450    
    SLICE_X13Y20         FDRE (Setup_fdre_C_CE)      -0.436    21.014    alu_0/u_curr_reg[0]
  -------------------------------------------------------------------
                         required time                         21.014    
                         arrival time                          -5.288    
  -------------------------------------------------------------------
                         slack                                 15.725    

Slack (MET) :             15.725ns  (required time - arrival time)
  Source:                 alu_0/x_curr_reg[0]/C
                            (rising edge-triggered cell FDRE clocked by clk_out3_clk_wiz_0  {rise@0.000ns fall@10.000ns period=20.000ns})
  Destination:            alu_0/u_curr_reg[1]/CE
                            (rising edge-triggered cell FDRE clocked by clk_out3_clk_wiz_0  {rise@0.000ns fall@10.000ns period=20.000ns})
  Path Group:             clk_out3_clk_wiz_0
  Path Type:              Setup (Max at Slow Process Corner)
  Requirement:            20.000ns  (clk_out3_clk_wiz_0 rise@20.000ns - clk_out3_clk_wiz_0 rise@0.000ns)
  Data Path Delay:        3.739ns  (logic 1.616ns (43.222%)  route 2.123ns (56.778%))
  Logic Levels:           3  (CARRY4=1 LUT3=1 LUT4=1)
  Clock Path Skew:        -0.016ns (DCD - SCD + CPR)
    Destination Clock Delay (DCD):    1.439ns = ( 21.439 - 20.000 ) 
    Source Clock Delay      (SCD):    1.549ns
    Clock Pessimism Removal (CPR):    0.094ns
  Clock Uncertainty:      0.084ns  ((TSJ^2 + DJ^2)^1/2) / 2 + PE
    Total System Jitter     (TSJ):    0.071ns
    Discrete Jitter          (DJ):    0.152ns
    Phase Error              (PE):    0.000ns

    Location             Delay type                Incr(ns)  Path(ns)    Netlist Resource(s)
  -------------------------------------------------------------------    -------------------
                         (clock clk_out3_clk_wiz_0 rise edge)
                                                      0.000     0.000 r  
    BUFGCTRL_X0Y3        BUFG                         0.000     0.000 r  clk_IBUF_BUFG_inst/O
                         net (fo=45, routed)          1.575     1.575    clk_wiz/inst/clk_in1
    MMCME2_ADV_X1Y0      MMCME2_ADV (Prop_mmcme2_adv_CLKIN1_CLKOUT2)
                                                     -3.333    -1.757 r  clk_wiz/inst/mmcm_adv_inst/CLKOUT2
                         net (fo=1, routed)           1.661    -0.096    clk_wiz/inst/clk_out3_clk_wiz_0
    BUFGCTRL_X0Y2        BUFG (Prop_bufg_I_O)         0.096    -0.000 r  clk_wiz/inst/clkout3_buf/O
                         net (fo=35, routed)          1.549     1.549    alu_0/clk
    SLICE_X14Y24         FDRE                                         r  alu_0/x_curr_reg[0]/C
  -------------------------------------------------------------------    -------------------
    SLICE_X14Y24         FDRE (Prop_fdre_C_Q)         0.478     2.027 f  alu_0/x_curr_reg[0]/Q
                         net (fo=9, routed)           0.820     2.847    alu_0/x_curr_reg[0]
    SLICE_X12Y24         LUT3 (Prop_lut3_I2_O)        0.295     3.142 r  alu_0/done_i_5/O
                         net (fo=1, routed)           0.000     3.142    alu_0/done_i_5_n_0
    SLICE_X12Y24         CARRY4 (Prop_carry4_S[0]_CO[2])
                                                      0.538     3.680 f  alu_0/done_reg_i_2/CO[2]
                         net (fo=5, routed)           0.640     4.320    alu_0/x_curr1
    SLICE_X14Y24         LUT4 (Prop_lut4_I2_O)        0.305     4.625 r  alu_0/x_curr[8]_i_1/O
                         net (fo=18, routed)          0.663     5.288    alu_0/z_curr
    SLICE_X13Y20         FDRE                                         r  alu_0/u_curr_reg[1]/CE
  -------------------------------------------------------------------    -------------------

                         (clock clk_out3_clk_wiz_0 rise edge)
                                                     20.000    20.000 r  
    BUFGCTRL_X0Y3        BUFG                         0.000    20.000 r  clk_IBUF_BUFG_inst/O
                         net (fo=45, routed)          1.457    21.457    clk_wiz/inst/clk_in1
    MMCME2_ADV_X1Y0      MMCME2_ADV (Prop_mmcme2_adv_CLKIN1_CLKOUT2)
                                                     -3.129    18.328 r  clk_wiz/inst/mmcm_adv_inst/CLKOUT2
                         net (fo=1, routed)           1.581    19.909    clk_wiz/inst/clk_out3_clk_wiz_0
    BUFGCTRL_X0Y2        BUFG (Prop_bufg_I_O)         0.091    20.000 r  clk_wiz/inst/clkout3_buf/O
                         net (fo=35, routed)          1.439    21.439    alu_0/clk
    SLICE_X13Y20         FDRE                                         r  alu_0/u_curr_reg[1]/C
                         clock pessimism              0.094    21.533    
                         clock uncertainty           -0.084    21.450    
    SLICE_X13Y20         FDRE (Setup_fdre_C_CE)      -0.436    21.014    alu_0/u_curr_reg[1]
  -------------------------------------------------------------------
                         required time                         21.014    
                         arrival time                          -5.288    
  -------------------------------------------------------------------
                         slack                                 15.725    

Slack (MET) :             15.725ns  (required time - arrival time)
  Source:                 alu_0/x_curr_reg[0]/C
                            (rising edge-triggered cell FDRE clocked by clk_out3_clk_wiz_0  {rise@0.000ns fall@10.000ns period=20.000ns})
  Destination:            alu_0/u_curr_reg[2]/CE
                            (rising edge-triggered cell FDRE clocked by clk_out3_clk_wiz_0  {rise@0.000ns fall@10.000ns period=20.000ns})
  Path Group:             clk_out3_clk_wiz_0
  Path Type:              Setup (Max at Slow Process Corner)
  Requirement:            20.000ns  (clk_out3_clk_wiz_0 rise@20.000ns - clk_out3_clk_wiz_0 rise@0.000ns)
  Data Path Delay:        3.739ns  (logic 1.616ns (43.222%)  route 2.123ns (56.778%))
  Logic Levels:           3  (CARRY4=1 LUT3=1 LUT4=1)
  Clock Path Skew:        -0.016ns (DCD - SCD + CPR)
    Destination Clock Delay (DCD):    1.439ns = ( 21.439 - 20.000 ) 
    Source Clock Delay      (SCD):    1.549ns
    Clock Pessimism Removal (CPR):    0.094ns
  Clock Uncertainty:      0.084ns  ((TSJ^2 + DJ^2)^1/2) / 2 + PE
    Total System Jitter     (TSJ):    0.071ns
    Discrete Jitter          (DJ):    0.152ns
    Phase Error              (PE):    0.000ns

    Location             Delay type                Incr(ns)  Path(ns)    Netlist Resource(s)
  -------------------------------------------------------------------    -------------------
                         (clock clk_out3_clk_wiz_0 rise edge)
                                                      0.000     0.000 r  
    BUFGCTRL_X0Y3        BUFG                         0.000     0.000 r  clk_IBUF_BUFG_inst/O
                         net (fo=45, routed)          1.575     1.575    clk_wiz/inst/clk_in1
    MMCME2_ADV_X1Y0      MMCME2_ADV (Prop_mmcme2_adv_CLKIN1_CLKOUT2)
                                                     -3.333    -1.757 r  clk_wiz/inst/mmcm_adv_inst/CLKOUT2
                         net (fo=1, routed)           1.661    -0.096    clk_wiz/inst/clk_out3_clk_wiz_0
    BUFGCTRL_X0Y2        BUFG (Prop_bufg_I_O)         0.096    -0.000 r  clk_wiz/inst/clkout3_buf/O
                         net (fo=35, routed)          1.549     1.549    alu_0/clk
    SLICE_X14Y24         FDRE                                         r  alu_0/x_curr_reg[0]/C
  -------------------------------------------------------------------    -------------------
    SLICE_X14Y24         FDRE (Prop_fdre_C_Q)         0.478     2.027 f  alu_0/x_curr_reg[0]/Q
                         net (fo=9, routed)           0.820     2.847    alu_0/x_curr_reg[0]
    SLICE_X12Y24         LUT3 (Prop_lut3_I2_O)        0.295     3.142 r  alu_0/done_i_5/O
                         net (fo=1, routed)           0.000     3.142    alu_0/done_i_5_n_0
    SLICE_X12Y24         CARRY4 (Prop_carry4_S[0]_CO[2])
                                                      0.538     3.680 f  alu_0/done_reg_i_2/CO[2]
                         net (fo=5, routed)           0.640     4.320    alu_0/x_curr1
    SLICE_X14Y24         LUT4 (Prop_lut4_I2_O)        0.305     4.625 r  alu_0/x_curr[8]_i_1/O
                         net (fo=18, routed)          0.663     5.288    alu_0/z_curr
    SLICE_X13Y20         FDRE                                         r  alu_0/u_curr_reg[2]/CE
  -------------------------------------------------------------------    -------------------

                         (clock clk_out3_clk_wiz_0 rise edge)
                                                     20.000    20.000 r  
    BUFGCTRL_X0Y3        BUFG                         0.000    20.000 r  clk_IBUF_BUFG_inst/O
                         net (fo=45, routed)          1.457    21.457    clk_wiz/inst/clk_in1
    MMCME2_ADV_X1Y0      MMCME2_ADV (Prop_mmcme2_adv_CLKIN1_CLKOUT2)
                                                     -3.129    18.328 r  clk_wiz/inst/mmcm_adv_inst/CLKOUT2
                         net (fo=1, routed)           1.581    19.909    clk_wiz/inst/clk_out3_clk_wiz_0
    BUFGCTRL_X0Y2        BUFG (Prop_bufg_I_O)         0.091    20.000 r  clk_wiz/inst/clkout3_buf/O
                         net (fo=35, routed)          1.439    21.439    alu_0/clk
    SLICE_X13Y20         FDRE                                         r  alu_0/u_curr_reg[2]/C
                         clock pessimism              0.094    21.533    
                         clock uncertainty           -0.084    21.450    
    SLICE_X13Y20         FDRE (Setup_fdre_C_CE)      -0.436    21.014    alu_0/u_curr_reg[2]
  -------------------------------------------------------------------
                         required time                         21.014    
                         arrival time                          -5.288    
  -------------------------------------------------------------------
                         slack                                 15.725    

Slack (MET) :             15.725ns  (required time - arrival time)
  Source:                 alu_0/x_curr_reg[0]/C
                            (rising edge-triggered cell FDRE clocked by clk_out3_clk_wiz_0  {rise@0.000ns fall@10.000ns period=20.000ns})
  Destination:            alu_0/u_curr_reg[3]/CE
                            (rising edge-triggered cell FDRE clocked by clk_out3_clk_wiz_0  {rise@0.000ns fall@10.000ns period=20.000ns})
  Path Group:             clk_out3_clk_wiz_0
  Path Type:              Setup (Max at Slow Process Corner)
  Requirement:            20.000ns  (clk_out3_clk_wiz_0 rise@20.000ns - clk_out3_clk_wiz_0 rise@0.000ns)
  Data Path Delay:        3.739ns  (logic 1.616ns (43.222%)  route 2.123ns (56.778%))
  Logic Levels:           3  (CARRY4=1 LUT3=1 LUT4=1)
  Clock Path Skew:        -0.016ns (DCD - SCD + CPR)
    Destination Clock Delay (DCD):    1.439ns = ( 21.439 - 20.000 ) 
    Source Clock Delay      (SCD):    1.549ns
    Clock Pessimism Removal (CPR):    0.094ns
  Clock Uncertainty:      0.084ns  ((TSJ^2 + DJ^2)^1/2) / 2 + PE
    Total System Jitter     (TSJ):    0.071ns
    Discrete Jitter          (DJ):    0.152ns
    Phase Error              (PE):    0.000ns

    Location             Delay type                Incr(ns)  Path(ns)    Netlist Resource(s)
  -------------------------------------------------------------------    -------------------
                         (clock clk_out3_clk_wiz_0 rise edge)
                                                      0.000     0.000 r  
    BUFGCTRL_X0Y3        BUFG                         0.000     0.000 r  clk_IBUF_BUFG_inst/O
                         net (fo=45, routed)          1.575     1.575    clk_wiz/inst/clk_in1
    MMCME2_ADV_X1Y0      MMCME2_ADV (Prop_mmcme2_adv_CLKIN1_CLKOUT2)
                                                     -3.333    -1.757 r  clk_wiz/inst/mmcm_adv_inst/CLKOUT2
                         net (fo=1, routed)           1.661    -0.096    clk_wiz/inst/clk_out3_clk_wiz_0
    BUFGCTRL_X0Y2        BUFG (Prop_bufg_I_O)         0.096    -0.000 r  clk_wiz/inst/clkout3_buf/O
                         net (fo=35, routed)          1.549     1.549    alu_0/clk
    SLICE_X14Y24         FDRE                                         r  alu_0/x_curr_reg[0]/C
  -------------------------------------------------------------------    -------------------
    SLICE_X14Y24         FDRE (Prop_fdre_C_Q)         0.478     2.027 f  alu_0/x_curr_reg[0]/Q
                         net (fo=9, routed)           0.820     2.847    alu_0/x_curr_reg[0]
    SLICE_X12Y24         LUT3 (Prop_lut3_I2_O)        0.295     3.142 r  alu_0/done_i_5/O
                         net (fo=1, routed)           0.000     3.142    alu_0/done_i_5_n_0
    SLICE_X12Y24         CARRY4 (Prop_carry4_S[0]_CO[2])
                                                      0.538     3.680 f  alu_0/done_reg_i_2/CO[2]
                         net (fo=5, routed)           0.640     4.320    alu_0/x_curr1
    SLICE_X14Y24         LUT4 (Prop_lut4_I2_O)        0.305     4.625 r  alu_0/x_curr[8]_i_1/O
                         net (fo=18, routed)          0.663     5.288    alu_0/z_curr
    SLICE_X13Y20         FDRE                                         r  alu_0/u_curr_reg[3]/CE
  -------------------------------------------------------------------    -------------------

                         (clock clk_out3_clk_wiz_0 rise edge)
                                                     20.000    20.000 r  
    BUFGCTRL_X0Y3        BUFG                         0.000    20.000 r  clk_IBUF_BUFG_inst/O
                         net (fo=45, routed)          1.457    21.457    clk_wiz/inst/clk_in1
    MMCME2_ADV_X1Y0      MMCME2_ADV (Prop_mmcme2_adv_CLKIN1_CLKOUT2)
                                                     -3.129    18.328 r  clk_wiz/inst/mmcm_adv_inst/CLKOUT2
                         net (fo=1, routed)           1.581    19.909    clk_wiz/inst/clk_out3_clk_wiz_0
    BUFGCTRL_X0Y2        BUFG (Prop_bufg_I_O)         0.091    20.000 r  clk_wiz/inst/clkout3_buf/O
                         net (fo=35, routed)          1.439    21.439    alu_0/clk
    SLICE_X13Y20         FDRE                                         r  alu_0/u_curr_reg[3]/C
                         clock pessimism              0.094    21.533    
                         clock uncertainty           -0.084    21.450    
    SLICE_X13Y20         FDRE (Setup_fdre_C_CE)      -0.436    21.014    alu_0/u_curr_reg[3]
  -------------------------------------------------------------------
                         required time                         21.014    
                         arrival time                          -5.288    
  -------------------------------------------------------------------
                         slack                                 15.725    

Slack (MET) :             15.866ns  (required time - arrival time)
  Source:                 alu_0/x_curr_reg[0]/C
                            (rising edge-triggered cell FDRE clocked by clk_out3_clk_wiz_0  {rise@0.000ns fall@10.000ns period=20.000ns})
  Destination:            alu_0/u_curr_reg[10]/CE
                            (rising edge-triggered cell FDRE clocked by clk_out3_clk_wiz_0  {rise@0.000ns fall@10.000ns period=20.000ns})
  Path Group:             clk_out3_clk_wiz_0
  Path Type:              Setup (Max at Slow Process Corner)
  Requirement:            20.000ns  (clk_out3_clk_wiz_0 rise@20.000ns - clk_out3_clk_wiz_0 rise@0.000ns)
  Data Path Delay:        3.596ns  (logic 1.616ns (44.941%)  route 1.980ns (55.059%))
  Logic Levels:           3  (CARRY4=1 LUT3=1 LUT4=1)
  Clock Path Skew:        -0.019ns (DCD - SCD + CPR)
    Destination Clock Delay (DCD):    1.436ns = ( 21.436 - 20.000 ) 
    Source Clock Delay      (SCD):    1.549ns
    Clock Pessimism Removal (CPR):    0.094ns
  Clock Uncertainty:      0.084ns  ((TSJ^2 + DJ^2)^1/2) / 2 + PE
    Total System Jitter     (TSJ):    0.071ns
    Discrete Jitter          (DJ):    0.152ns
    Phase Error              (PE):    0.000ns

    Location             Delay type                Incr(ns)  Path(ns)    Netlist Resource(s)
  -------------------------------------------------------------------    -------------------
                         (clock clk_out3_clk_wiz_0 rise edge)
                                                      0.000     0.000 r  
    BUFGCTRL_X0Y3        BUFG                         0.000     0.000 r  clk_IBUF_BUFG_inst/O
                         net (fo=45, routed)          1.575     1.575    clk_wiz/inst/clk_in1
    MMCME2_ADV_X1Y0      MMCME2_ADV (Prop_mmcme2_adv_CLKIN1_CLKOUT2)
                                                     -3.333    -1.757 r  clk_wiz/inst/mmcm_adv_inst/CLKOUT2
                         net (fo=1, routed)           1.661    -0.096    clk_wiz/inst/clk_out3_clk_wiz_0
    BUFGCTRL_X0Y2        BUFG (Prop_bufg_I_O)         0.096    -0.000 r  clk_wiz/inst/clkout3_buf/O
                         net (fo=35, routed)          1.549     1.549    alu_0/clk
    SLICE_X14Y24         FDRE                                         r  alu_0/x_curr_reg[0]/C
  -------------------------------------------------------------------    -------------------
    SLICE_X14Y24         FDRE (Prop_fdre_C_Q)         0.478     2.027 f  alu_0/x_curr_reg[0]/Q
                         net (fo=9, routed)           0.820     2.847    alu_0/x_curr_reg[0]
    SLICE_X12Y24         LUT3 (Prop_lut3_I2_O)        0.295     3.142 r  alu_0/done_i_5/O
                         net (fo=1, routed)           0.000     3.142    alu_0/done_i_5_n_0
    SLICE_X12Y24         CARRY4 (Prop_carry4_S[0]_CO[2])
                                                      0.538     3.680 f  alu_0/done_reg_i_2/CO[2]
                         net (fo=5, routed)           0.640     4.320    alu_0/x_curr1
    SLICE_X14Y24         LUT4 (Prop_lut4_I2_O)        0.305     4.625 r  alu_0/x_curr[8]_i_1/O
                         net (fo=18, routed)          0.520     5.145    alu_0/z_curr
    SLICE_X13Y22         FDRE                                         r  alu_0/u_curr_reg[10]/CE
  -------------------------------------------------------------------    -------------------

                         (clock clk_out3_clk_wiz_0 rise edge)
                                                     20.000    20.000 r  
    BUFGCTRL_X0Y3        BUFG                         0.000    20.000 r  clk_IBUF_BUFG_inst/O
                         net (fo=45, routed)          1.457    21.457    clk_wiz/inst/clk_in1
    MMCME2_ADV_X1Y0      MMCME2_ADV (Prop_mmcme2_adv_CLKIN1_CLKOUT2)
                                                     -3.129    18.328 r  clk_wiz/inst/mmcm_adv_inst/CLKOUT2
                         net (fo=1, routed)           1.581    19.909    clk_wiz/inst/clk_out3_clk_wiz_0
    BUFGCTRL_X0Y2        BUFG (Prop_bufg_I_O)         0.091    20.000 r  clk_wiz/inst/clkout3_buf/O
                         net (fo=35, routed)          1.436    21.436    alu_0/clk
    SLICE_X13Y22         FDRE                                         r  alu_0/u_curr_reg[10]/C
                         clock pessimism              0.094    21.530    
                         clock uncertainty           -0.084    21.447    
    SLICE_X13Y22         FDRE (Setup_fdre_C_CE)      -0.436    21.011    alu_0/u_curr_reg[10]
  -------------------------------------------------------------------
                         required time                         21.011    
                         arrival time                          -5.145    
  -------------------------------------------------------------------
                         slack                                 15.866    

Slack (MET) :             15.866ns  (required time - arrival time)
  Source:                 alu_0/x_curr_reg[0]/C
                            (rising edge-triggered cell FDRE clocked by clk_out3_clk_wiz_0  {rise@0.000ns fall@10.000ns period=20.000ns})
  Destination:            alu_0/u_curr_reg[11]/CE
                            (rising edge-triggered cell FDRE clocked by clk_out3_clk_wiz_0  {rise@0.000ns fall@10.000ns period=20.000ns})
  Path Group:             clk_out3_clk_wiz_0
  Path Type:              Setup (Max at Slow Process Corner)
  Requirement:            20.000ns  (clk_out3_clk_wiz_0 rise@20.000ns - clk_out3_clk_wiz_0 rise@0.000ns)
  Data Path Delay:        3.596ns  (logic 1.616ns (44.941%)  route 1.980ns (55.059%))
  Logic Levels:           3  (CARRY4=1 LUT3=1 LUT4=1)
  Clock Path Skew:        -0.019ns (DCD - SCD + CPR)
    Destination Clock Delay (DCD):    1.436ns = ( 21.436 - 20.000 ) 
    Source Clock Delay      (SCD):    1.549ns
    Clock Pessimism Removal (CPR):    0.094ns
  Clock Uncertainty:      0.084ns  ((TSJ^2 + DJ^2)^1/2) / 2 + PE
    Total System Jitter     (TSJ):    0.071ns
    Discrete Jitter          (DJ):    0.152ns
    Phase Error              (PE):    0.000ns

    Location             Delay type                Incr(ns)  Path(ns)    Netlist Resource(s)
  -------------------------------------------------------------------    -------------------
                         (clock clk_out3_clk_wiz_0 rise edge)
                                                      0.000     0.000 r  
    BUFGCTRL_X0Y3        BUFG                         0.000     0.000 r  clk_IBUF_BUFG_inst/O
                         net (fo=45, routed)          1.575     1.575    clk_wiz/inst/clk_in1
    MMCME2_ADV_X1Y0      MMCME2_ADV (Prop_mmcme2_adv_CLKIN1_CLKOUT2)
                                                     -3.333    -1.757 r  clk_wiz/inst/mmcm_adv_inst/CLKOUT2
                         net (fo=1, routed)           1.661    -0.096    clk_wiz/inst/clk_out3_clk_wiz_0
    BUFGCTRL_X0Y2        BUFG (Prop_bufg_I_O)         0.096    -0.000 r  clk_wiz/inst/clkout3_buf/O
                         net (fo=35, routed)          1.549     1.549    alu_0/clk
    SLICE_X14Y24         FDRE                                         r  alu_0/x_curr_reg[0]/C
  -------------------------------------------------------------------    -------------------
    SLICE_X14Y24         FDRE (Prop_fdre_C_Q)         0.478     2.027 f  alu_0/x_curr_reg[0]/Q
                         net (fo=9, routed)           0.820     2.847    alu_0/x_curr_reg[0]
    SLICE_X12Y24         LUT3 (Prop_lut3_I2_O)        0.295     3.142 r  alu_0/done_i_5/O
                         net (fo=1, routed)           0.000     3.142    alu_0/done_i_5_n_0
    SLICE_X12Y24         CARRY4 (Prop_carry4_S[0]_CO[2])
                                                      0.538     3.680 f  alu_0/done_reg_i_2/CO[2]
                         net (fo=5, routed)           0.640     4.320    alu_0/x_curr1
    SLICE_X14Y24         LUT4 (Prop_lut4_I2_O)        0.305     4.625 r  alu_0/x_curr[8]_i_1/O
                         net (fo=18, routed)          0.520     5.145    alu_0/z_curr
    SLICE_X13Y22         FDRE                                         r  alu_0/u_curr_reg[11]/CE
  -------------------------------------------------------------------    -------------------

                         (clock clk_out3_clk_wiz_0 rise edge)
                                                     20.000    20.000 r  
    BUFGCTRL_X0Y3        BUFG                         0.000    20.000 r  clk_IBUF_BUFG_inst/O
                         net (fo=45, routed)          1.457    21.457    clk_wiz/inst/clk_in1
    MMCME2_ADV_X1Y0      MMCME2_ADV (Prop_mmcme2_adv_CLKIN1_CLKOUT2)
                                                     -3.129    18.328 r  clk_wiz/inst/mmcm_adv_inst/CLKOUT2
                         net (fo=1, routed)           1.581    19.909    clk_wiz/inst/clk_out3_clk_wiz_0
    BUFGCTRL_X0Y2        BUFG (Prop_bufg_I_O)         0.091    20.000 r  clk_wiz/inst/clkout3_buf/O
                         net (fo=35, routed)          1.436    21.436    alu_0/clk
    SLICE_X13Y22         FDRE                                         r  alu_0/u_curr_reg[11]/C
                         clock pessimism              0.094    21.530    
                         clock uncertainty           -0.084    21.447    
    SLICE_X13Y22         FDRE (Setup_fdre_C_CE)      -0.436    21.011    alu_0/u_curr_reg[11]
  -------------------------------------------------------------------
                         required time                         21.011    
                         arrival time                          -5.145    
  -------------------------------------------------------------------
                         slack                                 15.866    

Slack (MET) :             15.866ns  (required time - arrival time)
  Source:                 alu_0/x_curr_reg[0]/C
                            (rising edge-triggered cell FDRE clocked by clk_out3_clk_wiz_0  {rise@0.000ns fall@10.000ns period=20.000ns})
  Destination:            alu_0/u_curr_reg[8]/CE
                            (rising edge-triggered cell FDRE clocked by clk_out3_clk_wiz_0  {rise@0.000ns fall@10.000ns period=20.000ns})
  Path Group:             clk_out3_clk_wiz_0
  Path Type:              Setup (Max at Slow Process Corner)
  Requirement:            20.000ns  (clk_out3_clk_wiz_0 rise@20.000ns - clk_out3_clk_wiz_0 rise@0.000ns)
  Data Path Delay:        3.596ns  (logic 1.616ns (44.941%)  route 1.980ns (55.059%))
  Logic Levels:           3  (CARRY4=1 LUT3=1 LUT4=1)
  Clock Path Skew:        -0.019ns (DCD - SCD + CPR)
    Destination Clock Delay (DCD):    1.436ns = ( 21.436 - 20.000 ) 
    Source Clock Delay      (SCD):    1.549ns
    Clock Pessimism Removal (CPR):    0.094ns
  Clock Uncertainty:      0.084ns  ((TSJ^2 + DJ^2)^1/2) / 2 + PE
    Total System Jitter     (TSJ):    0.071ns
    Discrete Jitter          (DJ):    0.152ns
    Phase Error              (PE):    0.000ns

    Location             Delay type                Incr(ns)  Path(ns)    Netlist Resource(s)
  -------------------------------------------------------------------    -------------------
                         (clock clk_out3_clk_wiz_0 rise edge)
                                                      0.000     0.000 r  
    BUFGCTRL_X0Y3        BUFG                         0.000     0.000 r  clk_IBUF_BUFG_inst/O
                         net (fo=45, routed)          1.575     1.575    clk_wiz/inst/clk_in1
    MMCME2_ADV_X1Y0      MMCME2_ADV (Prop_mmcme2_adv_CLKIN1_CLKOUT2)
                                                     -3.333    -1.757 r  clk_wiz/inst/mmcm_adv_inst/CLKOUT2
                         net (fo=1, routed)           1.661    -0.096    clk_wiz/inst/clk_out3_clk_wiz_0
    BUFGCTRL_X0Y2        BUFG (Prop_bufg_I_O)         0.096    -0.000 r  clk_wiz/inst/clkout3_buf/O
                         net (fo=35, routed)          1.549     1.549    alu_0/clk
    SLICE_X14Y24         FDRE                                         r  alu_0/x_curr_reg[0]/C
  -------------------------------------------------------------------    -------------------
    SLICE_X14Y24         FDRE (Prop_fdre_C_Q)         0.478     2.027 f  alu_0/x_curr_reg[0]/Q
                         net (fo=9, routed)           0.820     2.847    alu_0/x_curr_reg[0]
    SLICE_X12Y24         LUT3 (Prop_lut3_I2_O)        0.295     3.142 r  alu_0/done_i_5/O
                         net (fo=1, routed)           0.000     3.142    alu_0/done_i_5_n_0
    SLICE_X12Y24         CARRY4 (Prop_carry4_S[0]_CO[2])
                                                      0.538     3.680 f  alu_0/done_reg_i_2/CO[2]
                         net (fo=5, routed)           0.640     4.320    alu_0/x_curr1
    SLICE_X14Y24         LUT4 (Prop_lut4_I2_O)        0.305     4.625 r  alu_0/x_curr[8]_i_1/O
                         net (fo=18, routed)          0.520     5.145    alu_0/z_curr
    SLICE_X13Y22         FDRE                                         r  alu_0/u_curr_reg[8]/CE
  -------------------------------------------------------------------    -------------------

                         (clock clk_out3_clk_wiz_0 rise edge)
                                                     20.000    20.000 r  
    BUFGCTRL_X0Y3        BUFG                         0.000    20.000 r  clk_IBUF_BUFG_inst/O
                         net (fo=45, routed)          1.457    21.457    clk_wiz/inst/clk_in1
    MMCME2_ADV_X1Y0      MMCME2_ADV (Prop_mmcme2_adv_CLKIN1_CLKOUT2)
                                                     -3.129    18.328 r  clk_wiz/inst/mmcm_adv_inst/CLKOUT2
                         net (fo=1, routed)           1.581    19.909    clk_wiz/inst/clk_out3_clk_wiz_0
    BUFGCTRL_X0Y2        BUFG (Prop_bufg_I_O)         0.091    20.000 r  clk_wiz/inst/clkout3_buf/O
                         net (fo=35, routed)          1.436    21.436    alu_0/clk
    SLICE_X13Y22         FDRE                                         r  alu_0/u_curr_reg[8]/C
                         clock pessimism              0.094    21.530    
                         clock uncertainty           -0.084    21.447    
    SLICE_X13Y22         FDRE (Setup_fdre_C_CE)      -0.436    21.011    alu_0/u_curr_reg[8]
  -------------------------------------------------------------------
                         required time                         21.011    
                         arrival time                          -5.145    
  -------------------------------------------------------------------
                         slack                                 15.866    

Slack (MET) :             15.866ns  (required time - arrival time)
  Source:                 alu_0/x_curr_reg[0]/C
                            (rising edge-triggered cell FDRE clocked by clk_out3_clk_wiz_0  {rise@0.000ns fall@10.000ns period=20.000ns})
  Destination:            alu_0/u_curr_reg[9]/CE
                            (rising edge-triggered cell FDRE clocked by clk_out3_clk_wiz_0  {rise@0.000ns fall@10.000ns period=20.000ns})
  Path Group:             clk_out3_clk_wiz_0
  Path Type:              Setup (Max at Slow Process Corner)
  Requirement:            20.000ns  (clk_out3_clk_wiz_0 rise@20.000ns - clk_out3_clk_wiz_0 rise@0.000ns)
  Data Path Delay:        3.596ns  (logic 1.616ns (44.941%)  route 1.980ns (55.059%))
  Logic Levels:           3  (CARRY4=1 LUT3=1 LUT4=1)
  Clock Path Skew:        -0.019ns (DCD - SCD + CPR)
    Destination Clock Delay (DCD):    1.436ns = ( 21.436 - 20.000 ) 
    Source Clock Delay      (SCD):    1.549ns
    Clock Pessimism Removal (CPR):    0.094ns
  Clock Uncertainty:      0.084ns  ((TSJ^2 + DJ^2)^1/2) / 2 + PE
    Total System Jitter     (TSJ):    0.071ns
    Discrete Jitter          (DJ):    0.152ns
    Phase Error              (PE):    0.000ns

    Location             Delay type                Incr(ns)  Path(ns)    Netlist Resource(s)
  -------------------------------------------------------------------    -------------------
                         (clock clk_out3_clk_wiz_0 rise edge)
                                                      0.000     0.000 r  
    BUFGCTRL_X0Y3        BUFG                         0.000     0.000 r  clk_IBUF_BUFG_inst/O
                         net (fo=45, routed)          1.575     1.575    clk_wiz/inst/clk_in1
    MMCME2_ADV_X1Y0      MMCME2_ADV (Prop_mmcme2_adv_CLKIN1_CLKOUT2)
                                                     -3.333    -1.757 r  clk_wiz/inst/mmcm_adv_inst/CLKOUT2
                         net (fo=1, routed)           1.661    -0.096    clk_wiz/inst/clk_out3_clk_wiz_0
    BUFGCTRL_X0Y2        BUFG (Prop_bufg_I_O)         0.096    -0.000 r  clk_wiz/inst/clkout3_buf/O
                         net (fo=35, routed)          1.549     1.549    alu_0/clk
    SLICE_X14Y24         FDRE                                         r  alu_0/x_curr_reg[0]/C
  -------------------------------------------------------------------    -------------------
    SLICE_X14Y24         FDRE (Prop_fdre_C_Q)         0.478     2.027 f  alu_0/x_curr_reg[0]/Q
                         net (fo=9, routed)           0.820     2.847    alu_0/x_curr_reg[0]
    SLICE_X12Y24         LUT3 (Prop_lut3_I2_O)        0.295     3.142 r  alu_0/done_i_5/O
                         net (fo=1, routed)           0.000     3.142    alu_0/done_i_5_n_0
    SLICE_X12Y24         CARRY4 (Prop_carry4_S[0]_CO[2])
                                                      0.538     3.680 f  alu_0/done_reg_i_2/CO[2]
                         net (fo=5, routed)           0.640     4.320    alu_0/x_curr1
    SLICE_X14Y24         LUT4 (Prop_lut4_I2_O)        0.305     4.625 r  alu_0/x_curr[8]_i_1/O
                         net (fo=18, routed)          0.520     5.145    alu_0/z_curr
    SLICE_X13Y22         FDRE                                         r  alu_0/u_curr_reg[9]/CE
  -------------------------------------------------------------------    -------------------

                         (clock clk_out3_clk_wiz_0 rise edge)
                                                     20.000    20.000 r  
    BUFGCTRL_X0Y3        BUFG                         0.000    20.000 r  clk_IBUF_BUFG_inst/O
                         net (fo=45, routed)          1.457    21.457    clk_wiz/inst/clk_in1
    MMCME2_ADV_X1Y0      MMCME2_ADV (Prop_mmcme2_adv_CLKIN1_CLKOUT2)
                                                     -3.129    18.328 r  clk_wiz/inst/mmcm_adv_inst/CLKOUT2
                         net (fo=1, routed)           1.581    19.909    clk_wiz/inst/clk_out3_clk_wiz_0
    BUFGCTRL_X0Y2        BUFG (Prop_bufg_I_O)         0.091    20.000 r  clk_wiz/inst/clkout3_buf/O
                         net (fo=35, routed)          1.436    21.436    alu_0/clk
    SLICE_X13Y22         FDRE                                         r  alu_0/u_curr_reg[9]/C
                         clock pessimism              0.094    21.530    
                         clock uncertainty           -0.084    21.447    
    SLICE_X13Y22         FDRE (Setup_fdre_C_CE)      -0.436    21.011    alu_0/u_curr_reg[9]
  -------------------------------------------------------------------
                         required time                         21.011    
                         arrival time                          -5.145    
  -------------------------------------------------------------------
                         slack                                 15.866    

Slack (MET) :             15.874ns  (required time - arrival time)
  Source:                 alu_0/x_curr_reg[0]/C
                            (rising edge-triggered cell FDRE clocked by clk_out3_clk_wiz_0  {rise@0.000ns fall@10.000ns period=20.000ns})
  Destination:            alu_0/u_curr_reg[4]/CE
                            (rising edge-triggered cell FDRE clocked by clk_out3_clk_wiz_0  {rise@0.000ns fall@10.000ns period=20.000ns})
  Path Group:             clk_out3_clk_wiz_0
  Path Type:              Setup (Max at Slow Process Corner)
  Requirement:            20.000ns  (clk_out3_clk_wiz_0 rise@20.000ns - clk_out3_clk_wiz_0 rise@0.000ns)
  Data Path Delay:        3.589ns  (logic 1.616ns (45.026%)  route 1.973ns (54.974%))
  Logic Levels:           3  (CARRY4=1 LUT3=1 LUT4=1)
  Clock Path Skew:        -0.017ns (DCD - SCD + CPR)
    Destination Clock Delay (DCD):    1.438ns = ( 21.438 - 20.000 ) 
    Source Clock Delay      (SCD):    1.549ns
    Clock Pessimism Removal (CPR):    0.094ns
  Clock Uncertainty:      0.084ns  ((TSJ^2 + DJ^2)^1/2) / 2 + PE
    Total System Jitter     (TSJ):    0.071ns
    Discrete Jitter          (DJ):    0.152ns
    Phase Error              (PE):    0.000ns

    Location             Delay type                Incr(ns)  Path(ns)    Netlist Resource(s)
  -------------------------------------------------------------------    -------------------
                         (clock clk_out3_clk_wiz_0 rise edge)
                                                      0.000     0.000 r  
    BUFGCTRL_X0Y3        BUFG                         0.000     0.000 r  clk_IBUF_BUFG_inst/O
                         net (fo=45, routed)          1.575     1.575    clk_wiz/inst/clk_in1
    MMCME2_ADV_X1Y0      MMCME2_ADV (Prop_mmcme2_adv_CLKIN1_CLKOUT2)
                                                     -3.333    -1.757 r  clk_wiz/inst/mmcm_adv_inst/CLKOUT2
                         net (fo=1, routed)           1.661    -0.096    clk_wiz/inst/clk_out3_clk_wiz_0
    BUFGCTRL_X0Y2        BUFG (Prop_bufg_I_O)         0.096    -0.000 r  clk_wiz/inst/clkout3_buf/O
                         net (fo=35, routed)          1.549     1.549    alu_0/clk
    SLICE_X14Y24         FDRE                                         r  alu_0/x_curr_reg[0]/C
  -------------------------------------------------------------------    -------------------
    SLICE_X14Y24         FDRE (Prop_fdre_C_Q)         0.478     2.027 f  alu_0/x_curr_reg[0]/Q
                         net (fo=9, routed)           0.820     2.847    alu_0/x_curr_reg[0]
    SLICE_X12Y24         LUT3 (Prop_lut3_I2_O)        0.295     3.142 r  alu_0/done_i_5/O
                         net (fo=1, routed)           0.000     3.142    alu_0/done_i_5_n_0
    SLICE_X12Y24         CARRY4 (Prop_carry4_S[0]_CO[2])
                                                      0.538     3.680 f  alu_0/done_reg_i_2/CO[2]
                         net (fo=5, routed)           0.640     4.320    alu_0/x_curr1
    SLICE_X14Y24         LUT4 (Prop_lut4_I2_O)        0.305     4.625 r  alu_0/x_curr[8]_i_1/O
                         net (fo=18, routed)          0.513     5.138    alu_0/z_curr
    SLICE_X13Y21         FDRE                                         r  alu_0/u_curr_reg[4]/CE
  -------------------------------------------------------------------    -------------------

                         (clock clk_out3_clk_wiz_0 rise edge)
                                                     20.000    20.000 r  
    BUFGCTRL_X0Y3        BUFG                         0.000    20.000 r  clk_IBUF_BUFG_inst/O
                         net (fo=45, routed)          1.457    21.457    clk_wiz/inst/clk_in1
    MMCME2_ADV_X1Y0      MMCME2_ADV (Prop_mmcme2_adv_CLKIN1_CLKOUT2)
                                                     -3.129    18.328 r  clk_wiz/inst/mmcm_adv_inst/CLKOUT2
                         net (fo=1, routed)           1.581    19.909    clk_wiz/inst/clk_out3_clk_wiz_0
    BUFGCTRL_X0Y2        BUFG (Prop_bufg_I_O)         0.091    20.000 r  clk_wiz/inst/clkout3_buf/O
                         net (fo=35, routed)          1.438    21.438    alu_0/clk
    SLICE_X13Y21         FDRE                                         r  alu_0/u_curr_reg[4]/C
                         clock pessimism              0.094    21.532    
                         clock uncertainty           -0.084    21.449    
    SLICE_X13Y21         FDRE (Setup_fdre_C_CE)      -0.436    21.013    alu_0/u_curr_reg[4]
  -------------------------------------------------------------------
                         required time                         21.013    
                         arrival time                          -5.138    
  -------------------------------------------------------------------
                         slack                                 15.874    

Slack (MET) :             15.874ns  (required time - arrival time)
  Source:                 alu_0/x_curr_reg[0]/C
                            (rising edge-triggered cell FDRE clocked by clk_out3_clk_wiz_0  {rise@0.000ns fall@10.000ns period=20.000ns})
  Destination:            alu_0/u_curr_reg[5]/CE
                            (rising edge-triggered cell FDRE clocked by clk_out3_clk_wiz_0  {rise@0.000ns fall@10.000ns period=20.000ns})
  Path Group:             clk_out3_clk_wiz_0
  Path Type:              Setup (Max at Slow Process Corner)
  Requirement:            20.000ns  (clk_out3_clk_wiz_0 rise@20.000ns - clk_out3_clk_wiz_0 rise@0.000ns)
  Data Path Delay:        3.589ns  (logic 1.616ns (45.026%)  route 1.973ns (54.974%))
  Logic Levels:           3  (CARRY4=1 LUT3=1 LUT4=1)
  Clock Path Skew:        -0.017ns (DCD - SCD + CPR)
    Destination Clock Delay (DCD):    1.438ns = ( 21.438 - 20.000 ) 
    Source Clock Delay      (SCD):    1.549ns
    Clock Pessimism Removal (CPR):    0.094ns
  Clock Uncertainty:      0.084ns  ((TSJ^2 + DJ^2)^1/2) / 2 + PE
    Total System Jitter     (TSJ):    0.071ns
    Discrete Jitter          (DJ):    0.152ns
    Phase Error              (PE):    0.000ns

    Location             Delay type                Incr(ns)  Path(ns)    Netlist Resource(s)
  -------------------------------------------------------------------    -------------------
                         (clock clk_out3_clk_wiz_0 rise edge)
                                                      0.000     0.000 r  
    BUFGCTRL_X0Y3        BUFG                         0.000     0.000 r  clk_IBUF_BUFG_inst/O
                         net (fo=45, routed)          1.575     1.575    clk_wiz/inst/clk_in1
    MMCME2_ADV_X1Y0      MMCME2_ADV (Prop_mmcme2_adv_CLKIN1_CLKOUT2)
                                                     -3.333    -1.757 r  clk_wiz/inst/mmcm_adv_inst/CLKOUT2
                         net (fo=1, routed)           1.661    -0.096    clk_wiz/inst/clk_out3_clk_wiz_0
    BUFGCTRL_X0Y2        BUFG (Prop_bufg_I_O)         0.096    -0.000 r  clk_wiz/inst/clkout3_buf/O
                         net (fo=35, routed)          1.549     1.549    alu_0/clk
    SLICE_X14Y24         FDRE                                         r  alu_0/x_curr_reg[0]/C
  -------------------------------------------------------------------    -------------------
    SLICE_X14Y24         FDRE (Prop_fdre_C_Q)         0.478     2.027 f  alu_0/x_curr_reg[0]/Q
                         net (fo=9, routed)           0.820     2.847    alu_0/x_curr_reg[0]
    SLICE_X12Y24         LUT3 (Prop_lut3_I2_O)        0.295     3.142 r  alu_0/done_i_5/O
                         net (fo=1, routed)           0.000     3.142    alu_0/done_i_5_n_0
    SLICE_X12Y24         CARRY4 (Prop_carry4_S[0]_CO[2])
                                                      0.538     3.680 f  alu_0/done_reg_i_2/CO[2]
                         net (fo=5, routed)           0.640     4.320    alu_0/x_curr1
    SLICE_X14Y24         LUT4 (Prop_lut4_I2_O)        0.305     4.625 r  alu_0/x_curr[8]_i_1/O
                         net (fo=18, routed)          0.513     5.138    alu_0/z_curr
    SLICE_X13Y21         FDRE                                         r  alu_0/u_curr_reg[5]/CE
  -------------------------------------------------------------------    -------------------

                         (clock clk_out3_clk_wiz_0 rise edge)
                                                     20.000    20.000 r  
    BUFGCTRL_X0Y3        BUFG                         0.000    20.000 r  clk_IBUF_BUFG_inst/O
                         net (fo=45, routed)          1.457    21.457    clk_wiz/inst/clk_in1
    MMCME2_ADV_X1Y0      MMCME2_ADV (Prop_mmcme2_adv_CLKIN1_CLKOUT2)
                                                     -3.129    18.328 r  clk_wiz/inst/mmcm_adv_inst/CLKOUT2
                         net (fo=1, routed)           1.581    19.909    clk_wiz/inst/clk_out3_clk_wiz_0
    BUFGCTRL_X0Y2        BUFG (Prop_bufg_I_O)         0.091    20.000 r  clk_wiz/inst/clkout3_buf/O
                         net (fo=35, routed)          1.438    21.438    alu_0/clk
    SLICE_X13Y21         FDRE                                         r  alu_0/u_curr_reg[5]/C
                         clock pessimism              0.094    21.532    
                         clock uncertainty           -0.084    21.449    
    SLICE_X13Y21         FDRE (Setup_fdre_C_CE)      -0.436    21.013    alu_0/u_curr_reg[5]
  -------------------------------------------------------------------
                         required time                         21.013    
                         arrival time                          -5.138    
  -------------------------------------------------------------------
                         slack                                 15.874    





Min Delay Paths
--------------------------------------------------------------------------------------
Slack (MET) :             0.177ns  (arrival time - required time)
  Source:                 alu_0/x_curr_reg[3]/C
                            (rising edge-triggered cell FDRE clocked by clk_out3_clk_wiz_0  {rise@0.000ns fall@10.000ns period=20.000ns})
  Destination:            alu_0/x_curr_reg[4]/D
                            (rising edge-triggered cell FDRE clocked by clk_out3_clk_wiz_0  {rise@0.000ns fall@10.000ns period=20.000ns})
  Path Group:             clk_out3_clk_wiz_0
  Path Type:              Hold (Min at Fast Process Corner)
  Requirement:            0.000ns  (clk_out3_clk_wiz_0 rise@0.000ns - clk_out3_clk_wiz_0 rise@0.000ns)
  Data Path Delay:        0.282ns  (logic 0.209ns (74.024%)  route 0.073ns (25.976%))
  Logic Levels:           1  (LUT6=1)
  Clock Path Skew:        0.013ns (DCD - SCD - CPR)
    Destination Clock Delay (DCD):    0.820ns
    Source Clock Delay      (SCD):    0.553ns
    Clock Pessimism Removal (CPR):    0.254ns

    Location             Delay type                Incr(ns)  Path(ns)    Netlist Resource(s)
  -------------------------------------------------------------------    -------------------
                         (clock clk_out3_clk_wiz_0 rise edge)
                                                      0.000     0.000 r  
    BUFGCTRL_X0Y3        BUFG                         0.000     0.000 r  clk_IBUF_BUFG_inst/O
                         net (fo=45, routed)          0.549     0.549    clk_wiz/inst/clk_in1
    MMCME2_ADV_X1Y0      MMCME2_ADV (Prop_mmcme2_adv_CLKIN1_CLKOUT2)
                                                     -1.061    -0.512 r  clk_wiz/inst/mmcm_adv_inst/CLKOUT2
                         net (fo=1, routed)           0.486    -0.026    clk_wiz/inst/clk_out3_clk_wiz_0
    BUFGCTRL_X0Y2        BUFG (Prop_bufg_I_O)         0.026     0.000 r  clk_wiz/inst/clkout3_buf/O
                         net (fo=35, routed)          0.553     0.553    alu_0/clk
    SLICE_X14Y24         FDRE                                         r  alu_0/x_curr_reg[3]/C
  -------------------------------------------------------------------    -------------------
    SLICE_X14Y24         FDRE (Prop_fdre_C_Q)         0.164     0.717 r  alu_0/x_curr_reg[3]/Q
                         net (fo=6, routed)           0.073     0.790    alu_0/x_curr_reg[3]
    SLICE_X15Y24         LUT6 (Prop_lut6_I3_O)        0.045     0.835 r  alu_0/x_curr[4]_i_1/O
                         net (fo=1, routed)           0.000     0.835    alu_0/p_0_in__0[4]
    SLICE_X15Y24         FDRE                                         r  alu_0/x_curr_reg[4]/D
  -------------------------------------------------------------------    -------------------

                         (clock clk_out3_clk_wiz_0 rise edge)
                                                      0.000     0.000 r  
    BUFGCTRL_X0Y3        BUFG                         0.000     0.000 r  clk_IBUF_BUFG_inst/O
                         net (fo=45, routed)          0.817     0.817    clk_wiz/inst/clk_in1
    MMCME2_ADV_X1Y0      MMCME2_ADV (Prop_mmcme2_adv_CLKIN1_CLKOUT2)
                                                     -1.375    -0.559 r  clk_wiz/inst/mmcm_adv_inst/CLKOUT2
                         net (fo=1, routed)           0.530    -0.029    clk_wiz/inst/clk_out3_clk_wiz_0
    BUFGCTRL_X0Y2        BUFG (Prop_bufg_I_O)         0.029     0.000 r  clk_wiz/inst/clkout3_buf/O
                         net (fo=35, routed)          0.820     0.820    alu_0/clk
    SLICE_X15Y24         FDRE                                         r  alu_0/x_curr_reg[4]/C
                         clock pessimism             -0.254     0.566    
    SLICE_X15Y24         FDRE (Hold_fdre_C_D)         0.092     0.658    alu_0/x_curr_reg[4]
  -------------------------------------------------------------------
                         required time                         -0.658    
                         arrival time                           0.835    
  -------------------------------------------------------------------
                         slack                                  0.177    

Slack (MET) :             0.213ns  (arrival time - required time)
  Source:                 alu_0/x_curr_reg[7]/C
                            (rising edge-triggered cell FDRE clocked by clk_out3_clk_wiz_0  {rise@0.000ns fall@10.000ns period=20.000ns})
  Destination:            alu_0/x_curr_reg[8]/D
                            (rising edge-triggered cell FDRE clocked by clk_out3_clk_wiz_0  {rise@0.000ns fall@10.000ns period=20.000ns})
  Path Group:             clk_out3_clk_wiz_0
  Path Type:              Hold (Min at Fast Process Corner)
  Requirement:            0.000ns  (clk_out3_clk_wiz_0 rise@0.000ns - clk_out3_clk_wiz_0 rise@0.000ns)
  Data Path Delay:        0.334ns  (logic 0.246ns (73.561%)  route 0.088ns (26.439%))
  Logic Levels:           1  (LUT6=1)
  Clock Path Skew:        0.000ns (DCD - SCD - CPR)
    Destination Clock Delay (DCD):    0.821ns
    Source Clock Delay      (SCD):    0.554ns
    Clock Pessimism Removal (CPR):    0.267ns

    Location             Delay type                Incr(ns)  Path(ns)    Netlist Resource(s)
  -------------------------------------------------------------------    -------------------
                         (clock clk_out3_clk_wiz_0 rise edge)
                                                      0.000     0.000 r  
    BUFGCTRL_X0Y3        BUFG                         0.000     0.000 r  clk_IBUF_BUFG_inst/O
                         net (fo=45, routed)          0.549     0.549    clk_wiz/inst/clk_in1
    MMCME2_ADV_X1Y0      MMCME2_ADV (Prop_mmcme2_adv_CLKIN1_CLKOUT2)
                                                     -1.061    -0.512 r  clk_wiz/inst/mmcm_adv_inst/CLKOUT2
                         net (fo=1, routed)           0.486    -0.026    clk_wiz/inst/clk_out3_clk_wiz_0
    BUFGCTRL_X0Y2        BUFG (Prop_bufg_I_O)         0.026     0.000 r  clk_wiz/inst/clkout3_buf/O
                         net (fo=35, routed)          0.554     0.554    alu_0/clk
    SLICE_X12Y23         FDRE                                         r  alu_0/x_curr_reg[7]/C
  -------------------------------------------------------------------    -------------------
    SLICE_X12Y23         FDRE (Prop_fdre_C_Q)         0.148     0.702 r  alu_0/x_curr_reg[7]/Q
                         net (fo=4, routed)           0.088     0.790    alu_0/x_curr_reg[7]
    SLICE_X12Y23         LUT6 (Prop_lut6_I3_O)        0.098     0.888 r  alu_0/x_curr[8]_i_2/O
                         net (fo=1, routed)           0.000     0.888    alu_0/p_0_in__0[8]
    SLICE_X12Y23         FDRE                                         r  alu_0/x_curr_reg[8]/D
  -------------------------------------------------------------------    -------------------

                         (clock clk_out3_clk_wiz_0 rise edge)
                                                      0.000     0.000 r  
    BUFGCTRL_X0Y3        BUFG                         0.000     0.000 r  clk_IBUF_BUFG_inst/O
                         net (fo=45, routed)          0.817     0.817    clk_wiz/inst/clk_in1
    MMCME2_ADV_X1Y0      MMCME2_ADV (Prop_mmcme2_adv_CLKIN1_CLKOUT2)
                                                     -1.375    -0.559 r  clk_wiz/inst/mmcm_adv_inst/CLKOUT2
                         net (fo=1, routed)           0.530    -0.029    clk_wiz/inst/clk_out3_clk_wiz_0
    BUFGCTRL_X0Y2        BUFG (Prop_bufg_I_O)         0.029     0.000 r  clk_wiz/inst/clkout3_buf/O
                         net (fo=35, routed)          0.821     0.821    alu_0/clk
    SLICE_X12Y23         FDRE                                         r  alu_0/x_curr_reg[8]/C
                         clock pessimism             -0.267     0.554    
    SLICE_X12Y23         FDRE (Hold_fdre_C_D)         0.121     0.675    alu_0/x_curr_reg[8]
  -------------------------------------------------------------------
                         required time                         -0.675    
                         arrival time                           0.888    
  -------------------------------------------------------------------
                         slack                                  0.213    

Slack (MET) :             0.219ns  (arrival time - required time)
  Source:                 alu_0/x_curr_reg[8]/C
                            (rising edge-triggered cell FDRE clocked by clk_out3_clk_wiz_0  {rise@0.000ns fall@10.000ns period=20.000ns})
  Destination:            alu_0/X_reg[8]/D
                            (rising edge-triggered cell FDRE clocked by clk_out3_clk_wiz_0  {rise@0.000ns fall@10.000ns period=20.000ns})
  Path Group:             clk_out3_clk_wiz_0
  Path Type:              Hold (Min at Fast Process Corner)
  Requirement:            0.000ns  (clk_out3_clk_wiz_0 rise@0.000ns - clk_out3_clk_wiz_0 rise@0.000ns)
  Data Path Delay:        0.303ns  (logic 0.164ns (54.053%)  route 0.139ns (45.947%))
  Logic Levels:           0  
  Clock Path Skew:        0.013ns (DCD - SCD - CPR)
    Destination Clock Delay (DCD):    0.821ns
    Source Clock Delay      (SCD):    0.554ns
    Clock Pessimism Removal (CPR):    0.254ns

    Location             Delay type                Incr(ns)  Path(ns)    Netlist Resource(s)
  -------------------------------------------------------------------    -------------------
                         (clock clk_out3_clk_wiz_0 rise edge)
                                                      0.000     0.000 r  
    BUFGCTRL_X0Y3        BUFG                         0.000     0.000 r  clk_IBUF_BUFG_inst/O
                         net (fo=45, routed)          0.549     0.549    clk_wiz/inst/clk_in1
    MMCME2_ADV_X1Y0      MMCME2_ADV (Prop_mmcme2_adv_CLKIN1_CLKOUT2)
                                                     -1.061    -0.512 r  clk_wiz/inst/mmcm_adv_inst/CLKOUT2
                         net (fo=1, routed)           0.486    -0.026    clk_wiz/inst/clk_out3_clk_wiz_0
    BUFGCTRL_X0Y2        BUFG (Prop_bufg_I_O)         0.026     0.000 r  clk_wiz/inst/clkout3_buf/O
                         net (fo=35, routed)          0.554     0.554    alu_0/clk
    SLICE_X12Y23         FDRE                                         r  alu_0/x_curr_reg[8]/C
  -------------------------------------------------------------------    -------------------
    SLICE_X12Y23         FDRE (Prop_fdre_C_Q)         0.164     0.718 r  alu_0/x_curr_reg[8]/Q
                         net (fo=3, routed)           0.139     0.857    alu_0/x_curr_reg[8]
    SLICE_X13Y23         FDRE                                         r  alu_0/X_reg[8]/D
  -------------------------------------------------------------------    -------------------

                         (clock clk_out3_clk_wiz_0 rise edge)
                                                      0.000     0.000 r  
    BUFGCTRL_X0Y3        BUFG                         0.000     0.000 r  clk_IBUF_BUFG_inst/O
                         net (fo=45, routed)          0.817     0.817    clk_wiz/inst/clk_in1
    MMCME2_ADV_X1Y0      MMCME2_ADV (Prop_mmcme2_adv_CLKIN1_CLKOUT2)
                                                     -1.375    -0.559 r  clk_wiz/inst/mmcm_adv_inst/CLKOUT2
                         net (fo=1, routed)           0.530    -0.029    clk_wiz/inst/clk_out3_clk_wiz_0
    BUFGCTRL_X0Y2        BUFG (Prop_bufg_I_O)         0.029     0.000 r  clk_wiz/inst/clkout3_buf/O
                         net (fo=35, routed)          0.821     0.821    alu_0/clk
    SLICE_X13Y23         FDRE                                         r  alu_0/X_reg[8]/C
                         clock pessimism             -0.254     0.567    
    SLICE_X13Y23         FDRE (Hold_fdre_C_D)         0.071     0.638    alu_0/X_reg[8]
  -------------------------------------------------------------------
                         required time                         -0.638    
                         arrival time                           0.857    
  -------------------------------------------------------------------
                         slack                                  0.219    

Slack (MET) :             0.232ns  (arrival time - required time)
  Source:                 alu_0/x_curr_reg[5]/C
                            (rising edge-triggered cell FDRE clocked by clk_out3_clk_wiz_0  {rise@0.000ns fall@10.000ns period=20.000ns})
  Destination:            alu_0/X_reg[5]/D
                            (rising edge-triggered cell FDRE clocked by clk_out3_clk_wiz_0  {rise@0.000ns fall@10.000ns period=20.000ns})
  Path Group:             clk_out3_clk_wiz_0
  Path Type:              Hold (Min at Fast Process Corner)
  Requirement:            0.000ns  (clk_out3_clk_wiz_0 rise@0.000ns - clk_out3_clk_wiz_0 rise@0.000ns)
  Data Path Delay:        0.315ns  (logic 0.164ns (52.145%)  route 0.151ns (47.855%))
  Logic Levels:           0  
  Clock Path Skew:        0.013ns (DCD - SCD - CPR)
    Destination Clock Delay (DCD):    0.821ns
    Source Clock Delay      (SCD):    0.554ns
    Clock Pessimism Removal (CPR):    0.254ns

    Location             Delay type                Incr(ns)  Path(ns)    Netlist Resource(s)
  -------------------------------------------------------------------    -------------------
                         (clock clk_out3_clk_wiz_0 rise edge)
                                                      0.000     0.000 r  
    BUFGCTRL_X0Y3        BUFG                         0.000     0.000 r  clk_IBUF_BUFG_inst/O
                         net (fo=45, routed)          0.549     0.549    clk_wiz/inst/clk_in1
    MMCME2_ADV_X1Y0      MMCME2_ADV (Prop_mmcme2_adv_CLKIN1_CLKOUT2)
                                                     -1.061    -0.512 r  clk_wiz/inst/mmcm_adv_inst/CLKOUT2
                         net (fo=1, routed)           0.486    -0.026    clk_wiz/inst/clk_out3_clk_wiz_0
    BUFGCTRL_X0Y2        BUFG (Prop_bufg_I_O)         0.026     0.000 r  clk_wiz/inst/clkout3_buf/O
                         net (fo=35, routed)          0.554     0.554    alu_0/clk
    SLICE_X12Y23         FDRE                                         r  alu_0/x_curr_reg[5]/C
  -------------------------------------------------------------------    -------------------
    SLICE_X12Y23         FDRE (Prop_fdre_C_Q)         0.164     0.718 r  alu_0/x_curr_reg[5]/Q
                         net (fo=6, routed)           0.151     0.868    alu_0/x_curr_reg[5]
    SLICE_X13Y23         FDRE                                         r  alu_0/X_reg[5]/D
  -------------------------------------------------------------------    -------------------

                         (clock clk_out3_clk_wiz_0 rise edge)
                                                      0.000     0.000 r  
    BUFGCTRL_X0Y3        BUFG                         0.000     0.000 r  clk_IBUF_BUFG_inst/O
                         net (fo=45, routed)          0.817     0.817    clk_wiz/inst/clk_in1
    MMCME2_ADV_X1Y0      MMCME2_ADV (Prop_mmcme2_adv_CLKIN1_CLKOUT2)
                                                     -1.375    -0.559 r  clk_wiz/inst/mmcm_adv_inst/CLKOUT2
                         net (fo=1, routed)           0.530    -0.029    clk_wiz/inst/clk_out3_clk_wiz_0
    BUFGCTRL_X0Y2        BUFG (Prop_bufg_I_O)         0.029     0.000 r  clk_wiz/inst/clkout3_buf/O
                         net (fo=35, routed)          0.821     0.821    alu_0/clk
    SLICE_X13Y23         FDRE                                         r  alu_0/X_reg[5]/C
                         clock pessimism             -0.254     0.567    
    SLICE_X13Y23         FDRE (Hold_fdre_C_D)         0.070     0.637    alu_0/X_reg[5]
  -------------------------------------------------------------------
                         required time                         -0.637    
                         arrival time                           0.868    
  -------------------------------------------------------------------
                         slack                                  0.232    

Slack (MET) :             0.239ns  (arrival time - required time)
  Source:                 alu_0/u_curr_reg[10]/C
                            (rising edge-triggered cell FDRE clocked by clk_out3_clk_wiz_0  {rise@0.000ns fall@10.000ns period=20.000ns})
  Destination:            alu_0/U_reg[2]/D
                            (rising edge-triggered cell FDRE clocked by clk_out3_clk_wiz_0  {rise@0.000ns fall@10.000ns period=20.000ns})
  Path Group:             clk_out3_clk_wiz_0
  Path Type:              Hold (Min at Fast Process Corner)
  Requirement:            0.000ns  (clk_out3_clk_wiz_0 rise@0.000ns - clk_out3_clk_wiz_0 rise@0.000ns)
  Data Path Delay:        0.336ns  (logic 0.141ns (42.025%)  route 0.195ns (57.975%))
  Logic Levels:           0  
  Clock Path Skew:        0.011ns (DCD - SCD - CPR)
    Destination Clock Delay (DCD):    0.821ns
    Source Clock Delay      (SCD):    0.556ns
    Clock Pessimism Removal (CPR):    0.254ns

    Location             Delay type                Incr(ns)  Path(ns)    Netlist Resource(s)
  -------------------------------------------------------------------    -------------------
                         (clock clk_out3_clk_wiz_0 rise edge)
                                                      0.000     0.000 r  
    BUFGCTRL_X0Y3        BUFG                         0.000     0.000 r  clk_IBUF_BUFG_inst/O
                         net (fo=45, routed)          0.549     0.549    clk_wiz/inst/clk_in1
    MMCME2_ADV_X1Y0      MMCME2_ADV (Prop_mmcme2_adv_CLKIN1_CLKOUT2)
                                                     -1.061    -0.512 r  clk_wiz/inst/mmcm_adv_inst/CLKOUT2
                         net (fo=1, routed)           0.486    -0.026    clk_wiz/inst/clk_out3_clk_wiz_0
    BUFGCTRL_X0Y2        BUFG (Prop_bufg_I_O)         0.026     0.000 r  clk_wiz/inst/clkout3_buf/O
                         net (fo=35, routed)          0.556     0.556    alu_0/clk
    SLICE_X13Y22         FDRE                                         r  alu_0/u_curr_reg[10]/C
  -------------------------------------------------------------------    -------------------
    SLICE_X13Y22         FDRE (Prop_fdre_C_Q)         0.141     0.697 r  alu_0/u_curr_reg[10]/Q
                         net (fo=2, routed)           0.195     0.891    alu_0/u_curr_reg[10]
    SLICE_X14Y23         FDRE                                         r  alu_0/U_reg[2]/D
  -------------------------------------------------------------------    -------------------

                         (clock clk_out3_clk_wiz_0 rise edge)
                                                      0.000     0.000 r  
    BUFGCTRL_X0Y3        BUFG                         0.000     0.000 r  clk_IBUF_BUFG_inst/O
                         net (fo=45, routed)          0.817     0.817    clk_wiz/inst/clk_in1
    MMCME2_ADV_X1Y0      MMCME2_ADV (Prop_mmcme2_adv_CLKIN1_CLKOUT2)
                                                     -1.375    -0.559 r  clk_wiz/inst/mmcm_adv_inst/CLKOUT2
                         net (fo=1, routed)           0.530    -0.029    clk_wiz/inst/clk_out3_clk_wiz_0
    BUFGCTRL_X0Y2        BUFG (Prop_bufg_I_O)         0.029     0.000 r  clk_wiz/inst/clkout3_buf/O
                         net (fo=35, routed)          0.821     0.821    alu_0/clk
    SLICE_X14Y23         FDRE                                         r  alu_0/U_reg[2]/C
                         clock pessimism             -0.254     0.567    
    SLICE_X14Y23         FDRE (Hold_fdre_C_D)         0.086     0.653    alu_0/U_reg[2]
  -------------------------------------------------------------------
                         required time                         -0.653    
                         arrival time                           0.891    
  -------------------------------------------------------------------
                         slack                                  0.239    

Slack (MET) :             0.248ns  (arrival time - required time)
  Source:                 alu_0/x_curr_reg[2]/C
                            (rising edge-triggered cell FDRE clocked by clk_out3_clk_wiz_0  {rise@0.000ns fall@10.000ns period=20.000ns})
  Destination:            alu_0/X_reg[2]/D
                            (rising edge-triggered cell FDRE clocked by clk_out3_clk_wiz_0  {rise@0.000ns fall@10.000ns period=20.000ns})
  Path Group:             clk_out3_clk_wiz_0
  Path Type:              Hold (Min at Fast Process Corner)
  Requirement:            0.000ns  (clk_out3_clk_wiz_0 rise@0.000ns - clk_out3_clk_wiz_0 rise@0.000ns)
  Data Path Delay:        0.273ns  (logic 0.128ns (46.909%)  route 0.145ns (53.091%))
  Logic Levels:           0  
  Clock Path Skew:        0.013ns (DCD - SCD - CPR)
    Destination Clock Delay (DCD):    0.820ns
    Source Clock Delay      (SCD):    0.553ns
    Clock Pessimism Removal (CPR):    0.254ns

    Location             Delay type                Incr(ns)  Path(ns)    Netlist Resource(s)
  -------------------------------------------------------------------    -------------------
                         (clock clk_out3_clk_wiz_0 rise edge)
                                                      0.000     0.000 r  
    BUFGCTRL_X0Y3        BUFG                         0.000     0.000 r  clk_IBUF_BUFG_inst/O
                         net (fo=45, routed)          0.549     0.549    clk_wiz/inst/clk_in1
    MMCME2_ADV_X1Y0      MMCME2_ADV (Prop_mmcme2_adv_CLKIN1_CLKOUT2)
                                                     -1.061    -0.512 r  clk_wiz/inst/mmcm_adv_inst/CLKOUT2
                         net (fo=1, routed)           0.486    -0.026    clk_wiz/inst/clk_out3_clk_wiz_0
    BUFGCTRL_X0Y2        BUFG (Prop_bufg_I_O)         0.026     0.000 r  clk_wiz/inst/clkout3_buf/O
                         net (fo=35, routed)          0.553     0.553    alu_0/clk
    SLICE_X15Y24         FDRE                                         r  alu_0/x_curr_reg[2]/C
  -------------------------------------------------------------------    -------------------
    SLICE_X15Y24         FDRE (Prop_fdre_C_Q)         0.128     0.681 r  alu_0/x_curr_reg[2]/Q
                         net (fo=7, routed)           0.145     0.825    alu_0/x_curr_reg[2]
    SLICE_X13Y24         FDRE                                         r  alu_0/X_reg[2]/D
  -------------------------------------------------------------------    -------------------

                         (clock clk_out3_clk_wiz_0 rise edge)
                                                      0.000     0.000 r  
    BUFGCTRL_X0Y3        BUFG                         0.000     0.000 r  clk_IBUF_BUFG_inst/O
                         net (fo=45, routed)          0.817     0.817    clk_wiz/inst/clk_in1
    MMCME2_ADV_X1Y0      MMCME2_ADV (Prop_mmcme2_adv_CLKIN1_CLKOUT2)
                                                     -1.375    -0.559 r  clk_wiz/inst/mmcm_adv_inst/CLKOUT2
                         net (fo=1, routed)           0.530    -0.029    clk_wiz/inst/clk_out3_clk_wiz_0
    BUFGCTRL_X0Y2        BUFG (Prop_bufg_I_O)         0.029     0.000 r  clk_wiz/inst/clkout3_buf/O
                         net (fo=35, routed)          0.820     0.820    alu_0/clk
    SLICE_X13Y24         FDRE                                         r  alu_0/X_reg[2]/C
                         clock pessimism             -0.254     0.566    
    SLICE_X13Y24         FDRE (Hold_fdre_C_D)         0.012     0.578    alu_0/X_reg[2]
  -------------------------------------------------------------------
                         required time                         -0.578    
                         arrival time                           0.825    
  -------------------------------------------------------------------
                         slack                                  0.248    

Slack (MET) :             0.259ns  (arrival time - required time)
  Source:                 alu_0/u_curr_reg[11]/C
                            (rising edge-triggered cell FDRE clocked by clk_out3_clk_wiz_0  {rise@0.000ns fall@10.000ns period=20.000ns})
  Destination:            alu_0/U_reg[3]/D
                            (rising edge-triggered cell FDRE clocked by clk_out3_clk_wiz_0  {rise@0.000ns fall@10.000ns period=20.000ns})
  Path Group:             clk_out3_clk_wiz_0
  Path Type:              Hold (Min at Fast Process Corner)
  Requirement:            0.000ns  (clk_out3_clk_wiz_0 rise@0.000ns - clk_out3_clk_wiz_0 rise@0.000ns)
  Data Path Delay:        0.359ns  (logic 0.141ns (39.329%)  route 0.218ns (60.671%))
  Logic Levels:           0  
  Clock Path Skew:        0.011ns (DCD - SCD - CPR)
    Destination Clock Delay (DCD):    0.821ns
    Source Clock Delay      (SCD):    0.556ns
    Clock Pessimism Removal (CPR):    0.254ns

    Location             Delay type                Incr(ns)  Path(ns)    Netlist Resource(s)
  -------------------------------------------------------------------    -------------------
                         (clock clk_out3_clk_wiz_0 rise edge)
                                                      0.000     0.000 r  
    BUFGCTRL_X0Y3        BUFG                         0.000     0.000 r  clk_IBUF_BUFG_inst/O
                         net (fo=45, routed)          0.549     0.549    clk_wiz/inst/clk_in1
    MMCME2_ADV_X1Y0      MMCME2_ADV (Prop_mmcme2_adv_CLKIN1_CLKOUT2)
                                                     -1.061    -0.512 r  clk_wiz/inst/mmcm_adv_inst/CLKOUT2
                         net (fo=1, routed)           0.486    -0.026    clk_wiz/inst/clk_out3_clk_wiz_0
    BUFGCTRL_X0Y2        BUFG (Prop_bufg_I_O)         0.026     0.000 r  clk_wiz/inst/clkout3_buf/O
                         net (fo=35, routed)          0.556     0.556    alu_0/clk
    SLICE_X13Y22         FDRE                                         r  alu_0/u_curr_reg[11]/C
  -------------------------------------------------------------------    -------------------
    SLICE_X13Y22         FDRE (Prop_fdre_C_Q)         0.141     0.697 r  alu_0/u_curr_reg[11]/Q
                         net (fo=2, routed)           0.218     0.914    alu_0/u_curr_reg[11]
    SLICE_X14Y23         FDRE                                         r  alu_0/U_reg[3]/D
  -------------------------------------------------------------------    -------------------

                         (clock clk_out3_clk_wiz_0 rise edge)
                                                      0.000     0.000 r  
    BUFGCTRL_X0Y3        BUFG                         0.000     0.000 r  clk_IBUF_BUFG_inst/O
                         net (fo=45, routed)          0.817     0.817    clk_wiz/inst/clk_in1
    MMCME2_ADV_X1Y0      MMCME2_ADV (Prop_mmcme2_adv_CLKIN1_CLKOUT2)
                                                     -1.375    -0.559 r  clk_wiz/inst/mmcm_adv_inst/CLKOUT2
                         net (fo=1, routed)           0.530    -0.029    clk_wiz/inst/clk_out3_clk_wiz_0
    BUFGCTRL_X0Y2        BUFG (Prop_bufg_I_O)         0.029     0.000 r  clk_wiz/inst/clkout3_buf/O
                         net (fo=35, routed)          0.821     0.821    alu_0/clk
    SLICE_X14Y23         FDRE                                         r  alu_0/U_reg[3]/C
                         clock pessimism             -0.254     0.567    
    SLICE_X14Y23         FDRE (Hold_fdre_C_D)         0.089     0.656    alu_0/U_reg[3]
  -------------------------------------------------------------------
                         required time                         -0.656    
                         arrival time                           0.914    
  -------------------------------------------------------------------
                         slack                                  0.259    

Slack (MET) :             0.259ns  (arrival time - required time)
  Source:                 alu_0/x_curr_reg[7]/C
                            (rising edge-triggered cell FDRE clocked by clk_out3_clk_wiz_0  {rise@0.000ns fall@10.000ns period=20.000ns})
  Destination:            alu_0/X_reg[7]/D
                            (rising edge-triggered cell FDRE clocked by clk_out3_clk_wiz_0  {rise@0.000ns fall@10.000ns period=20.000ns})
  Path Group:             clk_out3_clk_wiz_0
  Path Type:              Hold (Min at Fast Process Corner)
  Requirement:            0.000ns  (clk_out3_clk_wiz_0 rise@0.000ns - clk_out3_clk_wiz_0 rise@0.000ns)
  Data Path Delay:        0.294ns  (logic 0.148ns (50.291%)  route 0.146ns (49.709%))
  Logic Levels:           0  
  Clock Path Skew:        0.013ns (DCD - SCD - CPR)
    Destination Clock Delay (DCD):    0.821ns
    Source Clock Delay      (SCD):    0.554ns
    Clock Pessimism Removal (CPR):    0.254ns

    Location             Delay type                Incr(ns)  Path(ns)    Netlist Resource(s)
  -------------------------------------------------------------------    -------------------
                         (clock clk_out3_clk_wiz_0 rise edge)
                                                      0.000     0.000 r  
    BUFGCTRL_X0Y3        BUFG                         0.000     0.000 r  clk_IBUF_BUFG_inst/O
                         net (fo=45, routed)          0.549     0.549    clk_wiz/inst/clk_in1
    MMCME2_ADV_X1Y0      MMCME2_ADV (Prop_mmcme2_adv_CLKIN1_CLKOUT2)
                                                     -1.061    -0.512 r  clk_wiz/inst/mmcm_adv_inst/CLKOUT2
                         net (fo=1, routed)           0.486    -0.026    clk_wiz/inst/clk_out3_clk_wiz_0
    BUFGCTRL_X0Y2        BUFG (Prop_bufg_I_O)         0.026     0.000 r  clk_wiz/inst/clkout3_buf/O
                         net (fo=35, routed)          0.554     0.554    alu_0/clk
    SLICE_X12Y23         FDRE                                         r  alu_0/x_curr_reg[7]/C
  -------------------------------------------------------------------    -------------------
    SLICE_X12Y23         FDRE (Prop_fdre_C_Q)         0.148     0.702 r  alu_0/x_curr_reg[7]/Q
                         net (fo=4, routed)           0.146     0.848    alu_0/x_curr_reg[7]
    SLICE_X13Y23         FDRE                                         r  alu_0/X_reg[7]/D
  -------------------------------------------------------------------    -------------------

                         (clock clk_out3_clk_wiz_0 rise edge)
                                                      0.000     0.000 r  
    BUFGCTRL_X0Y3        BUFG                         0.000     0.000 r  clk_IBUF_BUFG_inst/O
                         net (fo=45, routed)          0.817     0.817    clk_wiz/inst/clk_in1
    MMCME2_ADV_X1Y0      MMCME2_ADV (Prop_mmcme2_adv_CLKIN1_CLKOUT2)
                                                     -1.375    -0.559 r  clk_wiz/inst/mmcm_adv_inst/CLKOUT2
                         net (fo=1, routed)           0.530    -0.029    clk_wiz/inst/clk_out3_clk_wiz_0
    BUFGCTRL_X0Y2        BUFG (Prop_bufg_I_O)         0.029     0.000 r  clk_wiz/inst/clkout3_buf/O
                         net (fo=35, routed)          0.821     0.821    alu_0/clk
    SLICE_X13Y23         FDRE                                         r  alu_0/X_reg[7]/C
                         clock pessimism             -0.254     0.567    
    SLICE_X13Y23         FDRE (Hold_fdre_C_D)         0.022     0.589    alu_0/X_reg[7]
  -------------------------------------------------------------------
                         required time                         -0.589    
                         arrival time                           0.848    
  -------------------------------------------------------------------
                         slack                                  0.259    

Slack (MET) :             0.263ns  (arrival time - required time)
  Source:                 alu_0/done_reg/C
                            (rising edge-triggered cell FDRE clocked by clk_out3_clk_wiz_0  {rise@0.000ns fall@10.000ns period=20.000ns})
  Destination:            alu_0/x_curr_reg[6]/D
                            (rising edge-triggered cell FDRE clocked by clk_out3_clk_wiz_0  {rise@0.000ns fall@10.000ns period=20.000ns})
  Path Group:             clk_out3_clk_wiz_0
  Path Type:              Hold (Min at Fast Process Corner)
  Requirement:            0.000ns  (clk_out3_clk_wiz_0 rise@0.000ns - clk_out3_clk_wiz_0 rise@0.000ns)
  Data Path Delay:        0.384ns  (logic 0.209ns (54.393%)  route 0.175ns (45.607%))
  Logic Levels:           1  (LUT6=1)
  Clock Path Skew:        0.000ns (DCD - SCD - CPR)
    Destination Clock Delay (DCD):    0.820ns
    Source Clock Delay      (SCD):    0.553ns
    Clock Pessimism Removal (CPR):    0.267ns

    Location             Delay type                Incr(ns)  Path(ns)    Netlist Resource(s)
  -------------------------------------------------------------------    -------------------
                         (clock clk_out3_clk_wiz_0 rise edge)
                                                      0.000     0.000 r  
    BUFGCTRL_X0Y3        BUFG                         0.000     0.000 r  clk_IBUF_BUFG_inst/O
                         net (fo=45, routed)          0.549     0.549    clk_wiz/inst/clk_in1
    MMCME2_ADV_X1Y0      MMCME2_ADV (Prop_mmcme2_adv_CLKIN1_CLKOUT2)
                                                     -1.061    -0.512 r  clk_wiz/inst/mmcm_adv_inst/CLKOUT2
                         net (fo=1, routed)           0.486    -0.026    clk_wiz/inst/clk_out3_clk_wiz_0
    BUFGCTRL_X0Y2        BUFG (Prop_bufg_I_O)         0.026     0.000 r  clk_wiz/inst/clkout3_buf/O
                         net (fo=35, routed)          0.553     0.553    alu_0/clk
    SLICE_X14Y24         FDRE                                         r  alu_0/done_reg/C
  -------------------------------------------------------------------    -------------------
    SLICE_X14Y24         FDRE (Prop_fdre_C_Q)         0.164     0.717 r  alu_0/done_reg/Q
                         net (fo=6, routed)           0.175     0.892    alu_0/done_reg_n_0
    SLICE_X14Y24         LUT6 (Prop_lut6_I3_O)        0.045     0.937 r  alu_0/x_curr[6]_i_1/O
                         net (fo=1, routed)           0.000     0.937    alu_0/x_curr[6]_i_1_n_0
    SLICE_X14Y24         FDRE                                         r  alu_0/x_curr_reg[6]/D
  -------------------------------------------------------------------    -------------------

                         (clock clk_out3_clk_wiz_0 rise edge)
                                                      0.000     0.000 r  
    BUFGCTRL_X0Y3        BUFG                         0.000     0.000 r  clk_IBUF_BUFG_inst/O
                         net (fo=45, routed)          0.817     0.817    clk_wiz/inst/clk_in1
    MMCME2_ADV_X1Y0      MMCME2_ADV (Prop_mmcme2_adv_CLKIN1_CLKOUT2)
                                                     -1.375    -0.559 r  clk_wiz/inst/mmcm_adv_inst/CLKOUT2
                         net (fo=1, routed)           0.530    -0.029    clk_wiz/inst/clk_out3_clk_wiz_0
    BUFGCTRL_X0Y2        BUFG (Prop_bufg_I_O)         0.029     0.000 r  clk_wiz/inst/clkout3_buf/O
                         net (fo=35, routed)          0.820     0.820    alu_0/clk
    SLICE_X14Y24         FDRE                                         r  alu_0/x_curr_reg[6]/C
                         clock pessimism             -0.267     0.553    
    SLICE_X14Y24         FDRE (Hold_fdre_C_D)         0.121     0.674    alu_0/x_curr_reg[6]
  -------------------------------------------------------------------
                         required time                         -0.674    
                         arrival time                           0.937    
  -------------------------------------------------------------------
                         slack                                  0.263    

Slack (MET) :             0.270ns  (arrival time - required time)
  Source:                 alu_0/x_curr_reg[1]/C
                            (rising edge-triggered cell FDRE clocked by clk_out3_clk_wiz_0  {rise@0.000ns fall@10.000ns period=20.000ns})
  Destination:            alu_0/X_reg[1]/D
                            (rising edge-triggered cell FDRE clocked by clk_out3_clk_wiz_0  {rise@0.000ns fall@10.000ns period=20.000ns})
  Path Group:             clk_out3_clk_wiz_0
  Path Type:              Hold (Min at Fast Process Corner)
  Requirement:            0.000ns  (clk_out3_clk_wiz_0 rise@0.000ns - clk_out3_clk_wiz_0 rise@0.000ns)
  Data Path Delay:        0.353ns  (logic 0.141ns (39.959%)  route 0.212ns (60.041%))
  Logic Levels:           0  
  Clock Path Skew:        0.013ns (DCD - SCD - CPR)
    Destination Clock Delay (DCD):    0.820ns
    Source Clock Delay      (SCD):    0.553ns
    Clock Pessimism Removal (CPR):    0.254ns

    Location             Delay type                Incr(ns)  Path(ns)    Netlist Resource(s)
  -------------------------------------------------------------------    -------------------
                         (clock clk_out3_clk_wiz_0 rise edge)
                                                      0.000     0.000 r  
    BUFGCTRL_X0Y3        BUFG                         0.000     0.000 r  clk_IBUF_BUFG_inst/O
                         net (fo=45, routed)          0.549     0.549    clk_wiz/inst/clk_in1
    MMCME2_ADV_X1Y0      MMCME2_ADV (Prop_mmcme2_adv_CLKIN1_CLKOUT2)
                                                     -1.061    -0.512 r  clk_wiz/inst/mmcm_adv_inst/CLKOUT2
                         net (fo=1, routed)           0.486    -0.026    clk_wiz/inst/clk_out3_clk_wiz_0
    BUFGCTRL_X0Y2        BUFG (Prop_bufg_I_O)         0.026     0.000 r  clk_wiz/inst/clkout3_buf/O
                         net (fo=35, routed)          0.553     0.553    alu_0/clk
    SLICE_X15Y24         FDRE                                         r  alu_0/x_curr_reg[1]/C
  -------------------------------------------------------------------    -------------------
    SLICE_X15Y24         FDRE (Prop_fdre_C_Q)         0.141     0.694 r  alu_0/x_curr_reg[1]/Q
                         net (fo=8, routed)           0.212     0.905    alu_0/x_curr_reg[1]
    SLICE_X13Y24         FDRE                                         r  alu_0/X_reg[1]/D
  -------------------------------------------------------------------    -------------------

                         (clock clk_out3_clk_wiz_0 rise edge)
                                                      0.000     0.000 r  
    BUFGCTRL_X0Y3        BUFG                         0.000     0.000 r  clk_IBUF_BUFG_inst/O
                         net (fo=45, routed)          0.817     0.817    clk_wiz/inst/clk_in1
    MMCME2_ADV_X1Y0      MMCME2_ADV (Prop_mmcme2_adv_CLKIN1_CLKOUT2)
                                                     -1.375    -0.559 r  clk_wiz/inst/mmcm_adv_inst/CLKOUT2
                         net (fo=1, routed)           0.530    -0.029    clk_wiz/inst/clk_out3_clk_wiz_0
    BUFGCTRL_X0Y2        BUFG (Prop_bufg_I_O)         0.029     0.000 r  clk_wiz/inst/clkout3_buf/O
                         net (fo=35, routed)          0.820     0.820    alu_0/clk
    SLICE_X13Y24         FDRE                                         r  alu_0/X_reg[1]/C
                         clock pessimism             -0.254     0.566    
    SLICE_X13Y24         FDRE (Hold_fdre_C_D)         0.070     0.636    alu_0/X_reg[1]
  -------------------------------------------------------------------
                         required time                         -0.636    
                         arrival time                           0.905    
  -------------------------------------------------------------------
                         slack                                  0.270    





Pulse Width Checks
--------------------------------------------------------------------------------------
Clock Name:         clk_out3_clk_wiz_0
Waveform(ns):       { 0.000 10.000 }
Period(ns):         20.000
Sources:            { clk_wiz/inst/mmcm_adv_inst/CLKOUT2 }

Check Type        Corner  Lib Pin             Reference Pin  Required(ns)  Actual(ns)  Slack(ns)  Location         Pin
Min Period        n/a     BUFG/I              n/a            2.155         20.000      17.845     BUFGCTRL_X0Y2    clk_wiz/inst/clkout3_buf/I
Min Period        n/a     MMCME2_ADV/CLKOUT2  n/a            1.249         20.000      18.751     MMCME2_ADV_X1Y0  clk_wiz/inst/mmcm_adv_inst/CLKOUT2
Min Period        n/a     FDRE/C              n/a            1.000         20.000      19.000     SLICE_X13Y23     alu_0/U_reg[0]/C
Min Period        n/a     FDRE/C              n/a            1.000         20.000      19.000     SLICE_X13Y23     alu_0/U_reg[1]/C
Min Period        n/a     FDRE/C              n/a            1.000         20.000      19.000     SLICE_X14Y23     alu_0/U_reg[2]/C
Min Period        n/a     FDRE/C              n/a            1.000         20.000      19.000     SLICE_X14Y23     alu_0/U_reg[3]/C
Min Period        n/a     FDRE/C              n/a            1.000         20.000      19.000     SLICE_X12Y24     alu_0/X_reg[0]/C
Min Period        n/a     FDRE/C              n/a            1.000         20.000      19.000     SLICE_X13Y24     alu_0/X_reg[1]/C
Min Period        n/a     FDRE/C              n/a            1.000         20.000      19.000     SLICE_X13Y24     alu_0/X_reg[2]/C
Min Period        n/a     FDRE/C              n/a            1.000         20.000      19.000     SLICE_X13Y24     alu_0/X_reg[3]/C
Max Period        n/a     MMCME2_ADV/CLKOUT2  n/a            213.360       20.000      193.360    MMCME2_ADV_X1Y0  clk_wiz/inst/mmcm_adv_inst/CLKOUT2
Low Pulse Width   Slow    FDRE/C              n/a            0.500         10.000      9.500      SLICE_X13Y23     alu_0/U_reg[0]/C
Low Pulse Width   Fast    FDRE/C              n/a            0.500         10.000      9.500      SLICE_X13Y23     alu_0/U_reg[0]/C
Low Pulse Width   Slow    FDRE/C              n/a            0.500         10.000      9.500      SLICE_X13Y23     alu_0/U_reg[1]/C
Low Pulse Width   Fast    FDRE/C              n/a            0.500         10.000      9.500      SLICE_X13Y23     alu_0/U_reg[1]/C
Low Pulse Width   Slow    FDRE/C              n/a            0.500         10.000      9.500      SLICE_X14Y23     alu_0/U_reg[2]/C
Low Pulse Width   Fast    FDRE/C              n/a            0.500         10.000      9.500      SLICE_X14Y23     alu_0/U_reg[2]/C
Low Pulse Width   Slow    FDRE/C              n/a            0.500         10.000      9.500      SLICE_X14Y23     alu_0/U_reg[3]/C
Low Pulse Width   Fast    FDRE/C              n/a            0.500         10.000      9.500      SLICE_X14Y23     alu_0/U_reg[3]/C
Low Pulse Width   Slow    FDRE/C              n/a            0.500         10.000      9.500      SLICE_X12Y24     alu_0/X_reg[0]/C
Low Pulse Width   Fast    FDRE/C              n/a            0.500         10.000      9.500      SLICE_X12Y24     alu_0/X_reg[0]/C
High Pulse Width  Slow    FDRE/C              n/a            0.500         10.000      9.500      SLICE_X13Y23     alu_0/U_reg[0]/C
High Pulse Width  Fast    FDRE/C              n/a            0.500         10.000      9.500      SLICE_X13Y23     alu_0/U_reg[0]/C
High Pulse Width  Slow    FDRE/C              n/a            0.500         10.000      9.500      SLICE_X13Y23     alu_0/U_reg[1]/C
High Pulse Width  Fast    FDRE/C              n/a            0.500         10.000      9.500      SLICE_X13Y23     alu_0/U_reg[1]/C
High Pulse Width  Slow    FDRE/C              n/a            0.500         10.000      9.500      SLICE_X14Y23     alu_0/U_reg[2]/C
High Pulse Width  Fast    FDRE/C              n/a            0.500         10.000      9.500      SLICE_X14Y23     alu_0/U_reg[2]/C
High Pulse Width  Slow    FDRE/C              n/a            0.500         10.000      9.500      SLICE_X14Y23     alu_0/U_reg[3]/C
High Pulse Width  Fast    FDRE/C              n/a            0.500         10.000      9.500      SLICE_X14Y23     alu_0/U_reg[3]/C
High Pulse Width  Slow    FDRE/C              n/a            0.500         10.000      9.500      SLICE_X12Y24     alu_0/X_reg[0]/C
High Pulse Width  Fast    FDRE/C              n/a            0.500         10.000      9.500      SLICE_X12Y24     alu_0/X_reg[0]/C



---------------------------------------------------------------------------------------------------
From Clock:  clkfbout_clk_wiz_0
  To Clock:  clkfbout_clk_wiz_0

Setup :           NA  Failing Endpoints,  Worst Slack           NA  ,  Total Violation           NA
Hold  :           NA  Failing Endpoints,  Worst Slack           NA  ,  Total Violation           NA
PW    :            0  Failing Endpoints,  Worst Slack        7.845ns,  Total Violation        0.000ns
---------------------------------------------------------------------------------------------------


Pulse Width Checks
--------------------------------------------------------------------------------------
Clock Name:         clkfbout_clk_wiz_0
Waveform(ns):       { 0.000 5.000 }
Period(ns):         10.000
Sources:            { clk_wiz/inst/mmcm_adv_inst/CLKFBOUT }

Check Type  Corner  Lib Pin              Reference Pin  Required(ns)  Actual(ns)  Slack(ns)  Location         Pin
Min Period  n/a     BUFG/I               n/a            2.155         10.000      7.845      BUFGCTRL_X0Y4    clk_wiz/inst/clkf_buf/I
Min Period  n/a     MMCME2_ADV/CLKFBOUT  n/a            1.249         10.000      8.751      MMCME2_ADV_X1Y0  clk_wiz/inst/mmcm_adv_inst/CLKFBOUT
Min Period  n/a     MMCME2_ADV/CLKFBIN   n/a            1.249         10.000      8.751      MMCME2_ADV_X1Y0  clk_wiz/inst/mmcm_adv_inst/CLKFBIN
Max Period  n/a     MMCME2_ADV/CLKFBIN   n/a            100.000       10.000      90.000     MMCME2_ADV_X1Y0  clk_wiz/inst/mmcm_adv_inst/CLKFBIN
Max Period  n/a     MMCME2_ADV/CLKFBOUT  n/a            213.360       10.000      203.360    MMCME2_ADV_X1Y0  clk_wiz/inst/mmcm_adv_inst/CLKFBOUT



---------------------------------------------------------------------------------------------------
From Clock:  clk_out1_clk_wiz_0
  To Clock:  clk_100

Setup :            2  Failing Endpoints,  Worst Slack       -0.488ns,  Total Violation       -0.576ns
Hold  :            0  Failing Endpoints,  Worst Slack        0.057ns,  Total Violation        0.000ns
---------------------------------------------------------------------------------------------------


Max Delay Paths
--------------------------------------------------------------------------------------
Slack (VIOLATED) :        -0.488ns  (required time - arrival time)
  Source:                 vga/vc_reg[2]/C
                            (rising edge-triggered cell FDCE clocked by clk_out1_clk_wiz_0  {rise@0.000ns fall@20.000ns period=40.000ns})
  Destination:            framebuffer/U0/inst_blk_mem_gen/gnbram.gnativebmg.native_blk_mem_gen/valid.cstr/ramloop[1].ram.r/prim_noinit.ram/DEVICE_7SERIES.NO_BMM_INFO.TRUE_DP.CASCADED_PRIM36.ram_B/ENBWREN
                            (rising edge-triggered cell RAMB36E1 clocked by clk_100  {rise@0.000ns fall@5.000ns period=10.000ns})
  Path Group:             clk_100
  Path Type:              Setup (Max at Slow Process Corner)
  Requirement:            10.000ns  (clk_100 rise@10.000ns - clk_out1_clk_wiz_0 rise@0.000ns)
  Data Path Delay:        13.098ns  (logic 4.033ns (30.790%)  route 9.065ns (69.210%))
  Logic Levels:           8  (CARRY4=5 LUT2=1 LUT3=1 LUT5=1)
  Clock Path Skew:        3.247ns (DCD - SCD + CPR)
    Destination Clock Delay (DCD):    4.807ns = ( 14.807 - 10.000 ) 
    Source Clock Delay      (SCD):    1.560ns
    Clock Pessimism Removal (CPR):    0.000ns
  Clock Uncertainty:      0.193ns  ((TSJ^2 + DJ^2)^1/2) / 2 + PE
    Total System Jitter     (TSJ):    0.071ns
    Discrete Jitter          (DJ):    0.175ns
    Phase Error              (PE):    0.099ns
  Clock Domain Crossing:  Inter clock paths are considered valid unless explicitly excluded by timing constraints such as set_clock_groups or set_false_path.

    Location             Delay type                Incr(ns)  Path(ns)    Netlist Resource(s)
  -------------------------------------------------------------------    -------------------
                         (clock clk_out1_clk_wiz_0 rise edge)
                                                      0.000     0.000 r  
    BUFGCTRL_X0Y3        BUFG                         0.000     0.000 r  clk_IBUF_BUFG_inst/O
                         net (fo=45, routed)          1.575     1.575    clk_wiz/inst/clk_in1
    MMCME2_ADV_X1Y0      MMCME2_ADV (Prop_mmcme2_adv_CLKIN1_CLKOUT0)
                                                     -3.333    -1.757 r  clk_wiz/inst/mmcm_adv_inst/CLKOUT0
                         net (fo=1, routed)           1.661    -0.096    clk_wiz/inst/clk_out1_clk_wiz_0
    BUFGCTRL_X0Y0        BUFG (Prop_bufg_I_O)         0.096    -0.000 r  clk_wiz/inst/clkout1_buf/O
                         net (fo=204, routed)         1.560     1.560    vga/CLK
    SLICE_X11Y17         FDCE                                         r  vga/vc_reg[2]/C
  -------------------------------------------------------------------    -------------------
    SLICE_X11Y17         FDCE (Prop_fdce_C_Q)         0.456     2.016 r  vga/vc_reg[2]/Q
                         net (fo=10, routed)          2.172     4.188    addrc/drawY[2]
    SLICE_X12Y17         CARRY4 (Prop_carry4_S[0]_CO[3])
                                                      0.637     4.825 r  addrc/addrb[9]_INST_0_i_2/CO[3]
                         net (fo=1, routed)           0.000     4.825    addrc/addrb[9]_INST_0_i_2_n_0
    SLICE_X12Y18         CARRY4 (Prop_carry4_CI_O[1])
                                                      0.323     5.148 r  addrc/addrb[13]_INST_0_i_4/O[1]
                         net (fo=3, routed)           1.479     6.627    addrc/addrb[13]_INST_0_i_4_n_6
    SLICE_X14Y17         LUT3 (Prop_lut3_I2_O)        0.306     6.933 r  addrc/addrb[9]_INST_0_i_3/O
                         net (fo=1, routed)           0.000     6.933    addrc/addrb[9]_INST_0_i_3_n_0
    SLICE_X14Y17         CARRY4 (Prop_carry4_S[3]_CO[3])
                                                      0.376     7.309 r  addrc/addrb[9]_INST_0_i_1/CO[3]
                         net (fo=1, routed)           0.000     7.309    addrc/addrb[9]_INST_0_i_1_n_0
    SLICE_X14Y18         CARRY4 (Prop_carry4_CI_O[1])
                                                      0.323     7.632 r  addrc/addrb[13]_INST_0_i_1/O[1]
                         net (fo=1, routed)           1.092     8.723    addrc/addrb[13]_INST_0_i_1_n_6
    SLICE_X13Y18         CARRY4 (Prop_carry4_S[1]_O[3])
                                                      0.946     9.669 r  addrc/addrb[13]_INST_0/O[3]
                         net (fo=5, routed)           0.818    10.488    framebuffer/U0/inst_blk_mem_gen/gnbram.gnativebmg.native_blk_mem_gen/valid.cstr/addrb[16]
    SLICE_X15Y19         LUT2 (Prop_lut2_I0_O)        0.334    10.822 r  framebuffer/U0/inst_blk_mem_gen/gnbram.gnativebmg.native_blk_mem_gen/valid.cstr/DEVICE_7SERIES.NO_BMM_INFO.TRUE_DP.CASCADED_PRIM36.ram_T_i_2__0/O
                         net (fo=8, routed)           1.106    11.928    framebuffer/U0/inst_blk_mem_gen/gnbram.gnativebmg.native_blk_mem_gen/valid.cstr/ramloop[1].ram.r/prim_noinit.ram/ENB
    SLICE_X12Y16         LUT5 (Prop_lut5_I4_O)        0.332    12.260 r  framebuffer/U0/inst_blk_mem_gen/gnbram.gnativebmg.native_blk_mem_gen/valid.cstr/ramloop[1].ram.r/prim_noinit.ram/DEVICE_7SERIES.NO_BMM_INFO.TRUE_DP.CASCADED_PRIM36.ram_B_ENBWREN_cooolgate_en_gate_35/O
                         net (fo=1, routed)           2.399    14.659    framebuffer/U0/inst_blk_mem_gen/gnbram.gnativebmg.native_blk_mem_gen/valid.cstr/ramloop[1].ram.r/prim_noinit.ram/DEVICE_7SERIES.NO_BMM_INFO.TRUE_DP.CASCADED_PRIM36.ram_B_ENBWREN_cooolgate_en_sig_18
    RAMB36_X0Y5          RAMB36E1                                     r  framebuffer/U0/inst_blk_mem_gen/gnbram.gnativebmg.native_blk_mem_gen/valid.cstr/ramloop[1].ram.r/prim_noinit.ram/DEVICE_7SERIES.NO_BMM_INFO.TRUE_DP.CASCADED_PRIM36.ram_B/ENBWREN
  -------------------------------------------------------------------    -------------------

                         (clock clk_100 rise edge)   10.000    10.000 r  
    N15                                               0.000    10.000 r  clk (IN)
                         net (fo=0)                   0.000    10.000    clk
    N15                  IBUF (Prop_ibuf_I_O)         1.370    11.370 r  clk_IBUF_inst/O
                         net (fo=1, routed)           1.868    13.238    clk_IBUF
    BUFGCTRL_X0Y3        BUFG (Prop_bufg_I_O)         0.091    13.329 r  clk_IBUF_BUFG_inst/O
                         net (fo=45, routed)          1.478    14.807    framebuffer/U0/inst_blk_mem_gen/gnbram.gnativebmg.native_blk_mem_gen/valid.cstr/ramloop[1].ram.r/prim_noinit.ram/clka
    RAMB36_X0Y5          RAMB36E1                                     r  framebuffer/U0/inst_blk_mem_gen/gnbram.gnativebmg.native_blk_mem_gen/valid.cstr/ramloop[1].ram.r/prim_noinit.ram/DEVICE_7SERIES.NO_BMM_INFO.TRUE_DP.CASCADED_PRIM36.ram_B/CLKBWRCLK
                         clock pessimism              0.000    14.807    
                         clock uncertainty           -0.193    14.614    
    RAMB36_X0Y5          RAMB36E1 (Setup_ramb36e1_CLKBWRCLK_ENBWREN)
                                                     -0.443    14.171    framebuffer/U0/inst_blk_mem_gen/gnbram.gnativebmg.native_blk_mem_gen/valid.cstr/ramloop[1].ram.r/prim_noinit.ram/DEVICE_7SERIES.NO_BMM_INFO.TRUE_DP.CASCADED_PRIM36.ram_B
  -------------------------------------------------------------------
                         required time                         14.171    
                         arrival time                         -14.659    
  -------------------------------------------------------------------
                         slack                                 -0.488    

Slack (VIOLATED) :        -0.089ns  (required time - arrival time)
  Source:                 vga/vc_reg[2]/C
                            (rising edge-triggered cell FDCE clocked by clk_out1_clk_wiz_0  {rise@0.000ns fall@20.000ns period=40.000ns})
  Destination:            framebuffer/U0/inst_blk_mem_gen/gnbram.gnativebmg.native_blk_mem_gen/valid.cstr/ramloop[5].ram.r/prim_noinit.ram/DEVICE_7SERIES.NO_BMM_INFO.TRUE_DP.CASCADED_PRIM36.ram_B/ENBWREN
                            (rising edge-triggered cell RAMB36E1 clocked by clk_100  {rise@0.000ns fall@5.000ns period=10.000ns})
  Path Group:             clk_100
  Path Type:              Setup (Max at Slow Process Corner)
  Requirement:            10.000ns  (clk_100 rise@10.000ns - clk_out1_clk_wiz_0 rise@0.000ns)
  Data Path Delay:        12.487ns  (logic 4.061ns (32.521%)  route 8.426ns (67.479%))
  Logic Levels:           8  (CARRY4=5 LUT2=1 LUT3=1 LUT5=1)
  Clock Path Skew:        3.259ns (DCD - SCD + CPR)
    Destination Clock Delay (DCD):    4.819ns = ( 14.819 - 10.000 ) 
    Source Clock Delay      (SCD):    1.560ns
    Clock Pessimism Removal (CPR):    0.000ns
  Clock Uncertainty:      0.193ns  ((TSJ^2 + DJ^2)^1/2) / 2 + PE
    Total System Jitter     (TSJ):    0.071ns
    Discrete Jitter          (DJ):    0.175ns
    Phase Error              (PE):    0.099ns
  Clock Domain Crossing:  Inter clock paths are considered valid unless explicitly excluded by timing constraints such as set_clock_groups or set_false_path.

    Location             Delay type                Incr(ns)  Path(ns)    Netlist Resource(s)
  -------------------------------------------------------------------    -------------------
                         (clock clk_out1_clk_wiz_0 rise edge)
                                                      0.000     0.000 r  
    BUFGCTRL_X0Y3        BUFG                         0.000     0.000 r  clk_IBUF_BUFG_inst/O
                         net (fo=45, routed)          1.575     1.575    clk_wiz/inst/clk_in1
    MMCME2_ADV_X1Y0      MMCME2_ADV (Prop_mmcme2_adv_CLKIN1_CLKOUT0)
                                                     -3.333    -1.757 r  clk_wiz/inst/mmcm_adv_inst/CLKOUT0
                         net (fo=1, routed)           1.661    -0.096    clk_wiz/inst/clk_out1_clk_wiz_0
    BUFGCTRL_X0Y0        BUFG (Prop_bufg_I_O)         0.096    -0.000 r  clk_wiz/inst/clkout1_buf/O
                         net (fo=204, routed)         1.560     1.560    vga/CLK
    SLICE_X11Y17         FDCE                                         r  vga/vc_reg[2]/C
  -------------------------------------------------------------------    -------------------
    SLICE_X11Y17         FDCE (Prop_fdce_C_Q)         0.456     2.016 r  vga/vc_reg[2]/Q
                         net (fo=10, routed)          2.172     4.188    addrc/drawY[2]
    SLICE_X12Y17         CARRY4 (Prop_carry4_S[0]_CO[3])
                                                      0.637     4.825 r  addrc/addrb[9]_INST_0_i_2/CO[3]
                         net (fo=1, routed)           0.000     4.825    addrc/addrb[9]_INST_0_i_2_n_0
    SLICE_X12Y18         CARRY4 (Prop_carry4_CI_O[1])
                                                      0.323     5.148 r  addrc/addrb[13]_INST_0_i_4/O[1]
                         net (fo=3, routed)           1.479     6.627    addrc/addrb[13]_INST_0_i_4_n_6
    SLICE_X14Y17         LUT3 (Prop_lut3_I2_O)        0.306     6.933 r  addrc/addrb[9]_INST_0_i_3/O
                         net (fo=1, routed)           0.000     6.933    addrc/addrb[9]_INST_0_i_3_n_0
    SLICE_X14Y17         CARRY4 (Prop_carry4_S[3]_CO[3])
                                                      0.376     7.309 r  addrc/addrb[9]_INST_0_i_1/CO[3]
                         net (fo=1, routed)           0.000     7.309    addrc/addrb[9]_INST_0_i_1_n_0
    SLICE_X14Y18         CARRY4 (Prop_carry4_CI_O[1])
                                                      0.323     7.632 r  addrc/addrb[13]_INST_0_i_1/O[1]
                         net (fo=1, routed)           1.092     8.723    addrc/addrb[13]_INST_0_i_1_n_6
    SLICE_X13Y18         CARRY4 (Prop_carry4_S[1]_O[3])
                                                      0.946     9.669 r  addrc/addrb[13]_INST_0/O[3]
                         net (fo=5, routed)           0.818    10.488    framebuffer/U0/inst_blk_mem_gen/gnbram.gnativebmg.native_blk_mem_gen/valid.cstr/addrb[16]
    SLICE_X15Y19         LUT2 (Prop_lut2_I0_O)        0.334    10.822 r  framebuffer/U0/inst_blk_mem_gen/gnbram.gnativebmg.native_blk_mem_gen/valid.cstr/DEVICE_7SERIES.NO_BMM_INFO.TRUE_DP.CASCADED_PRIM36.ram_T_i_2__0/O
                         net (fo=8, routed)           1.106    11.928    framebuffer/U0/inst_blk_mem_gen/gnbram.gnativebmg.native_blk_mem_gen/valid.cstr/ramloop[5].ram.r/prim_noinit.ram/ENB
    SLICE_X12Y16         LUT5 (Prop_lut5_I4_O)        0.360    12.288 r  framebuffer/U0/inst_blk_mem_gen/gnbram.gnativebmg.native_blk_mem_gen/valid.cstr/ramloop[5].ram.r/prim_noinit.ram/DEVICE_7SERIES.NO_BMM_INFO.TRUE_DP.CASCADED_PRIM36.ram_B_ENBWREN_cooolgate_en_gate_37/O
                         net (fo=1, routed)           1.760    14.048    framebuffer/U0/inst_blk_mem_gen/gnbram.gnativebmg.native_blk_mem_gen/valid.cstr/ramloop[5].ram.r/prim_noinit.ram/DEVICE_7SERIES.NO_BMM_INFO.TRUE_DP.CASCADED_PRIM36.ram_B_ENBWREN_cooolgate_en_sig_19
    RAMB36_X0Y2          RAMB36E1                                     r  framebuffer/U0/inst_blk_mem_gen/gnbram.gnativebmg.native_blk_mem_gen/valid.cstr/ramloop[5].ram.r/prim_noinit.ram/DEVICE_7SERIES.NO_BMM_INFO.TRUE_DP.CASCADED_PRIM36.ram_B/ENBWREN
  -------------------------------------------------------------------    -------------------

                         (clock clk_100 rise edge)   10.000    10.000 r  
    N15                                               0.000    10.000 r  clk (IN)
                         net (fo=0)                   0.000    10.000    clk
    N15                  IBUF (Prop_ibuf_I_O)         1.370    11.370 r  clk_IBUF_inst/O
                         net (fo=1, routed)           1.868    13.238    clk_IBUF
    BUFGCTRL_X0Y3        BUFG (Prop_bufg_I_O)         0.091    13.329 r  clk_IBUF_BUFG_inst/O
                         net (fo=45, routed)          1.490    14.819    framebuffer/U0/inst_blk_mem_gen/gnbram.gnativebmg.native_blk_mem_gen/valid.cstr/ramloop[5].ram.r/prim_noinit.ram/clka
    RAMB36_X0Y2          RAMB36E1                                     r  framebuffer/U0/inst_blk_mem_gen/gnbram.gnativebmg.native_blk_mem_gen/valid.cstr/ramloop[5].ram.r/prim_noinit.ram/DEVICE_7SERIES.NO_BMM_INFO.TRUE_DP.CASCADED_PRIM36.ram_B/CLKBWRCLK
                         clock pessimism              0.000    14.819    
                         clock uncertainty           -0.193    14.626    
    RAMB36_X0Y2          RAMB36E1 (Setup_ramb36e1_CLKBWRCLK_ENBWREN)
                                                     -0.667    13.959    framebuffer/U0/inst_blk_mem_gen/gnbram.gnativebmg.native_blk_mem_gen/valid.cstr/ramloop[5].ram.r/prim_noinit.ram/DEVICE_7SERIES.NO_BMM_INFO.TRUE_DP.CASCADED_PRIM36.ram_B
  -------------------------------------------------------------------
                         required time                         13.959    
                         arrival time                         -14.048    
  -------------------------------------------------------------------
                         slack                                 -0.089    

Slack (MET) :             0.169ns  (required time - arrival time)
  Source:                 vga/hc_reg[5]/C
                            (rising edge-triggered cell FDCE clocked by clk_out1_clk_wiz_0  {rise@0.000ns fall@20.000ns period=40.000ns})
  Destination:            framebuffer/U0/inst_blk_mem_gen/gnbram.gnativebmg.native_blk_mem_gen/valid.cstr/ramloop[9].ram.r/prim_noinit.ram/DEVICE_7SERIES.NO_BMM_INFO.TRUE_DP.CASCADED_PRIM36.ram_B/ADDRBWRADDR[4]
                            (rising edge-triggered cell RAMB36E1 clocked by clk_100  {rise@0.000ns fall@5.000ns period=10.000ns})
  Path Group:             clk_100
  Path Type:              Setup (Max at Slow Process Corner)
  Requirement:            10.000ns  (clk_100 rise@10.000ns - clk_out1_clk_wiz_0 rise@0.000ns)
  Data Path Delay:        12.149ns  (logic 0.828ns (6.815%)  route 11.321ns (93.185%))
  Logic Levels:           1  (CARRY4=1)
  Clock Path Skew:        3.259ns (DCD - SCD + CPR)
    Destination Clock Delay (DCD):    4.820ns = ( 14.820 - 10.000 ) 
    Source Clock Delay      (SCD):    1.561ns
    Clock Pessimism Removal (CPR):    0.000ns
  Clock Uncertainty:      0.193ns  ((TSJ^2 + DJ^2)^1/2) / 2 + PE
    Total System Jitter     (TSJ):    0.071ns
    Discrete Jitter          (DJ):    0.175ns
    Phase Error              (PE):    0.099ns
  Clock Domain Crossing:  Inter clock paths are considered valid unless explicitly excluded by timing constraints such as set_clock_groups or set_false_path.

    Location             Delay type                Incr(ns)  Path(ns)    Netlist Resource(s)
  -------------------------------------------------------------------    -------------------
                         (clock clk_out1_clk_wiz_0 rise edge)
                                                      0.000     0.000 r  
    BUFGCTRL_X0Y3        BUFG                         0.000     0.000 r  clk_IBUF_BUFG_inst/O
                         net (fo=45, routed)          1.575     1.575    clk_wiz/inst/clk_in1
    MMCME2_ADV_X1Y0      MMCME2_ADV (Prop_mmcme2_adv_CLKIN1_CLKOUT0)
                                                     -3.333    -1.757 r  clk_wiz/inst/mmcm_adv_inst/CLKOUT0
                         net (fo=1, routed)           1.661    -0.096    clk_wiz/inst/clk_out1_clk_wiz_0
    BUFGCTRL_X0Y0        BUFG (Prop_bufg_I_O)         0.096    -0.000 r  clk_wiz/inst/clkout1_buf/O
                         net (fo=204, routed)         1.561     1.561    vga/CLK
    SLICE_X15Y16         FDCE                                         r  vga/hc_reg[5]/C
  -------------------------------------------------------------------    -------------------
    SLICE_X15Y16         FDCE (Prop_fdce_C_Q)         0.456     2.017 r  vga/hc_reg[5]/Q
                         net (fo=9, routed)           4.323     6.341    addrc/drawX[5]
    SLICE_X13Y15         CARRY4 (Prop_carry4_S[3]_O[3])
                                                      0.372     6.713 r  addrc/addrb[1]_INST_0/O[3]
                         net (fo=19, routed)          6.998    13.710    framebuffer/U0/inst_blk_mem_gen/gnbram.gnativebmg.native_blk_mem_gen/valid.cstr/ramloop[9].ram.r/prim_noinit.ram/addrb[4]
    RAMB36_X1Y2          RAMB36E1                                     r  framebuffer/U0/inst_blk_mem_gen/gnbram.gnativebmg.native_blk_mem_gen/valid.cstr/ramloop[9].ram.r/prim_noinit.ram/DEVICE_7SERIES.NO_BMM_INFO.TRUE_DP.CASCADED_PRIM36.ram_B/ADDRBWRADDR[4]
  -------------------------------------------------------------------    -------------------

                         (clock clk_100 rise edge)   10.000    10.000 r  
    N15                                               0.000    10.000 r  clk (IN)
                         net (fo=0)                   0.000    10.000    clk
    N15                  IBUF (Prop_ibuf_I_O)         1.370    11.370 r  clk_IBUF_inst/O
                         net (fo=1, routed)           1.868    13.238    clk_IBUF
    BUFGCTRL_X0Y3        BUFG (Prop_bufg_I_O)         0.091    13.329 r  clk_IBUF_BUFG_inst/O
                         net (fo=45, routed)          1.491    14.820    framebuffer/U0/inst_blk_mem_gen/gnbram.gnativebmg.native_blk_mem_gen/valid.cstr/ramloop[9].ram.r/prim_noinit.ram/clka
    RAMB36_X1Y2          RAMB36E1                                     r  framebuffer/U0/inst_blk_mem_gen/gnbram.gnativebmg.native_blk_mem_gen/valid.cstr/ramloop[9].ram.r/prim_noinit.ram/DEVICE_7SERIES.NO_BMM_INFO.TRUE_DP.CASCADED_PRIM36.ram_B/CLKBWRCLK
                         clock pessimism              0.000    14.820    
                         clock uncertainty           -0.193    14.627    
    RAMB36_X1Y2          RAMB36E1 (Setup_ramb36e1_CLKBWRCLK_ADDRBWRADDR[4])
                                                     -0.748    13.879    framebuffer/U0/inst_blk_mem_gen/gnbram.gnativebmg.native_blk_mem_gen/valid.cstr/ramloop[9].ram.r/prim_noinit.ram/DEVICE_7SERIES.NO_BMM_INFO.TRUE_DP.CASCADED_PRIM36.ram_B
  -------------------------------------------------------------------
                         required time                         13.879    
                         arrival time                         -13.710    
  -------------------------------------------------------------------
                         slack                                  0.169    

Slack (MET) :             0.183ns  (required time - arrival time)
  Source:                 vga/vc_reg[2]/C
                            (rising edge-triggered cell FDCE clocked by clk_out1_clk_wiz_0  {rise@0.000ns fall@20.000ns period=40.000ns})
  Destination:            framebuffer/U0/inst_blk_mem_gen/gnbram.gnativebmg.native_blk_mem_gen/valid.cstr/ramloop[7].ram.r/prim_noinit.ram/DEVICE_7SERIES.NO_BMM_INFO.TRUE_DP.CASCADED_PRIM36.ram_B/ENBWREN
                            (rising edge-triggered cell RAMB36E1 clocked by clk_100  {rise@0.000ns fall@5.000ns period=10.000ns})
  Path Group:             clk_100
  Path Type:              Setup (Max at Slow Process Corner)
  Requirement:            10.000ns  (clk_100 rise@10.000ns - clk_out1_clk_wiz_0 rise@0.000ns)
  Data Path Delay:        12.236ns  (logic 4.027ns (32.910%)  route 8.209ns (67.090%))
  Logic Levels:           8  (CARRY4=5 LUT2=1 LUT3=1 LUT5=1)
  Clock Path Skew:        3.258ns (DCD - SCD + CPR)
    Destination Clock Delay (DCD):    4.818ns = ( 14.818 - 10.000 ) 
    Source Clock Delay      (SCD):    1.560ns
    Clock Pessimism Removal (CPR):    0.000ns
  Clock Uncertainty:      0.193ns  ((TSJ^2 + DJ^2)^1/2) / 2 + PE
    Total System Jitter     (TSJ):    0.071ns
    Discrete Jitter          (DJ):    0.175ns
    Phase Error              (PE):    0.099ns
  Clock Domain Crossing:  Inter clock paths are considered valid unless explicitly excluded by timing constraints such as set_clock_groups or set_false_path.

    Location             Delay type                Incr(ns)  Path(ns)    Netlist Resource(s)
  -------------------------------------------------------------------    -------------------
                         (clock clk_out1_clk_wiz_0 rise edge)
                                                      0.000     0.000 r  
    BUFGCTRL_X0Y3        BUFG                         0.000     0.000 r  clk_IBUF_BUFG_inst/O
                         net (fo=45, routed)          1.575     1.575    clk_wiz/inst/clk_in1
    MMCME2_ADV_X1Y0      MMCME2_ADV (Prop_mmcme2_adv_CLKIN1_CLKOUT0)
                                                     -3.333    -1.757 r  clk_wiz/inst/mmcm_adv_inst/CLKOUT0
                         net (fo=1, routed)           1.661    -0.096    clk_wiz/inst/clk_out1_clk_wiz_0
    BUFGCTRL_X0Y0        BUFG (Prop_bufg_I_O)         0.096    -0.000 r  clk_wiz/inst/clkout1_buf/O
                         net (fo=204, routed)         1.560     1.560    vga/CLK
    SLICE_X11Y17         FDCE                                         r  vga/vc_reg[2]/C
  -------------------------------------------------------------------    -------------------
    SLICE_X11Y17         FDCE (Prop_fdce_C_Q)         0.456     2.016 r  vga/vc_reg[2]/Q
                         net (fo=10, routed)          2.172     4.188    addrc/drawY[2]
    SLICE_X12Y17         CARRY4 (Prop_carry4_S[0]_CO[3])
                                                      0.637     4.825 r  addrc/addrb[9]_INST_0_i_2/CO[3]
                         net (fo=1, routed)           0.000     4.825    addrc/addrb[9]_INST_0_i_2_n_0
    SLICE_X12Y18         CARRY4 (Prop_carry4_CI_O[1])
                                                      0.323     5.148 r  addrc/addrb[13]_INST_0_i_4/O[1]
                         net (fo=3, routed)           1.479     6.627    addrc/addrb[13]_INST_0_i_4_n_6
    SLICE_X14Y17         LUT3 (Prop_lut3_I2_O)        0.306     6.933 r  addrc/addrb[9]_INST_0_i_3/O
                         net (fo=1, routed)           0.000     6.933    addrc/addrb[9]_INST_0_i_3_n_0
    SLICE_X14Y17         CARRY4 (Prop_carry4_S[3]_CO[3])
                                                      0.376     7.309 r  addrc/addrb[9]_INST_0_i_1/CO[3]
                         net (fo=1, routed)           0.000     7.309    addrc/addrb[9]_INST_0_i_1_n_0
    SLICE_X14Y18         CARRY4 (Prop_carry4_CI_O[1])
                                                      0.323     7.632 r  addrc/addrb[13]_INST_0_i_1/O[1]
                         net (fo=1, routed)           1.092     8.723    addrc/addrb[13]_INST_0_i_1_n_6
    SLICE_X13Y18         CARRY4 (Prop_carry4_S[1]_O[3])
                                                      0.946     9.669 r  addrc/addrb[13]_INST_0/O[3]
                         net (fo=5, routed)           0.818    10.488    framebuffer/U0/inst_blk_mem_gen/gnbram.gnativebmg.native_blk_mem_gen/valid.cstr/addrb[16]
    SLICE_X15Y19         LUT2 (Prop_lut2_I0_O)        0.334    10.822 r  framebuffer/U0/inst_blk_mem_gen/gnbram.gnativebmg.native_blk_mem_gen/valid.cstr/DEVICE_7SERIES.NO_BMM_INFO.TRUE_DP.CASCADED_PRIM36.ram_T_i_2__0/O
                         net (fo=8, routed)           1.034    11.856    framebuffer/U0/inst_blk_mem_gen/gnbram.gnativebmg.native_blk_mem_gen/valid.cstr/ramloop[7].ram.r/prim_noinit.ram/ENB
    SLICE_X28Y18         LUT5 (Prop_lut5_I4_O)        0.326    12.182 r  framebuffer/U0/inst_blk_mem_gen/gnbram.gnativebmg.native_blk_mem_gen/valid.cstr/ramloop[7].ram.r/prim_noinit.ram/DEVICE_7SERIES.NO_BMM_INFO.TRUE_DP.CASCADED_PRIM36.ram_B_ENBWREN_cooolgate_en_gate_39/O
                         net (fo=1, routed)           1.615    13.797    framebuffer/U0/inst_blk_mem_gen/gnbram.gnativebmg.native_blk_mem_gen/valid.cstr/ramloop[7].ram.r/prim_noinit.ram/DEVICE_7SERIES.NO_BMM_INFO.TRUE_DP.CASCADED_PRIM36.ram_B_ENBWREN_cooolgate_en_sig_20
    RAMB36_X2Y3          RAMB36E1                                     r  framebuffer/U0/inst_blk_mem_gen/gnbram.gnativebmg.native_blk_mem_gen/valid.cstr/ramloop[7].ram.r/prim_noinit.ram/DEVICE_7SERIES.NO_BMM_INFO.TRUE_DP.CASCADED_PRIM36.ram_B/ENBWREN
  -------------------------------------------------------------------    -------------------

                         (clock clk_100 rise edge)   10.000    10.000 r  
    N15                                               0.000    10.000 r  clk (IN)
                         net (fo=0)                   0.000    10.000    clk
    N15                  IBUF (Prop_ibuf_I_O)         1.370    11.370 r  clk_IBUF_inst/O
                         net (fo=1, routed)           1.868    13.238    clk_IBUF
    BUFGCTRL_X0Y3        BUFG (Prop_bufg_I_O)         0.091    13.329 r  clk_IBUF_BUFG_inst/O
                         net (fo=45, routed)          1.489    14.818    framebuffer/U0/inst_blk_mem_gen/gnbram.gnativebmg.native_blk_mem_gen/valid.cstr/ramloop[7].ram.r/prim_noinit.ram/clka
    RAMB36_X2Y3          RAMB36E1                                     r  framebuffer/U0/inst_blk_mem_gen/gnbram.gnativebmg.native_blk_mem_gen/valid.cstr/ramloop[7].ram.r/prim_noinit.ram/DEVICE_7SERIES.NO_BMM_INFO.TRUE_DP.CASCADED_PRIM36.ram_B/CLKBWRCLK
                         clock pessimism              0.000    14.818    
                         clock uncertainty           -0.193    14.625    
    RAMB36_X2Y3          RAMB36E1 (Setup_ramb36e1_CLKBWRCLK_ENBWREN)
                                                     -0.645    13.980    framebuffer/U0/inst_blk_mem_gen/gnbram.gnativebmg.native_blk_mem_gen/valid.cstr/ramloop[7].ram.r/prim_noinit.ram/DEVICE_7SERIES.NO_BMM_INFO.TRUE_DP.CASCADED_PRIM36.ram_B
  -------------------------------------------------------------------
                         required time                         13.980    
                         arrival time                         -13.797    
  -------------------------------------------------------------------
                         slack                                  0.183    

Slack (MET) :             0.327ns  (required time - arrival time)
  Source:                 vga/vc_reg[2]/C
                            (rising edge-triggered cell FDCE clocked by clk_out1_clk_wiz_0  {rise@0.000ns fall@20.000ns period=40.000ns})
  Destination:            framebuffer/U0/inst_blk_mem_gen/gnbram.gnativebmg.native_blk_mem_gen/valid.cstr/ramloop[10].ram.r/prim_noinit.ram/DEVICE_7SERIES.NO_BMM_INFO.TRUE_DP.CASCADED_PRIM36.ram_B/ENBWREN
                            (rising edge-triggered cell RAMB36E1 clocked by clk_100  {rise@0.000ns fall@5.000ns period=10.000ns})
  Path Group:             clk_100
  Path Type:              Setup (Max at Slow Process Corner)
  Requirement:            10.000ns  (clk_100 rise@10.000ns - clk_out1_clk_wiz_0 rise@0.000ns)
  Data Path Delay:        12.285ns  (logic 4.033ns (32.829%)  route 8.252ns (67.171%))
  Logic Levels:           8  (CARRY4=5 LUT2=1 LUT3=1 LUT5=1)
  Clock Path Skew:        3.248ns (DCD - SCD + CPR)
    Destination Clock Delay (DCD):    4.808ns = ( 14.808 - 10.000 ) 
    Source Clock Delay      (SCD):    1.560ns
    Clock Pessimism Removal (CPR):    0.000ns
  Clock Uncertainty:      0.193ns  ((TSJ^2 + DJ^2)^1/2) / 2 + PE
    Total System Jitter     (TSJ):    0.071ns
    Discrete Jitter          (DJ):    0.175ns
    Phase Error              (PE):    0.099ns
  Clock Domain Crossing:  Inter clock paths are considered valid unless explicitly excluded by timing constraints such as set_clock_groups or set_false_path.

    Location             Delay type                Incr(ns)  Path(ns)    Netlist Resource(s)
  -------------------------------------------------------------------    -------------------
                         (clock clk_out1_clk_wiz_0 rise edge)
                                                      0.000     0.000 r  
    BUFGCTRL_X0Y3        BUFG                         0.000     0.000 r  clk_IBUF_BUFG_inst/O
                         net (fo=45, routed)          1.575     1.575    clk_wiz/inst/clk_in1
    MMCME2_ADV_X1Y0      MMCME2_ADV (Prop_mmcme2_adv_CLKIN1_CLKOUT0)
                                                     -3.333    -1.757 r  clk_wiz/inst/mmcm_adv_inst/CLKOUT0
                         net (fo=1, routed)           1.661    -0.096    clk_wiz/inst/clk_out1_clk_wiz_0
    BUFGCTRL_X0Y0        BUFG (Prop_bufg_I_O)         0.096    -0.000 r  clk_wiz/inst/clkout1_buf/O
                         net (fo=204, routed)         1.560     1.560    vga/CLK
    SLICE_X11Y17         FDCE                                         r  vga/vc_reg[2]/C
  -------------------------------------------------------------------    -------------------
    SLICE_X11Y17         FDCE (Prop_fdce_C_Q)         0.456     2.016 r  vga/vc_reg[2]/Q
                         net (fo=10, routed)          2.172     4.188    addrc/drawY[2]
    SLICE_X12Y17         CARRY4 (Prop_carry4_S[0]_CO[3])
                                                      0.637     4.825 r  addrc/addrb[9]_INST_0_i_2/CO[3]
                         net (fo=1, routed)           0.000     4.825    addrc/addrb[9]_INST_0_i_2_n_0
    SLICE_X12Y18         CARRY4 (Prop_carry4_CI_O[1])
                                                      0.323     5.148 r  addrc/addrb[13]_INST_0_i_4/O[1]
                         net (fo=3, routed)           1.479     6.627    addrc/addrb[13]_INST_0_i_4_n_6
    SLICE_X14Y17         LUT3 (Prop_lut3_I2_O)        0.306     6.933 r  addrc/addrb[9]_INST_0_i_3/O
                         net (fo=1, routed)           0.000     6.933    addrc/addrb[9]_INST_0_i_3_n_0
    SLICE_X14Y17         CARRY4 (Prop_carry4_S[3]_CO[3])
                                                      0.376     7.309 r  addrc/addrb[9]_INST_0_i_1/CO[3]
                         net (fo=1, routed)           0.000     7.309    addrc/addrb[9]_INST_0_i_1_n_0
    SLICE_X14Y18         CARRY4 (Prop_carry4_CI_O[1])
                                                      0.323     7.632 r  addrc/addrb[13]_INST_0_i_1/O[1]
                         net (fo=1, routed)           1.092     8.723    addrc/addrb[13]_INST_0_i_1_n_6
    SLICE_X13Y18         CARRY4 (Prop_carry4_S[1]_O[3])
                                                      0.946     9.669 r  addrc/addrb[13]_INST_0/O[3]
                         net (fo=5, routed)           0.818    10.488    framebuffer/U0/inst_blk_mem_gen/gnbram.gnativebmg.native_blk_mem_gen/valid.cstr/addrb[16]
    SLICE_X15Y19         LUT2 (Prop_lut2_I0_O)        0.334    10.822 r  framebuffer/U0/inst_blk_mem_gen/gnbram.gnativebmg.native_blk_mem_gen/valid.cstr/DEVICE_7SERIES.NO_BMM_INFO.TRUE_DP.CASCADED_PRIM36.ram_T_i_2__0/O
                         net (fo=8, routed)           1.034    11.856    framebuffer/U0/inst_blk_mem_gen/gnbram.gnativebmg.native_blk_mem_gen/valid.cstr/ramloop[10].ram.r/prim_noinit.ram/ENB
    SLICE_X28Y18         LUT5 (Prop_lut5_I4_O)        0.332    12.188 r  framebuffer/U0/inst_blk_mem_gen/gnbram.gnativebmg.native_blk_mem_gen/valid.cstr/ramloop[10].ram.r/prim_noinit.ram/DEVICE_7SERIES.NO_BMM_INFO.TRUE_DP.CASCADED_PRIM36.ram_B_ENBWREN_cooolgate_en_gate_33/O
                         net (fo=1, routed)           1.658    13.845    framebuffer/U0/inst_blk_mem_gen/gnbram.gnativebmg.native_blk_mem_gen/valid.cstr/ramloop[10].ram.r/prim_noinit.ram/DEVICE_7SERIES.NO_BMM_INFO.TRUE_DP.CASCADED_PRIM36.ram_B_ENBWREN_cooolgate_en_sig_17
    RAMB36_X1Y5          RAMB36E1                                     r  framebuffer/U0/inst_blk_mem_gen/gnbram.gnativebmg.native_blk_mem_gen/valid.cstr/ramloop[10].ram.r/prim_noinit.ram/DEVICE_7SERIES.NO_BMM_INFO.TRUE_DP.CASCADED_PRIM36.ram_B/ENBWREN
  -------------------------------------------------------------------    -------------------

                         (clock clk_100 rise edge)   10.000    10.000 r  
    N15                                               0.000    10.000 r  clk (IN)
                         net (fo=0)                   0.000    10.000    clk
    N15                  IBUF (Prop_ibuf_I_O)         1.370    11.370 r  clk_IBUF_inst/O
                         net (fo=1, routed)           1.868    13.238    clk_IBUF
    BUFGCTRL_X0Y3        BUFG (Prop_bufg_I_O)         0.091    13.329 r  clk_IBUF_BUFG_inst/O
                         net (fo=45, routed)          1.479    14.808    framebuffer/U0/inst_blk_mem_gen/gnbram.gnativebmg.native_blk_mem_gen/valid.cstr/ramloop[10].ram.r/prim_noinit.ram/clka
    RAMB36_X1Y5          RAMB36E1                                     r  framebuffer/U0/inst_blk_mem_gen/gnbram.gnativebmg.native_blk_mem_gen/valid.cstr/ramloop[10].ram.r/prim_noinit.ram/DEVICE_7SERIES.NO_BMM_INFO.TRUE_DP.CASCADED_PRIM36.ram_B/CLKBWRCLK
                         clock pessimism              0.000    14.808    
                         clock uncertainty           -0.193    14.615    
    RAMB36_X1Y5          RAMB36E1 (Setup_ramb36e1_CLKBWRCLK_ENBWREN)
                                                     -0.443    14.172    framebuffer/U0/inst_blk_mem_gen/gnbram.gnativebmg.native_blk_mem_gen/valid.cstr/ramloop[10].ram.r/prim_noinit.ram/DEVICE_7SERIES.NO_BMM_INFO.TRUE_DP.CASCADED_PRIM36.ram_B
  -------------------------------------------------------------------
                         required time                         14.172    
                         arrival time                         -13.845    
  -------------------------------------------------------------------
                         slack                                  0.327    

Slack (MET) :             0.378ns  (required time - arrival time)
  Source:                 vga/vc_reg[2]/C
                            (rising edge-triggered cell FDCE clocked by clk_out1_clk_wiz_0  {rise@0.000ns fall@20.000ns period=40.000ns})
  Destination:            framebuffer/U0/inst_blk_mem_gen/gnbram.gnativebmg.native_blk_mem_gen/valid.cstr/ramloop[8].ram.r/prim_noinit.ram/DEVICE_7SERIES.NO_BMM_INFO.TRUE_DP.SIMPLE_PRIM36.ram/ENBWREN
                            (rising edge-triggered cell RAMB36E1 clocked by clk_100  {rise@0.000ns fall@5.000ns period=10.000ns})
  Path Group:             clk_100
  Path Type:              Setup (Max at Slow Process Corner)
  Requirement:            10.000ns  (clk_100 rise@10.000ns - clk_out1_clk_wiz_0 rise@0.000ns)
  Data Path Delay:        12.033ns  (logic 3.635ns (30.207%)  route 8.398ns (69.793%))
  Logic Levels:           7  (CARRY4=5 LUT3=1 LUT4=1)
  Clock Path Skew:        3.250ns (DCD - SCD + CPR)
    Destination Clock Delay (DCD):    4.810ns = ( 14.810 - 10.000 ) 
    Source Clock Delay      (SCD):    1.560ns
    Clock Pessimism Removal (CPR):    0.000ns
  Clock Uncertainty:      0.193ns  ((TSJ^2 + DJ^2)^1/2) / 2 + PE
    Total System Jitter     (TSJ):    0.071ns
    Discrete Jitter          (DJ):    0.175ns
    Phase Error              (PE):    0.099ns
  Clock Domain Crossing:  Inter clock paths are considered valid unless explicitly excluded by timing constraints such as set_clock_groups or set_false_path.

    Location             Delay type                Incr(ns)  Path(ns)    Netlist Resource(s)
  -------------------------------------------------------------------    -------------------
                         (clock clk_out1_clk_wiz_0 rise edge)
                                                      0.000     0.000 r  
    BUFGCTRL_X0Y3        BUFG                         0.000     0.000 r  clk_IBUF_BUFG_inst/O
                         net (fo=45, routed)          1.575     1.575    clk_wiz/inst/clk_in1
    MMCME2_ADV_X1Y0      MMCME2_ADV (Prop_mmcme2_adv_CLKIN1_CLKOUT0)
                                                     -3.333    -1.757 r  clk_wiz/inst/mmcm_adv_inst/CLKOUT0
                         net (fo=1, routed)           1.661    -0.096    clk_wiz/inst/clk_out1_clk_wiz_0
    BUFGCTRL_X0Y0        BUFG (Prop_bufg_I_O)         0.096    -0.000 r  clk_wiz/inst/clkout1_buf/O
                         net (fo=204, routed)         1.560     1.560    vga/CLK
    SLICE_X11Y17         FDCE                                         r  vga/vc_reg[2]/C
  -------------------------------------------------------------------    -------------------
    SLICE_X11Y17         FDCE (Prop_fdce_C_Q)         0.456     2.016 r  vga/vc_reg[2]/Q
                         net (fo=10, routed)          2.172     4.188    addrc/drawY[2]
    SLICE_X12Y17         CARRY4 (Prop_carry4_S[0]_CO[3])
                                                      0.637     4.825 r  addrc/addrb[9]_INST_0_i_2/CO[3]
                         net (fo=1, routed)           0.000     4.825    addrc/addrb[9]_INST_0_i_2_n_0
    SLICE_X12Y18         CARRY4 (Prop_carry4_CI_O[1])
                                                      0.323     5.148 r  addrc/addrb[13]_INST_0_i_4/O[1]
                         net (fo=3, routed)           1.479     6.627    addrc/addrb[13]_INST_0_i_4_n_6
    SLICE_X14Y17         LUT3 (Prop_lut3_I2_O)        0.306     6.933 r  addrc/addrb[9]_INST_0_i_3/O
                         net (fo=1, routed)           0.000     6.933    addrc/addrb[9]_INST_0_i_3_n_0
    SLICE_X14Y17         CARRY4 (Prop_carry4_S[3]_CO[3])
                                                      0.376     7.309 r  addrc/addrb[9]_INST_0_i_1/CO[3]
                         net (fo=1, routed)           0.000     7.309    addrc/addrb[9]_INST_0_i_1_n_0
    SLICE_X14Y18         CARRY4 (Prop_carry4_CI_O[1])
                                                      0.323     7.632 r  addrc/addrb[13]_INST_0_i_1/O[1]
                         net (fo=1, routed)           1.092     8.723    addrc/addrb[13]_INST_0_i_1_n_6
    SLICE_X13Y18         CARRY4 (Prop_carry4_S[1]_O[2])
                                                      0.886     9.609 f  addrc/addrb[13]_INST_0/O[2]
                         net (fo=19, routed)          1.365    10.974    framebuffer/U0/inst_blk_mem_gen/gnbram.gnativebmg.native_blk_mem_gen/valid.cstr/ramloop[8].ram.r/prim_noinit.ram/addrb[15]
    SLICE_X15Y19         LUT4 (Prop_lut4_I3_O)        0.328    11.302 r  framebuffer/U0/inst_blk_mem_gen/gnbram.gnativebmg.native_blk_mem_gen/valid.cstr/ramloop[8].ram.r/prim_noinit.ram/DEVICE_7SERIES.NO_BMM_INFO.TRUE_DP.SIMPLE_PRIM36.ram_i_2/O
                         net (fo=2, routed)           2.292    13.594    framebuffer/U0/inst_blk_mem_gen/gnbram.gnativebmg.native_blk_mem_gen/valid.cstr/ramloop[8].ram.r/prim_noinit.ram/ramloop[2].ram.ram_enb
    RAMB36_X2Y5          RAMB36E1                                     r  framebuffer/U0/inst_blk_mem_gen/gnbram.gnativebmg.native_blk_mem_gen/valid.cstr/ramloop[8].ram.r/prim_noinit.ram/DEVICE_7SERIES.NO_BMM_INFO.TRUE_DP.SIMPLE_PRIM36.ram/ENBWREN
  -------------------------------------------------------------------    -------------------

                         (clock clk_100 rise edge)   10.000    10.000 r  
    N15                                               0.000    10.000 r  clk (IN)
                         net (fo=0)                   0.000    10.000    clk
    N15                  IBUF (Prop_ibuf_I_O)         1.370    11.370 r  clk_IBUF_inst/O
                         net (fo=1, routed)           1.868    13.238    clk_IBUF
    BUFGCTRL_X0Y3        BUFG (Prop_bufg_I_O)         0.091    13.329 r  clk_IBUF_BUFG_inst/O
                         net (fo=45, routed)          1.481    14.810    framebuffer/U0/inst_blk_mem_gen/gnbram.gnativebmg.native_blk_mem_gen/valid.cstr/ramloop[8].ram.r/prim_noinit.ram/clka
    RAMB36_X2Y5          RAMB36E1                                     r  framebuffer/U0/inst_blk_mem_gen/gnbram.gnativebmg.native_blk_mem_gen/valid.cstr/ramloop[8].ram.r/prim_noinit.ram/DEVICE_7SERIES.NO_BMM_INFO.TRUE_DP.SIMPLE_PRIM36.ram/CLKBWRCLK
                         clock pessimism              0.000    14.810    
                         clock uncertainty           -0.193    14.617    
    RAMB36_X2Y5          RAMB36E1 (Setup_ramb36e1_CLKBWRCLK_ENBWREN)
                                                     -0.645    13.972    framebuffer/U0/inst_blk_mem_gen/gnbram.gnativebmg.native_blk_mem_gen/valid.cstr/ramloop[8].ram.r/prim_noinit.ram/DEVICE_7SERIES.NO_BMM_INFO.TRUE_DP.SIMPLE_PRIM36.ram
  -------------------------------------------------------------------
                         required time                         13.972    
                         arrival time                         -13.594    
  -------------------------------------------------------------------
                         slack                                  0.378    

Slack (MET) :             0.503ns  (required time - arrival time)
  Source:                 vga/hc_reg[5]/C
                            (rising edge-triggered cell FDCE clocked by clk_out1_clk_wiz_0  {rise@0.000ns fall@20.000ns period=40.000ns})
  Destination:            framebuffer/U0/inst_blk_mem_gen/gnbram.gnativebmg.native_blk_mem_gen/valid.cstr/ramloop[9].ram.r/prim_noinit.ram/DEVICE_7SERIES.NO_BMM_INFO.TRUE_DP.CASCADED_PRIM36.ram_T/ADDRBWRADDR[4]
                            (rising edge-triggered cell RAMB36E1 clocked by clk_100  {rise@0.000ns fall@5.000ns period=10.000ns})
  Path Group:             clk_100
  Path Type:              Setup (Max at Slow Process Corner)
  Requirement:            10.000ns  (clk_100 rise@10.000ns - clk_out1_clk_wiz_0 rise@0.000ns)
  Data Path Delay:        11.811ns  (logic 0.828ns (7.010%)  route 10.983ns (92.990%))
  Logic Levels:           1  (CARRY4=1)
  Clock Path Skew:        3.255ns (DCD - SCD + CPR)
    Destination Clock Delay (DCD):    4.816ns = ( 14.816 - 10.000 ) 
    Source Clock Delay      (SCD):    1.561ns
    Clock Pessimism Removal (CPR):    0.000ns
  Clock Uncertainty:      0.193ns  ((TSJ^2 + DJ^2)^1/2) / 2 + PE
    Total System Jitter     (TSJ):    0.071ns
    Discrete Jitter          (DJ):    0.175ns
    Phase Error              (PE):    0.099ns
  Clock Domain Crossing:  Inter clock paths are considered valid unless explicitly excluded by timing constraints such as set_clock_groups or set_false_path.

    Location             Delay type                Incr(ns)  Path(ns)    Netlist Resource(s)
  -------------------------------------------------------------------    -------------------
                         (clock clk_out1_clk_wiz_0 rise edge)
                                                      0.000     0.000 r  
    BUFGCTRL_X0Y3        BUFG                         0.000     0.000 r  clk_IBUF_BUFG_inst/O
                         net (fo=45, routed)          1.575     1.575    clk_wiz/inst/clk_in1
    MMCME2_ADV_X1Y0      MMCME2_ADV (Prop_mmcme2_adv_CLKIN1_CLKOUT0)
                                                     -3.333    -1.757 r  clk_wiz/inst/mmcm_adv_inst/CLKOUT0
                         net (fo=1, routed)           1.661    -0.096    clk_wiz/inst/clk_out1_clk_wiz_0
    BUFGCTRL_X0Y0        BUFG (Prop_bufg_I_O)         0.096    -0.000 r  clk_wiz/inst/clkout1_buf/O
                         net (fo=204, routed)         1.561     1.561    vga/CLK
    SLICE_X15Y16         FDCE                                         r  vga/hc_reg[5]/C
  -------------------------------------------------------------------    -------------------
    SLICE_X15Y16         FDCE (Prop_fdce_C_Q)         0.456     2.017 r  vga/hc_reg[5]/Q
                         net (fo=9, routed)           4.323     6.341    addrc/drawX[5]
    SLICE_X13Y15         CARRY4 (Prop_carry4_S[3]_O[3])
                                                      0.372     6.713 r  addrc/addrb[1]_INST_0/O[3]
                         net (fo=19, routed)          6.660    13.372    framebuffer/U0/inst_blk_mem_gen/gnbram.gnativebmg.native_blk_mem_gen/valid.cstr/ramloop[9].ram.r/prim_noinit.ram/addrb[4]
    RAMB36_X1Y3          RAMB36E1                                     r  framebuffer/U0/inst_blk_mem_gen/gnbram.gnativebmg.native_blk_mem_gen/valid.cstr/ramloop[9].ram.r/prim_noinit.ram/DEVICE_7SERIES.NO_BMM_INFO.TRUE_DP.CASCADED_PRIM36.ram_T/ADDRBWRADDR[4]
  -------------------------------------------------------------------    -------------------

                         (clock clk_100 rise edge)   10.000    10.000 r  
    N15                                               0.000    10.000 r  clk (IN)
                         net (fo=0)                   0.000    10.000    clk
    N15                  IBUF (Prop_ibuf_I_O)         1.370    11.370 r  clk_IBUF_inst/O
                         net (fo=1, routed)           1.868    13.238    clk_IBUF
    BUFGCTRL_X0Y3        BUFG (Prop_bufg_I_O)         0.091    13.329 r  clk_IBUF_BUFG_inst/O
                         net (fo=45, routed)          1.487    14.816    framebuffer/U0/inst_blk_mem_gen/gnbram.gnativebmg.native_blk_mem_gen/valid.cstr/ramloop[9].ram.r/prim_noinit.ram/clka
    RAMB36_X1Y3          RAMB36E1                                     r  framebuffer/U0/inst_blk_mem_gen/gnbram.gnativebmg.native_blk_mem_gen/valid.cstr/ramloop[9].ram.r/prim_noinit.ram/DEVICE_7SERIES.NO_BMM_INFO.TRUE_DP.CASCADED_PRIM36.ram_T/CLKBWRCLK
                         clock pessimism              0.000    14.816    
                         clock uncertainty           -0.193    14.623    
    RAMB36_X1Y3          RAMB36E1 (Setup_ramb36e1_CLKBWRCLK_ADDRBWRADDR[4])
                                                     -0.748    13.875    framebuffer/U0/inst_blk_mem_gen/gnbram.gnativebmg.native_blk_mem_gen/valid.cstr/ramloop[9].ram.r/prim_noinit.ram/DEVICE_7SERIES.NO_BMM_INFO.TRUE_DP.CASCADED_PRIM36.ram_T
  -------------------------------------------------------------------
                         required time                         13.875    
                         arrival time                         -13.372    
  -------------------------------------------------------------------
                         slack                                  0.503    

Slack (MET) :             0.719ns  (required time - arrival time)
  Source:                 vga/vc_reg[2]/C
                            (rising edge-triggered cell FDCE clocked by clk_out1_clk_wiz_0  {rise@0.000ns fall@20.000ns period=40.000ns})
  Destination:            framebuffer/U0/inst_blk_mem_gen/gnbram.gnativebmg.native_blk_mem_gen/valid.cstr/ramloop[6].ram.r/prim_noinit.ram/DEVICE_7SERIES.NO_BMM_INFO.TRUE_DP.CASCADED_PRIM36.ram_T/ENBWREN
                            (rising edge-triggered cell RAMB36E1 clocked by clk_100  {rise@0.000ns fall@5.000ns period=10.000ns})
  Path Group:             clk_100
  Path Type:              Setup (Max at Slow Process Corner)
  Requirement:            10.000ns  (clk_100 rise@10.000ns - clk_out1_clk_wiz_0 rise@0.000ns)
  Data Path Delay:        11.904ns  (logic 3.673ns (30.854%)  route 8.231ns (69.146%))
  Logic Levels:           7  (CARRY4=5 LUT2=1 LUT3=1)
  Clock Path Skew:        3.260ns (DCD - SCD + CPR)
    Destination Clock Delay (DCD):    4.820ns = ( 14.820 - 10.000 ) 
    Source Clock Delay      (SCD):    1.560ns
    Clock Pessimism Removal (CPR):    0.000ns
  Clock Uncertainty:      0.193ns  ((TSJ^2 + DJ^2)^1/2) / 2 + PE
    Total System Jitter     (TSJ):    0.071ns
    Discrete Jitter          (DJ):    0.175ns
    Phase Error              (PE):    0.099ns
  Clock Domain Crossing:  Inter clock paths are considered valid unless explicitly excluded by timing constraints such as set_clock_groups or set_false_path.

    Location             Delay type                Incr(ns)  Path(ns)    Netlist Resource(s)
  -------------------------------------------------------------------    -------------------
                         (clock clk_out1_clk_wiz_0 rise edge)
                                                      0.000     0.000 r  
    BUFGCTRL_X0Y3        BUFG                         0.000     0.000 r  clk_IBUF_BUFG_inst/O
                         net (fo=45, routed)          1.575     1.575    clk_wiz/inst/clk_in1
    MMCME2_ADV_X1Y0      MMCME2_ADV (Prop_mmcme2_adv_CLKIN1_CLKOUT0)
                                                     -3.333    -1.757 r  clk_wiz/inst/mmcm_adv_inst/CLKOUT0
                         net (fo=1, routed)           1.661    -0.096    clk_wiz/inst/clk_out1_clk_wiz_0
    BUFGCTRL_X0Y0        BUFG (Prop_bufg_I_O)         0.096    -0.000 r  clk_wiz/inst/clkout1_buf/O
                         net (fo=204, routed)         1.560     1.560    vga/CLK
    SLICE_X11Y17         FDCE                                         r  vga/vc_reg[2]/C
  -------------------------------------------------------------------    -------------------
    SLICE_X11Y17         FDCE (Prop_fdce_C_Q)         0.456     2.016 r  vga/vc_reg[2]/Q
                         net (fo=10, routed)          2.172     4.188    addrc/drawY[2]
    SLICE_X12Y17         CARRY4 (Prop_carry4_S[0]_CO[3])
                                                      0.637     4.825 r  addrc/addrb[9]_INST_0_i_2/CO[3]
                         net (fo=1, routed)           0.000     4.825    addrc/addrb[9]_INST_0_i_2_n_0
    SLICE_X12Y18         CARRY4 (Prop_carry4_CI_O[1])
                                                      0.323     5.148 r  addrc/addrb[13]_INST_0_i_4/O[1]
                         net (fo=3, routed)           1.479     6.627    addrc/addrb[13]_INST_0_i_4_n_6
    SLICE_X14Y17         LUT3 (Prop_lut3_I2_O)        0.306     6.933 r  addrc/addrb[9]_INST_0_i_3/O
                         net (fo=1, routed)           0.000     6.933    addrc/addrb[9]_INST_0_i_3_n_0
    SLICE_X14Y17         CARRY4 (Prop_carry4_S[3]_CO[3])
                                                      0.376     7.309 r  addrc/addrb[9]_INST_0_i_1/CO[3]
                         net (fo=1, routed)           0.000     7.309    addrc/addrb[9]_INST_0_i_1_n_0
    SLICE_X14Y18         CARRY4 (Prop_carry4_CI_O[1])
                                                      0.323     7.632 r  addrc/addrb[13]_INST_0_i_1/O[1]
                         net (fo=1, routed)           1.092     8.723    addrc/addrb[13]_INST_0_i_1_n_6
    SLICE_X13Y18         CARRY4 (Prop_carry4_S[1]_O[3])
                                                      0.946     9.669 f  addrc/addrb[13]_INST_0/O[3]
                         net (fo=5, routed)           0.818    10.488    framebuffer/U0/inst_blk_mem_gen/gnbram.gnativebmg.native_blk_mem_gen/valid.cstr/addrb[16]
    SLICE_X15Y19         LUT2 (Prop_lut2_I1_O)        0.306    10.794 r  framebuffer/U0/inst_blk_mem_gen/gnbram.gnativebmg.native_blk_mem_gen/valid.cstr/DEVICE_7SERIES.NO_BMM_INFO.TRUE_DP.CASCADED_PRIM36.ram_T_i_2/O
                         net (fo=8, routed)           2.671    13.465    framebuffer/U0/inst_blk_mem_gen/gnbram.gnativebmg.native_blk_mem_gen/valid.cstr/ramloop[6].ram.r/prim_noinit.ram/ENB
    RAMB36_X2Y7          RAMB36E1                                     r  framebuffer/U0/inst_blk_mem_gen/gnbram.gnativebmg.native_blk_mem_gen/valid.cstr/ramloop[6].ram.r/prim_noinit.ram/DEVICE_7SERIES.NO_BMM_INFO.TRUE_DP.CASCADED_PRIM36.ram_T/ENBWREN
  -------------------------------------------------------------------    -------------------

                         (clock clk_100 rise edge)   10.000    10.000 r  
    N15                                               0.000    10.000 r  clk (IN)
                         net (fo=0)                   0.000    10.000    clk
    N15                  IBUF (Prop_ibuf_I_O)         1.370    11.370 r  clk_IBUF_inst/O
                         net (fo=1, routed)           1.868    13.238    clk_IBUF
    BUFGCTRL_X0Y3        BUFG (Prop_bufg_I_O)         0.091    13.329 r  clk_IBUF_BUFG_inst/O
                         net (fo=45, routed)          1.491    14.820    framebuffer/U0/inst_blk_mem_gen/gnbram.gnativebmg.native_blk_mem_gen/valid.cstr/ramloop[6].ram.r/prim_noinit.ram/clka
    RAMB36_X2Y7          RAMB36E1                                     r  framebuffer/U0/inst_blk_mem_gen/gnbram.gnativebmg.native_blk_mem_gen/valid.cstr/ramloop[6].ram.r/prim_noinit.ram/DEVICE_7SERIES.NO_BMM_INFO.TRUE_DP.CASCADED_PRIM36.ram_T/CLKBWRCLK
                         clock pessimism              0.000    14.820    
                         clock uncertainty           -0.193    14.627    
    RAMB36_X2Y7          RAMB36E1 (Setup_ramb36e1_CLKBWRCLK_ENBWREN)
                                                     -0.443    14.184    framebuffer/U0/inst_blk_mem_gen/gnbram.gnativebmg.native_blk_mem_gen/valid.cstr/ramloop[6].ram.r/prim_noinit.ram/DEVICE_7SERIES.NO_BMM_INFO.TRUE_DP.CASCADED_PRIM36.ram_T
  -------------------------------------------------------------------
                         required time                         14.184    
                         arrival time                         -13.465    
  -------------------------------------------------------------------
                         slack                                  0.719    

Slack (MET) :             0.756ns  (required time - arrival time)
  Source:                 vga/vc_reg[2]/C
                            (rising edge-triggered cell FDCE clocked by clk_out1_clk_wiz_0  {rise@0.000ns fall@20.000ns period=40.000ns})
  Destination:            framebuffer/U0/inst_blk_mem_gen/gnbram.gnativebmg.native_blk_mem_gen/valid.cstr/ramloop[7].ram.r/prim_noinit.ram/DEVICE_7SERIES.NO_BMM_INFO.TRUE_DP.CASCADED_PRIM36.ram_T/ENBWREN
                            (rising edge-triggered cell RAMB36E1 clocked by clk_100  {rise@0.000ns fall@5.000ns period=10.000ns})
  Path Group:             clk_100
  Path Type:              Setup (Max at Slow Process Corner)
  Requirement:            10.000ns  (clk_100 rise@10.000ns - clk_out1_clk_wiz_0 rise@0.000ns)
  Data Path Delay:        11.652ns  (logic 3.701ns (31.762%)  route 7.951ns (68.238%))
  Logic Levels:           7  (CARRY4=5 LUT2=1 LUT3=1)
  Clock Path Skew:        3.253ns (DCD - SCD + CPR)
    Destination Clock Delay (DCD):    4.813ns = ( 14.813 - 10.000 ) 
    Source Clock Delay      (SCD):    1.560ns
    Clock Pessimism Removal (CPR):    0.000ns
  Clock Uncertainty:      0.193ns  ((TSJ^2 + DJ^2)^1/2) / 2 + PE
    Total System Jitter     (TSJ):    0.071ns
    Discrete Jitter          (DJ):    0.175ns
    Phase Error              (PE):    0.099ns
  Clock Domain Crossing:  Inter clock paths are considered valid unless explicitly excluded by timing constraints such as set_clock_groups or set_false_path.

    Location             Delay type                Incr(ns)  Path(ns)    Netlist Resource(s)
  -------------------------------------------------------------------    -------------------
                         (clock clk_out1_clk_wiz_0 rise edge)
                                                      0.000     0.000 r  
    BUFGCTRL_X0Y3        BUFG                         0.000     0.000 r  clk_IBUF_BUFG_inst/O
                         net (fo=45, routed)          1.575     1.575    clk_wiz/inst/clk_in1
    MMCME2_ADV_X1Y0      MMCME2_ADV (Prop_mmcme2_adv_CLKIN1_CLKOUT0)
                                                     -3.333    -1.757 r  clk_wiz/inst/mmcm_adv_inst/CLKOUT0
                         net (fo=1, routed)           1.661    -0.096    clk_wiz/inst/clk_out1_clk_wiz_0
    BUFGCTRL_X0Y0        BUFG (Prop_bufg_I_O)         0.096    -0.000 r  clk_wiz/inst/clkout1_buf/O
                         net (fo=204, routed)         1.560     1.560    vga/CLK
    SLICE_X11Y17         FDCE                                         r  vga/vc_reg[2]/C
  -------------------------------------------------------------------    -------------------
    SLICE_X11Y17         FDCE (Prop_fdce_C_Q)         0.456     2.016 r  vga/vc_reg[2]/Q
                         net (fo=10, routed)          2.172     4.188    addrc/drawY[2]
    SLICE_X12Y17         CARRY4 (Prop_carry4_S[0]_CO[3])
                                                      0.637     4.825 r  addrc/addrb[9]_INST_0_i_2/CO[3]
                         net (fo=1, routed)           0.000     4.825    addrc/addrb[9]_INST_0_i_2_n_0
    SLICE_X12Y18         CARRY4 (Prop_carry4_CI_O[1])
                                                      0.323     5.148 r  addrc/addrb[13]_INST_0_i_4/O[1]
                         net (fo=3, routed)           1.479     6.627    addrc/addrb[13]_INST_0_i_4_n_6
    SLICE_X14Y17         LUT3 (Prop_lut3_I2_O)        0.306     6.933 r  addrc/addrb[9]_INST_0_i_3/O
                         net (fo=1, routed)           0.000     6.933    addrc/addrb[9]_INST_0_i_3_n_0
    SLICE_X14Y17         CARRY4 (Prop_carry4_S[3]_CO[3])
                                                      0.376     7.309 r  addrc/addrb[9]_INST_0_i_1/CO[3]
                         net (fo=1, routed)           0.000     7.309    addrc/addrb[9]_INST_0_i_1_n_0
    SLICE_X14Y18         CARRY4 (Prop_carry4_CI_O[1])
                                                      0.323     7.632 r  addrc/addrb[13]_INST_0_i_1/O[1]
                         net (fo=1, routed)           1.092     8.723    addrc/addrb[13]_INST_0_i_1_n_6
    SLICE_X13Y18         CARRY4 (Prop_carry4_S[1]_O[3])
                                                      0.946     9.669 r  addrc/addrb[13]_INST_0/O[3]
                         net (fo=5, routed)           0.818    10.488    framebuffer/U0/inst_blk_mem_gen/gnbram.gnativebmg.native_blk_mem_gen/valid.cstr/addrb[16]
    SLICE_X15Y19         LUT2 (Prop_lut2_I0_O)        0.334    10.822 r  framebuffer/U0/inst_blk_mem_gen/gnbram.gnativebmg.native_blk_mem_gen/valid.cstr/DEVICE_7SERIES.NO_BMM_INFO.TRUE_DP.CASCADED_PRIM36.ram_T_i_2__0/O
                         net (fo=8, routed)           2.391    13.213    framebuffer/U0/inst_blk_mem_gen/gnbram.gnativebmg.native_blk_mem_gen/valid.cstr/ramloop[7].ram.r/prim_noinit.ram/ENB
    RAMB36_X2Y4          RAMB36E1                                     r  framebuffer/U0/inst_blk_mem_gen/gnbram.gnativebmg.native_blk_mem_gen/valid.cstr/ramloop[7].ram.r/prim_noinit.ram/DEVICE_7SERIES.NO_BMM_INFO.TRUE_DP.CASCADED_PRIM36.ram_T/ENBWREN
  -------------------------------------------------------------------    -------------------

                         (clock clk_100 rise edge)   10.000    10.000 r  
    N15                                               0.000    10.000 r  clk (IN)
                         net (fo=0)                   0.000    10.000    clk
    N15                  IBUF (Prop_ibuf_I_O)         1.370    11.370 r  clk_IBUF_inst/O
                         net (fo=1, routed)           1.868    13.238    clk_IBUF
    BUFGCTRL_X0Y3        BUFG (Prop_bufg_I_O)         0.091    13.329 r  clk_IBUF_BUFG_inst/O
                         net (fo=45, routed)          1.484    14.813    framebuffer/U0/inst_blk_mem_gen/gnbram.gnativebmg.native_blk_mem_gen/valid.cstr/ramloop[7].ram.r/prim_noinit.ram/clka
    RAMB36_X2Y4          RAMB36E1                                     r  framebuffer/U0/inst_blk_mem_gen/gnbram.gnativebmg.native_blk_mem_gen/valid.cstr/ramloop[7].ram.r/prim_noinit.ram/DEVICE_7SERIES.NO_BMM_INFO.TRUE_DP.CASCADED_PRIM36.ram_T/CLKBWRCLK
                         clock pessimism              0.000    14.813    
                         clock uncertainty           -0.193    14.620    
    RAMB36_X2Y4          RAMB36E1 (Setup_ramb36e1_CLKBWRCLK_ENBWREN)
                                                     -0.651    13.969    framebuffer/U0/inst_blk_mem_gen/gnbram.gnativebmg.native_blk_mem_gen/valid.cstr/ramloop[7].ram.r/prim_noinit.ram/DEVICE_7SERIES.NO_BMM_INFO.TRUE_DP.CASCADED_PRIM36.ram_T
  -------------------------------------------------------------------
                         required time                         13.969    
                         arrival time                         -13.213    
  -------------------------------------------------------------------
                         slack                                  0.756    

Slack (MET) :             0.760ns  (required time - arrival time)
  Source:                 vga/hc_reg[5]/C
                            (rising edge-triggered cell FDCE clocked by clk_out1_clk_wiz_0  {rise@0.000ns fall@20.000ns period=40.000ns})
  Destination:            framebuffer/U0/inst_blk_mem_gen/gnbram.gnativebmg.native_blk_mem_gen/valid.cstr/ramloop[6].ram.r/prim_noinit.ram/DEVICE_7SERIES.NO_BMM_INFO.TRUE_DP.CASCADED_PRIM36.ram_B/ADDRBWRADDR[8]
                            (rising edge-triggered cell RAMB36E1 clocked by clk_100  {rise@0.000ns fall@5.000ns period=10.000ns})
  Path Group:             clk_100
  Path Type:              Setup (Max at Slow Process Corner)
  Requirement:            10.000ns  (clk_100 rise@10.000ns - clk_out1_clk_wiz_0 rise@0.000ns)
  Data Path Delay:        11.553ns  (logic 1.294ns (11.201%)  route 10.259ns (88.799%))
  Logic Levels:           2  (CARRY4=2)
  Clock Path Skew:        3.254ns (DCD - SCD + CPR)
    Destination Clock Delay (DCD):    4.815ns = ( 14.815 - 10.000 ) 
    Source Clock Delay      (SCD):    1.561ns
    Clock Pessimism Removal (CPR):    0.000ns
  Clock Uncertainty:      0.193ns  ((TSJ^2 + DJ^2)^1/2) / 2 + PE
    Total System Jitter     (TSJ):    0.071ns
    Discrete Jitter          (DJ):    0.175ns
    Phase Error              (PE):    0.099ns
  Clock Domain Crossing:  Inter clock paths are considered valid unless explicitly excluded by timing constraints such as set_clock_groups or set_false_path.

    Location             Delay type                Incr(ns)  Path(ns)    Netlist Resource(s)
  -------------------------------------------------------------------    -------------------
                         (clock clk_out1_clk_wiz_0 rise edge)
                                                      0.000     0.000 r  
    BUFGCTRL_X0Y3        BUFG                         0.000     0.000 r  clk_IBUF_BUFG_inst/O
                         net (fo=45, routed)          1.575     1.575    clk_wiz/inst/clk_in1
    MMCME2_ADV_X1Y0      MMCME2_ADV (Prop_mmcme2_adv_CLKIN1_CLKOUT0)
                                                     -3.333    -1.757 r  clk_wiz/inst/mmcm_adv_inst/CLKOUT0
                         net (fo=1, routed)           1.661    -0.096    clk_wiz/inst/clk_out1_clk_wiz_0
    BUFGCTRL_X0Y0        BUFG (Prop_bufg_I_O)         0.096    -0.000 r  clk_wiz/inst/clkout1_buf/O
                         net (fo=204, routed)         1.561     1.561    vga/CLK
    SLICE_X15Y16         FDCE                                         r  vga/hc_reg[5]/C
  -------------------------------------------------------------------    -------------------
    SLICE_X15Y16         FDCE (Prop_fdce_C_Q)         0.456     2.017 r  vga/hc_reg[5]/Q
                         net (fo=9, routed)           4.323     6.341    addrc/drawX[5]
    SLICE_X13Y15         CARRY4 (Prop_carry4_S[3]_CO[3])
                                                      0.525     6.866 r  addrc/addrb[1]_INST_0/CO[3]
                         net (fo=1, routed)           0.000     6.866    addrc/addrb[1]_INST_0_n_0
    SLICE_X13Y16         CARRY4 (Prop_carry4_CI_O[3])
                                                      0.313     7.179 r  addrc/addrb[5]_INST_0/O[3]
                         net (fo=19, routed)          5.935    13.114    framebuffer/U0/inst_blk_mem_gen/gnbram.gnativebmg.native_blk_mem_gen/valid.cstr/ramloop[6].ram.r/prim_noinit.ram/addrb[8]
    RAMB36_X2Y6          RAMB36E1                                     r  framebuffer/U0/inst_blk_mem_gen/gnbram.gnativebmg.native_blk_mem_gen/valid.cstr/ramloop[6].ram.r/prim_noinit.ram/DEVICE_7SERIES.NO_BMM_INFO.TRUE_DP.CASCADED_PRIM36.ram_B/ADDRBWRADDR[8]
  -------------------------------------------------------------------    -------------------

                         (clock clk_100 rise edge)   10.000    10.000 r  
    N15                                               0.000    10.000 r  clk (IN)
                         net (fo=0)                   0.000    10.000    clk
    N15                  IBUF (Prop_ibuf_I_O)         1.370    11.370 r  clk_IBUF_inst/O
                         net (fo=1, routed)           1.868    13.238    clk_IBUF
    BUFGCTRL_X0Y3        BUFG (Prop_bufg_I_O)         0.091    13.329 r  clk_IBUF_BUFG_inst/O
                         net (fo=45, routed)          1.486    14.815    framebuffer/U0/inst_blk_mem_gen/gnbram.gnativebmg.native_blk_mem_gen/valid.cstr/ramloop[6].ram.r/prim_noinit.ram/clka
    RAMB36_X2Y6          RAMB36E1                                     r  framebuffer/U0/inst_blk_mem_gen/gnbram.gnativebmg.native_blk_mem_gen/valid.cstr/ramloop[6].ram.r/prim_noinit.ram/DEVICE_7SERIES.NO_BMM_INFO.TRUE_DP.CASCADED_PRIM36.ram_B/CLKBWRCLK
                         clock pessimism              0.000    14.815    
                         clock uncertainty           -0.193    14.622    
    RAMB36_X2Y6          RAMB36E1 (Setup_ramb36e1_CLKBWRCLK_ADDRBWRADDR[8])
                                                     -0.748    13.874    framebuffer/U0/inst_blk_mem_gen/gnbram.gnativebmg.native_blk_mem_gen/valid.cstr/ramloop[6].ram.r/prim_noinit.ram/DEVICE_7SERIES.NO_BMM_INFO.TRUE_DP.CASCADED_PRIM36.ram_B
  -------------------------------------------------------------------
                         required time                         13.874    
                         arrival time                         -13.114    
  -------------------------------------------------------------------
                         slack                                  0.760    





Min Delay Paths
--------------------------------------------------------------------------------------
Slack (MET) :             0.057ns  (arrival time - required time)
  Source:                 vga/vc_reg[6]/C
                            (rising edge-triggered cell FDCE clocked by clk_out1_clk_wiz_0  {rise@0.000ns fall@20.000ns period=40.000ns})
  Destination:            framebuffer/U0/inst_blk_mem_gen/gnbram.gnativebmg.native_blk_mem_gen/valid.cstr/has_mux_b.B/no_softecc_sel_reg.ce_pri.sel_pipe_reg[1]/D
                            (rising edge-triggered cell FDRE clocked by clk_100  {rise@0.000ns fall@5.000ns period=10.000ns})
  Path Group:             clk_100
  Path Type:              Hold (Min at Slow Process Corner)
  Requirement:            0.000ns  (clk_100 rise@0.000ns - clk_out1_clk_wiz_0 rise@0.000ns)
  Data Path Delay:        4.163ns  (logic 1.497ns (35.959%)  route 2.666ns (64.041%))
  Logic Levels:           5  (CARRY4=3 LUT2=1 LUT3=1)
  Clock Path Skew:        3.626ns (DCD - SCD - CPR)
    Destination Clock Delay (DCD):    5.066ns
    Source Clock Delay      (SCD):    1.440ns
    Clock Pessimism Removal (CPR):    -0.000ns
  Clock Uncertainty:      0.193ns  ((TSJ^2 + DJ^2)^1/2) / 2 + PE
    Total System Jitter     (TSJ):    0.071ns
    Discrete Jitter          (DJ):    0.175ns
    Phase Error              (PE):    0.099ns
  Clock Domain Crossing:  Inter clock paths are considered valid unless explicitly excluded by timing constraints such as set_clock_groups or set_false_path.

    Location             Delay type                Incr(ns)  Path(ns)    Netlist Resource(s)
  -------------------------------------------------------------------    -------------------
                         (clock clk_out1_clk_wiz_0 rise edge)
                                                      0.000     0.000 r  
    BUFGCTRL_X0Y3        BUFG                         0.000     0.000 r  clk_IBUF_BUFG_inst/O
                         net (fo=45, routed)          1.457     1.457    clk_wiz/inst/clk_in1
    MMCME2_ADV_X1Y0      MMCME2_ADV (Prop_mmcme2_adv_CLKIN1_CLKOUT0)
                                                     -3.129    -1.672 r  clk_wiz/inst/mmcm_adv_inst/CLKOUT0
                         net (fo=1, routed)           1.581    -0.091    clk_wiz/inst/clk_out1_clk_wiz_0
    BUFGCTRL_X0Y0        BUFG (Prop_bufg_I_O)         0.091     0.000 r  clk_wiz/inst/clkout1_buf/O
                         net (fo=204, routed)         1.440     1.440    vga/CLK
    SLICE_X15Y18         FDCE                                         r  vga/vc_reg[6]/C
  -------------------------------------------------------------------    -------------------
    SLICE_X15Y18         FDCE (Prop_fdce_C_Q)         0.367     1.807 r  vga/vc_reg[6]/Q
                         net (fo=10, routed)          0.876     2.684    addrc/drawY[6]
    SLICE_X12Y18         LUT2 (Prop_lut2_I1_O)        0.100     2.784 r  addrc/addrb[13]_INST_0_i_11/O
                         net (fo=1, routed)           0.000     2.784    addrc/addrb[13]_INST_0_i_11_n_0
    SLICE_X12Y18         CARRY4 (Prop_carry4_S[2]_O[2])
                                                      0.191     2.975 r  addrc/addrb[13]_INST_0_i_4/O[2]
                         net (fo=3, routed)           0.866     3.841    addrc/addrb[13]_INST_0_i_4_n_5
    SLICE_X14Y18         LUT3 (Prop_lut3_I2_O)        0.242     4.083 r  addrc/addrb[13]_INST_0_i_8/O
                         net (fo=1, routed)           0.000     4.083    addrc/addrb[13]_INST_0_i_8_n_0
    SLICE_X14Y18         CARRY4 (Prop_carry4_S[1]_O[1])
                                                      0.176     4.259 r  addrc/addrb[13]_INST_0_i_1/O[1]
                         net (fo=1, routed)           0.924     5.182    addrc/addrb[13]_INST_0_i_1_n_6
    SLICE_X13Y18         CARRY4 (Prop_carry4_S[1]_O[1])
                                                      0.421     5.603 r  addrc/addrb[13]_INST_0/O[1]
                         net (fo=19, routed)          0.000     5.603    framebuffer/U0/inst_blk_mem_gen/gnbram.gnativebmg.native_blk_mem_gen/valid.cstr/has_mux_b.B/addrb[1]
    SLICE_X13Y18         FDRE                                         r  framebuffer/U0/inst_blk_mem_gen/gnbram.gnativebmg.native_blk_mem_gen/valid.cstr/has_mux_b.B/no_softecc_sel_reg.ce_pri.sel_pipe_reg[1]/D
  -------------------------------------------------------------------    -------------------

                         (clock clk_100 rise edge)    0.000     0.000 r  
    N15                                               0.000     0.000 r  clk (IN)
                         net (fo=0)                   0.000     0.000    clk
    N15                  IBUF (Prop_ibuf_I_O)         1.440     1.440 r  clk_IBUF_inst/O
                         net (fo=1, routed)           1.972     3.412    clk_IBUF
    BUFGCTRL_X0Y3        BUFG (Prop_bufg_I_O)         0.096     3.508 r  clk_IBUF_BUFG_inst/O
                         net (fo=45, routed)          1.558     5.066    framebuffer/U0/inst_blk_mem_gen/gnbram.gnativebmg.native_blk_mem_gen/valid.cstr/has_mux_b.B/clka
    SLICE_X13Y18         FDRE                                         r  framebuffer/U0/inst_blk_mem_gen/gnbram.gnativebmg.native_blk_mem_gen/valid.cstr/has_mux_b.B/no_softecc_sel_reg.ce_pri.sel_pipe_reg[1]/C
                         clock pessimism              0.000     5.066    
                         clock uncertainty            0.193     5.259    
    SLICE_X13Y18         FDRE (Hold_fdre_C_D)         0.287     5.546    framebuffer/U0/inst_blk_mem_gen/gnbram.gnativebmg.native_blk_mem_gen/valid.cstr/has_mux_b.B/no_softecc_sel_reg.ce_pri.sel_pipe_reg[1]
  -------------------------------------------------------------------
                         required time                         -5.546    
                         arrival time                           5.603    
  -------------------------------------------------------------------
                         slack                                  0.057    

Slack (MET) :             0.067ns  (arrival time - required time)
  Source:                 vga/vc_reg[6]/C
                            (rising edge-triggered cell FDCE clocked by clk_out1_clk_wiz_0  {rise@0.000ns fall@20.000ns period=40.000ns})
  Destination:            framebuffer/U0/inst_blk_mem_gen/gnbram.gnativebmg.native_blk_mem_gen/valid.cstr/has_mux_b.B/no_softecc_sel_reg.ce_pri.sel_pipe_reg[2]/D
                            (rising edge-triggered cell FDRE clocked by clk_100  {rise@0.000ns fall@5.000ns period=10.000ns})
  Path Group:             clk_100
  Path Type:              Hold (Min at Slow Process Corner)
  Requirement:            0.000ns  (clk_100 rise@0.000ns - clk_out1_clk_wiz_0 rise@0.000ns)
  Data Path Delay:        4.173ns  (logic 1.672ns (40.063%)  route 2.501ns (59.937%))
  Logic Levels:           4  (CARRY4=3 LUT2=1)
  Clock Path Skew:        3.626ns (DCD - SCD - CPR)
    Destination Clock Delay (DCD):    5.066ns
    Source Clock Delay      (SCD):    1.440ns
    Clock Pessimism Removal (CPR):    -0.000ns
  Clock Uncertainty:      0.193ns  ((TSJ^2 + DJ^2)^1/2) / 2 + PE
    Total System Jitter     (TSJ):    0.071ns
    Discrete Jitter          (DJ):    0.175ns
    Phase Error              (PE):    0.099ns
  Clock Domain Crossing:  Inter clock paths are considered valid unless explicitly excluded by timing constraints such as set_clock_groups or set_false_path.

    Location             Delay type                Incr(ns)  Path(ns)    Netlist Resource(s)
  -------------------------------------------------------------------    -------------------
                         (clock clk_out1_clk_wiz_0 rise edge)
                                                      0.000     0.000 r  
    BUFGCTRL_X0Y3        BUFG                         0.000     0.000 r  clk_IBUF_BUFG_inst/O
                         net (fo=45, routed)          1.457     1.457    clk_wiz/inst/clk_in1
    MMCME2_ADV_X1Y0      MMCME2_ADV (Prop_mmcme2_adv_CLKIN1_CLKOUT0)
                                                     -3.129    -1.672 r  clk_wiz/inst/mmcm_adv_inst/CLKOUT0
                         net (fo=1, routed)           1.581    -0.091    clk_wiz/inst/clk_out1_clk_wiz_0
    BUFGCTRL_X0Y0        BUFG (Prop_bufg_I_O)         0.091     0.000 r  clk_wiz/inst/clkout1_buf/O
                         net (fo=204, routed)         1.440     1.440    vga/CLK
    SLICE_X15Y18         FDCE                                         r  vga/vc_reg[6]/C
  -------------------------------------------------------------------    -------------------
    SLICE_X15Y18         FDCE (Prop_fdce_C_Q)         0.367     1.807 r  vga/vc_reg[6]/Q
                         net (fo=10, routed)          0.876     2.684    addrc/drawY[6]
    SLICE_X12Y18         LUT2 (Prop_lut2_I1_O)        0.100     2.784 r  addrc/addrb[13]_INST_0_i_11/O
                         net (fo=1, routed)           0.000     2.784    addrc/addrb[13]_INST_0_i_11_n_0
    SLICE_X12Y18         CARRY4 (Prop_carry4_S[2]_O[2])
                                                      0.191     2.975 r  addrc/addrb[13]_INST_0_i_4/O[2]
                         net (fo=3, routed)           0.879     3.854    addrc/addrb[13]_INST_0_i_4_n_5
    SLICE_X14Y18         CARRY4 (Prop_carry4_DI[1]_O[2])
                                                      0.583     4.437 r  addrc/addrb[13]_INST_0_i_1/O[2]
                         net (fo=1, routed)           0.746     5.183    addrc/addrb[13]_INST_0_i_1_n_5
    SLICE_X13Y18         CARRY4 (Prop_carry4_S[2]_O[2])
                                                      0.431     5.614 r  addrc/addrb[13]_INST_0/O[2]
                         net (fo=19, routed)          0.000     5.614    framebuffer/U0/inst_blk_mem_gen/gnbram.gnativebmg.native_blk_mem_gen/valid.cstr/has_mux_b.B/addrb[2]
    SLICE_X13Y18         FDRE                                         r  framebuffer/U0/inst_blk_mem_gen/gnbram.gnativebmg.native_blk_mem_gen/valid.cstr/has_mux_b.B/no_softecc_sel_reg.ce_pri.sel_pipe_reg[2]/D
  -------------------------------------------------------------------    -------------------

                         (clock clk_100 rise edge)    0.000     0.000 r  
    N15                                               0.000     0.000 r  clk (IN)
                         net (fo=0)                   0.000     0.000    clk
    N15                  IBUF (Prop_ibuf_I_O)         1.440     1.440 r  clk_IBUF_inst/O
                         net (fo=1, routed)           1.972     3.412    clk_IBUF
    BUFGCTRL_X0Y3        BUFG (Prop_bufg_I_O)         0.096     3.508 r  clk_IBUF_BUFG_inst/O
                         net (fo=45, routed)          1.558     5.066    framebuffer/U0/inst_blk_mem_gen/gnbram.gnativebmg.native_blk_mem_gen/valid.cstr/has_mux_b.B/clka
    SLICE_X13Y18         FDRE                                         r  framebuffer/U0/inst_blk_mem_gen/gnbram.gnativebmg.native_blk_mem_gen/valid.cstr/has_mux_b.B/no_softecc_sel_reg.ce_pri.sel_pipe_reg[2]/C
                         clock pessimism              0.000     5.066    
                         clock uncertainty            0.193     5.259    
    SLICE_X13Y18         FDRE (Hold_fdre_C_D)         0.287     5.546    framebuffer/U0/inst_blk_mem_gen/gnbram.gnativebmg.native_blk_mem_gen/valid.cstr/has_mux_b.B/no_softecc_sel_reg.ce_pri.sel_pipe_reg[2]
  -------------------------------------------------------------------
                         required time                         -5.546    
                         arrival time                           5.614    
  -------------------------------------------------------------------
                         slack                                  0.067    

Slack (MET) :             0.109ns  (arrival time - required time)
  Source:                 vga/hc_reg[1]/C
                            (rising edge-triggered cell FDCE clocked by clk_out1_clk_wiz_0  {rise@0.000ns fall@20.000ns period=40.000ns})
  Destination:            framebuffer/U0/inst_blk_mem_gen/gnbram.gnativebmg.native_blk_mem_gen/valid.cstr/ramloop[1].ram.r/prim_noinit.ram/DEVICE_7SERIES.NO_BMM_INFO.TRUE_DP.CASCADED_PRIM36.ram_B/ADDRBWRADDR[0]
                            (rising edge-triggered cell RAMB36E1 clocked by clk_100  {rise@0.000ns fall@5.000ns period=10.000ns})
  Path Group:             clk_100
  Path Type:              Hold (Min at Slow Process Corner)
  Requirement:            0.000ns  (clk_100 rise@0.000ns - clk_out1_clk_wiz_0 rise@0.000ns)
  Data Path Delay:        4.319ns  (logic 0.518ns (11.993%)  route 3.801ns (88.007%))
  Logic Levels:           1  (LUT1=1)
  Clock Path Skew:        3.657ns (DCD - SCD - CPR)
    Destination Clock Delay (DCD):    5.102ns
    Source Clock Delay      (SCD):    1.444ns
    Clock Pessimism Removal (CPR):    -0.000ns
  Clock Uncertainty:      0.193ns  ((TSJ^2 + DJ^2)^1/2) / 2 + PE
    Total System Jitter     (TSJ):    0.071ns
    Discrete Jitter          (DJ):    0.175ns
    Phase Error              (PE):    0.099ns
  Clock Domain Crossing:  Inter clock paths are considered valid unless explicitly excluded by timing constraints such as set_clock_groups or set_false_path.

    Location             Delay type                Incr(ns)  Path(ns)    Netlist Resource(s)
  -------------------------------------------------------------------    -------------------
                         (clock clk_out1_clk_wiz_0 rise edge)
                                                      0.000     0.000 r  
    BUFGCTRL_X0Y3        BUFG                         0.000     0.000 r  clk_IBUF_BUFG_inst/O
                         net (fo=45, routed)          1.457     1.457    clk_wiz/inst/clk_in1
    MMCME2_ADV_X1Y0      MMCME2_ADV (Prop_mmcme2_adv_CLKIN1_CLKOUT0)
                                                     -3.129    -1.672 r  clk_wiz/inst/mmcm_adv_inst/CLKOUT0
                         net (fo=1, routed)           1.581    -0.091    clk_wiz/inst/clk_out1_clk_wiz_0
    BUFGCTRL_X0Y0        BUFG (Prop_bufg_I_O)         0.091     0.000 r  clk_wiz/inst/clkout1_buf/O
                         net (fo=204, routed)         1.444     1.444    vga/CLK
    SLICE_X12Y15         FDCE                                         r  vga/hc_reg[1]/C
  -------------------------------------------------------------------    -------------------
    SLICE_X12Y15         FDCE (Prop_fdce_C_Q)         0.418     1.862 f  vga/hc_reg[1]/Q
                         net (fo=8, routed)           0.894     2.757    addrc/drawX[1]
    SLICE_X14Y15         LUT1 (Prop_lut1_I0_O)        0.100     2.857 r  addrc/addrb[0]_INST_0/O
                         net (fo=19, routed)          2.907     5.764    framebuffer/U0/inst_blk_mem_gen/gnbram.gnativebmg.native_blk_mem_gen/valid.cstr/ramloop[1].ram.r/prim_noinit.ram/addrb[0]
    RAMB36_X0Y5          RAMB36E1                                     r  framebuffer/U0/inst_blk_mem_gen/gnbram.gnativebmg.native_blk_mem_gen/valid.cstr/ramloop[1].ram.r/prim_noinit.ram/DEVICE_7SERIES.NO_BMM_INFO.TRUE_DP.CASCADED_PRIM36.ram_B/ADDRBWRADDR[0]
  -------------------------------------------------------------------    -------------------

                         (clock clk_100 rise edge)    0.000     0.000 r  
    N15                                               0.000     0.000 r  clk (IN)
                         net (fo=0)                   0.000     0.000    clk
    N15                  IBUF (Prop_ibuf_I_O)         1.440     1.440 r  clk_IBUF_inst/O
                         net (fo=1, routed)           1.972     3.412    clk_IBUF
    BUFGCTRL_X0Y3        BUFG (Prop_bufg_I_O)         0.096     3.508 r  clk_IBUF_BUFG_inst/O
                         net (fo=45, routed)          1.594     5.102    framebuffer/U0/inst_blk_mem_gen/gnbram.gnativebmg.native_blk_mem_gen/valid.cstr/ramloop[1].ram.r/prim_noinit.ram/clka
    RAMB36_X0Y5          RAMB36E1                                     r  framebuffer/U0/inst_blk_mem_gen/gnbram.gnativebmg.native_blk_mem_gen/valid.cstr/ramloop[1].ram.r/prim_noinit.ram/DEVICE_7SERIES.NO_BMM_INFO.TRUE_DP.CASCADED_PRIM36.ram_B/CLKBWRCLK
                         clock pessimism              0.000     5.102    
                         clock uncertainty            0.193     5.295    
    RAMB36_X0Y5          RAMB36E1 (Hold_ramb36e1_CLKBWRCLK_ADDRBWRADDR[0])
                                                      0.360     5.655    framebuffer/U0/inst_blk_mem_gen/gnbram.gnativebmg.native_blk_mem_gen/valid.cstr/ramloop[1].ram.r/prim_noinit.ram/DEVICE_7SERIES.NO_BMM_INFO.TRUE_DP.CASCADED_PRIM36.ram_B
  -------------------------------------------------------------------
                         required time                         -5.655    
                         arrival time                           5.764    
  -------------------------------------------------------------------
                         slack                                  0.109    

Slack (MET) :             0.141ns  (arrival time - required time)
  Source:                 vga/hc_reg[1]/C
                            (rising edge-triggered cell FDCE clocked by clk_out1_clk_wiz_0  {rise@0.000ns fall@20.000ns period=40.000ns})
  Destination:            framebuffer/U0/inst_blk_mem_gen/gnbram.gnativebmg.native_blk_mem_gen/valid.cstr/ramloop[5].ram.r/prim_noinit.ram/DEVICE_7SERIES.NO_BMM_INFO.TRUE_DP.CASCADED_PRIM36.ram_T/ADDRBWRADDR[0]
                            (rising edge-triggered cell RAMB36E1 clocked by clk_100  {rise@0.000ns fall@5.000ns period=10.000ns})
  Path Group:             clk_100
  Path Type:              Hold (Min at Slow Process Corner)
  Requirement:            0.000ns  (clk_100 rise@0.000ns - clk_out1_clk_wiz_0 rise@0.000ns)
  Data Path Delay:        4.362ns  (logic 0.518ns (11.876%)  route 3.844ns (88.124%))
  Logic Levels:           1  (LUT1=1)
  Clock Path Skew:        3.667ns (DCD - SCD - CPR)
    Destination Clock Delay (DCD):    5.112ns
    Source Clock Delay      (SCD):    1.444ns
    Clock Pessimism Removal (CPR):    -0.000ns
  Clock Uncertainty:      0.193ns  ((TSJ^2 + DJ^2)^1/2) / 2 + PE
    Total System Jitter     (TSJ):    0.071ns
    Discrete Jitter          (DJ):    0.175ns
    Phase Error              (PE):    0.099ns
  Clock Domain Crossing:  Inter clock paths are considered valid unless explicitly excluded by timing constraints such as set_clock_groups or set_false_path.

    Location             Delay type                Incr(ns)  Path(ns)    Netlist Resource(s)
  -------------------------------------------------------------------    -------------------
                         (clock clk_out1_clk_wiz_0 rise edge)
                                                      0.000     0.000 r  
    BUFGCTRL_X0Y3        BUFG                         0.000     0.000 r  clk_IBUF_BUFG_inst/O
                         net (fo=45, routed)          1.457     1.457    clk_wiz/inst/clk_in1
    MMCME2_ADV_X1Y0      MMCME2_ADV (Prop_mmcme2_adv_CLKIN1_CLKOUT0)
                                                     -3.129    -1.672 r  clk_wiz/inst/mmcm_adv_inst/CLKOUT0
                         net (fo=1, routed)           1.581    -0.091    clk_wiz/inst/clk_out1_clk_wiz_0
    BUFGCTRL_X0Y0        BUFG (Prop_bufg_I_O)         0.091     0.000 r  clk_wiz/inst/clkout1_buf/O
                         net (fo=204, routed)         1.444     1.444    vga/CLK
    SLICE_X12Y15         FDCE                                         r  vga/hc_reg[1]/C
  -------------------------------------------------------------------    -------------------
    SLICE_X12Y15         FDCE (Prop_fdce_C_Q)         0.418     1.862 f  vga/hc_reg[1]/Q
                         net (fo=8, routed)           0.894     2.757    addrc/drawX[1]
    SLICE_X14Y15         LUT1 (Prop_lut1_I0_O)        0.100     2.857 r  addrc/addrb[0]_INST_0/O
                         net (fo=19, routed)          2.950     5.806    framebuffer/U0/inst_blk_mem_gen/gnbram.gnativebmg.native_blk_mem_gen/valid.cstr/ramloop[5].ram.r/prim_noinit.ram/addrb[0]
    RAMB36_X0Y3          RAMB36E1                                     r  framebuffer/U0/inst_blk_mem_gen/gnbram.gnativebmg.native_blk_mem_gen/valid.cstr/ramloop[5].ram.r/prim_noinit.ram/DEVICE_7SERIES.NO_BMM_INFO.TRUE_DP.CASCADED_PRIM36.ram_T/ADDRBWRADDR[0]
  -------------------------------------------------------------------    -------------------

                         (clock clk_100 rise edge)    0.000     0.000 r  
    N15                                               0.000     0.000 r  clk (IN)
                         net (fo=0)                   0.000     0.000    clk
    N15                  IBUF (Prop_ibuf_I_O)         1.440     1.440 r  clk_IBUF_inst/O
                         net (fo=1, routed)           1.972     3.412    clk_IBUF
    BUFGCTRL_X0Y3        BUFG (Prop_bufg_I_O)         0.096     3.508 r  clk_IBUF_BUFG_inst/O
                         net (fo=45, routed)          1.604     5.112    framebuffer/U0/inst_blk_mem_gen/gnbram.gnativebmg.native_blk_mem_gen/valid.cstr/ramloop[5].ram.r/prim_noinit.ram/clka
    RAMB36_X0Y3          RAMB36E1                                     r  framebuffer/U0/inst_blk_mem_gen/gnbram.gnativebmg.native_blk_mem_gen/valid.cstr/ramloop[5].ram.r/prim_noinit.ram/DEVICE_7SERIES.NO_BMM_INFO.TRUE_DP.CASCADED_PRIM36.ram_T/CLKBWRCLK
                         clock pessimism              0.000     5.112    
                         clock uncertainty            0.193     5.305    
    RAMB36_X0Y3          RAMB36E1 (Hold_ramb36e1_CLKBWRCLK_ADDRBWRADDR[0])
                                                      0.360     5.665    framebuffer/U0/inst_blk_mem_gen/gnbram.gnativebmg.native_blk_mem_gen/valid.cstr/ramloop[5].ram.r/prim_noinit.ram/DEVICE_7SERIES.NO_BMM_INFO.TRUE_DP.CASCADED_PRIM36.ram_T
  -------------------------------------------------------------------
                         required time                         -5.665    
                         arrival time                           5.806    
  -------------------------------------------------------------------
                         slack                                  0.141    

Slack (MET) :             0.147ns  (arrival time - required time)
  Source:                 vga/vc_reg[6]/C
                            (rising edge-triggered cell FDCE clocked by clk_out1_clk_wiz_0  {rise@0.000ns fall@20.000ns period=40.000ns})
  Destination:            framebuffer/U0/inst_blk_mem_gen/gnbram.gnativebmg.native_blk_mem_gen/valid.cstr/has_mux_b.B/no_softecc_sel_reg.ce_pri.sel_pipe_reg[3]/D
                            (rising edge-triggered cell FDRE clocked by clk_100  {rise@0.000ns fall@5.000ns period=10.000ns})
  Path Group:             clk_100
  Path Type:              Hold (Min at Slow Process Corner)
  Requirement:            0.000ns  (clk_100 rise@0.000ns - clk_out1_clk_wiz_0 rise@0.000ns)
  Data Path Delay:        4.253ns  (logic 1.752ns (41.190%)  route 2.501ns (58.810%))
  Logic Levels:           4  (CARRY4=3 LUT2=1)
  Clock Path Skew:        3.626ns (DCD - SCD - CPR)
    Destination Clock Delay (DCD):    5.066ns
    Source Clock Delay      (SCD):    1.440ns
    Clock Pessimism Removal (CPR):    -0.000ns
  Clock Uncertainty:      0.193ns  ((TSJ^2 + DJ^2)^1/2) / 2 + PE
    Total System Jitter     (TSJ):    0.071ns
    Discrete Jitter          (DJ):    0.175ns
    Phase Error              (PE):    0.099ns
  Clock Domain Crossing:  Inter clock paths are considered valid unless explicitly excluded by timing constraints such as set_clock_groups or set_false_path.

    Location             Delay type                Incr(ns)  Path(ns)    Netlist Resource(s)
  -------------------------------------------------------------------    -------------------
                         (clock clk_out1_clk_wiz_0 rise edge)
                                                      0.000     0.000 r  
    BUFGCTRL_X0Y3        BUFG                         0.000     0.000 r  clk_IBUF_BUFG_inst/O
                         net (fo=45, routed)          1.457     1.457    clk_wiz/inst/clk_in1
    MMCME2_ADV_X1Y0      MMCME2_ADV (Prop_mmcme2_adv_CLKIN1_CLKOUT0)
                                                     -3.129    -1.672 r  clk_wiz/inst/mmcm_adv_inst/CLKOUT0
                         net (fo=1, routed)           1.581    -0.091    clk_wiz/inst/clk_out1_clk_wiz_0
    BUFGCTRL_X0Y0        BUFG (Prop_bufg_I_O)         0.091     0.000 r  clk_wiz/inst/clkout1_buf/O
                         net (fo=204, routed)         1.440     1.440    vga/CLK
    SLICE_X15Y18         FDCE                                         r  vga/vc_reg[6]/C
  -------------------------------------------------------------------    -------------------
    SLICE_X15Y18         FDCE (Prop_fdce_C_Q)         0.367     1.807 r  vga/vc_reg[6]/Q
                         net (fo=10, routed)          0.876     2.684    addrc/drawY[6]
    SLICE_X12Y18         LUT2 (Prop_lut2_I1_O)        0.100     2.784 r  addrc/addrb[13]_INST_0_i_11/O
                         net (fo=1, routed)           0.000     2.784    addrc/addrb[13]_INST_0_i_11_n_0
    SLICE_X12Y18         CARRY4 (Prop_carry4_S[2]_O[2])
                                                      0.191     2.975 r  addrc/addrb[13]_INST_0_i_4/O[2]
                         net (fo=3, routed)           0.879     3.854    addrc/addrb[13]_INST_0_i_4_n_5
    SLICE_X14Y18         CARRY4 (Prop_carry4_DI[1]_O[2])
                                                      0.583     4.437 r  addrc/addrb[13]_INST_0_i_1/O[2]
                         net (fo=1, routed)           0.746     5.183    addrc/addrb[13]_INST_0_i_1_n_5
    SLICE_X13Y18         CARRY4 (Prop_carry4_S[2]_O[3])
                                                      0.511     5.694 r  addrc/addrb[13]_INST_0/O[3]
                         net (fo=5, routed)           0.000     5.694    framebuffer/U0/inst_blk_mem_gen/gnbram.gnativebmg.native_blk_mem_gen/valid.cstr/has_mux_b.B/addrb[3]
    SLICE_X13Y18         FDRE                                         r  framebuffer/U0/inst_blk_mem_gen/gnbram.gnativebmg.native_blk_mem_gen/valid.cstr/has_mux_b.B/no_softecc_sel_reg.ce_pri.sel_pipe_reg[3]/D
  -------------------------------------------------------------------    -------------------

                         (clock clk_100 rise edge)    0.000     0.000 r  
    N15                                               0.000     0.000 r  clk (IN)
                         net (fo=0)                   0.000     0.000    clk
    N15                  IBUF (Prop_ibuf_I_O)         1.440     1.440 r  clk_IBUF_inst/O
                         net (fo=1, routed)           1.972     3.412    clk_IBUF
    BUFGCTRL_X0Y3        BUFG (Prop_bufg_I_O)         0.096     3.508 r  clk_IBUF_BUFG_inst/O
                         net (fo=45, routed)          1.558     5.066    framebuffer/U0/inst_blk_mem_gen/gnbram.gnativebmg.native_blk_mem_gen/valid.cstr/has_mux_b.B/clka
    SLICE_X13Y18         FDRE                                         r  framebuffer/U0/inst_blk_mem_gen/gnbram.gnativebmg.native_blk_mem_gen/valid.cstr/has_mux_b.B/no_softecc_sel_reg.ce_pri.sel_pipe_reg[3]/C
                         clock pessimism              0.000     5.066    
                         clock uncertainty            0.193     5.259    
    SLICE_X13Y18         FDRE (Hold_fdre_C_D)         0.287     5.546    framebuffer/U0/inst_blk_mem_gen/gnbram.gnativebmg.native_blk_mem_gen/valid.cstr/has_mux_b.B/no_softecc_sel_reg.ce_pri.sel_pipe_reg[3]
  -------------------------------------------------------------------
                         required time                         -5.546    
                         arrival time                           5.694    
  -------------------------------------------------------------------
                         slack                                  0.147    

Slack (MET) :             0.188ns  (arrival time - required time)
  Source:                 vga/hc_reg[1]/C
                            (rising edge-triggered cell FDCE clocked by clk_out1_clk_wiz_0  {rise@0.000ns fall@20.000ns period=40.000ns})
  Destination:            framebuffer/U0/inst_blk_mem_gen/gnbram.gnativebmg.native_blk_mem_gen/valid.cstr/ramloop[5].ram.r/prim_noinit.ram/DEVICE_7SERIES.NO_BMM_INFO.TRUE_DP.CASCADED_PRIM36.ram_B/ADDRBWRADDR[0]
                            (rising edge-triggered cell RAMB36E1 clocked by clk_100  {rise@0.000ns fall@5.000ns period=10.000ns})
  Path Group:             clk_100
  Path Type:              Hold (Min at Slow Process Corner)
  Requirement:            0.000ns  (clk_100 rise@0.000ns - clk_out1_clk_wiz_0 rise@0.000ns)
  Data Path Delay:        4.413ns  (logic 0.518ns (11.737%)  route 3.895ns (88.263%))
  Logic Levels:           1  (LUT1=1)
  Clock Path Skew:        3.672ns (DCD - SCD - CPR)
    Destination Clock Delay (DCD):    5.117ns
    Source Clock Delay      (SCD):    1.444ns
    Clock Pessimism Removal (CPR):    -0.000ns
  Clock Uncertainty:      0.193ns  ((TSJ^2 + DJ^2)^1/2) / 2 + PE
    Total System Jitter     (TSJ):    0.071ns
    Discrete Jitter          (DJ):    0.175ns
    Phase Error              (PE):    0.099ns
  Clock Domain Crossing:  Inter clock paths are considered valid unless explicitly excluded by timing constraints such as set_clock_groups or set_false_path.

    Location             Delay type                Incr(ns)  Path(ns)    Netlist Resource(s)
  -------------------------------------------------------------------    -------------------
                         (clock clk_out1_clk_wiz_0 rise edge)
                                                      0.000     0.000 r  
    BUFGCTRL_X0Y3        BUFG                         0.000     0.000 r  clk_IBUF_BUFG_inst/O
                         net (fo=45, routed)          1.457     1.457    clk_wiz/inst/clk_in1
    MMCME2_ADV_X1Y0      MMCME2_ADV (Prop_mmcme2_adv_CLKIN1_CLKOUT0)
                                                     -3.129    -1.672 r  clk_wiz/inst/mmcm_adv_inst/CLKOUT0
                         net (fo=1, routed)           1.581    -0.091    clk_wiz/inst/clk_out1_clk_wiz_0
    BUFGCTRL_X0Y0        BUFG (Prop_bufg_I_O)         0.091     0.000 r  clk_wiz/inst/clkout1_buf/O
                         net (fo=204, routed)         1.444     1.444    vga/CLK
    SLICE_X12Y15         FDCE                                         r  vga/hc_reg[1]/C
  -------------------------------------------------------------------    -------------------
    SLICE_X12Y15         FDCE (Prop_fdce_C_Q)         0.418     1.862 f  vga/hc_reg[1]/Q
                         net (fo=8, routed)           0.894     2.757    addrc/drawX[1]
    SLICE_X14Y15         LUT1 (Prop_lut1_I0_O)        0.100     2.857 r  addrc/addrb[0]_INST_0/O
                         net (fo=19, routed)          3.001     5.858    framebuffer/U0/inst_blk_mem_gen/gnbram.gnativebmg.native_blk_mem_gen/valid.cstr/ramloop[5].ram.r/prim_noinit.ram/addrb[0]
    RAMB36_X0Y2          RAMB36E1                                     r  framebuffer/U0/inst_blk_mem_gen/gnbram.gnativebmg.native_blk_mem_gen/valid.cstr/ramloop[5].ram.r/prim_noinit.ram/DEVICE_7SERIES.NO_BMM_INFO.TRUE_DP.CASCADED_PRIM36.ram_B/ADDRBWRADDR[0]
  -------------------------------------------------------------------    -------------------

                         (clock clk_100 rise edge)    0.000     0.000 r  
    N15                                               0.000     0.000 r  clk (IN)
                         net (fo=0)                   0.000     0.000    clk
    N15                  IBUF (Prop_ibuf_I_O)         1.440     1.440 r  clk_IBUF_inst/O
                         net (fo=1, routed)           1.972     3.412    clk_IBUF
    BUFGCTRL_X0Y3        BUFG (Prop_bufg_I_O)         0.096     3.508 r  clk_IBUF_BUFG_inst/O
                         net (fo=45, routed)          1.609     5.117    framebuffer/U0/inst_blk_mem_gen/gnbram.gnativebmg.native_blk_mem_gen/valid.cstr/ramloop[5].ram.r/prim_noinit.ram/clka
    RAMB36_X0Y2          RAMB36E1                                     r  framebuffer/U0/inst_blk_mem_gen/gnbram.gnativebmg.native_blk_mem_gen/valid.cstr/ramloop[5].ram.r/prim_noinit.ram/DEVICE_7SERIES.NO_BMM_INFO.TRUE_DP.CASCADED_PRIM36.ram_B/CLKBWRCLK
                         clock pessimism              0.000     5.117    
                         clock uncertainty            0.193     5.310    
    RAMB36_X0Y2          RAMB36E1 (Hold_ramb36e1_CLKBWRCLK_ADDRBWRADDR[0])
                                                      0.360     5.670    framebuffer/U0/inst_blk_mem_gen/gnbram.gnativebmg.native_blk_mem_gen/valid.cstr/ramloop[5].ram.r/prim_noinit.ram/DEVICE_7SERIES.NO_BMM_INFO.TRUE_DP.CASCADED_PRIM36.ram_B
  -------------------------------------------------------------------
                         required time                         -5.670    
                         arrival time                           5.858    
  -------------------------------------------------------------------
                         slack                                  0.188    

Slack (MET) :             0.189ns  (arrival time - required time)
  Source:                 vga/hc_reg[8]/C
                            (rising edge-triggered cell FDCE clocked by clk_out1_clk_wiz_0  {rise@0.000ns fall@20.000ns period=40.000ns})
  Destination:            framebuffer/U0/inst_blk_mem_gen/gnbram.gnativebmg.native_blk_mem_gen/valid.cstr/has_mux_b.B/no_softecc_sel_reg.ce_pri.sel_pipe_reg[0]/D
                            (rising edge-triggered cell FDRE clocked by clk_100  {rise@0.000ns fall@5.000ns period=10.000ns})
  Path Group:             clk_100
  Path Type:              Hold (Min at Slow Process Corner)
  Requirement:            0.000ns  (clk_100 rise@0.000ns - clk_out1_clk_wiz_0 rise@0.000ns)
  Data Path Delay:        4.292ns  (logic 0.930ns (21.667%)  route 3.362ns (78.333%))
  Logic Levels:           3  (CARRY4=3)
  Clock Path Skew:        3.623ns (DCD - SCD - CPR)
    Destination Clock Delay (DCD):    5.066ns
    Source Clock Delay      (SCD):    1.443ns
    Clock Pessimism Removal (CPR):    -0.000ns
  Clock Uncertainty:      0.193ns  ((TSJ^2 + DJ^2)^1/2) / 2 + PE
    Total System Jitter     (TSJ):    0.071ns
    Discrete Jitter          (DJ):    0.175ns
    Phase Error              (PE):    0.099ns
  Clock Domain Crossing:  Inter clock paths are considered valid unless explicitly excluded by timing constraints such as set_clock_groups or set_false_path.

    Location             Delay type                Incr(ns)  Path(ns)    Netlist Resource(s)
  -------------------------------------------------------------------    -------------------
                         (clock clk_out1_clk_wiz_0 rise edge)
                                                      0.000     0.000 r  
    BUFGCTRL_X0Y3        BUFG                         0.000     0.000 r  clk_IBUF_BUFG_inst/O
                         net (fo=45, routed)          1.457     1.457    clk_wiz/inst/clk_in1
    MMCME2_ADV_X1Y0      MMCME2_ADV (Prop_mmcme2_adv_CLKIN1_CLKOUT0)
                                                     -3.129    -1.672 r  clk_wiz/inst/mmcm_adv_inst/CLKOUT0
                         net (fo=1, routed)           1.581    -0.091    clk_wiz/inst/clk_out1_clk_wiz_0
    BUFGCTRL_X0Y0        BUFG (Prop_bufg_I_O)         0.091     0.000 r  clk_wiz/inst/clkout1_buf/O
                         net (fo=204, routed)         1.443     1.443    vga/CLK
    SLICE_X15Y16         FDCE                                         r  vga/hc_reg[8]/C
  -------------------------------------------------------------------    -------------------
    SLICE_X15Y16         FDCE (Prop_fdce_C_Q)         0.367     1.810 r  vga/hc_reg[8]/Q
                         net (fo=8, routed)           3.362     5.173    addrc/drawX[8]
    SLICE_X13Y16         CARRY4 (Prop_carry4_DI[2]_CO[3])
                                                      0.321     5.494 r  addrc/addrb[5]_INST_0/CO[3]
                         net (fo=1, routed)           0.000     5.494    addrc/addrb[5]_INST_0_n_0
    SLICE_X13Y17         CARRY4 (Prop_carry4_CI_CO[3])
                                                      0.092     5.586 r  addrc/addrb[9]_INST_0/CO[3]
                         net (fo=1, routed)           0.000     5.586    addrc/addrb[9]_INST_0_n_0
    SLICE_X13Y18         CARRY4 (Prop_carry4_CI_O[0])
                                                      0.150     5.736 r  addrc/addrb[13]_INST_0/O[0]
                         net (fo=20, routed)          0.000     5.736    framebuffer/U0/inst_blk_mem_gen/gnbram.gnativebmg.native_blk_mem_gen/valid.cstr/has_mux_b.B/addrb[0]
    SLICE_X13Y18         FDRE                                         r  framebuffer/U0/inst_blk_mem_gen/gnbram.gnativebmg.native_blk_mem_gen/valid.cstr/has_mux_b.B/no_softecc_sel_reg.ce_pri.sel_pipe_reg[0]/D
  -------------------------------------------------------------------    -------------------

                         (clock clk_100 rise edge)    0.000     0.000 r  
    N15                                               0.000     0.000 r  clk (IN)
                         net (fo=0)                   0.000     0.000    clk
    N15                  IBUF (Prop_ibuf_I_O)         1.440     1.440 r  clk_IBUF_inst/O
                         net (fo=1, routed)           1.972     3.412    clk_IBUF
    BUFGCTRL_X0Y3        BUFG (Prop_bufg_I_O)         0.096     3.508 r  clk_IBUF_BUFG_inst/O
                         net (fo=45, routed)          1.558     5.066    framebuffer/U0/inst_blk_mem_gen/gnbram.gnativebmg.native_blk_mem_gen/valid.cstr/has_mux_b.B/clka
    SLICE_X13Y18         FDRE                                         r  framebuffer/U0/inst_blk_mem_gen/gnbram.gnativebmg.native_blk_mem_gen/valid.cstr/has_mux_b.B/no_softecc_sel_reg.ce_pri.sel_pipe_reg[0]/C
                         clock pessimism              0.000     5.066    
                         clock uncertainty            0.193     5.259    
    SLICE_X13Y18         FDRE (Hold_fdre_C_D)         0.287     5.546    framebuffer/U0/inst_blk_mem_gen/gnbram.gnativebmg.native_blk_mem_gen/valid.cstr/has_mux_b.B/no_softecc_sel_reg.ce_pri.sel_pipe_reg[0]
  -------------------------------------------------------------------
                         required time                         -5.546    
                         arrival time                           5.736    
  -------------------------------------------------------------------
                         slack                                  0.189    

Slack (MET) :             0.189ns  (arrival time - required time)
  Source:                 vga/vc_reg[6]/C
                            (rising edge-triggered cell FDCE clocked by clk_out1_clk_wiz_0  {rise@0.000ns fall@20.000ns period=40.000ns})
  Destination:            framebuffer/U0/inst_blk_mem_gen/gnbram.gnativebmg.native_blk_mem_gen/valid.cstr/has_mux_b.B/no_softecc_sel_reg.ce_pri.sel_pipe_reg[4]/D
                            (rising edge-triggered cell FDRE clocked by clk_100  {rise@0.000ns fall@5.000ns period=10.000ns})
  Path Group:             clk_100
  Path Type:              Hold (Min at Slow Process Corner)
  Requirement:            0.000ns  (clk_100 rise@0.000ns - clk_out1_clk_wiz_0 rise@0.000ns)
  Data Path Delay:        4.294ns  (logic 1.794ns (41.775%)  route 2.500ns (58.225%))
  Logic Levels:           5  (CARRY4=4 LUT2=1)
  Clock Path Skew:        3.625ns (DCD - SCD - CPR)
    Destination Clock Delay (DCD):    5.065ns
    Source Clock Delay      (SCD):    1.440ns
    Clock Pessimism Removal (CPR):    -0.000ns
  Clock Uncertainty:      0.193ns  ((TSJ^2 + DJ^2)^1/2) / 2 + PE
    Total System Jitter     (TSJ):    0.071ns
    Discrete Jitter          (DJ):    0.175ns
    Phase Error              (PE):    0.099ns
  Clock Domain Crossing:  Inter clock paths are considered valid unless explicitly excluded by timing constraints such as set_clock_groups or set_false_path.

    Location             Delay type                Incr(ns)  Path(ns)    Netlist Resource(s)
  -------------------------------------------------------------------    -------------------
                         (clock clk_out1_clk_wiz_0 rise edge)
                                                      0.000     0.000 r  
    BUFGCTRL_X0Y3        BUFG                         0.000     0.000 r  clk_IBUF_BUFG_inst/O
                         net (fo=45, routed)          1.457     1.457    clk_wiz/inst/clk_in1
    MMCME2_ADV_X1Y0      MMCME2_ADV (Prop_mmcme2_adv_CLKIN1_CLKOUT0)
                                                     -3.129    -1.672 r  clk_wiz/inst/mmcm_adv_inst/CLKOUT0
                         net (fo=1, routed)           1.581    -0.091    clk_wiz/inst/clk_out1_clk_wiz_0
    BUFGCTRL_X0Y0        BUFG (Prop_bufg_I_O)         0.091     0.000 r  clk_wiz/inst/clkout1_buf/O
                         net (fo=204, routed)         1.440     1.440    vga/CLK
    SLICE_X15Y18         FDCE                                         r  vga/vc_reg[6]/C
  -------------------------------------------------------------------    -------------------
    SLICE_X15Y18         FDCE (Prop_fdce_C_Q)         0.367     1.807 r  vga/vc_reg[6]/Q
                         net (fo=10, routed)          0.876     2.684    addrc/drawY[6]
    SLICE_X12Y18         LUT2 (Prop_lut2_I1_O)        0.100     2.784 r  addrc/addrb[13]_INST_0_i_11/O
                         net (fo=1, routed)           0.000     2.784    addrc/addrb[13]_INST_0_i_11_n_0
    SLICE_X12Y18         CARRY4 (Prop_carry4_S[2]_O[2])
                                                      0.191     2.975 r  addrc/addrb[13]_INST_0_i_4/O[2]
                         net (fo=3, routed)           0.879     3.854    addrc/addrb[13]_INST_0_i_4_n_5
    SLICE_X14Y18         CARRY4 (Prop_carry4_DI[1]_CO[3])
                                                      0.561     4.415 r  addrc/addrb[13]_INST_0_i_1/CO[3]
                         net (fo=1, routed)           0.000     4.415    addrc/addrb[13]_INST_0_i_1_n_0
    SLICE_X14Y19         CARRY4 (Prop_carry4_CI_O[0])
                                                      0.148     4.563 r  addrc/addrb[17]_INST_0_i_1/O[0]
                         net (fo=1, routed)           0.745     5.308    addrc/addrb[17]_INST_0_i_1_n_7
    SLICE_X13Y19         CARRY4 (Prop_carry4_S[0]_O[0])
                                                      0.427     5.735 r  addrc/addrb[17]_INST_0/O[0]
                         net (fo=5, routed)           0.000     5.735    framebuffer/U0/inst_blk_mem_gen/gnbram.gnativebmg.native_blk_mem_gen/valid.cstr/has_mux_b.B/addrb[4]
    SLICE_X13Y19         FDRE                                         r  framebuffer/U0/inst_blk_mem_gen/gnbram.gnativebmg.native_blk_mem_gen/valid.cstr/has_mux_b.B/no_softecc_sel_reg.ce_pri.sel_pipe_reg[4]/D
  -------------------------------------------------------------------    -------------------

                         (clock clk_100 rise edge)    0.000     0.000 r  
    N15                                               0.000     0.000 r  clk (IN)
                         net (fo=0)                   0.000     0.000    clk
    N15                  IBUF (Prop_ibuf_I_O)         1.440     1.440 r  clk_IBUF_inst/O
                         net (fo=1, routed)           1.972     3.412    clk_IBUF
    BUFGCTRL_X0Y3        BUFG (Prop_bufg_I_O)         0.096     3.508 r  clk_IBUF_BUFG_inst/O
                         net (fo=45, routed)          1.557     5.065    framebuffer/U0/inst_blk_mem_gen/gnbram.gnativebmg.native_blk_mem_gen/valid.cstr/has_mux_b.B/clka
    SLICE_X13Y19         FDRE                                         r  framebuffer/U0/inst_blk_mem_gen/gnbram.gnativebmg.native_blk_mem_gen/valid.cstr/has_mux_b.B/no_softecc_sel_reg.ce_pri.sel_pipe_reg[4]/C
                         clock pessimism              0.000     5.065    
                         clock uncertainty            0.193     5.258    
    SLICE_X13Y19         FDRE (Hold_fdre_C_D)         0.287     5.545    framebuffer/U0/inst_blk_mem_gen/gnbram.gnativebmg.native_blk_mem_gen/valid.cstr/has_mux_b.B/no_softecc_sel_reg.ce_pri.sel_pipe_reg[4]
  -------------------------------------------------------------------
                         required time                         -5.545    
                         arrival time                           5.735    
  -------------------------------------------------------------------
                         slack                                  0.189    

Slack (MET) :             0.275ns  (arrival time - required time)
  Source:                 vga/hc_reg[1]/C
                            (rising edge-triggered cell FDCE clocked by clk_out1_clk_wiz_0  {rise@0.000ns fall@20.000ns period=40.000ns})
  Destination:            framebuffer/U0/inst_blk_mem_gen/gnbram.gnativebmg.native_blk_mem_gen/valid.cstr/ramloop[4].ram.r/prim_noinit.ram/DEVICE_7SERIES.NO_BMM_INFO.TRUE_DP.CASCADED_PRIM36.ram_B/ADDRBWRADDR[0]
                            (rising edge-triggered cell RAMB36E1 clocked by clk_100  {rise@0.000ns fall@5.000ns period=10.000ns})
  Path Group:             clk_100
  Path Type:              Hold (Min at Slow Process Corner)
  Requirement:            0.000ns  (clk_100 rise@0.000ns - clk_out1_clk_wiz_0 rise@0.000ns)
  Data Path Delay:        4.499ns  (logic 0.518ns (11.513%)  route 3.981ns (88.487%))
  Logic Levels:           1  (LUT1=1)
  Clock Path Skew:        3.671ns (DCD - SCD - CPR)
    Destination Clock Delay (DCD):    5.116ns
    Source Clock Delay      (SCD):    1.444ns
    Clock Pessimism Removal (CPR):    -0.000ns
  Clock Uncertainty:      0.193ns  ((TSJ^2 + DJ^2)^1/2) / 2 + PE
    Total System Jitter     (TSJ):    0.071ns
    Discrete Jitter          (DJ):    0.175ns
    Phase Error              (PE):    0.099ns
  Clock Domain Crossing:  Inter clock paths are considered valid unless explicitly excluded by timing constraints such as set_clock_groups or set_false_path.

    Location             Delay type                Incr(ns)  Path(ns)    Netlist Resource(s)
  -------------------------------------------------------------------    -------------------
                         (clock clk_out1_clk_wiz_0 rise edge)
                                                      0.000     0.000 r  
    BUFGCTRL_X0Y3        BUFG                         0.000     0.000 r  clk_IBUF_BUFG_inst/O
                         net (fo=45, routed)          1.457     1.457    clk_wiz/inst/clk_in1
    MMCME2_ADV_X1Y0      MMCME2_ADV (Prop_mmcme2_adv_CLKIN1_CLKOUT0)
                                                     -3.129    -1.672 r  clk_wiz/inst/mmcm_adv_inst/CLKOUT0
                         net (fo=1, routed)           1.581    -0.091    clk_wiz/inst/clk_out1_clk_wiz_0
    BUFGCTRL_X0Y0        BUFG (Prop_bufg_I_O)         0.091     0.000 r  clk_wiz/inst/clkout1_buf/O
                         net (fo=204, routed)         1.444     1.444    vga/CLK
    SLICE_X12Y15         FDCE                                         r  vga/hc_reg[1]/C
  -------------------------------------------------------------------    -------------------
    SLICE_X12Y15         FDCE (Prop_fdce_C_Q)         0.418     1.862 f  vga/hc_reg[1]/Q
                         net (fo=8, routed)           0.894     2.757    addrc/drawX[1]
    SLICE_X14Y15         LUT1 (Prop_lut1_I0_O)        0.100     2.857 r  addrc/addrb[0]_INST_0/O
                         net (fo=19, routed)          3.087     5.943    framebuffer/U0/inst_blk_mem_gen/gnbram.gnativebmg.native_blk_mem_gen/valid.cstr/ramloop[4].ram.r/prim_noinit.ram/addrb[0]
    RAMB36_X1Y7          RAMB36E1                                     r  framebuffer/U0/inst_blk_mem_gen/gnbram.gnativebmg.native_blk_mem_gen/valid.cstr/ramloop[4].ram.r/prim_noinit.ram/DEVICE_7SERIES.NO_BMM_INFO.TRUE_DP.CASCADED_PRIM36.ram_B/ADDRBWRADDR[0]
  -------------------------------------------------------------------    -------------------

                         (clock clk_100 rise edge)    0.000     0.000 r  
    N15                                               0.000     0.000 r  clk (IN)
                         net (fo=0)                   0.000     0.000    clk
    N15                  IBUF (Prop_ibuf_I_O)         1.440     1.440 r  clk_IBUF_inst/O
                         net (fo=1, routed)           1.972     3.412    clk_IBUF
    BUFGCTRL_X0Y3        BUFG (Prop_bufg_I_O)         0.096     3.508 r  clk_IBUF_BUFG_inst/O
                         net (fo=45, routed)          1.608     5.116    framebuffer/U0/inst_blk_mem_gen/gnbram.gnativebmg.native_blk_mem_gen/valid.cstr/ramloop[4].ram.r/prim_noinit.ram/clka
    RAMB36_X1Y7          RAMB36E1                                     r  framebuffer/U0/inst_blk_mem_gen/gnbram.gnativebmg.native_blk_mem_gen/valid.cstr/ramloop[4].ram.r/prim_noinit.ram/DEVICE_7SERIES.NO_BMM_INFO.TRUE_DP.CASCADED_PRIM36.ram_B/CLKBWRCLK
                         clock pessimism              0.000     5.116    
                         clock uncertainty            0.193     5.309    
    RAMB36_X1Y7          RAMB36E1 (Hold_ramb36e1_CLKBWRCLK_ADDRBWRADDR[0])
                                                      0.360     5.669    framebuffer/U0/inst_blk_mem_gen/gnbram.gnativebmg.native_blk_mem_gen/valid.cstr/ramloop[4].ram.r/prim_noinit.ram/DEVICE_7SERIES.NO_BMM_INFO.TRUE_DP.CASCADED_PRIM36.ram_B
  -------------------------------------------------------------------
                         required time                         -5.669    
                         arrival time                           5.943    
  -------------------------------------------------------------------
                         slack                                  0.275    

Slack (MET) :             0.382ns  (arrival time - required time)
  Source:                 vga/hc_reg[1]/C
                            (rising edge-triggered cell FDCE clocked by clk_out1_clk_wiz_0  {rise@0.000ns fall@20.000ns period=40.000ns})
  Destination:            framebuffer/U0/inst_blk_mem_gen/gnbram.gnativebmg.native_blk_mem_gen/valid.cstr/ramloop[1].ram.r/prim_noinit.ram/DEVICE_7SERIES.NO_BMM_INFO.TRUE_DP.CASCADED_PRIM36.ram_T/ADDRBWRADDR[0]
                            (rising edge-triggered cell RAMB36E1 clocked by clk_100  {rise@0.000ns fall@5.000ns period=10.000ns})
  Path Group:             clk_100
  Path Type:              Hold (Min at Slow Process Corner)
  Requirement:            0.000ns  (clk_100 rise@0.000ns - clk_out1_clk_wiz_0 rise@0.000ns)
  Data Path Delay:        4.599ns  (logic 0.518ns (11.263%)  route 4.081ns (88.737%))
  Logic Levels:           1  (LUT1=1)
  Clock Path Skew:        3.664ns (DCD - SCD - CPR)
    Destination Clock Delay (DCD):    5.109ns
    Source Clock Delay      (SCD):    1.444ns
    Clock Pessimism Removal (CPR):    -0.000ns
  Clock Uncertainty:      0.193ns  ((TSJ^2 + DJ^2)^1/2) / 2 + PE
    Total System Jitter     (TSJ):    0.071ns
    Discrete Jitter          (DJ):    0.175ns
    Phase Error              (PE):    0.099ns
  Clock Domain Crossing:  Inter clock paths are considered valid unless explicitly excluded by timing constraints such as set_clock_groups or set_false_path.

    Location             Delay type                Incr(ns)  Path(ns)    Netlist Resource(s)
  -------------------------------------------------------------------    -------------------
                         (clock clk_out1_clk_wiz_0 rise edge)
                                                      0.000     0.000 r  
    BUFGCTRL_X0Y3        BUFG                         0.000     0.000 r  clk_IBUF_BUFG_inst/O
                         net (fo=45, routed)          1.457     1.457    clk_wiz/inst/clk_in1
    MMCME2_ADV_X1Y0      MMCME2_ADV (Prop_mmcme2_adv_CLKIN1_CLKOUT0)
                                                     -3.129    -1.672 r  clk_wiz/inst/mmcm_adv_inst/CLKOUT0
                         net (fo=1, routed)           1.581    -0.091    clk_wiz/inst/clk_out1_clk_wiz_0
    BUFGCTRL_X0Y0        BUFG (Prop_bufg_I_O)         0.091     0.000 r  clk_wiz/inst/clkout1_buf/O
                         net (fo=204, routed)         1.444     1.444    vga/CLK
    SLICE_X12Y15         FDCE                                         r  vga/hc_reg[1]/C
  -------------------------------------------------------------------    -------------------
    SLICE_X12Y15         FDCE (Prop_fdce_C_Q)         0.418     1.862 f  vga/hc_reg[1]/Q
                         net (fo=8, routed)           0.894     2.757    addrc/drawX[1]
    SLICE_X14Y15         LUT1 (Prop_lut1_I0_O)        0.100     2.857 r  addrc/addrb[0]_INST_0/O
                         net (fo=19, routed)          3.187     6.044    framebuffer/U0/inst_blk_mem_gen/gnbram.gnativebmg.native_blk_mem_gen/valid.cstr/ramloop[1].ram.r/prim_noinit.ram/addrb[0]
    RAMB36_X0Y6          RAMB36E1                                     r  framebuffer/U0/inst_blk_mem_gen/gnbram.gnativebmg.native_blk_mem_gen/valid.cstr/ramloop[1].ram.r/prim_noinit.ram/DEVICE_7SERIES.NO_BMM_INFO.TRUE_DP.CASCADED_PRIM36.ram_T/ADDRBWRADDR[0]
  -------------------------------------------------------------------    -------------------

                         (clock clk_100 rise edge)    0.000     0.000 r  
    N15                                               0.000     0.000 r  clk (IN)
                         net (fo=0)                   0.000     0.000    clk
    N15                  IBUF (Prop_ibuf_I_O)         1.440     1.440 r  clk_IBUF_inst/O
                         net (fo=1, routed)           1.972     3.412    clk_IBUF
    BUFGCTRL_X0Y3        BUFG (Prop_bufg_I_O)         0.096     3.508 r  clk_IBUF_BUFG_inst/O
                         net (fo=45, routed)          1.601     5.109    framebuffer/U0/inst_blk_mem_gen/gnbram.gnativebmg.native_blk_mem_gen/valid.cstr/ramloop[1].ram.r/prim_noinit.ram/clka
    RAMB36_X0Y6          RAMB36E1                                     r  framebuffer/U0/inst_blk_mem_gen/gnbram.gnativebmg.native_blk_mem_gen/valid.cstr/ramloop[1].ram.r/prim_noinit.ram/DEVICE_7SERIES.NO_BMM_INFO.TRUE_DP.CASCADED_PRIM36.ram_T/CLKBWRCLK
                         clock pessimism              0.000     5.109    
                         clock uncertainty            0.193     5.302    
    RAMB36_X0Y6          RAMB36E1 (Hold_ramb36e1_CLKBWRCLK_ADDRBWRADDR[0])
                                                      0.360     5.662    framebuffer/U0/inst_blk_mem_gen/gnbram.gnativebmg.native_blk_mem_gen/valid.cstr/ramloop[1].ram.r/prim_noinit.ram/DEVICE_7SERIES.NO_BMM_INFO.TRUE_DP.CASCADED_PRIM36.ram_T
  -------------------------------------------------------------------
                         required time                         -5.662    
                         arrival time                           6.044    
  -------------------------------------------------------------------
                         slack                                  0.382    





---------------------------------------------------------------------------------------------------
From Clock:  clk_out3_clk_wiz_0
  To Clock:  clk_100

Setup :            0  Failing Endpoints,  Worst Slack        4.205ns,  Total Violation        0.000ns
Hold  :            0  Failing Endpoints,  Worst Slack        0.100ns,  Total Violation        0.000ns
---------------------------------------------------------------------------------------------------


Max Delay Paths
--------------------------------------------------------------------------------------
Slack (MET) :             4.205ns  (required time - arrival time)
  Source:                 alu_0/X_reg[8]/C
                            (rising edge-triggered cell FDRE clocked by clk_out3_clk_wiz_0  {rise@0.000ns fall@10.000ns period=20.000ns})
  Destination:            framebuffer/U0/inst_blk_mem_gen/gnbram.gnativebmg.native_blk_mem_gen/valid.cstr/ramloop[7].ram.r/prim_noinit.ram/DEVICE_7SERIES.NO_BMM_INFO.TRUE_DP.CASCADED_PRIM36.ram_B/ADDRARDADDR[9]
                            (rising edge-triggered cell RAMB36E1 clocked by clk_100  {rise@0.000ns fall@5.000ns period=10.000ns})
  Path Group:             clk_100
  Path Type:              Setup (Max at Slow Process Corner)
  Requirement:            10.000ns  (clk_100 rise@10.000ns - clk_out3_clk_wiz_0 rise@0.000ns)
  Data Path Delay:        8.128ns  (logic 1.142ns (14.050%)  route 6.986ns (85.950%))
  Logic Levels:           2  (CARRY4=1 LUT1=1)
  Clock Path Skew:        3.264ns (DCD - SCD + CPR)
    Destination Clock Delay (DCD):    4.815ns = ( 14.815 - 10.000 ) 
    Source Clock Delay      (SCD):    1.551ns
    Clock Pessimism Removal (CPR):    0.000ns
  Clock Uncertainty:      0.182ns  ((TSJ^2 + DJ^2)^1/2) / 2 + PE
    Total System Jitter     (TSJ):    0.071ns
    Discrete Jitter          (DJ):    0.152ns
    Phase Error              (PE):    0.099ns
  Clock Domain Crossing:  Inter clock paths are considered valid unless explicitly excluded by timing constraints such as set_clock_groups or set_false_path.

    Location             Delay type                Incr(ns)  Path(ns)    Netlist Resource(s)
  -------------------------------------------------------------------    -------------------
                         (clock clk_out3_clk_wiz_0 rise edge)
                                                      0.000     0.000 r  
    BUFGCTRL_X0Y3        BUFG                         0.000     0.000 r  clk_IBUF_BUFG_inst/O
                         net (fo=45, routed)          1.575     1.575    clk_wiz/inst/clk_in1
    MMCME2_ADV_X1Y0      MMCME2_ADV (Prop_mmcme2_adv_CLKIN1_CLKOUT2)
                                                     -3.333    -1.757 r  clk_wiz/inst/mmcm_adv_inst/CLKOUT2
                         net (fo=1, routed)           1.661    -0.096    clk_wiz/inst/clk_out3_clk_wiz_0
    BUFGCTRL_X0Y2        BUFG (Prop_bufg_I_O)         0.096    -0.000 r  clk_wiz/inst/clkout3_buf/O
                         net (fo=35, routed)          1.551     1.551    alu_0/clk
    SLICE_X13Y23         FDRE                                         r  alu_0/X_reg[8]/C
  -------------------------------------------------------------------    -------------------
    SLICE_X13Y23         FDRE (Prop_fdre_C_Q)         0.419     1.970 f  alu_0/X_reg[8]/Q
                         net (fo=1, routed)           1.106     3.077    addrc/pixelX[8]
    SLICE_X14Y23         LUT1 (Prop_lut1_I0_O)        0.296     3.373 r  addrc/addra[8]_INST_0_i_2/O
                         net (fo=1, routed)           0.000     3.373    addrc/addra[8]_INST_0_i_2_n_0
    SLICE_X14Y23         CARRY4 (Prop_carry4_S[0]_O[1])
                                                      0.427     3.800 r  addrc/addra[8]_INST_0/O[1]
                         net (fo=19, routed)          5.880     9.680    framebuffer/U0/inst_blk_mem_gen/gnbram.gnativebmg.native_blk_mem_gen/valid.cstr/ramloop[7].ram.r/prim_noinit.ram/addra[9]
    RAMB36_X2Y3          RAMB36E1                                     r  framebuffer/U0/inst_blk_mem_gen/gnbram.gnativebmg.native_blk_mem_gen/valid.cstr/ramloop[7].ram.r/prim_noinit.ram/DEVICE_7SERIES.NO_BMM_INFO.TRUE_DP.CASCADED_PRIM36.ram_B/ADDRARDADDR[9]
  -------------------------------------------------------------------    -------------------

                         (clock clk_100 rise edge)   10.000    10.000 r  
    N15                                               0.000    10.000 r  clk (IN)
                         net (fo=0)                   0.000    10.000    clk
    N15                  IBUF (Prop_ibuf_I_O)         1.370    11.370 r  clk_IBUF_inst/O
                         net (fo=1, routed)           1.868    13.238    clk_IBUF
    BUFGCTRL_X0Y3        BUFG (Prop_bufg_I_O)         0.091    13.329 r  clk_IBUF_BUFG_inst/O
                         net (fo=45, routed)          1.486    14.815    framebuffer/U0/inst_blk_mem_gen/gnbram.gnativebmg.native_blk_mem_gen/valid.cstr/ramloop[7].ram.r/prim_noinit.ram/clka
    RAMB36_X2Y3          RAMB36E1                                     r  framebuffer/U0/inst_blk_mem_gen/gnbram.gnativebmg.native_blk_mem_gen/valid.cstr/ramloop[7].ram.r/prim_noinit.ram/DEVICE_7SERIES.NO_BMM_INFO.TRUE_DP.CASCADED_PRIM36.ram_B/CLKARDCLK
                         clock pessimism              0.000    14.815    
                         clock uncertainty           -0.182    14.633    
    RAMB36_X2Y3          RAMB36E1 (Setup_ramb36e1_CLKARDCLK_ADDRARDADDR[9])
                                                     -0.748    13.885    framebuffer/U0/inst_blk_mem_gen/gnbram.gnativebmg.native_blk_mem_gen/valid.cstr/ramloop[7].ram.r/prim_noinit.ram/DEVICE_7SERIES.NO_BMM_INFO.TRUE_DP.CASCADED_PRIM36.ram_B
  -------------------------------------------------------------------
                         required time                         13.885    
                         arrival time                          -9.680    
  -------------------------------------------------------------------
                         slack                                  4.205    

Slack (MET) :             4.486ns  (required time - arrival time)
  Source:                 alu_0/X_reg[8]/C
                            (rising edge-triggered cell FDRE clocked by clk_out3_clk_wiz_0  {rise@0.000ns fall@10.000ns period=20.000ns})
  Destination:            framebuffer/U0/inst_blk_mem_gen/gnbram.gnativebmg.native_blk_mem_gen/valid.cstr/ramloop[6].ram.r/prim_noinit.ram/DEVICE_7SERIES.NO_BMM_INFO.TRUE_DP.CASCADED_PRIM36.ram_T/ADDRARDADDR[9]
                            (rising edge-triggered cell RAMB36E1 clocked by clk_100  {rise@0.000ns fall@5.000ns period=10.000ns})
  Path Group:             clk_100
  Path Type:              Setup (Max at Slow Process Corner)
  Requirement:            10.000ns  (clk_100 rise@10.000ns - clk_out3_clk_wiz_0 rise@0.000ns)
  Data Path Delay:        7.854ns  (logic 1.142ns (14.540%)  route 6.712ns (85.460%))
  Logic Levels:           2  (CARRY4=1 LUT1=1)
  Clock Path Skew:        3.271ns (DCD - SCD + CPR)
    Destination Clock Delay (DCD):    4.822ns = ( 14.822 - 10.000 ) 
    Source Clock Delay      (SCD):    1.551ns
    Clock Pessimism Removal (CPR):    0.000ns
  Clock Uncertainty:      0.182ns  ((TSJ^2 + DJ^2)^1/2) / 2 + PE
    Total System Jitter     (TSJ):    0.071ns
    Discrete Jitter          (DJ):    0.152ns
    Phase Error              (PE):    0.099ns
  Clock Domain Crossing:  Inter clock paths are considered valid unless explicitly excluded by timing constraints such as set_clock_groups or set_false_path.

    Location             Delay type                Incr(ns)  Path(ns)    Netlist Resource(s)
  -------------------------------------------------------------------    -------------------
                         (clock clk_out3_clk_wiz_0 rise edge)
                                                      0.000     0.000 r  
    BUFGCTRL_X0Y3        BUFG                         0.000     0.000 r  clk_IBUF_BUFG_inst/O
                         net (fo=45, routed)          1.575     1.575    clk_wiz/inst/clk_in1
    MMCME2_ADV_X1Y0      MMCME2_ADV (Prop_mmcme2_adv_CLKIN1_CLKOUT2)
                                                     -3.333    -1.757 r  clk_wiz/inst/mmcm_adv_inst/CLKOUT2
                         net (fo=1, routed)           1.661    -0.096    clk_wiz/inst/clk_out3_clk_wiz_0
    BUFGCTRL_X0Y2        BUFG (Prop_bufg_I_O)         0.096    -0.000 r  clk_wiz/inst/clkout3_buf/O
                         net (fo=35, routed)          1.551     1.551    alu_0/clk
    SLICE_X13Y23         FDRE                                         r  alu_0/X_reg[8]/C
  -------------------------------------------------------------------    -------------------
    SLICE_X13Y23         FDRE (Prop_fdre_C_Q)         0.419     1.970 f  alu_0/X_reg[8]/Q
                         net (fo=1, routed)           1.106     3.077    addrc/pixelX[8]
    SLICE_X14Y23         LUT1 (Prop_lut1_I0_O)        0.296     3.373 r  addrc/addra[8]_INST_0_i_2/O
                         net (fo=1, routed)           0.000     3.373    addrc/addra[8]_INST_0_i_2_n_0
    SLICE_X14Y23         CARRY4 (Prop_carry4_S[0]_O[1])
                                                      0.427     3.800 r  addrc/addra[8]_INST_0/O[1]
                         net (fo=19, routed)          5.606     9.406    framebuffer/U0/inst_blk_mem_gen/gnbram.gnativebmg.native_blk_mem_gen/valid.cstr/ramloop[6].ram.r/prim_noinit.ram/addra[9]
    RAMB36_X2Y7          RAMB36E1                                     r  framebuffer/U0/inst_blk_mem_gen/gnbram.gnativebmg.native_blk_mem_gen/valid.cstr/ramloop[6].ram.r/prim_noinit.ram/DEVICE_7SERIES.NO_BMM_INFO.TRUE_DP.CASCADED_PRIM36.ram_T/ADDRARDADDR[9]
  -------------------------------------------------------------------    -------------------

                         (clock clk_100 rise edge)   10.000    10.000 r  
    N15                                               0.000    10.000 r  clk (IN)
                         net (fo=0)                   0.000    10.000    clk
    N15                  IBUF (Prop_ibuf_I_O)         1.370    11.370 r  clk_IBUF_inst/O
                         net (fo=1, routed)           1.868    13.238    clk_IBUF
    BUFGCTRL_X0Y3        BUFG (Prop_bufg_I_O)         0.091    13.329 r  clk_IBUF_BUFG_inst/O
                         net (fo=45, routed)          1.493    14.822    framebuffer/U0/inst_blk_mem_gen/gnbram.gnativebmg.native_blk_mem_gen/valid.cstr/ramloop[6].ram.r/prim_noinit.ram/clka
    RAMB36_X2Y7          RAMB36E1                                     r  framebuffer/U0/inst_blk_mem_gen/gnbram.gnativebmg.native_blk_mem_gen/valid.cstr/ramloop[6].ram.r/prim_noinit.ram/DEVICE_7SERIES.NO_BMM_INFO.TRUE_DP.CASCADED_PRIM36.ram_T/CLKARDCLK
                         clock pessimism              0.000    14.822    
                         clock uncertainty           -0.182    14.640    
    RAMB36_X2Y7          RAMB36E1 (Setup_ramb36e1_CLKARDCLK_ADDRARDADDR[9])
                                                     -0.748    13.892    framebuffer/U0/inst_blk_mem_gen/gnbram.gnativebmg.native_blk_mem_gen/valid.cstr/ramloop[6].ram.r/prim_noinit.ram/DEVICE_7SERIES.NO_BMM_INFO.TRUE_DP.CASCADED_PRIM36.ram_T
  -------------------------------------------------------------------
                         required time                         13.892    
                         arrival time                          -9.406    
  -------------------------------------------------------------------
                         slack                                  4.486    

Slack (MET) :             4.518ns  (required time - arrival time)
  Source:                 alu_0/X_reg[8]/C
                            (rising edge-triggered cell FDRE clocked by clk_out3_clk_wiz_0  {rise@0.000ns fall@10.000ns period=20.000ns})
  Destination:            framebuffer/U0/inst_blk_mem_gen/gnbram.gnativebmg.native_blk_mem_gen/valid.cstr/ramloop[4].ram.r/prim_noinit.ram/DEVICE_7SERIES.NO_BMM_INFO.TRUE_DP.CASCADED_PRIM36.ram_T/ADDRARDADDR[9]
                            (rising edge-triggered cell RAMB36E1 clocked by clk_100  {rise@0.000ns fall@5.000ns period=10.000ns})
  Path Group:             clk_100
  Path Type:              Setup (Max at Slow Process Corner)
  Requirement:            10.000ns  (clk_100 rise@10.000ns - clk_out3_clk_wiz_0 rise@0.000ns)
  Data Path Delay:        7.823ns  (logic 1.142ns (14.598%)  route 6.681ns (85.402%))
  Logic Levels:           2  (CARRY4=1 LUT1=1)
  Clock Path Skew:        3.272ns (DCD - SCD + CPR)
    Destination Clock Delay (DCD):    4.823ns = ( 14.823 - 10.000 ) 
    Source Clock Delay      (SCD):    1.551ns
    Clock Pessimism Removal (CPR):    0.000ns
  Clock Uncertainty:      0.182ns  ((TSJ^2 + DJ^2)^1/2) / 2 + PE
    Total System Jitter     (TSJ):    0.071ns
    Discrete Jitter          (DJ):    0.152ns
    Phase Error              (PE):    0.099ns
  Clock Domain Crossing:  Inter clock paths are considered valid unless explicitly excluded by timing constraints such as set_clock_groups or set_false_path.

    Location             Delay type                Incr(ns)  Path(ns)    Netlist Resource(s)
  -------------------------------------------------------------------    -------------------
                         (clock clk_out3_clk_wiz_0 rise edge)
                                                      0.000     0.000 r  
    BUFGCTRL_X0Y3        BUFG                         0.000     0.000 r  clk_IBUF_BUFG_inst/O
                         net (fo=45, routed)          1.575     1.575    clk_wiz/inst/clk_in1
    MMCME2_ADV_X1Y0      MMCME2_ADV (Prop_mmcme2_adv_CLKIN1_CLKOUT2)
                                                     -3.333    -1.757 r  clk_wiz/inst/mmcm_adv_inst/CLKOUT2
                         net (fo=1, routed)           1.661    -0.096    clk_wiz/inst/clk_out3_clk_wiz_0
    BUFGCTRL_X0Y2        BUFG (Prop_bufg_I_O)         0.096    -0.000 r  clk_wiz/inst/clkout3_buf/O
                         net (fo=35, routed)          1.551     1.551    alu_0/clk
    SLICE_X13Y23         FDRE                                         r  alu_0/X_reg[8]/C
  -------------------------------------------------------------------    -------------------
    SLICE_X13Y23         FDRE (Prop_fdre_C_Q)         0.419     1.970 f  alu_0/X_reg[8]/Q
                         net (fo=1, routed)           1.106     3.077    addrc/pixelX[8]
    SLICE_X14Y23         LUT1 (Prop_lut1_I0_O)        0.296     3.373 r  addrc/addra[8]_INST_0_i_2/O
                         net (fo=1, routed)           0.000     3.373    addrc/addra[8]_INST_0_i_2_n_0
    SLICE_X14Y23         CARRY4 (Prop_carry4_S[0]_O[1])
                                                      0.427     3.800 r  addrc/addra[8]_INST_0/O[1]
                         net (fo=19, routed)          5.575     9.374    framebuffer/U0/inst_blk_mem_gen/gnbram.gnativebmg.native_blk_mem_gen/valid.cstr/ramloop[4].ram.r/prim_noinit.ram/addra[9]
    RAMB36_X1Y8          RAMB36E1                                     r  framebuffer/U0/inst_blk_mem_gen/gnbram.gnativebmg.native_blk_mem_gen/valid.cstr/ramloop[4].ram.r/prim_noinit.ram/DEVICE_7SERIES.NO_BMM_INFO.TRUE_DP.CASCADED_PRIM36.ram_T/ADDRARDADDR[9]
  -------------------------------------------------------------------    -------------------

                         (clock clk_100 rise edge)   10.000    10.000 r  
    N15                                               0.000    10.000 r  clk (IN)
                         net (fo=0)                   0.000    10.000    clk
    N15                  IBUF (Prop_ibuf_I_O)         1.370    11.370 r  clk_IBUF_inst/O
                         net (fo=1, routed)           1.868    13.238    clk_IBUF
    BUFGCTRL_X0Y3        BUFG (Prop_bufg_I_O)         0.091    13.329 r  clk_IBUF_BUFG_inst/O
                         net (fo=45, routed)          1.494    14.823    framebuffer/U0/inst_blk_mem_gen/gnbram.gnativebmg.native_blk_mem_gen/valid.cstr/ramloop[4].ram.r/prim_noinit.ram/clka
    RAMB36_X1Y8          RAMB36E1                                     r  framebuffer/U0/inst_blk_mem_gen/gnbram.gnativebmg.native_blk_mem_gen/valid.cstr/ramloop[4].ram.r/prim_noinit.ram/DEVICE_7SERIES.NO_BMM_INFO.TRUE_DP.CASCADED_PRIM36.ram_T/CLKARDCLK
                         clock pessimism              0.000    14.823    
                         clock uncertainty           -0.182    14.641    
    RAMB36_X1Y8          RAMB36E1 (Setup_ramb36e1_CLKARDCLK_ADDRARDADDR[9])
                                                     -0.748    13.893    framebuffer/U0/inst_blk_mem_gen/gnbram.gnativebmg.native_blk_mem_gen/valid.cstr/ramloop[4].ram.r/prim_noinit.ram/DEVICE_7SERIES.NO_BMM_INFO.TRUE_DP.CASCADED_PRIM36.ram_T
  -------------------------------------------------------------------
                         required time                         13.893    
                         arrival time                          -9.374    
  -------------------------------------------------------------------
                         slack                                  4.518    

Slack (MET) :             4.538ns  (required time - arrival time)
  Source:                 alu_0/X_reg[8]/C
                            (rising edge-triggered cell FDRE clocked by clk_out3_clk_wiz_0  {rise@0.000ns fall@10.000ns period=20.000ns})
  Destination:            framebuffer/U0/inst_blk_mem_gen/gnbram.gnativebmg.native_blk_mem_gen/valid.cstr/ramloop[7].ram.r/prim_noinit.ram/DEVICE_7SERIES.NO_BMM_INFO.TRUE_DP.CASCADED_PRIM36.ram_T/ADDRARDADDR[9]
                            (rising edge-triggered cell RAMB36E1 clocked by clk_100  {rise@0.000ns fall@5.000ns period=10.000ns})
  Path Group:             clk_100
  Path Type:              Setup (Max at Slow Process Corner)
  Requirement:            10.000ns  (clk_100 rise@10.000ns - clk_out3_clk_wiz_0 rise@0.000ns)
  Data Path Delay:        7.790ns  (logic 1.142ns (14.659%)  route 6.648ns (85.341%))
  Logic Levels:           2  (CARRY4=1 LUT1=1)
  Clock Path Skew:        3.259ns (DCD - SCD + CPR)
    Destination Clock Delay (DCD):    4.810ns = ( 14.810 - 10.000 ) 
    Source Clock Delay      (SCD):    1.551ns
    Clock Pessimism Removal (CPR):    0.000ns
  Clock Uncertainty:      0.182ns  ((TSJ^2 + DJ^2)^1/2) / 2 + PE
    Total System Jitter     (TSJ):    0.071ns
    Discrete Jitter          (DJ):    0.152ns
    Phase Error              (PE):    0.099ns
  Clock Domain Crossing:  Inter clock paths are considered valid unless explicitly excluded by timing constraints such as set_clock_groups or set_false_path.

    Location             Delay type                Incr(ns)  Path(ns)    Netlist Resource(s)
  -------------------------------------------------------------------    -------------------
                         (clock clk_out3_clk_wiz_0 rise edge)
                                                      0.000     0.000 r  
    BUFGCTRL_X0Y3        BUFG                         0.000     0.000 r  clk_IBUF_BUFG_inst/O
                         net (fo=45, routed)          1.575     1.575    clk_wiz/inst/clk_in1
    MMCME2_ADV_X1Y0      MMCME2_ADV (Prop_mmcme2_adv_CLKIN1_CLKOUT2)
                                                     -3.333    -1.757 r  clk_wiz/inst/mmcm_adv_inst/CLKOUT2
                         net (fo=1, routed)           1.661    -0.096    clk_wiz/inst/clk_out3_clk_wiz_0
    BUFGCTRL_X0Y2        BUFG (Prop_bufg_I_O)         0.096    -0.000 r  clk_wiz/inst/clkout3_buf/O
                         net (fo=35, routed)          1.551     1.551    alu_0/clk
    SLICE_X13Y23         FDRE                                         r  alu_0/X_reg[8]/C
  -------------------------------------------------------------------    -------------------
    SLICE_X13Y23         FDRE (Prop_fdre_C_Q)         0.419     1.970 f  alu_0/X_reg[8]/Q
                         net (fo=1, routed)           1.106     3.077    addrc/pixelX[8]
    SLICE_X14Y23         LUT1 (Prop_lut1_I0_O)        0.296     3.373 r  addrc/addra[8]_INST_0_i_2/O
                         net (fo=1, routed)           0.000     3.373    addrc/addra[8]_INST_0_i_2_n_0
    SLICE_X14Y23         CARRY4 (Prop_carry4_S[0]_O[1])
                                                      0.427     3.800 r  addrc/addra[8]_INST_0/O[1]
                         net (fo=19, routed)          5.542     9.342    framebuffer/U0/inst_blk_mem_gen/gnbram.gnativebmg.native_blk_mem_gen/valid.cstr/ramloop[7].ram.r/prim_noinit.ram/addra[9]
    RAMB36_X2Y4          RAMB36E1                                     r  framebuffer/U0/inst_blk_mem_gen/gnbram.gnativebmg.native_blk_mem_gen/valid.cstr/ramloop[7].ram.r/prim_noinit.ram/DEVICE_7SERIES.NO_BMM_INFO.TRUE_DP.CASCADED_PRIM36.ram_T/ADDRARDADDR[9]
  -------------------------------------------------------------------    -------------------

                         (clock clk_100 rise edge)   10.000    10.000 r  
    N15                                               0.000    10.000 r  clk (IN)
                         net (fo=0)                   0.000    10.000    clk
    N15                  IBUF (Prop_ibuf_I_O)         1.370    11.370 r  clk_IBUF_inst/O
                         net (fo=1, routed)           1.868    13.238    clk_IBUF
    BUFGCTRL_X0Y3        BUFG (Prop_bufg_I_O)         0.091    13.329 r  clk_IBUF_BUFG_inst/O
                         net (fo=45, routed)          1.481    14.810    framebuffer/U0/inst_blk_mem_gen/gnbram.gnativebmg.native_blk_mem_gen/valid.cstr/ramloop[7].ram.r/prim_noinit.ram/clka
    RAMB36_X2Y4          RAMB36E1                                     r  framebuffer/U0/inst_blk_mem_gen/gnbram.gnativebmg.native_blk_mem_gen/valid.cstr/ramloop[7].ram.r/prim_noinit.ram/DEVICE_7SERIES.NO_BMM_INFO.TRUE_DP.CASCADED_PRIM36.ram_T/CLKARDCLK
                         clock pessimism              0.000    14.810    
                         clock uncertainty           -0.182    14.628    
    RAMB36_X2Y4          RAMB36E1 (Setup_ramb36e1_CLKARDCLK_ADDRARDADDR[9])
                                                     -0.748    13.880    framebuffer/U0/inst_blk_mem_gen/gnbram.gnativebmg.native_blk_mem_gen/valid.cstr/ramloop[7].ram.r/prim_noinit.ram/DEVICE_7SERIES.NO_BMM_INFO.TRUE_DP.CASCADED_PRIM36.ram_T
  -------------------------------------------------------------------
                         required time                         13.880    
                         arrival time                          -9.342    
  -------------------------------------------------------------------
                         slack                                  4.538    

Slack (MET) :             4.647ns  (required time - arrival time)
  Source:                 alu_0/X_reg[8]/C
                            (rising edge-triggered cell FDRE clocked by clk_out3_clk_wiz_0  {rise@0.000ns fall@10.000ns period=20.000ns})
  Destination:            framebuffer/U0/inst_blk_mem_gen/gnbram.gnativebmg.native_blk_mem_gen/valid.cstr/ramloop[9].ram.r/prim_noinit.ram/DEVICE_7SERIES.NO_BMM_INFO.TRUE_DP.CASCADED_PRIM36.ram_B/ADDRARDADDR[9]
                            (rising edge-triggered cell RAMB36E1 clocked by clk_100  {rise@0.000ns fall@5.000ns period=10.000ns})
  Path Group:             clk_100
  Path Type:              Setup (Max at Slow Process Corner)
  Requirement:            10.000ns  (clk_100 rise@10.000ns - clk_out3_clk_wiz_0 rise@0.000ns)
  Data Path Delay:        7.689ns  (logic 1.142ns (14.852%)  route 6.547ns (85.148%))
  Logic Levels:           2  (CARRY4=1 LUT1=1)
  Clock Path Skew:        3.267ns (DCD - SCD + CPR)
    Destination Clock Delay (DCD):    4.818ns = ( 14.818 - 10.000 ) 
    Source Clock Delay      (SCD):    1.551ns
    Clock Pessimism Removal (CPR):    0.000ns
  Clock Uncertainty:      0.182ns  ((TSJ^2 + DJ^2)^1/2) / 2 + PE
    Total System Jitter     (TSJ):    0.071ns
    Discrete Jitter          (DJ):    0.152ns
    Phase Error              (PE):    0.099ns
  Clock Domain Crossing:  Inter clock paths are considered valid unless explicitly excluded by timing constraints such as set_clock_groups or set_false_path.

    Location             Delay type                Incr(ns)  Path(ns)    Netlist Resource(s)
  -------------------------------------------------------------------    -------------------
                         (clock clk_out3_clk_wiz_0 rise edge)
                                                      0.000     0.000 r  
    BUFGCTRL_X0Y3        BUFG                         0.000     0.000 r  clk_IBUF_BUFG_inst/O
                         net (fo=45, routed)          1.575     1.575    clk_wiz/inst/clk_in1
    MMCME2_ADV_X1Y0      MMCME2_ADV (Prop_mmcme2_adv_CLKIN1_CLKOUT2)
                                                     -3.333    -1.757 r  clk_wiz/inst/mmcm_adv_inst/CLKOUT2
                         net (fo=1, routed)           1.661    -0.096    clk_wiz/inst/clk_out3_clk_wiz_0
    BUFGCTRL_X0Y2        BUFG (Prop_bufg_I_O)         0.096    -0.000 r  clk_wiz/inst/clkout3_buf/O
                         net (fo=35, routed)          1.551     1.551    alu_0/clk
    SLICE_X13Y23         FDRE                                         r  alu_0/X_reg[8]/C
  -------------------------------------------------------------------    -------------------
    SLICE_X13Y23         FDRE (Prop_fdre_C_Q)         0.419     1.970 f  alu_0/X_reg[8]/Q
                         net (fo=1, routed)           1.106     3.077    addrc/pixelX[8]
    SLICE_X14Y23         LUT1 (Prop_lut1_I0_O)        0.296     3.373 r  addrc/addra[8]_INST_0_i_2/O
                         net (fo=1, routed)           0.000     3.373    addrc/addra[8]_INST_0_i_2_n_0
    SLICE_X14Y23         CARRY4 (Prop_carry4_S[0]_O[1])
                                                      0.427     3.800 r  addrc/addra[8]_INST_0/O[1]
                         net (fo=19, routed)          5.441     9.240    framebuffer/U0/inst_blk_mem_gen/gnbram.gnativebmg.native_blk_mem_gen/valid.cstr/ramloop[9].ram.r/prim_noinit.ram/addra[9]
    RAMB36_X1Y2          RAMB36E1                                     r  framebuffer/U0/inst_blk_mem_gen/gnbram.gnativebmg.native_blk_mem_gen/valid.cstr/ramloop[9].ram.r/prim_noinit.ram/DEVICE_7SERIES.NO_BMM_INFO.TRUE_DP.CASCADED_PRIM36.ram_B/ADDRARDADDR[9]
  -------------------------------------------------------------------    -------------------

                         (clock clk_100 rise edge)   10.000    10.000 r  
    N15                                               0.000    10.000 r  clk (IN)
                         net (fo=0)                   0.000    10.000    clk
    N15                  IBUF (Prop_ibuf_I_O)         1.370    11.370 r  clk_IBUF_inst/O
                         net (fo=1, routed)           1.868    13.238    clk_IBUF
    BUFGCTRL_X0Y3        BUFG (Prop_bufg_I_O)         0.091    13.329 r  clk_IBUF_BUFG_inst/O
                         net (fo=45, routed)          1.489    14.818    framebuffer/U0/inst_blk_mem_gen/gnbram.gnativebmg.native_blk_mem_gen/valid.cstr/ramloop[9].ram.r/prim_noinit.ram/clka
    RAMB36_X1Y2          RAMB36E1                                     r  framebuffer/U0/inst_blk_mem_gen/gnbram.gnativebmg.native_blk_mem_gen/valid.cstr/ramloop[9].ram.r/prim_noinit.ram/DEVICE_7SERIES.NO_BMM_INFO.TRUE_DP.CASCADED_PRIM36.ram_B/CLKARDCLK
                         clock pessimism              0.000    14.818    
                         clock uncertainty           -0.182    14.636    
    RAMB36_X1Y2          RAMB36E1 (Setup_ramb36e1_CLKARDCLK_ADDRARDADDR[9])
                                                     -0.748    13.888    framebuffer/U0/inst_blk_mem_gen/gnbram.gnativebmg.native_blk_mem_gen/valid.cstr/ramloop[9].ram.r/prim_noinit.ram/DEVICE_7SERIES.NO_BMM_INFO.TRUE_DP.CASCADED_PRIM36.ram_B
  -------------------------------------------------------------------
                         required time                         13.888    
                         arrival time                          -9.240    
  -------------------------------------------------------------------
                         slack                                  4.647    

Slack (MET) :             4.729ns  (required time - arrival time)
  Source:                 alu_0/X_reg[8]/C
                            (rising edge-triggered cell FDRE clocked by clk_out3_clk_wiz_0  {rise@0.000ns fall@10.000ns period=20.000ns})
  Destination:            framebuffer/U0/inst_blk_mem_gen/gnbram.gnativebmg.native_blk_mem_gen/valid.cstr/ramloop[6].ram.r/prim_noinit.ram/DEVICE_7SERIES.NO_BMM_INFO.TRUE_DP.CASCADED_PRIM36.ram_T/ADDRARDADDR[8]
                            (rising edge-triggered cell RAMB36E1 clocked by clk_100  {rise@0.000ns fall@5.000ns period=10.000ns})
  Path Group:             clk_100
  Path Type:              Setup (Max at Slow Process Corner)
  Requirement:            10.000ns  (clk_100 rise@10.000ns - clk_out3_clk_wiz_0 rise@0.000ns)
  Data Path Delay:        7.622ns  (logic 0.967ns (12.687%)  route 6.655ns (87.313%))
  Logic Levels:           2  (CARRY4=1 LUT1=1)
  Clock Path Skew:        3.271ns (DCD - SCD + CPR)
    Destination Clock Delay (DCD):    4.822ns = ( 14.822 - 10.000 ) 
    Source Clock Delay      (SCD):    1.551ns
    Clock Pessimism Removal (CPR):    0.000ns
  Clock Uncertainty:      0.182ns  ((TSJ^2 + DJ^2)^1/2) / 2 + PE
    Total System Jitter     (TSJ):    0.071ns
    Discrete Jitter          (DJ):    0.152ns
    Phase Error              (PE):    0.099ns
  Clock Domain Crossing:  Inter clock paths are considered valid unless explicitly excluded by timing constraints such as set_clock_groups or set_false_path.

    Location             Delay type                Incr(ns)  Path(ns)    Netlist Resource(s)
  -------------------------------------------------------------------    -------------------
                         (clock clk_out3_clk_wiz_0 rise edge)
                                                      0.000     0.000 r  
    BUFGCTRL_X0Y3        BUFG                         0.000     0.000 r  clk_IBUF_BUFG_inst/O
                         net (fo=45, routed)          1.575     1.575    clk_wiz/inst/clk_in1
    MMCME2_ADV_X1Y0      MMCME2_ADV (Prop_mmcme2_adv_CLKIN1_CLKOUT2)
                                                     -3.333    -1.757 r  clk_wiz/inst/mmcm_adv_inst/CLKOUT2
                         net (fo=1, routed)           1.661    -0.096    clk_wiz/inst/clk_out3_clk_wiz_0
    BUFGCTRL_X0Y2        BUFG (Prop_bufg_I_O)         0.096    -0.000 r  clk_wiz/inst/clkout3_buf/O
                         net (fo=35, routed)          1.551     1.551    alu_0/clk
    SLICE_X13Y23         FDRE                                         r  alu_0/X_reg[8]/C
  -------------------------------------------------------------------    -------------------
    SLICE_X13Y23         FDRE (Prop_fdre_C_Q)         0.419     1.970 f  alu_0/X_reg[8]/Q
                         net (fo=1, routed)           1.106     3.077    addrc/pixelX[8]
    SLICE_X14Y23         LUT1 (Prop_lut1_I0_O)        0.296     3.373 r  addrc/addra[8]_INST_0_i_2/O
                         net (fo=1, routed)           0.000     3.373    addrc/addra[8]_INST_0_i_2_n_0
    SLICE_X14Y23         CARRY4 (Prop_carry4_S[0]_O[0])
                                                      0.252     3.625 r  addrc/addra[8]_INST_0/O[0]
                         net (fo=19, routed)          5.549     9.174    framebuffer/U0/inst_blk_mem_gen/gnbram.gnativebmg.native_blk_mem_gen/valid.cstr/ramloop[6].ram.r/prim_noinit.ram/addra[8]
    RAMB36_X2Y7          RAMB36E1                                     r  framebuffer/U0/inst_blk_mem_gen/gnbram.gnativebmg.native_blk_mem_gen/valid.cstr/ramloop[6].ram.r/prim_noinit.ram/DEVICE_7SERIES.NO_BMM_INFO.TRUE_DP.CASCADED_PRIM36.ram_T/ADDRARDADDR[8]
  -------------------------------------------------------------------    -------------------

                         (clock clk_100 rise edge)   10.000    10.000 r  
    N15                                               0.000    10.000 r  clk (IN)
                         net (fo=0)                   0.000    10.000    clk
    N15                  IBUF (Prop_ibuf_I_O)         1.370    11.370 r  clk_IBUF_inst/O
                         net (fo=1, routed)           1.868    13.238    clk_IBUF
    BUFGCTRL_X0Y3        BUFG (Prop_bufg_I_O)         0.091    13.329 r  clk_IBUF_BUFG_inst/O
                         net (fo=45, routed)          1.493    14.822    framebuffer/U0/inst_blk_mem_gen/gnbram.gnativebmg.native_blk_mem_gen/valid.cstr/ramloop[6].ram.r/prim_noinit.ram/clka
    RAMB36_X2Y7          RAMB36E1                                     r  framebuffer/U0/inst_blk_mem_gen/gnbram.gnativebmg.native_blk_mem_gen/valid.cstr/ramloop[6].ram.r/prim_noinit.ram/DEVICE_7SERIES.NO_BMM_INFO.TRUE_DP.CASCADED_PRIM36.ram_T/CLKARDCLK
                         clock pessimism              0.000    14.822    
                         clock uncertainty           -0.182    14.640    
    RAMB36_X2Y7          RAMB36E1 (Setup_ramb36e1_CLKARDCLK_ADDRARDADDR[8])
                                                     -0.737    13.903    framebuffer/U0/inst_blk_mem_gen/gnbram.gnativebmg.native_blk_mem_gen/valid.cstr/ramloop[6].ram.r/prim_noinit.ram/DEVICE_7SERIES.NO_BMM_INFO.TRUE_DP.CASCADED_PRIM36.ram_T
  -------------------------------------------------------------------
                         required time                         13.903    
                         arrival time                          -9.174    
  -------------------------------------------------------------------
                         slack                                  4.729    

Slack (MET) :             4.820ns  (required time - arrival time)
  Source:                 alu_0/X_reg[8]/C
                            (rising edge-triggered cell FDRE clocked by clk_out3_clk_wiz_0  {rise@0.000ns fall@10.000ns period=20.000ns})
  Destination:            framebuffer/U0/inst_blk_mem_gen/gnbram.gnativebmg.native_blk_mem_gen/valid.cstr/ramloop[6].ram.r/prim_noinit.ram/DEVICE_7SERIES.NO_BMM_INFO.TRUE_DP.CASCADED_PRIM36.ram_B/ADDRARDADDR[9]
                            (rising edge-triggered cell RAMB36E1 clocked by clk_100  {rise@0.000ns fall@5.000ns period=10.000ns})
  Path Group:             clk_100
  Path Type:              Setup (Max at Slow Process Corner)
  Requirement:            10.000ns  (clk_100 rise@10.000ns - clk_out3_clk_wiz_0 rise@0.000ns)
  Data Path Delay:        7.516ns  (logic 1.142ns (15.194%)  route 6.374ns (84.806%))
  Logic Levels:           2  (CARRY4=1 LUT1=1)
  Clock Path Skew:        3.267ns (DCD - SCD + CPR)
    Destination Clock Delay (DCD):    4.818ns = ( 14.818 - 10.000 ) 
    Source Clock Delay      (SCD):    1.551ns
    Clock Pessimism Removal (CPR):    0.000ns
  Clock Uncertainty:      0.182ns  ((TSJ^2 + DJ^2)^1/2) / 2 + PE
    Total System Jitter     (TSJ):    0.071ns
    Discrete Jitter          (DJ):    0.152ns
    Phase Error              (PE):    0.099ns
  Clock Domain Crossing:  Inter clock paths are considered valid unless explicitly excluded by timing constraints such as set_clock_groups or set_false_path.

    Location             Delay type                Incr(ns)  Path(ns)    Netlist Resource(s)
  -------------------------------------------------------------------    -------------------
                         (clock clk_out3_clk_wiz_0 rise edge)
                                                      0.000     0.000 r  
    BUFGCTRL_X0Y3        BUFG                         0.000     0.000 r  clk_IBUF_BUFG_inst/O
                         net (fo=45, routed)          1.575     1.575    clk_wiz/inst/clk_in1
    MMCME2_ADV_X1Y0      MMCME2_ADV (Prop_mmcme2_adv_CLKIN1_CLKOUT2)
                                                     -3.333    -1.757 r  clk_wiz/inst/mmcm_adv_inst/CLKOUT2
                         net (fo=1, routed)           1.661    -0.096    clk_wiz/inst/clk_out3_clk_wiz_0
    BUFGCTRL_X0Y2        BUFG (Prop_bufg_I_O)         0.096    -0.000 r  clk_wiz/inst/clkout3_buf/O
                         net (fo=35, routed)          1.551     1.551    alu_0/clk
    SLICE_X13Y23         FDRE                                         r  alu_0/X_reg[8]/C
  -------------------------------------------------------------------    -------------------
    SLICE_X13Y23         FDRE (Prop_fdre_C_Q)         0.419     1.970 f  alu_0/X_reg[8]/Q
                         net (fo=1, routed)           1.106     3.077    addrc/pixelX[8]
    SLICE_X14Y23         LUT1 (Prop_lut1_I0_O)        0.296     3.373 r  addrc/addra[8]_INST_0_i_2/O
                         net (fo=1, routed)           0.000     3.373    addrc/addra[8]_INST_0_i_2_n_0
    SLICE_X14Y23         CARRY4 (Prop_carry4_S[0]_O[1])
                                                      0.427     3.800 r  addrc/addra[8]_INST_0/O[1]
                         net (fo=19, routed)          5.268     9.068    framebuffer/U0/inst_blk_mem_gen/gnbram.gnativebmg.native_blk_mem_gen/valid.cstr/ramloop[6].ram.r/prim_noinit.ram/addra[9]
    RAMB36_X2Y6          RAMB36E1                                     r  framebuffer/U0/inst_blk_mem_gen/gnbram.gnativebmg.native_blk_mem_gen/valid.cstr/ramloop[6].ram.r/prim_noinit.ram/DEVICE_7SERIES.NO_BMM_INFO.TRUE_DP.CASCADED_PRIM36.ram_B/ADDRARDADDR[9]
  -------------------------------------------------------------------    -------------------

                         (clock clk_100 rise edge)   10.000    10.000 r  
    N15                                               0.000    10.000 r  clk (IN)
                         net (fo=0)                   0.000    10.000    clk
    N15                  IBUF (Prop_ibuf_I_O)         1.370    11.370 r  clk_IBUF_inst/O
                         net (fo=1, routed)           1.868    13.238    clk_IBUF
    BUFGCTRL_X0Y3        BUFG (Prop_bufg_I_O)         0.091    13.329 r  clk_IBUF_BUFG_inst/O
                         net (fo=45, routed)          1.489    14.818    framebuffer/U0/inst_blk_mem_gen/gnbram.gnativebmg.native_blk_mem_gen/valid.cstr/ramloop[6].ram.r/prim_noinit.ram/clka
    RAMB36_X2Y6          RAMB36E1                                     r  framebuffer/U0/inst_blk_mem_gen/gnbram.gnativebmg.native_blk_mem_gen/valid.cstr/ramloop[6].ram.r/prim_noinit.ram/DEVICE_7SERIES.NO_BMM_INFO.TRUE_DP.CASCADED_PRIM36.ram_B/CLKARDCLK
                         clock pessimism              0.000    14.818    
                         clock uncertainty           -0.182    14.636    
    RAMB36_X2Y6          RAMB36E1 (Setup_ramb36e1_CLKARDCLK_ADDRARDADDR[9])
                                                     -0.748    13.888    framebuffer/U0/inst_blk_mem_gen/gnbram.gnativebmg.native_blk_mem_gen/valid.cstr/ramloop[6].ram.r/prim_noinit.ram/DEVICE_7SERIES.NO_BMM_INFO.TRUE_DP.CASCADED_PRIM36.ram_B
  -------------------------------------------------------------------
                         required time                         13.888    
                         arrival time                          -9.068    
  -------------------------------------------------------------------
                         slack                                  4.820    

Slack (MET) :             4.853ns  (required time - arrival time)
  Source:                 alu_0/X_reg[8]/C
                            (rising edge-triggered cell FDRE clocked by clk_out3_clk_wiz_0  {rise@0.000ns fall@10.000ns period=20.000ns})
  Destination:            framebuffer/U0/inst_blk_mem_gen/gnbram.gnativebmg.native_blk_mem_gen/valid.cstr/ramloop[4].ram.r/prim_noinit.ram/DEVICE_7SERIES.NO_BMM_INFO.TRUE_DP.CASCADED_PRIM36.ram_B/ADDRARDADDR[9]
                            (rising edge-triggered cell RAMB36E1 clocked by clk_100  {rise@0.000ns fall@5.000ns period=10.000ns})
  Path Group:             clk_100
  Path Type:              Setup (Max at Slow Process Corner)
  Requirement:            10.000ns  (clk_100 rise@10.000ns - clk_out3_clk_wiz_0 rise@0.000ns)
  Data Path Delay:        7.485ns  (logic 1.142ns (15.257%)  route 6.343ns (84.743%))
  Logic Levels:           2  (CARRY4=1 LUT1=1)
  Clock Path Skew:        3.269ns (DCD - SCD + CPR)
    Destination Clock Delay (DCD):    4.820ns = ( 14.820 - 10.000 ) 
    Source Clock Delay      (SCD):    1.551ns
    Clock Pessimism Removal (CPR):    0.000ns
  Clock Uncertainty:      0.182ns  ((TSJ^2 + DJ^2)^1/2) / 2 + PE
    Total System Jitter     (TSJ):    0.071ns
    Discrete Jitter          (DJ):    0.152ns
    Phase Error              (PE):    0.099ns
  Clock Domain Crossing:  Inter clock paths are considered valid unless explicitly excluded by timing constraints such as set_clock_groups or set_false_path.

    Location             Delay type                Incr(ns)  Path(ns)    Netlist Resource(s)
  -------------------------------------------------------------------    -------------------
                         (clock clk_out3_clk_wiz_0 rise edge)
                                                      0.000     0.000 r  
    BUFGCTRL_X0Y3        BUFG                         0.000     0.000 r  clk_IBUF_BUFG_inst/O
                         net (fo=45, routed)          1.575     1.575    clk_wiz/inst/clk_in1
    MMCME2_ADV_X1Y0      MMCME2_ADV (Prop_mmcme2_adv_CLKIN1_CLKOUT2)
                                                     -3.333    -1.757 r  clk_wiz/inst/mmcm_adv_inst/CLKOUT2
                         net (fo=1, routed)           1.661    -0.096    clk_wiz/inst/clk_out3_clk_wiz_0
    BUFGCTRL_X0Y2        BUFG (Prop_bufg_I_O)         0.096    -0.000 r  clk_wiz/inst/clkout3_buf/O
                         net (fo=35, routed)          1.551     1.551    alu_0/clk
    SLICE_X13Y23         FDRE                                         r  alu_0/X_reg[8]/C
  -------------------------------------------------------------------    -------------------
    SLICE_X13Y23         FDRE (Prop_fdre_C_Q)         0.419     1.970 f  alu_0/X_reg[8]/Q
                         net (fo=1, routed)           1.106     3.077    addrc/pixelX[8]
    SLICE_X14Y23         LUT1 (Prop_lut1_I0_O)        0.296     3.373 r  addrc/addra[8]_INST_0_i_2/O
                         net (fo=1, routed)           0.000     3.373    addrc/addra[8]_INST_0_i_2_n_0
    SLICE_X14Y23         CARRY4 (Prop_carry4_S[0]_O[1])
                                                      0.427     3.800 r  addrc/addra[8]_INST_0/O[1]
                         net (fo=19, routed)          5.237     9.036    framebuffer/U0/inst_blk_mem_gen/gnbram.gnativebmg.native_blk_mem_gen/valid.cstr/ramloop[4].ram.r/prim_noinit.ram/addra[9]
    RAMB36_X1Y7          RAMB36E1                                     r  framebuffer/U0/inst_blk_mem_gen/gnbram.gnativebmg.native_blk_mem_gen/valid.cstr/ramloop[4].ram.r/prim_noinit.ram/DEVICE_7SERIES.NO_BMM_INFO.TRUE_DP.CASCADED_PRIM36.ram_B/ADDRARDADDR[9]
  -------------------------------------------------------------------    -------------------

                         (clock clk_100 rise edge)   10.000    10.000 r  
    N15                                               0.000    10.000 r  clk (IN)
                         net (fo=0)                   0.000    10.000    clk
    N15                  IBUF (Prop_ibuf_I_O)         1.370    11.370 r  clk_IBUF_inst/O
                         net (fo=1, routed)           1.868    13.238    clk_IBUF
    BUFGCTRL_X0Y3        BUFG (Prop_bufg_I_O)         0.091    13.329 r  clk_IBUF_BUFG_inst/O
                         net (fo=45, routed)          1.491    14.820    framebuffer/U0/inst_blk_mem_gen/gnbram.gnativebmg.native_blk_mem_gen/valid.cstr/ramloop[4].ram.r/prim_noinit.ram/clka
    RAMB36_X1Y7          RAMB36E1                                     r  framebuffer/U0/inst_blk_mem_gen/gnbram.gnativebmg.native_blk_mem_gen/valid.cstr/ramloop[4].ram.r/prim_noinit.ram/DEVICE_7SERIES.NO_BMM_INFO.TRUE_DP.CASCADED_PRIM36.ram_B/CLKARDCLK
                         clock pessimism              0.000    14.820    
                         clock uncertainty           -0.182    14.638    
    RAMB36_X1Y7          RAMB36E1 (Setup_ramb36e1_CLKARDCLK_ADDRARDADDR[9])
                                                     -0.748    13.890    framebuffer/U0/inst_blk_mem_gen/gnbram.gnativebmg.native_blk_mem_gen/valid.cstr/ramloop[4].ram.r/prim_noinit.ram/DEVICE_7SERIES.NO_BMM_INFO.TRUE_DP.CASCADED_PRIM36.ram_B
  -------------------------------------------------------------------
                         required time                         13.890    
                         arrival time                          -9.036    
  -------------------------------------------------------------------
                         slack                                  4.853    

Slack (MET) :             4.870ns  (required time - arrival time)
  Source:                 alu_0/X_reg[8]/C
                            (rising edge-triggered cell FDRE clocked by clk_out3_clk_wiz_0  {rise@0.000ns fall@10.000ns period=20.000ns})
  Destination:            framebuffer/U0/inst_blk_mem_gen/gnbram.gnativebmg.native_blk_mem_gen/valid.cstr/ramloop[8].ram.r/prim_noinit.ram/DEVICE_7SERIES.NO_BMM_INFO.TRUE_DP.SIMPLE_PRIM36.ram/ADDRARDADDR[10]
                            (rising edge-triggered cell RAMB36E1 clocked by clk_100  {rise@0.000ns fall@5.000ns period=10.000ns})
  Path Group:             clk_100
  Path Type:              Setup (Max at Slow Process Corner)
  Requirement:            10.000ns  (clk_100 rise@10.000ns - clk_out3_clk_wiz_0 rise@0.000ns)
  Data Path Delay:        7.462ns  (logic 1.142ns (15.305%)  route 6.320ns (84.695%))
  Logic Levels:           2  (CARRY4=1 LUT1=1)
  Clock Path Skew:        3.262ns (DCD - SCD + CPR)
    Destination Clock Delay (DCD):    4.813ns = ( 14.813 - 10.000 ) 
    Source Clock Delay      (SCD):    1.551ns
    Clock Pessimism Removal (CPR):    0.000ns
  Clock Uncertainty:      0.182ns  ((TSJ^2 + DJ^2)^1/2) / 2 + PE
    Total System Jitter     (TSJ):    0.071ns
    Discrete Jitter          (DJ):    0.152ns
    Phase Error              (PE):    0.099ns
  Clock Domain Crossing:  Inter clock paths are considered valid unless explicitly excluded by timing constraints such as set_clock_groups or set_false_path.

    Location             Delay type                Incr(ns)  Path(ns)    Netlist Resource(s)
  -------------------------------------------------------------------    -------------------
                         (clock clk_out3_clk_wiz_0 rise edge)
                                                      0.000     0.000 r  
    BUFGCTRL_X0Y3        BUFG                         0.000     0.000 r  clk_IBUF_BUFG_inst/O
                         net (fo=45, routed)          1.575     1.575    clk_wiz/inst/clk_in1
    MMCME2_ADV_X1Y0      MMCME2_ADV (Prop_mmcme2_adv_CLKIN1_CLKOUT2)
                                                     -3.333    -1.757 r  clk_wiz/inst/mmcm_adv_inst/CLKOUT2
                         net (fo=1, routed)           1.661    -0.096    clk_wiz/inst/clk_out3_clk_wiz_0
    BUFGCTRL_X0Y2        BUFG (Prop_bufg_I_O)         0.096    -0.000 r  clk_wiz/inst/clkout3_buf/O
                         net (fo=35, routed)          1.551     1.551    alu_0/clk
    SLICE_X13Y23         FDRE                                         r  alu_0/X_reg[8]/C
  -------------------------------------------------------------------    -------------------
    SLICE_X13Y23         FDRE (Prop_fdre_C_Q)         0.419     1.970 f  alu_0/X_reg[8]/Q
                         net (fo=1, routed)           1.106     3.077    addrc/pixelX[8]
    SLICE_X14Y23         LUT1 (Prop_lut1_I0_O)        0.296     3.373 r  addrc/addra[8]_INST_0_i_2/O
                         net (fo=1, routed)           0.000     3.373    addrc/addra[8]_INST_0_i_2_n_0
    SLICE_X14Y23         CARRY4 (Prop_carry4_S[0]_O[1])
                                                      0.427     3.800 r  addrc/addra[8]_INST_0/O[1]
                         net (fo=19, routed)          5.213     9.013    framebuffer/U0/inst_blk_mem_gen/gnbram.gnativebmg.native_blk_mem_gen/valid.cstr/ramloop[8].ram.r/prim_noinit.ram/addra[9]
    RAMB36_X2Y5          RAMB36E1                                     r  framebuffer/U0/inst_blk_mem_gen/gnbram.gnativebmg.native_blk_mem_gen/valid.cstr/ramloop[8].ram.r/prim_noinit.ram/DEVICE_7SERIES.NO_BMM_INFO.TRUE_DP.SIMPLE_PRIM36.ram/ADDRARDADDR[10]
  -------------------------------------------------------------------    -------------------

                         (clock clk_100 rise edge)   10.000    10.000 r  
    N15                                               0.000    10.000 r  clk (IN)
                         net (fo=0)                   0.000    10.000    clk
    N15                  IBUF (Prop_ibuf_I_O)         1.370    11.370 r  clk_IBUF_inst/O
                         net (fo=1, routed)           1.868    13.238    clk_IBUF
    BUFGCTRL_X0Y3        BUFG (Prop_bufg_I_O)         0.091    13.329 r  clk_IBUF_BUFG_inst/O
                         net (fo=45, routed)          1.484    14.813    framebuffer/U0/inst_blk_mem_gen/gnbram.gnativebmg.native_blk_mem_gen/valid.cstr/ramloop[8].ram.r/prim_noinit.ram/clka
    RAMB36_X2Y5          RAMB36E1                                     r  framebuffer/U0/inst_blk_mem_gen/gnbram.gnativebmg.native_blk_mem_gen/valid.cstr/ramloop[8].ram.r/prim_noinit.ram/DEVICE_7SERIES.NO_BMM_INFO.TRUE_DP.SIMPLE_PRIM36.ram/CLKARDCLK
                         clock pessimism              0.000    14.813    
                         clock uncertainty           -0.182    14.631    
    RAMB36_X2Y5          RAMB36E1 (Setup_ramb36e1_CLKARDCLK_ADDRARDADDR[10])
                                                     -0.748    13.883    framebuffer/U0/inst_blk_mem_gen/gnbram.gnativebmg.native_blk_mem_gen/valid.cstr/ramloop[8].ram.r/prim_noinit.ram/DEVICE_7SERIES.NO_BMM_INFO.TRUE_DP.SIMPLE_PRIM36.ram
  -------------------------------------------------------------------
                         required time                         13.883    
                         arrival time                          -9.013    
  -------------------------------------------------------------------
                         slack                                  4.870    

Slack (MET) :             4.980ns  (required time - arrival time)
  Source:                 alu_0/X_reg[8]/C
                            (rising edge-triggered cell FDRE clocked by clk_out3_clk_wiz_0  {rise@0.000ns fall@10.000ns period=20.000ns})
  Destination:            framebuffer/U0/inst_blk_mem_gen/gnbram.gnativebmg.native_blk_mem_gen/valid.cstr/ramloop[9].ram.r/prim_noinit.ram/DEVICE_7SERIES.NO_BMM_INFO.TRUE_DP.CASCADED_PRIM36.ram_T/ADDRARDADDR[9]
                            (rising edge-triggered cell RAMB36E1 clocked by clk_100  {rise@0.000ns fall@5.000ns period=10.000ns})
  Path Group:             clk_100
  Path Type:              Setup (Max at Slow Process Corner)
  Requirement:            10.000ns  (clk_100 rise@10.000ns - clk_out3_clk_wiz_0 rise@0.000ns)
  Data Path Delay:        7.351ns  (logic 1.142ns (15.535%)  route 6.209ns (84.465%))
  Logic Levels:           2  (CARRY4=1 LUT1=1)
  Clock Path Skew:        3.262ns (DCD - SCD + CPR)
    Destination Clock Delay (DCD):    4.813ns = ( 14.813 - 10.000 ) 
    Source Clock Delay      (SCD):    1.551ns
    Clock Pessimism Removal (CPR):    0.000ns
  Clock Uncertainty:      0.182ns  ((TSJ^2 + DJ^2)^1/2) / 2 + PE
    Total System Jitter     (TSJ):    0.071ns
    Discrete Jitter          (DJ):    0.152ns
    Phase Error              (PE):    0.099ns
  Clock Domain Crossing:  Inter clock paths are considered valid unless explicitly excluded by timing constraints such as set_clock_groups or set_false_path.

    Location             Delay type                Incr(ns)  Path(ns)    Netlist Resource(s)
  -------------------------------------------------------------------    -------------------
                         (clock clk_out3_clk_wiz_0 rise edge)
                                                      0.000     0.000 r  
    BUFGCTRL_X0Y3        BUFG                         0.000     0.000 r  clk_IBUF_BUFG_inst/O
                         net (fo=45, routed)          1.575     1.575    clk_wiz/inst/clk_in1
    MMCME2_ADV_X1Y0      MMCME2_ADV (Prop_mmcme2_adv_CLKIN1_CLKOUT2)
                                                     -3.333    -1.757 r  clk_wiz/inst/mmcm_adv_inst/CLKOUT2
                         net (fo=1, routed)           1.661    -0.096    clk_wiz/inst/clk_out3_clk_wiz_0
    BUFGCTRL_X0Y2        BUFG (Prop_bufg_I_O)         0.096    -0.000 r  clk_wiz/inst/clkout3_buf/O
                         net (fo=35, routed)          1.551     1.551    alu_0/clk
    SLICE_X13Y23         FDRE                                         r  alu_0/X_reg[8]/C
  -------------------------------------------------------------------    -------------------
    SLICE_X13Y23         FDRE (Prop_fdre_C_Q)         0.419     1.970 f  alu_0/X_reg[8]/Q
                         net (fo=1, routed)           1.106     3.077    addrc/pixelX[8]
    SLICE_X14Y23         LUT1 (Prop_lut1_I0_O)        0.296     3.373 r  addrc/addra[8]_INST_0_i_2/O
                         net (fo=1, routed)           0.000     3.373    addrc/addra[8]_INST_0_i_2_n_0
    SLICE_X14Y23         CARRY4 (Prop_carry4_S[0]_O[1])
                                                      0.427     3.800 r  addrc/addra[8]_INST_0/O[1]
                         net (fo=19, routed)          5.103     8.902    framebuffer/U0/inst_blk_mem_gen/gnbram.gnativebmg.native_blk_mem_gen/valid.cstr/ramloop[9].ram.r/prim_noinit.ram/addra[9]
    RAMB36_X1Y3          RAMB36E1                                     r  framebuffer/U0/inst_blk_mem_gen/gnbram.gnativebmg.native_blk_mem_gen/valid.cstr/ramloop[9].ram.r/prim_noinit.ram/DEVICE_7SERIES.NO_BMM_INFO.TRUE_DP.CASCADED_PRIM36.ram_T/ADDRARDADDR[9]
  -------------------------------------------------------------------    -------------------

                         (clock clk_100 rise edge)   10.000    10.000 r  
    N15                                               0.000    10.000 r  clk (IN)
                         net (fo=0)                   0.000    10.000    clk
    N15                  IBUF (Prop_ibuf_I_O)         1.370    11.370 r  clk_IBUF_inst/O
                         net (fo=1, routed)           1.868    13.238    clk_IBUF
    BUFGCTRL_X0Y3        BUFG (Prop_bufg_I_O)         0.091    13.329 r  clk_IBUF_BUFG_inst/O
                         net (fo=45, routed)          1.484    14.813    framebuffer/U0/inst_blk_mem_gen/gnbram.gnativebmg.native_blk_mem_gen/valid.cstr/ramloop[9].ram.r/prim_noinit.ram/clka
    RAMB36_X1Y3          RAMB36E1                                     r  framebuffer/U0/inst_blk_mem_gen/gnbram.gnativebmg.native_blk_mem_gen/valid.cstr/ramloop[9].ram.r/prim_noinit.ram/DEVICE_7SERIES.NO_BMM_INFO.TRUE_DP.CASCADED_PRIM36.ram_T/CLKARDCLK
                         clock pessimism              0.000    14.813    
                         clock uncertainty           -0.182    14.631    
    RAMB36_X1Y3          RAMB36E1 (Setup_ramb36e1_CLKARDCLK_ADDRARDADDR[9])
                                                     -0.748    13.883    framebuffer/U0/inst_blk_mem_gen/gnbram.gnativebmg.native_blk_mem_gen/valid.cstr/ramloop[9].ram.r/prim_noinit.ram/DEVICE_7SERIES.NO_BMM_INFO.TRUE_DP.CASCADED_PRIM36.ram_T
  -------------------------------------------------------------------
                         required time                         13.883    
                         arrival time                          -8.902    
  -------------------------------------------------------------------
                         slack                                  4.980    





Min Delay Paths
--------------------------------------------------------------------------------------
Slack (MET) :             0.100ns  (arrival time - required time)
  Source:                 alu_0/X_reg[7]/C
                            (rising edge-triggered cell FDRE clocked by clk_out3_clk_wiz_0  {rise@0.000ns fall@10.000ns period=20.000ns})
  Destination:            framebuffer/U0/inst_blk_mem_gen/gnbram.gnativebmg.native_blk_mem_gen/valid.cstr/ramloop[0].ram.r/prim_noinit.ram/DEVICE_7SERIES.NO_BMM_INFO.TRUE_DP.CASCADED_PRIM36.ram_T/ADDRARDADDR[11]
                            (rising edge-triggered cell RAMB36E1 clocked by clk_100  {rise@0.000ns fall@5.000ns period=10.000ns})
  Path Group:             clk_100
  Path Type:              Hold (Min at Slow Process Corner)
  Requirement:            0.000ns  (clk_100 rise@0.000ns - clk_out3_clk_wiz_0 rise@0.000ns)
  Data Path Delay:        4.325ns  (logic 0.958ns (22.149%)  route 3.367ns (77.851%))
  Logic Levels:           1  (CARRY4=1)
  Clock Path Skew:        3.683ns (DCD - SCD - CPR)
    Destination Clock Delay (DCD):    5.119ns
    Source Clock Delay      (SCD):    1.435ns
    Clock Pessimism Removal (CPR):    -0.000ns
  Clock Uncertainty:      0.182ns  ((TSJ^2 + DJ^2)^1/2) / 2 + PE
    Total System Jitter     (TSJ):    0.071ns
    Discrete Jitter          (DJ):    0.152ns
    Phase Error              (PE):    0.099ns
  Clock Domain Crossing:  Inter clock paths are considered valid unless explicitly excluded by timing constraints such as set_clock_groups or set_false_path.

    Location             Delay type                Incr(ns)  Path(ns)    Netlist Resource(s)
  -------------------------------------------------------------------    -------------------
                         (clock clk_out3_clk_wiz_0 rise edge)
                                                      0.000     0.000 r  
    BUFGCTRL_X0Y3        BUFG                         0.000     0.000 r  clk_IBUF_BUFG_inst/O
                         net (fo=45, routed)          1.457     1.457    clk_wiz/inst/clk_in1
    MMCME2_ADV_X1Y0      MMCME2_ADV (Prop_mmcme2_adv_CLKIN1_CLKOUT2)
                                                     -3.129    -1.672 r  clk_wiz/inst/mmcm_adv_inst/CLKOUT2
                         net (fo=1, routed)           1.581    -0.091    clk_wiz/inst/clk_out3_clk_wiz_0
    BUFGCTRL_X0Y2        BUFG (Prop_bufg_I_O)         0.091     0.000 r  clk_wiz/inst/clkout3_buf/O
                         net (fo=35, routed)          1.435     1.435    alu_0/clk
    SLICE_X13Y23         FDRE                                         r  alu_0/X_reg[7]/C
  -------------------------------------------------------------------    -------------------
    SLICE_X13Y23         FDRE (Prop_fdre_C_Q)         0.337     1.772 r  alu_0/X_reg[7]/Q
                         net (fo=2, routed)           0.684     2.456    addrc/pixelX[7]
    SLICE_X14Y23         CARRY4 (Prop_carry4_CYINIT_CO[3])
                                                      0.621     3.077 r  addrc/addra[8]_INST_0/CO[3]
                         net (fo=19, routed)          2.683     5.761    framebuffer/U0/inst_blk_mem_gen/gnbram.gnativebmg.native_blk_mem_gen/valid.cstr/ramloop[0].ram.r/prim_noinit.ram/addra[11]
    RAMB36_X0Y1          RAMB36E1                                     r  framebuffer/U0/inst_blk_mem_gen/gnbram.gnativebmg.native_blk_mem_gen/valid.cstr/ramloop[0].ram.r/prim_noinit.ram/DEVICE_7SERIES.NO_BMM_INFO.TRUE_DP.CASCADED_PRIM36.ram_T/ADDRARDADDR[11]
  -------------------------------------------------------------------    -------------------

                         (clock clk_100 rise edge)    0.000     0.000 r  
    N15                                               0.000     0.000 r  clk (IN)
                         net (fo=0)                   0.000     0.000    clk
    N15                  IBUF (Prop_ibuf_I_O)         1.440     1.440 r  clk_IBUF_inst/O
                         net (fo=1, routed)           1.972     3.412    clk_IBUF
    BUFGCTRL_X0Y3        BUFG (Prop_bufg_I_O)         0.096     3.508 r  clk_IBUF_BUFG_inst/O
                         net (fo=45, routed)          1.611     5.119    framebuffer/U0/inst_blk_mem_gen/gnbram.gnativebmg.native_blk_mem_gen/valid.cstr/ramloop[0].ram.r/prim_noinit.ram/clka
    RAMB36_X0Y1          RAMB36E1                                     r  framebuffer/U0/inst_blk_mem_gen/gnbram.gnativebmg.native_blk_mem_gen/valid.cstr/ramloop[0].ram.r/prim_noinit.ram/DEVICE_7SERIES.NO_BMM_INFO.TRUE_DP.CASCADED_PRIM36.ram_T/CLKARDCLK
                         clock pessimism              0.000     5.119    
                         clock uncertainty            0.182     5.301    
    RAMB36_X0Y1          RAMB36E1 (Hold_ramb36e1_CLKARDCLK_ADDRARDADDR[11])
                                                      0.360     5.661    framebuffer/U0/inst_blk_mem_gen/gnbram.gnativebmg.native_blk_mem_gen/valid.cstr/ramloop[0].ram.r/prim_noinit.ram/DEVICE_7SERIES.NO_BMM_INFO.TRUE_DP.CASCADED_PRIM36.ram_T
  -------------------------------------------------------------------
                         required time                         -5.661    
                         arrival time                           5.761    
  -------------------------------------------------------------------
                         slack                                  0.100    

Slack (MET) :             0.104ns  (arrival time - required time)
  Source:                 alu_0/X_reg[7]/C
                            (rising edge-triggered cell FDRE clocked by clk_out3_clk_wiz_0  {rise@0.000ns fall@10.000ns period=20.000ns})
  Destination:            framebuffer/U0/inst_blk_mem_gen/gnbram.gnativebmg.native_blk_mem_gen/valid.cstr/ramloop[2].ram.r/prim_noinit.ram/DEVICE_7SERIES.NO_BMM_INFO.TRUE_DP.SIMPLE_PRIM36.ram/ADDRARDADDR[9]
                            (rising edge-triggered cell RAMB36E1 clocked by clk_100  {rise@0.000ns fall@5.000ns period=10.000ns})
  Path Group:             clk_100
  Path Type:              Hold (Min at Slow Process Corner)
  Requirement:            0.000ns  (clk_100 rise@0.000ns - clk_out3_clk_wiz_0 rise@0.000ns)
  Data Path Delay:        4.174ns  (logic 0.889ns (21.296%)  route 3.285ns (78.704%))
  Logic Levels:           1  (CARRY4=1)
  Clock Path Skew:        3.666ns (DCD - SCD - CPR)
    Destination Clock Delay (DCD):    5.102ns
    Source Clock Delay      (SCD):    1.435ns
    Clock Pessimism Removal (CPR):    -0.000ns
  Clock Uncertainty:      0.182ns  ((TSJ^2 + DJ^2)^1/2) / 2 + PE
    Total System Jitter     (TSJ):    0.071ns
    Discrete Jitter          (DJ):    0.152ns
    Phase Error              (PE):    0.099ns
  Clock Domain Crossing:  Inter clock paths are considered valid unless explicitly excluded by timing constraints such as set_clock_groups or set_false_path.

    Location             Delay type                Incr(ns)  Path(ns)    Netlist Resource(s)
  -------------------------------------------------------------------    -------------------
                         (clock clk_out3_clk_wiz_0 rise edge)
                                                      0.000     0.000 r  
    BUFGCTRL_X0Y3        BUFG                         0.000     0.000 r  clk_IBUF_BUFG_inst/O
                         net (fo=45, routed)          1.457     1.457    clk_wiz/inst/clk_in1
    MMCME2_ADV_X1Y0      MMCME2_ADV (Prop_mmcme2_adv_CLKIN1_CLKOUT2)
                                                     -3.129    -1.672 r  clk_wiz/inst/mmcm_adv_inst/CLKOUT2
                         net (fo=1, routed)           1.581    -0.091    clk_wiz/inst/clk_out3_clk_wiz_0
    BUFGCTRL_X0Y2        BUFG (Prop_bufg_I_O)         0.091     0.000 r  clk_wiz/inst/clkout3_buf/O
                         net (fo=35, routed)          1.435     1.435    alu_0/clk
    SLICE_X13Y23         FDRE                                         r  alu_0/X_reg[7]/C
  -------------------------------------------------------------------    -------------------
    SLICE_X13Y23         FDRE (Prop_fdre_C_Q)         0.337     1.772 r  alu_0/X_reg[7]/Q
                         net (fo=2, routed)           0.684     2.456    addrc/pixelX[7]
    SLICE_X14Y23         CARRY4 (Prop_carry4_CYINIT_O[0])
                                                      0.552     3.008 r  addrc/addra[8]_INST_0/O[0]
                         net (fo=19, routed)          2.601     5.610    framebuffer/U0/inst_blk_mem_gen/gnbram.gnativebmg.native_blk_mem_gen/valid.cstr/ramloop[2].ram.r/prim_noinit.ram/addra[8]
    RAMB36_X0Y4          RAMB36E1                                     r  framebuffer/U0/inst_blk_mem_gen/gnbram.gnativebmg.native_blk_mem_gen/valid.cstr/ramloop[2].ram.r/prim_noinit.ram/DEVICE_7SERIES.NO_BMM_INFO.TRUE_DP.SIMPLE_PRIM36.ram/ADDRARDADDR[9]
  -------------------------------------------------------------------    -------------------

                         (clock clk_100 rise edge)    0.000     0.000 r  
    N15                                               0.000     0.000 r  clk (IN)
                         net (fo=0)                   0.000     0.000    clk
    N15                  IBUF (Prop_ibuf_I_O)         1.440     1.440 r  clk_IBUF_inst/O
                         net (fo=1, routed)           1.972     3.412    clk_IBUF
    BUFGCTRL_X0Y3        BUFG (Prop_bufg_I_O)         0.096     3.508 r  clk_IBUF_BUFG_inst/O
                         net (fo=45, routed)          1.594     5.102    framebuffer/U0/inst_blk_mem_gen/gnbram.gnativebmg.native_blk_mem_gen/valid.cstr/ramloop[2].ram.r/prim_noinit.ram/clka
    RAMB36_X0Y4          RAMB36E1                                     r  framebuffer/U0/inst_blk_mem_gen/gnbram.gnativebmg.native_blk_mem_gen/valid.cstr/ramloop[2].ram.r/prim_noinit.ram/DEVICE_7SERIES.NO_BMM_INFO.TRUE_DP.SIMPLE_PRIM36.ram/CLKARDCLK
                         clock pessimism              0.000     5.102    
                         clock uncertainty            0.182     5.284    
    RAMB36_X0Y4          RAMB36E1 (Hold_ramb36e1_CLKARDCLK_ADDRARDADDR[9])
                                                      0.222     5.506    framebuffer/U0/inst_blk_mem_gen/gnbram.gnativebmg.native_blk_mem_gen/valid.cstr/ramloop[2].ram.r/prim_noinit.ram/DEVICE_7SERIES.NO_BMM_INFO.TRUE_DP.SIMPLE_PRIM36.ram
  -------------------------------------------------------------------
                         required time                         -5.506    
                         arrival time                           5.610    
  -------------------------------------------------------------------
                         slack                                  0.104    

Slack (MET) :             0.166ns  (arrival time - required time)
  Source:                 alu_0/X_reg[2]/C
                            (rising edge-triggered cell FDRE clocked by clk_out3_clk_wiz_0  {rise@0.000ns fall@10.000ns period=20.000ns})
  Destination:            framebuffer/U0/inst_blk_mem_gen/gnbram.gnativebmg.native_blk_mem_gen/valid.cstr/ramloop[9].ram.r/prim_noinit.ram/DEVICE_7SERIES.NO_BMM_INFO.TRUE_DP.CASCADED_PRIM36.ram_T/ADDRARDADDR[2]
                            (rising edge-triggered cell RAMB36E1 clocked by clk_100  {rise@0.000ns fall@5.000ns period=10.000ns})
  Path Group:             clk_100
  Path Type:              Hold (Min at Slow Process Corner)
  Requirement:            0.000ns  (clk_100 rise@0.000ns - clk_out3_clk_wiz_0 rise@0.000ns)
  Data Path Delay:        4.385ns  (logic 0.367ns (8.369%)  route 4.018ns (91.631%))
  Logic Levels:           0  
  Clock Path Skew:        3.676ns (DCD - SCD - CPR)
    Destination Clock Delay (DCD):    5.110ns
    Source Clock Delay      (SCD):    1.433ns
    Clock Pessimism Removal (CPR):    -0.000ns
  Clock Uncertainty:      0.182ns  ((TSJ^2 + DJ^2)^1/2) / 2 + PE
    Total System Jitter     (TSJ):    0.071ns
    Discrete Jitter          (DJ):    0.152ns
    Phase Error              (PE):    0.099ns
  Clock Domain Crossing:  Inter clock paths are considered valid unless explicitly excluded by timing constraints such as set_clock_groups or set_false_path.

    Location             Delay type                Incr(ns)  Path(ns)    Netlist Resource(s)
  -------------------------------------------------------------------    -------------------
                         (clock clk_out3_clk_wiz_0 rise edge)
                                                      0.000     0.000 r  
    BUFGCTRL_X0Y3        BUFG                         0.000     0.000 r  clk_IBUF_BUFG_inst/O
                         net (fo=45, routed)          1.457     1.457    clk_wiz/inst/clk_in1
    MMCME2_ADV_X1Y0      MMCME2_ADV (Prop_mmcme2_adv_CLKIN1_CLKOUT2)
                                                     -3.129    -1.672 r  clk_wiz/inst/mmcm_adv_inst/CLKOUT2
                         net (fo=1, routed)           1.581    -0.091    clk_wiz/inst/clk_out3_clk_wiz_0
    BUFGCTRL_X0Y2        BUFG (Prop_bufg_I_O)         0.091     0.000 r  clk_wiz/inst/clkout3_buf/O
                         net (fo=35, routed)          1.433     1.433    alu_0/clk
    SLICE_X13Y24         FDRE                                         r  alu_0/X_reg[2]/C
  -------------------------------------------------------------------    -------------------
    SLICE_X13Y24         FDRE (Prop_fdre_C_Q)         0.367     1.800 r  alu_0/X_reg[2]/Q
                         net (fo=19, routed)          4.018     5.818    framebuffer/U0/inst_blk_mem_gen/gnbram.gnativebmg.native_blk_mem_gen/valid.cstr/ramloop[9].ram.r/prim_noinit.ram/addra[2]
    RAMB36_X1Y3          RAMB36E1                                     r  framebuffer/U0/inst_blk_mem_gen/gnbram.gnativebmg.native_blk_mem_gen/valid.cstr/ramloop[9].ram.r/prim_noinit.ram/DEVICE_7SERIES.NO_BMM_INFO.TRUE_DP.CASCADED_PRIM36.ram_T/ADDRARDADDR[2]
  -------------------------------------------------------------------    -------------------

                         (clock clk_100 rise edge)    0.000     0.000 r  
    N15                                               0.000     0.000 r  clk (IN)
                         net (fo=0)                   0.000     0.000    clk
    N15                  IBUF (Prop_ibuf_I_O)         1.440     1.440 r  clk_IBUF_inst/O
                         net (fo=1, routed)           1.972     3.412    clk_IBUF
    BUFGCTRL_X0Y3        BUFG (Prop_bufg_I_O)         0.096     3.508 r  clk_IBUF_BUFG_inst/O
                         net (fo=45, routed)          1.602     5.110    framebuffer/U0/inst_blk_mem_gen/gnbram.gnativebmg.native_blk_mem_gen/valid.cstr/ramloop[9].ram.r/prim_noinit.ram/clka
    RAMB36_X1Y3          RAMB36E1                                     r  framebuffer/U0/inst_blk_mem_gen/gnbram.gnativebmg.native_blk_mem_gen/valid.cstr/ramloop[9].ram.r/prim_noinit.ram/DEVICE_7SERIES.NO_BMM_INFO.TRUE_DP.CASCADED_PRIM36.ram_T/CLKARDCLK
                         clock pessimism              0.000     5.110    
                         clock uncertainty            0.182     5.292    
    RAMB36_X1Y3          RAMB36E1 (Hold_ramb36e1_CLKARDCLK_ADDRARDADDR[2])
                                                      0.360     5.652    framebuffer/U0/inst_blk_mem_gen/gnbram.gnativebmg.native_blk_mem_gen/valid.cstr/ramloop[9].ram.r/prim_noinit.ram/DEVICE_7SERIES.NO_BMM_INFO.TRUE_DP.CASCADED_PRIM36.ram_T
  -------------------------------------------------------------------
                         required time                         -5.652    
                         arrival time                           5.818    
  -------------------------------------------------------------------
                         slack                                  0.166    

Slack (MET) :             0.182ns  (arrival time - required time)
  Source:                 alu_0/X_reg[2]/C
                            (rising edge-triggered cell FDRE clocked by clk_out3_clk_wiz_0  {rise@0.000ns fall@10.000ns period=20.000ns})
  Destination:            framebuffer/U0/inst_blk_mem_gen/gnbram.gnativebmg.native_blk_mem_gen/valid.cstr/ramloop[1].ram.r/prim_noinit.ram/DEVICE_7SERIES.NO_BMM_INFO.TRUE_DP.CASCADED_PRIM36.ram_T/ADDRARDADDR[2]
                            (rising edge-triggered cell RAMB36E1 clocked by clk_100  {rise@0.000ns fall@5.000ns period=10.000ns})
  Path Group:             clk_100
  Path Type:              Hold (Min at Slow Process Corner)
  Requirement:            0.000ns  (clk_100 rise@0.000ns - clk_out3_clk_wiz_0 rise@0.000ns)
  Data Path Delay:        4.402ns  (logic 0.367ns (8.337%)  route 4.035ns (91.663%))
  Logic Levels:           0  
  Clock Path Skew:        3.678ns (DCD - SCD - CPR)
    Destination Clock Delay (DCD):    5.112ns
    Source Clock Delay      (SCD):    1.433ns
    Clock Pessimism Removal (CPR):    -0.000ns
  Clock Uncertainty:      0.182ns  ((TSJ^2 + DJ^2)^1/2) / 2 + PE
    Total System Jitter     (TSJ):    0.071ns
    Discrete Jitter          (DJ):    0.152ns
    Phase Error              (PE):    0.099ns
  Clock Domain Crossing:  Inter clock paths are considered valid unless explicitly excluded by timing constraints such as set_clock_groups or set_false_path.

    Location             Delay type                Incr(ns)  Path(ns)    Netlist Resource(s)
  -------------------------------------------------------------------    -------------------
                         (clock clk_out3_clk_wiz_0 rise edge)
                                                      0.000     0.000 r  
    BUFGCTRL_X0Y3        BUFG                         0.000     0.000 r  clk_IBUF_BUFG_inst/O
                         net (fo=45, routed)          1.457     1.457    clk_wiz/inst/clk_in1
    MMCME2_ADV_X1Y0      MMCME2_ADV (Prop_mmcme2_adv_CLKIN1_CLKOUT2)
                                                     -3.129    -1.672 r  clk_wiz/inst/mmcm_adv_inst/CLKOUT2
                         net (fo=1, routed)           1.581    -0.091    clk_wiz/inst/clk_out3_clk_wiz_0
    BUFGCTRL_X0Y2        BUFG (Prop_bufg_I_O)         0.091     0.000 r  clk_wiz/inst/clkout3_buf/O
                         net (fo=35, routed)          1.433     1.433    alu_0/clk
    SLICE_X13Y24         FDRE                                         r  alu_0/X_reg[2]/C
  -------------------------------------------------------------------    -------------------
    SLICE_X13Y24         FDRE (Prop_fdre_C_Q)         0.367     1.800 r  alu_0/X_reg[2]/Q
                         net (fo=19, routed)          4.035     5.836    framebuffer/U0/inst_blk_mem_gen/gnbram.gnativebmg.native_blk_mem_gen/valid.cstr/ramloop[1].ram.r/prim_noinit.ram/addra[2]
    RAMB36_X0Y6          RAMB36E1                                     r  framebuffer/U0/inst_blk_mem_gen/gnbram.gnativebmg.native_blk_mem_gen/valid.cstr/ramloop[1].ram.r/prim_noinit.ram/DEVICE_7SERIES.NO_BMM_INFO.TRUE_DP.CASCADED_PRIM36.ram_T/ADDRARDADDR[2]
  -------------------------------------------------------------------    -------------------

                         (clock clk_100 rise edge)    0.000     0.000 r  
    N15                                               0.000     0.000 r  clk (IN)
                         net (fo=0)                   0.000     0.000    clk
    N15                  IBUF (Prop_ibuf_I_O)         1.440     1.440 r  clk_IBUF_inst/O
                         net (fo=1, routed)           1.972     3.412    clk_IBUF
    BUFGCTRL_X0Y3        BUFG (Prop_bufg_I_O)         0.096     3.508 r  clk_IBUF_BUFG_inst/O
                         net (fo=45, routed)          1.604     5.112    framebuffer/U0/inst_blk_mem_gen/gnbram.gnativebmg.native_blk_mem_gen/valid.cstr/ramloop[1].ram.r/prim_noinit.ram/clka
    RAMB36_X0Y6          RAMB36E1                                     r  framebuffer/U0/inst_blk_mem_gen/gnbram.gnativebmg.native_blk_mem_gen/valid.cstr/ramloop[1].ram.r/prim_noinit.ram/DEVICE_7SERIES.NO_BMM_INFO.TRUE_DP.CASCADED_PRIM36.ram_T/CLKARDCLK
                         clock pessimism              0.000     5.112    
                         clock uncertainty            0.182     5.294    
    RAMB36_X0Y6          RAMB36E1 (Hold_ramb36e1_CLKARDCLK_ADDRARDADDR[2])
                                                      0.360     5.654    framebuffer/U0/inst_blk_mem_gen/gnbram.gnativebmg.native_blk_mem_gen/valid.cstr/ramloop[1].ram.r/prim_noinit.ram/DEVICE_7SERIES.NO_BMM_INFO.TRUE_DP.CASCADED_PRIM36.ram_T
  -------------------------------------------------------------------
                         required time                         -5.654    
                         arrival time                           5.836    
  -------------------------------------------------------------------
                         slack                                  0.182    

Slack (MET) :             0.182ns  (arrival time - required time)
  Source:                 alu_0/U_reg[3]/C
                            (rising edge-triggered cell FDRE clocked by clk_out3_clk_wiz_0  {rise@0.000ns fall@10.000ns period=20.000ns})
  Destination:            framebuffer/U0/inst_blk_mem_gen/gnbram.gnativebmg.native_blk_mem_gen/valid.cstr/ramloop[8].ram.r/prim_noinit.ram/DEVICE_7SERIES.NO_BMM_INFO.TRUE_DP.SIMPLE_PRIM36.ram/DIADI[1]
                            (rising edge-triggered cell RAMB36E1 clocked by clk_100  {rise@0.000ns fall@5.000ns period=10.000ns})
  Path Group:             clk_100
  Path Type:              Hold (Min at Slow Process Corner)
  Requirement:            0.000ns  (clk_100 rise@0.000ns - clk_out3_clk_wiz_0 rise@0.000ns)
  Data Path Delay:        4.703ns  (logic 0.418ns (8.888%)  route 4.285ns (91.112%))
  Logic Levels:           0  
  Clock Path Skew:        3.672ns (DCD - SCD - CPR)
    Destination Clock Delay (DCD):    5.108ns
    Source Clock Delay      (SCD):    1.435ns
    Clock Pessimism Removal (CPR):    -0.000ns
  Clock Uncertainty:      0.182ns  ((TSJ^2 + DJ^2)^1/2) / 2 + PE
    Total System Jitter     (TSJ):    0.071ns
    Discrete Jitter          (DJ):    0.152ns
    Phase Error              (PE):    0.099ns
  Clock Domain Crossing:  Inter clock paths are considered valid unless explicitly excluded by timing constraints such as set_clock_groups or set_false_path.

    Location             Delay type                Incr(ns)  Path(ns)    Netlist Resource(s)
  -------------------------------------------------------------------    -------------------
                         (clock clk_out3_clk_wiz_0 rise edge)
                                                      0.000     0.000 r  
    BUFGCTRL_X0Y3        BUFG                         0.000     0.000 r  clk_IBUF_BUFG_inst/O
                         net (fo=45, routed)          1.457     1.457    clk_wiz/inst/clk_in1
    MMCME2_ADV_X1Y0      MMCME2_ADV (Prop_mmcme2_adv_CLKIN1_CLKOUT2)
                                                     -3.129    -1.672 r  clk_wiz/inst/mmcm_adv_inst/CLKOUT2
                         net (fo=1, routed)           1.581    -0.091    clk_wiz/inst/clk_out3_clk_wiz_0
    BUFGCTRL_X0Y2        BUFG (Prop_bufg_I_O)         0.091     0.000 r  clk_wiz/inst/clkout3_buf/O
                         net (fo=35, routed)          1.435     1.435    alu_0/clk
    SLICE_X14Y23         FDRE                                         r  alu_0/U_reg[3]/C
  -------------------------------------------------------------------    -------------------
    SLICE_X14Y23         FDRE (Prop_fdre_C_Q)         0.418     1.853 r  alu_0/U_reg[3]/Q
                         net (fo=6, routed)           4.285     6.139    framebuffer/U0/inst_blk_mem_gen/gnbram.gnativebmg.native_blk_mem_gen/valid.cstr/ramloop[8].ram.r/prim_noinit.ram/dina[1]
    RAMB36_X2Y5          RAMB36E1                                     r  framebuffer/U0/inst_blk_mem_gen/gnbram.gnativebmg.native_blk_mem_gen/valid.cstr/ramloop[8].ram.r/prim_noinit.ram/DEVICE_7SERIES.NO_BMM_INFO.TRUE_DP.SIMPLE_PRIM36.ram/DIADI[1]
  -------------------------------------------------------------------    -------------------

                         (clock clk_100 rise edge)    0.000     0.000 r  
    N15                                               0.000     0.000 r  clk (IN)
                         net (fo=0)                   0.000     0.000    clk
    N15                  IBUF (Prop_ibuf_I_O)         1.440     1.440 r  clk_IBUF_inst/O
                         net (fo=1, routed)           1.972     3.412    clk_IBUF
    BUFGCTRL_X0Y3        BUFG (Prop_bufg_I_O)         0.096     3.508 r  clk_IBUF_BUFG_inst/O
                         net (fo=45, routed)          1.600     5.108    framebuffer/U0/inst_blk_mem_gen/gnbram.gnativebmg.native_blk_mem_gen/valid.cstr/ramloop[8].ram.r/prim_noinit.ram/clka
    RAMB36_X2Y5          RAMB36E1                                     r  framebuffer/U0/inst_blk_mem_gen/gnbram.gnativebmg.native_blk_mem_gen/valid.cstr/ramloop[8].ram.r/prim_noinit.ram/DEVICE_7SERIES.NO_BMM_INFO.TRUE_DP.SIMPLE_PRIM36.ram/CLKARDCLK
                         clock pessimism              0.000     5.108    
                         clock uncertainty            0.182     5.290    
    RAMB36_X2Y5          RAMB36E1 (Hold_ramb36e1_CLKARDCLK_DIADI[1])
                                                      0.667     5.957    framebuffer/U0/inst_blk_mem_gen/gnbram.gnativebmg.native_blk_mem_gen/valid.cstr/ramloop[8].ram.r/prim_noinit.ram/DEVICE_7SERIES.NO_BMM_INFO.TRUE_DP.SIMPLE_PRIM36.ram
  -------------------------------------------------------------------
                         required time                         -5.957    
                         arrival time                           6.139    
  -------------------------------------------------------------------
                         slack                                  0.182    

Slack (MET) :             0.188ns  (arrival time - required time)
  Source:                 alu_0/X_reg[7]/C
                            (rising edge-triggered cell FDRE clocked by clk_out3_clk_wiz_0  {rise@0.000ns fall@10.000ns period=20.000ns})
  Destination:            framebuffer/U0/inst_blk_mem_gen/gnbram.gnativebmg.native_blk_mem_gen/valid.cstr/ramloop[0].ram.r/prim_noinit.ram/DEVICE_7SERIES.NO_BMM_INFO.TRUE_DP.CASCADED_PRIM36.ram_B/ADDRARDADDR[11]
                            (rising edge-triggered cell RAMB36E1 clocked by clk_100  {rise@0.000ns fall@5.000ns period=10.000ns})
  Path Group:             clk_100
  Path Type:              Hold (Min at Slow Process Corner)
  Requirement:            0.000ns  (clk_100 rise@0.000ns - clk_out3_clk_wiz_0 rise@0.000ns)
  Data Path Delay:        4.415ns  (logic 0.958ns (21.700%)  route 3.457ns (78.300%))
  Logic Levels:           1  (CARRY4=1)
  Clock Path Skew:        3.684ns (DCD - SCD - CPR)
    Destination Clock Delay (DCD):    5.120ns
    Source Clock Delay      (SCD):    1.435ns
    Clock Pessimism Removal (CPR):    -0.000ns
  Clock Uncertainty:      0.182ns  ((TSJ^2 + DJ^2)^1/2) / 2 + PE
    Total System Jitter     (TSJ):    0.071ns
    Discrete Jitter          (DJ):    0.152ns
    Phase Error              (PE):    0.099ns
  Clock Domain Crossing:  Inter clock paths are considered valid unless explicitly excluded by timing constraints such as set_clock_groups or set_false_path.

    Location             Delay type                Incr(ns)  Path(ns)    Netlist Resource(s)
  -------------------------------------------------------------------    -------------------
                         (clock clk_out3_clk_wiz_0 rise edge)
                                                      0.000     0.000 r  
    BUFGCTRL_X0Y3        BUFG                         0.000     0.000 r  clk_IBUF_BUFG_inst/O
                         net (fo=45, routed)          1.457     1.457    clk_wiz/inst/clk_in1
    MMCME2_ADV_X1Y0      MMCME2_ADV (Prop_mmcme2_adv_CLKIN1_CLKOUT2)
                                                     -3.129    -1.672 r  clk_wiz/inst/mmcm_adv_inst/CLKOUT2
                         net (fo=1, routed)           1.581    -0.091    clk_wiz/inst/clk_out3_clk_wiz_0
    BUFGCTRL_X0Y2        BUFG (Prop_bufg_I_O)         0.091     0.000 r  clk_wiz/inst/clkout3_buf/O
                         net (fo=35, routed)          1.435     1.435    alu_0/clk
    SLICE_X13Y23         FDRE                                         r  alu_0/X_reg[7]/C
  -------------------------------------------------------------------    -------------------
    SLICE_X13Y23         FDRE (Prop_fdre_C_Q)         0.337     1.772 r  alu_0/X_reg[7]/Q
                         net (fo=2, routed)           0.684     2.456    addrc/pixelX[7]
    SLICE_X14Y23         CARRY4 (Prop_carry4_CYINIT_CO[3])
                                                      0.621     3.077 r  addrc/addra[8]_INST_0/CO[3]
                         net (fo=19, routed)          2.773     5.850    framebuffer/U0/inst_blk_mem_gen/gnbram.gnativebmg.native_blk_mem_gen/valid.cstr/ramloop[0].ram.r/prim_noinit.ram/addra[11]
    RAMB36_X0Y0          RAMB36E1                                     r  framebuffer/U0/inst_blk_mem_gen/gnbram.gnativebmg.native_blk_mem_gen/valid.cstr/ramloop[0].ram.r/prim_noinit.ram/DEVICE_7SERIES.NO_BMM_INFO.TRUE_DP.CASCADED_PRIM36.ram_B/ADDRARDADDR[11]
  -------------------------------------------------------------------    -------------------

                         (clock clk_100 rise edge)    0.000     0.000 r  
    N15                                               0.000     0.000 r  clk (IN)
                         net (fo=0)                   0.000     0.000    clk
    N15                  IBUF (Prop_ibuf_I_O)         1.440     1.440 r  clk_IBUF_inst/O
                         net (fo=1, routed)           1.972     3.412    clk_IBUF
    BUFGCTRL_X0Y3        BUFG (Prop_bufg_I_O)         0.096     3.508 r  clk_IBUF_BUFG_inst/O
                         net (fo=45, routed)          1.612     5.120    framebuffer/U0/inst_blk_mem_gen/gnbram.gnativebmg.native_blk_mem_gen/valid.cstr/ramloop[0].ram.r/prim_noinit.ram/clka
    RAMB36_X0Y0          RAMB36E1                                     r  framebuffer/U0/inst_blk_mem_gen/gnbram.gnativebmg.native_blk_mem_gen/valid.cstr/ramloop[0].ram.r/prim_noinit.ram/DEVICE_7SERIES.NO_BMM_INFO.TRUE_DP.CASCADED_PRIM36.ram_B/CLKARDCLK
                         clock pessimism              0.000     5.120    
                         clock uncertainty            0.182     5.302    
    RAMB36_X0Y0          RAMB36E1 (Hold_ramb36e1_CLKARDCLK_ADDRARDADDR[11])
                                                      0.360     5.662    framebuffer/U0/inst_blk_mem_gen/gnbram.gnativebmg.native_blk_mem_gen/valid.cstr/ramloop[0].ram.r/prim_noinit.ram/DEVICE_7SERIES.NO_BMM_INFO.TRUE_DP.CASCADED_PRIM36.ram_B
  -------------------------------------------------------------------
                         required time                         -5.662    
                         arrival time                           5.850    
  -------------------------------------------------------------------
                         slack                                  0.188    

Slack (MET) :             0.222ns  (arrival time - required time)
  Source:                 alu_0/X_reg[2]/C
                            (rising edge-triggered cell FDRE clocked by clk_out3_clk_wiz_0  {rise@0.000ns fall@10.000ns period=20.000ns})
  Destination:            framebuffer/U0/inst_blk_mem_gen/gnbram.gnativebmg.native_blk_mem_gen/valid.cstr/ramloop[8].ram.r/prim_noinit.ram/DEVICE_7SERIES.NO_BMM_INFO.TRUE_DP.SIMPLE_PRIM36.ram/ADDRARDADDR[3]
                            (rising edge-triggered cell RAMB36E1 clocked by clk_100  {rise@0.000ns fall@5.000ns period=10.000ns})
  Path Group:             clk_100
  Path Type:              Hold (Min at Slow Process Corner)
  Requirement:            0.000ns  (clk_100 rise@0.000ns - clk_out3_clk_wiz_0 rise@0.000ns)
  Data Path Delay:        4.438ns  (logic 0.367ns (8.269%)  route 4.071ns (91.731%))
  Logic Levels:           0  
  Clock Path Skew:        3.674ns (DCD - SCD - CPR)
    Destination Clock Delay (DCD):    5.108ns
    Source Clock Delay      (SCD):    1.433ns
    Clock Pessimism Removal (CPR):    -0.000ns
  Clock Uncertainty:      0.182ns  ((TSJ^2 + DJ^2)^1/2) / 2 + PE
    Total System Jitter     (TSJ):    0.071ns
    Discrete Jitter          (DJ):    0.152ns
    Phase Error              (PE):    0.099ns
  Clock Domain Crossing:  Inter clock paths are considered valid unless explicitly excluded by timing constraints such as set_clock_groups or set_false_path.

    Location             Delay type                Incr(ns)  Path(ns)    Netlist Resource(s)
  -------------------------------------------------------------------    -------------------
                         (clock clk_out3_clk_wiz_0 rise edge)
                                                      0.000     0.000 r  
    BUFGCTRL_X0Y3        BUFG                         0.000     0.000 r  clk_IBUF_BUFG_inst/O
                         net (fo=45, routed)          1.457     1.457    clk_wiz/inst/clk_in1
    MMCME2_ADV_X1Y0      MMCME2_ADV (Prop_mmcme2_adv_CLKIN1_CLKOUT2)
                                                     -3.129    -1.672 r  clk_wiz/inst/mmcm_adv_inst/CLKOUT2
                         net (fo=1, routed)           1.581    -0.091    clk_wiz/inst/clk_out3_clk_wiz_0
    BUFGCTRL_X0Y2        BUFG (Prop_bufg_I_O)         0.091     0.000 r  clk_wiz/inst/clkout3_buf/O
                         net (fo=35, routed)          1.433     1.433    alu_0/clk
    SLICE_X13Y24         FDRE                                         r  alu_0/X_reg[2]/C
  -------------------------------------------------------------------    -------------------
    SLICE_X13Y24         FDRE (Prop_fdre_C_Q)         0.367     1.800 r  alu_0/X_reg[2]/Q
                         net (fo=19, routed)          4.071     5.872    framebuffer/U0/inst_blk_mem_gen/gnbram.gnativebmg.native_blk_mem_gen/valid.cstr/ramloop[8].ram.r/prim_noinit.ram/addra[2]
    RAMB36_X2Y5          RAMB36E1                                     r  framebuffer/U0/inst_blk_mem_gen/gnbram.gnativebmg.native_blk_mem_gen/valid.cstr/ramloop[8].ram.r/prim_noinit.ram/DEVICE_7SERIES.NO_BMM_INFO.TRUE_DP.SIMPLE_PRIM36.ram/ADDRARDADDR[3]
  -------------------------------------------------------------------    -------------------

                         (clock clk_100 rise edge)    0.000     0.000 r  
    N15                                               0.000     0.000 r  clk (IN)
                         net (fo=0)                   0.000     0.000    clk
    N15                  IBUF (Prop_ibuf_I_O)         1.440     1.440 r  clk_IBUF_inst/O
                         net (fo=1, routed)           1.972     3.412    clk_IBUF
    BUFGCTRL_X0Y3        BUFG (Prop_bufg_I_O)         0.096     3.508 r  clk_IBUF_BUFG_inst/O
                         net (fo=45, routed)          1.600     5.108    framebuffer/U0/inst_blk_mem_gen/gnbram.gnativebmg.native_blk_mem_gen/valid.cstr/ramloop[8].ram.r/prim_noinit.ram/clka
    RAMB36_X2Y5          RAMB36E1                                     r  framebuffer/U0/inst_blk_mem_gen/gnbram.gnativebmg.native_blk_mem_gen/valid.cstr/ramloop[8].ram.r/prim_noinit.ram/DEVICE_7SERIES.NO_BMM_INFO.TRUE_DP.SIMPLE_PRIM36.ram/CLKARDCLK
                         clock pessimism              0.000     5.108    
                         clock uncertainty            0.182     5.290    
    RAMB36_X2Y5          RAMB36E1 (Hold_ramb36e1_CLKARDCLK_ADDRARDADDR[3])
                                                      0.360     5.650    framebuffer/U0/inst_blk_mem_gen/gnbram.gnativebmg.native_blk_mem_gen/valid.cstr/ramloop[8].ram.r/prim_noinit.ram/DEVICE_7SERIES.NO_BMM_INFO.TRUE_DP.SIMPLE_PRIM36.ram
  -------------------------------------------------------------------
                         required time                         -5.650    
                         arrival time                           5.872    
  -------------------------------------------------------------------
                         slack                                  0.222    

Slack (MET) :             0.230ns  (arrival time - required time)
  Source:                 alu_0/U_reg[3]/C
                            (rising edge-triggered cell FDRE clocked by clk_out3_clk_wiz_0  {rise@0.000ns fall@10.000ns period=20.000ns})
  Destination:            framebuffer/U0/inst_blk_mem_gen/gnbram.gnativebmg.native_blk_mem_gen/valid.cstr/ramloop[9].ram.r/prim_noinit.ram/DEVICE_7SERIES.NO_BMM_INFO.TRUE_DP.CASCADED_PRIM36.ram_B/DIADI[0]
                            (rising edge-triggered cell RAMB36E1 clocked by clk_100  {rise@0.000ns fall@5.000ns period=10.000ns})
  Path Group:             clk_100
  Path Type:              Hold (Min at Slow Process Corner)
  Requirement:            0.000ns  (clk_100 rise@0.000ns - clk_out3_clk_wiz_0 rise@0.000ns)
  Data Path Delay:        4.760ns  (logic 0.418ns (8.782%)  route 4.342ns (91.218%))
  Logic Levels:           0  
  Clock Path Skew:        3.680ns (DCD - SCD - CPR)
    Destination Clock Delay (DCD):    5.116ns
    Source Clock Delay      (SCD):    1.435ns
    Clock Pessimism Removal (CPR):    -0.000ns
  Clock Uncertainty:      0.182ns  ((TSJ^2 + DJ^2)^1/2) / 2 + PE
    Total System Jitter     (TSJ):    0.071ns
    Discrete Jitter          (DJ):    0.152ns
    Phase Error              (PE):    0.099ns
  Clock Domain Crossing:  Inter clock paths are considered valid unless explicitly excluded by timing constraints such as set_clock_groups or set_false_path.

    Location             Delay type                Incr(ns)  Path(ns)    Netlist Resource(s)
  -------------------------------------------------------------------    -------------------
                         (clock clk_out3_clk_wiz_0 rise edge)
                                                      0.000     0.000 r  
    BUFGCTRL_X0Y3        BUFG                         0.000     0.000 r  clk_IBUF_BUFG_inst/O
                         net (fo=45, routed)          1.457     1.457    clk_wiz/inst/clk_in1
    MMCME2_ADV_X1Y0      MMCME2_ADV (Prop_mmcme2_adv_CLKIN1_CLKOUT2)
                                                     -3.129    -1.672 r  clk_wiz/inst/mmcm_adv_inst/CLKOUT2
                         net (fo=1, routed)           1.581    -0.091    clk_wiz/inst/clk_out3_clk_wiz_0
    BUFGCTRL_X0Y2        BUFG (Prop_bufg_I_O)         0.091     0.000 r  clk_wiz/inst/clkout3_buf/O
                         net (fo=35, routed)          1.435     1.435    alu_0/clk
    SLICE_X14Y23         FDRE                                         r  alu_0/U_reg[3]/C
  -------------------------------------------------------------------    -------------------
    SLICE_X14Y23         FDRE (Prop_fdre_C_Q)         0.418     1.853 r  alu_0/U_reg[3]/Q
                         net (fo=6, routed)           4.342     6.195    framebuffer/U0/inst_blk_mem_gen/gnbram.gnativebmg.native_blk_mem_gen/valid.cstr/ramloop[9].ram.r/prim_noinit.ram/dina[0]
    RAMB36_X1Y2          RAMB36E1                                     r  framebuffer/U0/inst_blk_mem_gen/gnbram.gnativebmg.native_blk_mem_gen/valid.cstr/ramloop[9].ram.r/prim_noinit.ram/DEVICE_7SERIES.NO_BMM_INFO.TRUE_DP.CASCADED_PRIM36.ram_B/DIADI[0]
  -------------------------------------------------------------------    -------------------

                         (clock clk_100 rise edge)    0.000     0.000 r  
    N15                                               0.000     0.000 r  clk (IN)
                         net (fo=0)                   0.000     0.000    clk
    N15                  IBUF (Prop_ibuf_I_O)         1.440     1.440 r  clk_IBUF_inst/O
                         net (fo=1, routed)           1.972     3.412    clk_IBUF
    BUFGCTRL_X0Y3        BUFG (Prop_bufg_I_O)         0.096     3.508 r  clk_IBUF_BUFG_inst/O
                         net (fo=45, routed)          1.608     5.116    framebuffer/U0/inst_blk_mem_gen/gnbram.gnativebmg.native_blk_mem_gen/valid.cstr/ramloop[9].ram.r/prim_noinit.ram/clka
    RAMB36_X1Y2          RAMB36E1                                     r  framebuffer/U0/inst_blk_mem_gen/gnbram.gnativebmg.native_blk_mem_gen/valid.cstr/ramloop[9].ram.r/prim_noinit.ram/DEVICE_7SERIES.NO_BMM_INFO.TRUE_DP.CASCADED_PRIM36.ram_B/CLKARDCLK
                         clock pessimism              0.000     5.116    
                         clock uncertainty            0.182     5.298    
    RAMB36_X1Y2          RAMB36E1 (Hold_ramb36e1_CLKARDCLK_DIADI[0])
                                                      0.667     5.965    framebuffer/U0/inst_blk_mem_gen/gnbram.gnativebmg.native_blk_mem_gen/valid.cstr/ramloop[9].ram.r/prim_noinit.ram/DEVICE_7SERIES.NO_BMM_INFO.TRUE_DP.CASCADED_PRIM36.ram_B
  -------------------------------------------------------------------
                         required time                         -5.965    
                         arrival time                           6.195    
  -------------------------------------------------------------------
                         slack                                  0.230    

Slack (MET) :             0.247ns  (arrival time - required time)
  Source:                 alu_0/X_reg[2]/C
                            (rising edge-triggered cell FDRE clocked by clk_out3_clk_wiz_0  {rise@0.000ns fall@10.000ns period=20.000ns})
  Destination:            framebuffer/U0/inst_blk_mem_gen/gnbram.gnativebmg.native_blk_mem_gen/valid.cstr/ramloop[6].ram.r/prim_noinit.ram/DEVICE_7SERIES.NO_BMM_INFO.TRUE_DP.CASCADED_PRIM36.ram_T/ADDRARDADDR[2]
                            (rising edge-triggered cell RAMB36E1 clocked by clk_100  {rise@0.000ns fall@5.000ns period=10.000ns})
  Path Group:             clk_100
  Path Type:              Hold (Min at Slow Process Corner)
  Requirement:            0.000ns  (clk_100 rise@0.000ns - clk_out3_clk_wiz_0 rise@0.000ns)
  Data Path Delay:        4.475ns  (logic 0.367ns (8.202%)  route 4.108ns (91.798%))
  Logic Levels:           0  
  Clock Path Skew:        3.685ns (DCD - SCD - CPR)
    Destination Clock Delay (DCD):    5.119ns
    Source Clock Delay      (SCD):    1.433ns
    Clock Pessimism Removal (CPR):    -0.000ns
  Clock Uncertainty:      0.182ns  ((TSJ^2 + DJ^2)^1/2) / 2 + PE
    Total System Jitter     (TSJ):    0.071ns
    Discrete Jitter          (DJ):    0.152ns
    Phase Error              (PE):    0.099ns
  Clock Domain Crossing:  Inter clock paths are considered valid unless explicitly excluded by timing constraints such as set_clock_groups or set_false_path.

    Location             Delay type                Incr(ns)  Path(ns)    Netlist Resource(s)
  -------------------------------------------------------------------    -------------------
                         (clock clk_out3_clk_wiz_0 rise edge)
                                                      0.000     0.000 r  
    BUFGCTRL_X0Y3        BUFG                         0.000     0.000 r  clk_IBUF_BUFG_inst/O
                         net (fo=45, routed)          1.457     1.457    clk_wiz/inst/clk_in1
    MMCME2_ADV_X1Y0      MMCME2_ADV (Prop_mmcme2_adv_CLKIN1_CLKOUT2)
                                                     -3.129    -1.672 r  clk_wiz/inst/mmcm_adv_inst/CLKOUT2
                         net (fo=1, routed)           1.581    -0.091    clk_wiz/inst/clk_out3_clk_wiz_0
    BUFGCTRL_X0Y2        BUFG (Prop_bufg_I_O)         0.091     0.000 r  clk_wiz/inst/clkout3_buf/O
                         net (fo=35, routed)          1.433     1.433    alu_0/clk
    SLICE_X13Y24         FDRE                                         r  alu_0/X_reg[2]/C
  -------------------------------------------------------------------    -------------------
    SLICE_X13Y24         FDRE (Prop_fdre_C_Q)         0.367     1.800 r  alu_0/X_reg[2]/Q
                         net (fo=19, routed)          4.108     5.908    framebuffer/U0/inst_blk_mem_gen/gnbram.gnativebmg.native_blk_mem_gen/valid.cstr/ramloop[6].ram.r/prim_noinit.ram/addra[2]
    RAMB36_X2Y7          RAMB36E1                                     r  framebuffer/U0/inst_blk_mem_gen/gnbram.gnativebmg.native_blk_mem_gen/valid.cstr/ramloop[6].ram.r/prim_noinit.ram/DEVICE_7SERIES.NO_BMM_INFO.TRUE_DP.CASCADED_PRIM36.ram_T/ADDRARDADDR[2]
  -------------------------------------------------------------------    -------------------

                         (clock clk_100 rise edge)    0.000     0.000 r  
    N15                                               0.000     0.000 r  clk (IN)
                         net (fo=0)                   0.000     0.000    clk
    N15                  IBUF (Prop_ibuf_I_O)         1.440     1.440 r  clk_IBUF_inst/O
                         net (fo=1, routed)           1.972     3.412    clk_IBUF
    BUFGCTRL_X0Y3        BUFG (Prop_bufg_I_O)         0.096     3.508 r  clk_IBUF_BUFG_inst/O
                         net (fo=45, routed)          1.611     5.119    framebuffer/U0/inst_blk_mem_gen/gnbram.gnativebmg.native_blk_mem_gen/valid.cstr/ramloop[6].ram.r/prim_noinit.ram/clka
    RAMB36_X2Y7          RAMB36E1                                     r  framebuffer/U0/inst_blk_mem_gen/gnbram.gnativebmg.native_blk_mem_gen/valid.cstr/ramloop[6].ram.r/prim_noinit.ram/DEVICE_7SERIES.NO_BMM_INFO.TRUE_DP.CASCADED_PRIM36.ram_T/CLKARDCLK
                         clock pessimism              0.000     5.119    
                         clock uncertainty            0.182     5.301    
    RAMB36_X2Y7          RAMB36E1 (Hold_ramb36e1_CLKARDCLK_ADDRARDADDR[2])
                                                      0.360     5.661    framebuffer/U0/inst_blk_mem_gen/gnbram.gnativebmg.native_blk_mem_gen/valid.cstr/ramloop[6].ram.r/prim_noinit.ram/DEVICE_7SERIES.NO_BMM_INFO.TRUE_DP.CASCADED_PRIM36.ram_T
  -------------------------------------------------------------------
                         required time                         -5.661    
                         arrival time                           5.908    
  -------------------------------------------------------------------
                         slack                                  0.247    

Slack (MET) :             0.249ns  (arrival time - required time)
  Source:                 alu_0/X_reg[4]/C
                            (rising edge-triggered cell FDRE clocked by clk_out3_clk_wiz_0  {rise@0.000ns fall@10.000ns period=20.000ns})
  Destination:            framebuffer/U0/inst_blk_mem_gen/gnbram.gnativebmg.native_blk_mem_gen/valid.cstr/ramloop[1].ram.r/prim_noinit.ram/DEVICE_7SERIES.NO_BMM_INFO.TRUE_DP.CASCADED_PRIM36.ram_B/ADDRARDADDR[4]
                            (rising edge-triggered cell RAMB36E1 clocked by clk_100  {rise@0.000ns fall@5.000ns period=10.000ns})
  Path Group:             clk_100
  Path Type:              Hold (Min at Slow Process Corner)
  Requirement:            0.000ns  (clk_100 rise@0.000ns - clk_out3_clk_wiz_0 rise@0.000ns)
  Data Path Delay:        4.464ns  (logic 0.367ns (8.221%)  route 4.097ns (91.779%))
  Logic Levels:           0  
  Clock Path Skew:        3.672ns (DCD - SCD - CPR)
    Destination Clock Delay (DCD):    5.106ns
    Source Clock Delay      (SCD):    1.433ns
    Clock Pessimism Removal (CPR):    -0.000ns
  Clock Uncertainty:      0.182ns  ((TSJ^2 + DJ^2)^1/2) / 2 + PE
    Total System Jitter     (TSJ):    0.071ns
    Discrete Jitter          (DJ):    0.152ns
    Phase Error              (PE):    0.099ns
  Clock Domain Crossing:  Inter clock paths are considered valid unless explicitly excluded by timing constraints such as set_clock_groups or set_false_path.

    Location             Delay type                Incr(ns)  Path(ns)    Netlist Resource(s)
  -------------------------------------------------------------------    -------------------
                         (clock clk_out3_clk_wiz_0 rise edge)
                                                      0.000     0.000 r  
    BUFGCTRL_X0Y3        BUFG                         0.000     0.000 r  clk_IBUF_BUFG_inst/O
                         net (fo=45, routed)          1.457     1.457    clk_wiz/inst/clk_in1
    MMCME2_ADV_X1Y0      MMCME2_ADV (Prop_mmcme2_adv_CLKIN1_CLKOUT2)
                                                     -3.129    -1.672 r  clk_wiz/inst/mmcm_adv_inst/CLKOUT2
                         net (fo=1, routed)           1.581    -0.091    clk_wiz/inst/clk_out3_clk_wiz_0
    BUFGCTRL_X0Y2        BUFG (Prop_bufg_I_O)         0.091     0.000 r  clk_wiz/inst/clkout3_buf/O
                         net (fo=35, routed)          1.433     1.433    alu_0/clk
    SLICE_X13Y24         FDRE                                         r  alu_0/X_reg[4]/C
  -------------------------------------------------------------------    -------------------
    SLICE_X13Y24         FDRE (Prop_fdre_C_Q)         0.367     1.800 r  alu_0/X_reg[4]/Q
                         net (fo=19, routed)          4.097     5.897    framebuffer/U0/inst_blk_mem_gen/gnbram.gnativebmg.native_blk_mem_gen/valid.cstr/ramloop[1].ram.r/prim_noinit.ram/addra[4]
    RAMB36_X0Y5          RAMB36E1                                     r  framebuffer/U0/inst_blk_mem_gen/gnbram.gnativebmg.native_blk_mem_gen/valid.cstr/ramloop[1].ram.r/prim_noinit.ram/DEVICE_7SERIES.NO_BMM_INFO.TRUE_DP.CASCADED_PRIM36.ram_B/ADDRARDADDR[4]
  -------------------------------------------------------------------    -------------------

                         (clock clk_100 rise edge)    0.000     0.000 r  
    N15                                               0.000     0.000 r  clk (IN)
                         net (fo=0)                   0.000     0.000    clk
    N15                  IBUF (Prop_ibuf_I_O)         1.440     1.440 r  clk_IBUF_inst/O
                         net (fo=1, routed)           1.972     3.412    clk_IBUF
    BUFGCTRL_X0Y3        BUFG (Prop_bufg_I_O)         0.096     3.508 r  clk_IBUF_BUFG_inst/O
                         net (fo=45, routed)          1.598     5.106    framebuffer/U0/inst_blk_mem_gen/gnbram.gnativebmg.native_blk_mem_gen/valid.cstr/ramloop[1].ram.r/prim_noinit.ram/clka
    RAMB36_X0Y5          RAMB36E1                                     r  framebuffer/U0/inst_blk_mem_gen/gnbram.gnativebmg.native_blk_mem_gen/valid.cstr/ramloop[1].ram.r/prim_noinit.ram/DEVICE_7SERIES.NO_BMM_INFO.TRUE_DP.CASCADED_PRIM36.ram_B/CLKARDCLK
                         clock pessimism              0.000     5.106    
                         clock uncertainty            0.182     5.288    
    RAMB36_X0Y5          RAMB36E1 (Hold_ramb36e1_CLKARDCLK_ADDRARDADDR[4])
                                                      0.360     5.648    framebuffer/U0/inst_blk_mem_gen/gnbram.gnativebmg.native_blk_mem_gen/valid.cstr/ramloop[1].ram.r/prim_noinit.ram/DEVICE_7SERIES.NO_BMM_INFO.TRUE_DP.CASCADED_PRIM36.ram_B
  -------------------------------------------------------------------
                         required time                         -5.648    
                         arrival time                           5.897    
  -------------------------------------------------------------------
                         slack                                  0.249    





---------------------------------------------------------------------------------------------------
From Clock:  clk_100
  To Clock:  clk_out1_clk_wiz_0

Setup :            7  Failing Endpoints,  Worst Slack       -0.629ns,  Total Violation       -3.038ns
Hold  :            0  Failing Endpoints,  Worst Slack        1.027ns,  Total Violation        0.000ns
---------------------------------------------------------------------------------------------------


Max Delay Paths
--------------------------------------------------------------------------------------
Slack (VIOLATED) :        -0.629ns  (required time - arrival time)
  Source:                 framebuffer/U0/inst_blk_mem_gen/gnbram.gnativebmg.native_blk_mem_gen/valid.cstr/ramloop[7].ram.r/prim_noinit.ram/DEVICE_7SERIES.NO_BMM_INFO.TRUE_DP.CASCADED_PRIM36.ram_B/CLKBWRCLK
                            (rising edge-triggered cell RAMB36E1 clocked by clk_100  {rise@0.000ns fall@5.000ns period=10.000ns})
  Destination:            vga_to_hdmi/inst/srldly_0/srl[31].srl16_i_srlopt/D
                            (rising edge-triggered cell FDRE clocked by clk_out1_clk_wiz_0  {rise@0.000ns fall@20.000ns period=40.000ns})
  Path Group:             clk_out1_clk_wiz_0
  Path Type:              Setup (Max at Slow Process Corner)
  Requirement:            10.000ns  (clk_out1_clk_wiz_0 rise@40.000ns - clk_100 rise@30.000ns)
  Data Path Delay:        6.711ns  (logic 3.957ns (58.965%)  route 2.754ns (41.035%))
  Logic Levels:           4  (LUT3=1 LUT4=1 MUXF7=1 RAMB36E1=1)
  Clock Path Skew:        -3.685ns (DCD - SCD + CPR)
    Destination Clock Delay (DCD):    1.428ns = ( 41.428 - 40.000 ) 
    Source Clock Delay      (SCD):    5.114ns = ( 35.114 - 30.000 ) 
    Clock Pessimism Removal (CPR):    0.000ns
  Clock Uncertainty:      0.193ns  ((TSJ^2 + DJ^2)^1/2) / 2 + PE
    Total System Jitter     (TSJ):    0.071ns
    Discrete Jitter          (DJ):    0.175ns
    Phase Error              (PE):    0.099ns
  Clock Domain Crossing:  Inter clock paths are considered valid unless explicitly excluded by timing constraints such as set_clock_groups or set_false_path.

    Location             Delay type                Incr(ns)  Path(ns)    Netlist Resource(s)
  -------------------------------------------------------------------    -------------------
                         (clock clk_100 rise edge)   30.000    30.000 r  
    N15                                               0.000    30.000 r  clk (IN)
                         net (fo=0)                   0.000    30.000    clk
    N15                  IBUF (Prop_ibuf_I_O)         1.440    31.440 r  clk_IBUF_inst/O
                         net (fo=1, routed)           1.972    33.412    clk_IBUF
    BUFGCTRL_X0Y3        BUFG (Prop_bufg_I_O)         0.096    33.508 r  clk_IBUF_BUFG_inst/O
                         net (fo=45, routed)          1.606    35.114    framebuffer/U0/inst_blk_mem_gen/gnbram.gnativebmg.native_blk_mem_gen/valid.cstr/ramloop[7].ram.r/prim_noinit.ram/clka
    RAMB36_X2Y3          RAMB36E1                                     r  framebuffer/U0/inst_blk_mem_gen/gnbram.gnativebmg.native_blk_mem_gen/valid.cstr/ramloop[7].ram.r/prim_noinit.ram/DEVICE_7SERIES.NO_BMM_INFO.TRUE_DP.CASCADED_PRIM36.ram_B/CLKBWRCLK
  -------------------------------------------------------------------    -------------------
    RAMB36_X2Y3          RAMB36E1 (Prop_ramb36e1_CLKBWRCLK_CASCADEOUTB)
                                                      2.872    37.986 r  framebuffer/U0/inst_blk_mem_gen/gnbram.gnativebmg.native_blk_mem_gen/valid.cstr/ramloop[7].ram.r/prim_noinit.ram/DEVICE_7SERIES.NO_BMM_INFO.TRUE_DP.CASCADED_PRIM36.ram_B/CASCADEOUTB
                         net (fo=1, routed)           0.065    38.051    framebuffer/U0/inst_blk_mem_gen/gnbram.gnativebmg.native_blk_mem_gen/valid.cstr/ramloop[7].ram.r/prim_noinit.ram/cascadelatb_tmp
    RAMB36_X2Y4          RAMB36E1 (Prop_ramb36e1_CASCADEINB_DOBDO[0])
                                                      0.425    38.476 f  framebuffer/U0/inst_blk_mem_gen/gnbram.gnativebmg.native_blk_mem_gen/valid.cstr/ramloop[7].ram.r/prim_noinit.ram/DEVICE_7SERIES.NO_BMM_INFO.TRUE_DP.CASCADED_PRIM36.ram_T/DOBDO[0]
                         net (fo=1, routed)           1.394    39.870    framebuffer/U0/inst_blk_mem_gen/gnbram.gnativebmg.native_blk_mem_gen/valid.cstr/has_mux_b.B/doutb[2][0]
    SLICE_X40Y23         LUT3 (Prop_lut3_I0_O)        0.124    39.994 f  framebuffer/U0/inst_blk_mem_gen/gnbram.gnativebmg.native_blk_mem_gen/valid.cstr/has_mux_b.B/doutb[2]_INST_0_i_1/O
                         net (fo=1, routed)           0.000    39.994    framebuffer/U0/inst_blk_mem_gen/gnbram.gnativebmg.native_blk_mem_gen/valid.cstr/has_mux_b.B/doutb[2]_INST_0_i_1_n_0
    SLICE_X40Y23         MUXF7 (Prop_muxf7_I0_O)      0.238    40.232 f  framebuffer/U0/inst_blk_mem_gen/gnbram.gnativebmg.native_blk_mem_gen/valid.cstr/has_mux_b.B/doutb[2]_INST_0/O
                         net (fo=6, routed)           0.923    41.154    palette/palette[2]
    SLICE_X31Y24         LUT4 (Prop_lut4_I2_O)        0.298    41.452 r  palette/green[1]_INST_0/O
                         net (fo=4, routed)           0.372    41.824    vga_to_hdmi/inst/srldly_0/data_i[29]
    SLICE_X31Y25         FDRE                                         r  vga_to_hdmi/inst/srldly_0/srl[31].srl16_i_srlopt/D
  -------------------------------------------------------------------    -------------------

                         (clock clk_out1_clk_wiz_0 rise edge)
                                                     40.000    40.000 r  
    BUFGCTRL_X0Y3        BUFG                         0.000    40.000 r  clk_IBUF_BUFG_inst/O
                         net (fo=45, routed)          1.457    41.457    clk_wiz/inst/clk_in1
    MMCME2_ADV_X1Y0      MMCME2_ADV (Prop_mmcme2_adv_CLKIN1_CLKOUT0)
                                                     -3.129    38.328 r  clk_wiz/inst/mmcm_adv_inst/CLKOUT0
                         net (fo=1, routed)           1.581    39.909    clk_wiz/inst/clk_out1_clk_wiz_0
    BUFGCTRL_X0Y0        BUFG (Prop_bufg_I_O)         0.091    40.000 r  clk_wiz/inst/clkout1_buf/O
                         net (fo=204, routed)         1.428    41.428    vga_to_hdmi/inst/srldly_0/pix_clk
    SLICE_X31Y25         FDRE                                         r  vga_to_hdmi/inst/srldly_0/srl[31].srl16_i_srlopt/C
                         clock pessimism              0.000    41.428    
                         clock uncertainty           -0.193    41.235    
    SLICE_X31Y25         FDRE (Setup_fdre_C_D)       -0.040    41.195    vga_to_hdmi/inst/srldly_0/srl[31].srl16_i_srlopt
  -------------------------------------------------------------------
                         required time                         41.195    
                         arrival time                         -41.824    
  -------------------------------------------------------------------
                         slack                                 -0.629    

Slack (VIOLATED) :        -0.600ns  (required time - arrival time)
  Source:                 framebuffer/U0/inst_blk_mem_gen/gnbram.gnativebmg.native_blk_mem_gen/valid.cstr/ramloop[7].ram.r/prim_noinit.ram/DEVICE_7SERIES.NO_BMM_INFO.TRUE_DP.CASCADED_PRIM36.ram_B/CLKBWRCLK
                            (rising edge-triggered cell RAMB36E1 clocked by clk_100  {rise@0.000ns fall@5.000ns period=10.000ns})
  Destination:            vga_to_hdmi/inst/srldly_0/srl[27].srl16_i_srlopt/D
                            (rising edge-triggered cell FDRE clocked by clk_out1_clk_wiz_0  {rise@0.000ns fall@20.000ns period=40.000ns})
  Path Group:             clk_out1_clk_wiz_0
  Path Type:              Setup (Max at Slow Process Corner)
  Requirement:            10.000ns  (clk_out1_clk_wiz_0 rise@40.000ns - clk_100 rise@30.000ns)
  Data Path Delay:        6.681ns  (logic 3.957ns (59.230%)  route 2.724ns (40.770%))
  Logic Levels:           4  (LUT3=1 LUT4=1 MUXF7=1 RAMB36E1=1)
  Clock Path Skew:        -3.683ns (DCD - SCD + CPR)
    Destination Clock Delay (DCD):    1.430ns = ( 41.430 - 40.000 ) 
    Source Clock Delay      (SCD):    5.114ns = ( 35.114 - 30.000 ) 
    Clock Pessimism Removal (CPR):    0.000ns
  Clock Uncertainty:      0.193ns  ((TSJ^2 + DJ^2)^1/2) / 2 + PE
    Total System Jitter     (TSJ):    0.071ns
    Discrete Jitter          (DJ):    0.175ns
    Phase Error              (PE):    0.099ns
  Clock Domain Crossing:  Inter clock paths are considered valid unless explicitly excluded by timing constraints such as set_clock_groups or set_false_path.

    Location             Delay type                Incr(ns)  Path(ns)    Netlist Resource(s)
  -------------------------------------------------------------------    -------------------
                         (clock clk_100 rise edge)   30.000    30.000 r  
    N15                                               0.000    30.000 r  clk (IN)
                         net (fo=0)                   0.000    30.000    clk
    N15                  IBUF (Prop_ibuf_I_O)         1.440    31.440 r  clk_IBUF_inst/O
                         net (fo=1, routed)           1.972    33.412    clk_IBUF
    BUFGCTRL_X0Y3        BUFG (Prop_bufg_I_O)         0.096    33.508 r  clk_IBUF_BUFG_inst/O
                         net (fo=45, routed)          1.606    35.114    framebuffer/U0/inst_blk_mem_gen/gnbram.gnativebmg.native_blk_mem_gen/valid.cstr/ramloop[7].ram.r/prim_noinit.ram/clka
    RAMB36_X2Y3          RAMB36E1                                     r  framebuffer/U0/inst_blk_mem_gen/gnbram.gnativebmg.native_blk_mem_gen/valid.cstr/ramloop[7].ram.r/prim_noinit.ram/DEVICE_7SERIES.NO_BMM_INFO.TRUE_DP.CASCADED_PRIM36.ram_B/CLKBWRCLK
  -------------------------------------------------------------------    -------------------
    RAMB36_X2Y3          RAMB36E1 (Prop_ramb36e1_CLKBWRCLK_CASCADEOUTB)
                                                      2.872    37.986 r  framebuffer/U0/inst_blk_mem_gen/gnbram.gnativebmg.native_blk_mem_gen/valid.cstr/ramloop[7].ram.r/prim_noinit.ram/DEVICE_7SERIES.NO_BMM_INFO.TRUE_DP.CASCADED_PRIM36.ram_B/CASCADEOUTB
                         net (fo=1, routed)           0.065    38.051    framebuffer/U0/inst_blk_mem_gen/gnbram.gnativebmg.native_blk_mem_gen/valid.cstr/ramloop[7].ram.r/prim_noinit.ram/cascadelatb_tmp
    RAMB36_X2Y4          RAMB36E1 (Prop_ramb36e1_CASCADEINB_DOBDO[0])
                                                      0.425    38.476 f  framebuffer/U0/inst_blk_mem_gen/gnbram.gnativebmg.native_blk_mem_gen/valid.cstr/ramloop[7].ram.r/prim_noinit.ram/DEVICE_7SERIES.NO_BMM_INFO.TRUE_DP.CASCADED_PRIM36.ram_T/DOBDO[0]
                         net (fo=1, routed)           1.394    39.870    framebuffer/U0/inst_blk_mem_gen/gnbram.gnativebmg.native_blk_mem_gen/valid.cstr/has_mux_b.B/doutb[2][0]
    SLICE_X40Y23         LUT3 (Prop_lut3_I0_O)        0.124    39.994 f  framebuffer/U0/inst_blk_mem_gen/gnbram.gnativebmg.native_blk_mem_gen/valid.cstr/has_mux_b.B/doutb[2]_INST_0_i_1/O
                         net (fo=1, routed)           0.000    39.994    framebuffer/U0/inst_blk_mem_gen/gnbram.gnativebmg.native_blk_mem_gen/valid.cstr/has_mux_b.B/doutb[2]_INST_0_i_1_n_0
    SLICE_X40Y23         MUXF7 (Prop_muxf7_I0_O)      0.238    40.232 f  framebuffer/U0/inst_blk_mem_gen/gnbram.gnativebmg.native_blk_mem_gen/valid.cstr/has_mux_b.B/doutb[2]_INST_0/O
                         net (fo=6, routed)           0.923    41.154    palette/palette[2]
    SLICE_X31Y24         LUT4 (Prop_lut4_I2_O)        0.298    41.452 r  palette/green[1]_INST_0/O
                         net (fo=4, routed)           0.342    41.794    vga_to_hdmi/inst/srldly_0/data_i[25]
    SLICE_X32Y23         FDRE                                         r  vga_to_hdmi/inst/srldly_0/srl[27].srl16_i_srlopt/D
  -------------------------------------------------------------------    -------------------

                         (clock clk_out1_clk_wiz_0 rise edge)
                                                     40.000    40.000 r  
    BUFGCTRL_X0Y3        BUFG                         0.000    40.000 r  clk_IBUF_BUFG_inst/O
                         net (fo=45, routed)          1.457    41.457    clk_wiz/inst/clk_in1
    MMCME2_ADV_X1Y0      MMCME2_ADV (Prop_mmcme2_adv_CLKIN1_CLKOUT0)
                                                     -3.129    38.328 r  clk_wiz/inst/mmcm_adv_inst/CLKOUT0
                         net (fo=1, routed)           1.581    39.909    clk_wiz/inst/clk_out1_clk_wiz_0
    BUFGCTRL_X0Y0        BUFG (Prop_bufg_I_O)         0.091    40.000 r  clk_wiz/inst/clkout1_buf/O
                         net (fo=204, routed)         1.430    41.430    vga_to_hdmi/inst/srldly_0/pix_clk
    SLICE_X32Y23         FDRE                                         r  vga_to_hdmi/inst/srldly_0/srl[27].srl16_i_srlopt/C
                         clock pessimism              0.000    41.430    
                         clock uncertainty           -0.193    41.237    
    SLICE_X32Y23         FDRE (Setup_fdre_C_D)       -0.043    41.194    vga_to_hdmi/inst/srldly_0/srl[27].srl16_i_srlopt
  -------------------------------------------------------------------
                         required time                         41.194    
                         arrival time                         -41.794    
  -------------------------------------------------------------------
                         slack                                 -0.600    

Slack (VIOLATED) :        -0.600ns  (required time - arrival time)
  Source:                 framebuffer/U0/inst_blk_mem_gen/gnbram.gnativebmg.native_blk_mem_gen/valid.cstr/ramloop[7].ram.r/prim_noinit.ram/DEVICE_7SERIES.NO_BMM_INFO.TRUE_DP.CASCADED_PRIM36.ram_B/CLKBWRCLK
                            (rising edge-triggered cell RAMB36E1 clocked by clk_100  {rise@0.000ns fall@5.000ns period=10.000ns})
  Destination:            vga_to_hdmi/inst/srldly_0/srl[25].srl16_i_srlopt/D
                            (rising edge-triggered cell FDRE clocked by clk_out1_clk_wiz_0  {rise@0.000ns fall@20.000ns period=40.000ns})
  Path Group:             clk_out1_clk_wiz_0
  Path Type:              Setup (Max at Slow Process Corner)
  Requirement:            10.000ns  (clk_out1_clk_wiz_0 rise@40.000ns - clk_100 rise@30.000ns)
  Data Path Delay:        6.684ns  (logic 3.957ns (59.204%)  route 2.727ns (40.796%))
  Logic Levels:           4  (LUT3=1 LUT4=1 MUXF7=1 RAMB36E1=1)
  Clock Path Skew:        -3.683ns (DCD - SCD + CPR)
    Destination Clock Delay (DCD):    1.430ns = ( 41.430 - 40.000 ) 
    Source Clock Delay      (SCD):    5.114ns = ( 35.114 - 30.000 ) 
    Clock Pessimism Removal (CPR):    0.000ns
  Clock Uncertainty:      0.193ns  ((TSJ^2 + DJ^2)^1/2) / 2 + PE
    Total System Jitter     (TSJ):    0.071ns
    Discrete Jitter          (DJ):    0.175ns
    Phase Error              (PE):    0.099ns
  Clock Domain Crossing:  Inter clock paths are considered valid unless explicitly excluded by timing constraints such as set_clock_groups or set_false_path.

    Location             Delay type                Incr(ns)  Path(ns)    Netlist Resource(s)
  -------------------------------------------------------------------    -------------------
                         (clock clk_100 rise edge)   30.000    30.000 r  
    N15                                               0.000    30.000 r  clk (IN)
                         net (fo=0)                   0.000    30.000    clk
    N15                  IBUF (Prop_ibuf_I_O)         1.440    31.440 r  clk_IBUF_inst/O
                         net (fo=1, routed)           1.972    33.412    clk_IBUF
    BUFGCTRL_X0Y3        BUFG (Prop_bufg_I_O)         0.096    33.508 r  clk_IBUF_BUFG_inst/O
                         net (fo=45, routed)          1.606    35.114    framebuffer/U0/inst_blk_mem_gen/gnbram.gnativebmg.native_blk_mem_gen/valid.cstr/ramloop[7].ram.r/prim_noinit.ram/clka
    RAMB36_X2Y3          RAMB36E1                                     r  framebuffer/U0/inst_blk_mem_gen/gnbram.gnativebmg.native_blk_mem_gen/valid.cstr/ramloop[7].ram.r/prim_noinit.ram/DEVICE_7SERIES.NO_BMM_INFO.TRUE_DP.CASCADED_PRIM36.ram_B/CLKBWRCLK
  -------------------------------------------------------------------    -------------------
    RAMB36_X2Y3          RAMB36E1 (Prop_ramb36e1_CLKBWRCLK_CASCADEOUTB)
                                                      2.872    37.986 r  framebuffer/U0/inst_blk_mem_gen/gnbram.gnativebmg.native_blk_mem_gen/valid.cstr/ramloop[7].ram.r/prim_noinit.ram/DEVICE_7SERIES.NO_BMM_INFO.TRUE_DP.CASCADED_PRIM36.ram_B/CASCADEOUTB
                         net (fo=1, routed)           0.065    38.051    framebuffer/U0/inst_blk_mem_gen/gnbram.gnativebmg.native_blk_mem_gen/valid.cstr/ramloop[7].ram.r/prim_noinit.ram/cascadelatb_tmp
    RAMB36_X2Y4          RAMB36E1 (Prop_ramb36e1_CASCADEINB_DOBDO[0])
                                                      0.425    38.476 f  framebuffer/U0/inst_blk_mem_gen/gnbram.gnativebmg.native_blk_mem_gen/valid.cstr/ramloop[7].ram.r/prim_noinit.ram/DEVICE_7SERIES.NO_BMM_INFO.TRUE_DP.CASCADED_PRIM36.ram_T/DOBDO[0]
                         net (fo=1, routed)           1.394    39.870    framebuffer/U0/inst_blk_mem_gen/gnbram.gnativebmg.native_blk_mem_gen/valid.cstr/has_mux_b.B/doutb[2][0]
    SLICE_X40Y23         LUT3 (Prop_lut3_I0_O)        0.124    39.994 f  framebuffer/U0/inst_blk_mem_gen/gnbram.gnativebmg.native_blk_mem_gen/valid.cstr/has_mux_b.B/doutb[2]_INST_0_i_1/O
                         net (fo=1, routed)           0.000    39.994    framebuffer/U0/inst_blk_mem_gen/gnbram.gnativebmg.native_blk_mem_gen/valid.cstr/has_mux_b.B/doutb[2]_INST_0_i_1_n_0
    SLICE_X40Y23         MUXF7 (Prop_muxf7_I0_O)      0.238    40.232 f  framebuffer/U0/inst_blk_mem_gen/gnbram.gnativebmg.native_blk_mem_gen/valid.cstr/has_mux_b.B/doutb[2]_INST_0/O
                         net (fo=6, routed)           0.923    41.154    palette/palette[2]
    SLICE_X31Y24         LUT4 (Prop_lut4_I2_O)        0.298    41.452 r  palette/green[1]_INST_0/O
                         net (fo=4, routed)           0.345    41.797    vga_to_hdmi/inst/srldly_0/data_i[23]
    SLICE_X32Y23         FDRE                                         r  vga_to_hdmi/inst/srldly_0/srl[25].srl16_i_srlopt/D
  -------------------------------------------------------------------    -------------------

                         (clock clk_out1_clk_wiz_0 rise edge)
                                                     40.000    40.000 r  
    BUFGCTRL_X0Y3        BUFG                         0.000    40.000 r  clk_IBUF_BUFG_inst/O
                         net (fo=45, routed)          1.457    41.457    clk_wiz/inst/clk_in1
    MMCME2_ADV_X1Y0      MMCME2_ADV (Prop_mmcme2_adv_CLKIN1_CLKOUT0)
                                                     -3.129    38.328 r  clk_wiz/inst/mmcm_adv_inst/CLKOUT0
                         net (fo=1, routed)           1.581    39.909    clk_wiz/inst/clk_out1_clk_wiz_0
    BUFGCTRL_X0Y0        BUFG (Prop_bufg_I_O)         0.091    40.000 r  clk_wiz/inst/clkout1_buf/O
                         net (fo=204, routed)         1.430    41.430    vga_to_hdmi/inst/srldly_0/pix_clk
    SLICE_X32Y23         FDRE                                         r  vga_to_hdmi/inst/srldly_0/srl[25].srl16_i_srlopt/C
                         clock pessimism              0.000    41.430    
                         clock uncertainty           -0.193    41.237    
    SLICE_X32Y23         FDRE (Setup_fdre_C_D)       -0.040    41.197    vga_to_hdmi/inst/srldly_0/srl[25].srl16_i_srlopt
  -------------------------------------------------------------------
                         required time                         41.197    
                         arrival time                         -41.797    
  -------------------------------------------------------------------
                         slack                                 -0.600    

Slack (VIOLATED) :        -0.343ns  (required time - arrival time)
  Source:                 framebuffer/U0/inst_blk_mem_gen/gnbram.gnativebmg.native_blk_mem_gen/valid.cstr/ramloop[7].ram.r/prim_noinit.ram/DEVICE_7SERIES.NO_BMM_INFO.TRUE_DP.CASCADED_PRIM36.ram_B/CLKBWRCLK
                            (rising edge-triggered cell RAMB36E1 clocked by clk_100  {rise@0.000ns fall@5.000ns period=10.000ns})
  Destination:            vga_to_hdmi/inst/srldly_0/srl[30].srl16_i_srlopt/D
                            (rising edge-triggered cell FDRE clocked by clk_out1_clk_wiz_0  {rise@0.000ns fall@20.000ns period=40.000ns})
  Path Group:             clk_out1_clk_wiz_0
  Path Type:              Setup (Max at Slow Process Corner)
  Requirement:            10.000ns  (clk_out1_clk_wiz_0 rise@40.000ns - clk_100 rise@30.000ns)
  Data Path Delay:        6.427ns  (logic 3.957ns (61.572%)  route 2.470ns (38.428%))
  Logic Levels:           4  (LUT3=1 LUT4=1 MUXF7=1 RAMB36E1=1)
  Clock Path Skew:        -3.683ns (DCD - SCD + CPR)
    Destination Clock Delay (DCD):    1.430ns = ( 41.430 - 40.000 ) 
    Source Clock Delay      (SCD):    5.114ns = ( 35.114 - 30.000 ) 
    Clock Pessimism Removal (CPR):    0.000ns
  Clock Uncertainty:      0.193ns  ((TSJ^2 + DJ^2)^1/2) / 2 + PE
    Total System Jitter     (TSJ):    0.071ns
    Discrete Jitter          (DJ):    0.175ns
    Phase Error              (PE):    0.099ns
  Clock Domain Crossing:  Inter clock paths are considered valid unless explicitly excluded by timing constraints such as set_clock_groups or set_false_path.

    Location             Delay type                Incr(ns)  Path(ns)    Netlist Resource(s)
  -------------------------------------------------------------------    -------------------
                         (clock clk_100 rise edge)   30.000    30.000 r  
    N15                                               0.000    30.000 r  clk (IN)
                         net (fo=0)                   0.000    30.000    clk
    N15                  IBUF (Prop_ibuf_I_O)         1.440    31.440 r  clk_IBUF_inst/O
                         net (fo=1, routed)           1.972    33.412    clk_IBUF
    BUFGCTRL_X0Y3        BUFG (Prop_bufg_I_O)         0.096    33.508 r  clk_IBUF_BUFG_inst/O
                         net (fo=45, routed)          1.606    35.114    framebuffer/U0/inst_blk_mem_gen/gnbram.gnativebmg.native_blk_mem_gen/valid.cstr/ramloop[7].ram.r/prim_noinit.ram/clka
    RAMB36_X2Y3          RAMB36E1                                     r  framebuffer/U0/inst_blk_mem_gen/gnbram.gnativebmg.native_blk_mem_gen/valid.cstr/ramloop[7].ram.r/prim_noinit.ram/DEVICE_7SERIES.NO_BMM_INFO.TRUE_DP.CASCADED_PRIM36.ram_B/CLKBWRCLK
  -------------------------------------------------------------------    -------------------
    RAMB36_X2Y3          RAMB36E1 (Prop_ramb36e1_CLKBWRCLK_CASCADEOUTB)
                                                      2.872    37.986 r  framebuffer/U0/inst_blk_mem_gen/gnbram.gnativebmg.native_blk_mem_gen/valid.cstr/ramloop[7].ram.r/prim_noinit.ram/DEVICE_7SERIES.NO_BMM_INFO.TRUE_DP.CASCADED_PRIM36.ram_B/CASCADEOUTB
                         net (fo=1, routed)           0.065    38.051    framebuffer/U0/inst_blk_mem_gen/gnbram.gnativebmg.native_blk_mem_gen/valid.cstr/ramloop[7].ram.r/prim_noinit.ram/cascadelatb_tmp
    RAMB36_X2Y4          RAMB36E1 (Prop_ramb36e1_CASCADEINB_DOBDO[0])
                                                      0.425    38.476 r  framebuffer/U0/inst_blk_mem_gen/gnbram.gnativebmg.native_blk_mem_gen/valid.cstr/ramloop[7].ram.r/prim_noinit.ram/DEVICE_7SERIES.NO_BMM_INFO.TRUE_DP.CASCADED_PRIM36.ram_T/DOBDO[0]
                         net (fo=1, routed)           1.394    39.870    framebuffer/U0/inst_blk_mem_gen/gnbram.gnativebmg.native_blk_mem_gen/valid.cstr/has_mux_b.B/doutb[2][0]
    SLICE_X40Y23         LUT3 (Prop_lut3_I0_O)        0.124    39.994 r  framebuffer/U0/inst_blk_mem_gen/gnbram.gnativebmg.native_blk_mem_gen/valid.cstr/has_mux_b.B/doutb[2]_INST_0_i_1/O
                         net (fo=1, routed)           0.000    39.994    framebuffer/U0/inst_blk_mem_gen/gnbram.gnativebmg.native_blk_mem_gen/valid.cstr/has_mux_b.B/doutb[2]_INST_0_i_1_n_0
    SLICE_X40Y23         MUXF7 (Prop_muxf7_I0_O)      0.238    40.232 r  framebuffer/U0/inst_blk_mem_gen/gnbram.gnativebmg.native_blk_mem_gen/valid.cstr/has_mux_b.B/doutb[2]_INST_0/O
                         net (fo=6, routed)           0.656    40.887    palette/palette[2]
    SLICE_X30Y22         LUT4 (Prop_lut4_I3_O)        0.298    41.185 r  palette/green[0]_INST_0/O
                         net (fo=4, routed)           0.355    41.540    vga_to_hdmi/inst/srldly_0/data_i[28]
    SLICE_X31Y23         FDRE                                         r  vga_to_hdmi/inst/srldly_0/srl[30].srl16_i_srlopt/D
  -------------------------------------------------------------------    -------------------

                         (clock clk_out1_clk_wiz_0 rise edge)
                                                     40.000    40.000 r  
    BUFGCTRL_X0Y3        BUFG                         0.000    40.000 r  clk_IBUF_BUFG_inst/O
                         net (fo=45, routed)          1.457    41.457    clk_wiz/inst/clk_in1
    MMCME2_ADV_X1Y0      MMCME2_ADV (Prop_mmcme2_adv_CLKIN1_CLKOUT0)
                                                     -3.129    38.328 r  clk_wiz/inst/mmcm_adv_inst/CLKOUT0
                         net (fo=1, routed)           1.581    39.909    clk_wiz/inst/clk_out1_clk_wiz_0
    BUFGCTRL_X0Y0        BUFG (Prop_bufg_I_O)         0.091    40.000 r  clk_wiz/inst/clkout1_buf/O
                         net (fo=204, routed)         1.430    41.430    vga_to_hdmi/inst/srldly_0/pix_clk
    SLICE_X31Y23         FDRE                                         r  vga_to_hdmi/inst/srldly_0/srl[30].srl16_i_srlopt/C
                         clock pessimism              0.000    41.430    
                         clock uncertainty           -0.193    41.237    
    SLICE_X31Y23         FDRE (Setup_fdre_C_D)       -0.040    41.197    vga_to_hdmi/inst/srldly_0/srl[30].srl16_i_srlopt
  -------------------------------------------------------------------
                         required time                         41.197    
                         arrival time                         -41.540    
  -------------------------------------------------------------------
                         slack                                 -0.343    

Slack (VIOLATED) :        -0.340ns  (required time - arrival time)
  Source:                 framebuffer/U0/inst_blk_mem_gen/gnbram.gnativebmg.native_blk_mem_gen/valid.cstr/ramloop[7].ram.r/prim_noinit.ram/DEVICE_7SERIES.NO_BMM_INFO.TRUE_DP.CASCADED_PRIM36.ram_B/CLKBWRCLK
                            (rising edge-triggered cell RAMB36E1 clocked by clk_100  {rise@0.000ns fall@5.000ns period=10.000ns})
  Destination:            vga_to_hdmi/inst/srldly_0/srl[28].srl16_i_srlopt/D
                            (rising edge-triggered cell FDRE clocked by clk_out1_clk_wiz_0  {rise@0.000ns fall@20.000ns period=40.000ns})
  Path Group:             clk_out1_clk_wiz_0
  Path Type:              Setup (Max at Slow Process Corner)
  Requirement:            10.000ns  (clk_out1_clk_wiz_0 rise@40.000ns - clk_100 rise@30.000ns)
  Data Path Delay:        6.427ns  (logic 3.957ns (61.572%)  route 2.470ns (38.428%))
  Logic Levels:           4  (LUT3=1 LUT4=1 MUXF7=1 RAMB36E1=1)
  Clock Path Skew:        -3.680ns (DCD - SCD + CPR)
    Destination Clock Delay (DCD):    1.433ns = ( 41.433 - 40.000 ) 
    Source Clock Delay      (SCD):    5.114ns = ( 35.114 - 30.000 ) 
    Clock Pessimism Removal (CPR):    0.000ns
  Clock Uncertainty:      0.193ns  ((TSJ^2 + DJ^2)^1/2) / 2 + PE
    Total System Jitter     (TSJ):    0.071ns
    Discrete Jitter          (DJ):    0.175ns
    Phase Error              (PE):    0.099ns
  Clock Domain Crossing:  Inter clock paths are considered valid unless explicitly excluded by timing constraints such as set_clock_groups or set_false_path.

    Location             Delay type                Incr(ns)  Path(ns)    Netlist Resource(s)
  -------------------------------------------------------------------    -------------------
                         (clock clk_100 rise edge)   30.000    30.000 r  
    N15                                               0.000    30.000 r  clk (IN)
                         net (fo=0)                   0.000    30.000    clk
    N15                  IBUF (Prop_ibuf_I_O)         1.440    31.440 r  clk_IBUF_inst/O
                         net (fo=1, routed)           1.972    33.412    clk_IBUF
    BUFGCTRL_X0Y3        BUFG (Prop_bufg_I_O)         0.096    33.508 r  clk_IBUF_BUFG_inst/O
                         net (fo=45, routed)          1.606    35.114    framebuffer/U0/inst_blk_mem_gen/gnbram.gnativebmg.native_blk_mem_gen/valid.cstr/ramloop[7].ram.r/prim_noinit.ram/clka
    RAMB36_X2Y3          RAMB36E1                                     r  framebuffer/U0/inst_blk_mem_gen/gnbram.gnativebmg.native_blk_mem_gen/valid.cstr/ramloop[7].ram.r/prim_noinit.ram/DEVICE_7SERIES.NO_BMM_INFO.TRUE_DP.CASCADED_PRIM36.ram_B/CLKBWRCLK
  -------------------------------------------------------------------    -------------------
    RAMB36_X2Y3          RAMB36E1 (Prop_ramb36e1_CLKBWRCLK_CASCADEOUTB)
                                                      2.872    37.986 r  framebuffer/U0/inst_blk_mem_gen/gnbram.gnativebmg.native_blk_mem_gen/valid.cstr/ramloop[7].ram.r/prim_noinit.ram/DEVICE_7SERIES.NO_BMM_INFO.TRUE_DP.CASCADED_PRIM36.ram_B/CASCADEOUTB
                         net (fo=1, routed)           0.065    38.051    framebuffer/U0/inst_blk_mem_gen/gnbram.gnativebmg.native_blk_mem_gen/valid.cstr/ramloop[7].ram.r/prim_noinit.ram/cascadelatb_tmp
    RAMB36_X2Y4          RAMB36E1 (Prop_ramb36e1_CASCADEINB_DOBDO[0])
                                                      0.425    38.476 r  framebuffer/U0/inst_blk_mem_gen/gnbram.gnativebmg.native_blk_mem_gen/valid.cstr/ramloop[7].ram.r/prim_noinit.ram/DEVICE_7SERIES.NO_BMM_INFO.TRUE_DP.CASCADED_PRIM36.ram_T/DOBDO[0]
                         net (fo=1, routed)           1.394    39.870    framebuffer/U0/inst_blk_mem_gen/gnbram.gnativebmg.native_blk_mem_gen/valid.cstr/has_mux_b.B/doutb[2][0]
    SLICE_X40Y23         LUT3 (Prop_lut3_I0_O)        0.124    39.994 r  framebuffer/U0/inst_blk_mem_gen/gnbram.gnativebmg.native_blk_mem_gen/valid.cstr/has_mux_b.B/doutb[2]_INST_0_i_1/O
                         net (fo=1, routed)           0.000    39.994    framebuffer/U0/inst_blk_mem_gen/gnbram.gnativebmg.native_blk_mem_gen/valid.cstr/has_mux_b.B/doutb[2]_INST_0_i_1_n_0
    SLICE_X40Y23         MUXF7 (Prop_muxf7_I0_O)      0.238    40.232 r  framebuffer/U0/inst_blk_mem_gen/gnbram.gnativebmg.native_blk_mem_gen/valid.cstr/has_mux_b.B/doutb[2]_INST_0/O
                         net (fo=6, routed)           0.656    40.887    palette/palette[2]
    SLICE_X30Y22         LUT4 (Prop_lut4_I3_O)        0.298    41.185 r  palette/green[0]_INST_0/O
                         net (fo=4, routed)           0.355    41.540    vga_to_hdmi/inst/srldly_0/data_i[26]
    SLICE_X31Y21         FDRE                                         r  vga_to_hdmi/inst/srldly_0/srl[28].srl16_i_srlopt/D
  -------------------------------------------------------------------    -------------------

                         (clock clk_out1_clk_wiz_0 rise edge)
                                                     40.000    40.000 r  
    BUFGCTRL_X0Y3        BUFG                         0.000    40.000 r  clk_IBUF_BUFG_inst/O
                         net (fo=45, routed)          1.457    41.457    clk_wiz/inst/clk_in1
    MMCME2_ADV_X1Y0      MMCME2_ADV (Prop_mmcme2_adv_CLKIN1_CLKOUT0)
                                                     -3.129    38.328 r  clk_wiz/inst/mmcm_adv_inst/CLKOUT0
                         net (fo=1, routed)           1.581    39.909    clk_wiz/inst/clk_out1_clk_wiz_0
    BUFGCTRL_X0Y0        BUFG (Prop_bufg_I_O)         0.091    40.000 r  clk_wiz/inst/clkout1_buf/O
                         net (fo=204, routed)         1.433    41.433    vga_to_hdmi/inst/srldly_0/pix_clk
    SLICE_X31Y21         FDRE                                         r  vga_to_hdmi/inst/srldly_0/srl[28].srl16_i_srlopt/C
                         clock pessimism              0.000    41.433    
                         clock uncertainty           -0.193    41.240    
    SLICE_X31Y21         FDRE (Setup_fdre_C_D)       -0.040    41.200    vga_to_hdmi/inst/srldly_0/srl[28].srl16_i_srlopt
  -------------------------------------------------------------------
                         required time                         41.200    
                         arrival time                         -41.540    
  -------------------------------------------------------------------
                         slack                                 -0.340    

Slack (VIOLATED) :        -0.337ns  (required time - arrival time)
  Source:                 framebuffer/U0/inst_blk_mem_gen/gnbram.gnativebmg.native_blk_mem_gen/valid.cstr/ramloop[7].ram.r/prim_noinit.ram/DEVICE_7SERIES.NO_BMM_INFO.TRUE_DP.CASCADED_PRIM36.ram_B/CLKBWRCLK
                            (rising edge-triggered cell RAMB36E1 clocked by clk_100  {rise@0.000ns fall@5.000ns period=10.000ns})
  Destination:            vga_to_hdmi/inst/srldly_0/srl[24].srl16_i_srlopt/D
                            (rising edge-triggered cell FDRE clocked by clk_out1_clk_wiz_0  {rise@0.000ns fall@20.000ns period=40.000ns})
  Path Group:             clk_out1_clk_wiz_0
  Path Type:              Setup (Max at Slow Process Corner)
  Requirement:            10.000ns  (clk_out1_clk_wiz_0 rise@40.000ns - clk_100 rise@30.000ns)
  Data Path Delay:        6.419ns  (logic 3.957ns (61.649%)  route 2.462ns (38.351%))
  Logic Levels:           4  (LUT3=1 LUT4=1 MUXF7=1 RAMB36E1=1)
  Clock Path Skew:        -3.682ns (DCD - SCD + CPR)
    Destination Clock Delay (DCD):    1.431ns = ( 41.431 - 40.000 ) 
    Source Clock Delay      (SCD):    5.114ns = ( 35.114 - 30.000 ) 
    Clock Pessimism Removal (CPR):    0.000ns
  Clock Uncertainty:      0.193ns  ((TSJ^2 + DJ^2)^1/2) / 2 + PE
    Total System Jitter     (TSJ):    0.071ns
    Discrete Jitter          (DJ):    0.175ns
    Phase Error              (PE):    0.099ns
  Clock Domain Crossing:  Inter clock paths are considered valid unless explicitly excluded by timing constraints such as set_clock_groups or set_false_path.

    Location             Delay type                Incr(ns)  Path(ns)    Netlist Resource(s)
  -------------------------------------------------------------------    -------------------
                         (clock clk_100 rise edge)   30.000    30.000 r  
    N15                                               0.000    30.000 r  clk (IN)
                         net (fo=0)                   0.000    30.000    clk
    N15                  IBUF (Prop_ibuf_I_O)         1.440    31.440 r  clk_IBUF_inst/O
                         net (fo=1, routed)           1.972    33.412    clk_IBUF
    BUFGCTRL_X0Y3        BUFG (Prop_bufg_I_O)         0.096    33.508 r  clk_IBUF_BUFG_inst/O
                         net (fo=45, routed)          1.606    35.114    framebuffer/U0/inst_blk_mem_gen/gnbram.gnativebmg.native_blk_mem_gen/valid.cstr/ramloop[7].ram.r/prim_noinit.ram/clka
    RAMB36_X2Y3          RAMB36E1                                     r  framebuffer/U0/inst_blk_mem_gen/gnbram.gnativebmg.native_blk_mem_gen/valid.cstr/ramloop[7].ram.r/prim_noinit.ram/DEVICE_7SERIES.NO_BMM_INFO.TRUE_DP.CASCADED_PRIM36.ram_B/CLKBWRCLK
  -------------------------------------------------------------------    -------------------
    RAMB36_X2Y3          RAMB36E1 (Prop_ramb36e1_CLKBWRCLK_CASCADEOUTB)
                                                      2.872    37.986 r  framebuffer/U0/inst_blk_mem_gen/gnbram.gnativebmg.native_blk_mem_gen/valid.cstr/ramloop[7].ram.r/prim_noinit.ram/DEVICE_7SERIES.NO_BMM_INFO.TRUE_DP.CASCADED_PRIM36.ram_B/CASCADEOUTB
                         net (fo=1, routed)           0.065    38.051    framebuffer/U0/inst_blk_mem_gen/gnbram.gnativebmg.native_blk_mem_gen/valid.cstr/ramloop[7].ram.r/prim_noinit.ram/cascadelatb_tmp
    RAMB36_X2Y4          RAMB36E1 (Prop_ramb36e1_CASCADEINB_DOBDO[0])
                                                      0.425    38.476 r  framebuffer/U0/inst_blk_mem_gen/gnbram.gnativebmg.native_blk_mem_gen/valid.cstr/ramloop[7].ram.r/prim_noinit.ram/DEVICE_7SERIES.NO_BMM_INFO.TRUE_DP.CASCADED_PRIM36.ram_T/DOBDO[0]
                         net (fo=1, routed)           1.394    39.870    framebuffer/U0/inst_blk_mem_gen/gnbram.gnativebmg.native_blk_mem_gen/valid.cstr/has_mux_b.B/doutb[2][0]
    SLICE_X40Y23         LUT3 (Prop_lut3_I0_O)        0.124    39.994 r  framebuffer/U0/inst_blk_mem_gen/gnbram.gnativebmg.native_blk_mem_gen/valid.cstr/has_mux_b.B/doutb[2]_INST_0_i_1/O
                         net (fo=1, routed)           0.000    39.994    framebuffer/U0/inst_blk_mem_gen/gnbram.gnativebmg.native_blk_mem_gen/valid.cstr/has_mux_b.B/doutb[2]_INST_0_i_1_n_0
    SLICE_X40Y23         MUXF7 (Prop_muxf7_I0_O)      0.238    40.232 r  framebuffer/U0/inst_blk_mem_gen/gnbram.gnativebmg.native_blk_mem_gen/valid.cstr/has_mux_b.B/doutb[2]_INST_0/O
                         net (fo=6, routed)           0.656    40.887    palette/palette[2]
    SLICE_X30Y22         LUT4 (Prop_lut4_I3_O)        0.298    41.185 r  palette/green[0]_INST_0/O
                         net (fo=4, routed)           0.347    41.532    vga_to_hdmi/inst/srldly_0/data_i[22]
    SLICE_X33Y22         FDRE                                         r  vga_to_hdmi/inst/srldly_0/srl[24].srl16_i_srlopt/D
  -------------------------------------------------------------------    -------------------

                         (clock clk_out1_clk_wiz_0 rise edge)
                                                     40.000    40.000 r  
    BUFGCTRL_X0Y3        BUFG                         0.000    40.000 r  clk_IBUF_BUFG_inst/O
                         net (fo=45, routed)          1.457    41.457    clk_wiz/inst/clk_in1
    MMCME2_ADV_X1Y0      MMCME2_ADV (Prop_mmcme2_adv_CLKIN1_CLKOUT0)
                                                     -3.129    38.328 r  clk_wiz/inst/mmcm_adv_inst/CLKOUT0
                         net (fo=1, routed)           1.581    39.909    clk_wiz/inst/clk_out1_clk_wiz_0
    BUFGCTRL_X0Y0        BUFG (Prop_bufg_I_O)         0.091    40.000 r  clk_wiz/inst/clkout1_buf/O
                         net (fo=204, routed)         1.431    41.431    vga_to_hdmi/inst/srldly_0/pix_clk
    SLICE_X33Y22         FDRE                                         r  vga_to_hdmi/inst/srldly_0/srl[24].srl16_i_srlopt/C
                         clock pessimism              0.000    41.431    
                         clock uncertainty           -0.193    41.238    
    SLICE_X33Y22         FDRE (Setup_fdre_C_D)       -0.043    41.195    vga_to_hdmi/inst/srldly_0/srl[24].srl16_i_srlopt
  -------------------------------------------------------------------
                         required time                         41.195    
                         arrival time                         -41.532    
  -------------------------------------------------------------------
                         slack                                 -0.337    

Slack (VIOLATED) :        -0.188ns  (required time - arrival time)
  Source:                 framebuffer/U0/inst_blk_mem_gen/gnbram.gnativebmg.native_blk_mem_gen/valid.cstr/ramloop[7].ram.r/prim_noinit.ram/DEVICE_7SERIES.NO_BMM_INFO.TRUE_DP.CASCADED_PRIM36.ram_B/CLKBWRCLK
                            (rising edge-triggered cell RAMB36E1 clocked by clk_100  {rise@0.000ns fall@5.000ns period=10.000ns})
  Destination:            vga_to_hdmi/inst/srldly_0/srl[29].srl16_i_srlopt/D
                            (rising edge-triggered cell FDRE clocked by clk_out1_clk_wiz_0  {rise@0.000ns fall@20.000ns period=40.000ns})
  Path Group:             clk_out1_clk_wiz_0
  Path Type:              Setup (Max at Slow Process Corner)
  Requirement:            10.000ns  (clk_out1_clk_wiz_0 rise@40.000ns - clk_100 rise@30.000ns)
  Data Path Delay:        6.338ns  (logic 3.957ns (62.429%)  route 2.381ns (37.571%))
  Logic Levels:           4  (LUT3=1 LUT4=1 MUXF7=1 RAMB36E1=1)
  Clock Path Skew:        -3.685ns (DCD - SCD + CPR)
    Destination Clock Delay (DCD):    1.428ns = ( 41.428 - 40.000 ) 
    Source Clock Delay      (SCD):    5.114ns = ( 35.114 - 30.000 ) 
    Clock Pessimism Removal (CPR):    0.000ns
  Clock Uncertainty:      0.193ns  ((TSJ^2 + DJ^2)^1/2) / 2 + PE
    Total System Jitter     (TSJ):    0.071ns
    Discrete Jitter          (DJ):    0.175ns
    Phase Error              (PE):    0.099ns
  Clock Domain Crossing:  Inter clock paths are considered valid unless explicitly excluded by timing constraints such as set_clock_groups or set_false_path.

    Location             Delay type                Incr(ns)  Path(ns)    Netlist Resource(s)
  -------------------------------------------------------------------    -------------------
                         (clock clk_100 rise edge)   30.000    30.000 r  
    N15                                               0.000    30.000 r  clk (IN)
                         net (fo=0)                   0.000    30.000    clk
    N15                  IBUF (Prop_ibuf_I_O)         1.440    31.440 r  clk_IBUF_inst/O
                         net (fo=1, routed)           1.972    33.412    clk_IBUF
    BUFGCTRL_X0Y3        BUFG (Prop_bufg_I_O)         0.096    33.508 r  clk_IBUF_BUFG_inst/O
                         net (fo=45, routed)          1.606    35.114    framebuffer/U0/inst_blk_mem_gen/gnbram.gnativebmg.native_blk_mem_gen/valid.cstr/ramloop[7].ram.r/prim_noinit.ram/clka
    RAMB36_X2Y3          RAMB36E1                                     r  framebuffer/U0/inst_blk_mem_gen/gnbram.gnativebmg.native_blk_mem_gen/valid.cstr/ramloop[7].ram.r/prim_noinit.ram/DEVICE_7SERIES.NO_BMM_INFO.TRUE_DP.CASCADED_PRIM36.ram_B/CLKBWRCLK
  -------------------------------------------------------------------    -------------------
    RAMB36_X2Y3          RAMB36E1 (Prop_ramb36e1_CLKBWRCLK_CASCADEOUTB)
                                                      2.872    37.986 r  framebuffer/U0/inst_blk_mem_gen/gnbram.gnativebmg.native_blk_mem_gen/valid.cstr/ramloop[7].ram.r/prim_noinit.ram/DEVICE_7SERIES.NO_BMM_INFO.TRUE_DP.CASCADED_PRIM36.ram_B/CASCADEOUTB
                         net (fo=1, routed)           0.065    38.051    framebuffer/U0/inst_blk_mem_gen/gnbram.gnativebmg.native_blk_mem_gen/valid.cstr/ramloop[7].ram.r/prim_noinit.ram/cascadelatb_tmp
    RAMB36_X2Y4          RAMB36E1 (Prop_ramb36e1_CASCADEINB_DOBDO[0])
                                                      0.425    38.476 f  framebuffer/U0/inst_blk_mem_gen/gnbram.gnativebmg.native_blk_mem_gen/valid.cstr/ramloop[7].ram.r/prim_noinit.ram/DEVICE_7SERIES.NO_BMM_INFO.TRUE_DP.CASCADED_PRIM36.ram_T/DOBDO[0]
                         net (fo=1, routed)           1.394    39.870    framebuffer/U0/inst_blk_mem_gen/gnbram.gnativebmg.native_blk_mem_gen/valid.cstr/has_mux_b.B/doutb[2][0]
    SLICE_X40Y23         LUT3 (Prop_lut3_I0_O)        0.124    39.994 f  framebuffer/U0/inst_blk_mem_gen/gnbram.gnativebmg.native_blk_mem_gen/valid.cstr/has_mux_b.B/doutb[2]_INST_0_i_1/O
                         net (fo=1, routed)           0.000    39.994    framebuffer/U0/inst_blk_mem_gen/gnbram.gnativebmg.native_blk_mem_gen/valid.cstr/has_mux_b.B/doutb[2]_INST_0_i_1_n_0
    SLICE_X40Y23         MUXF7 (Prop_muxf7_I0_O)      0.238    40.232 f  framebuffer/U0/inst_blk_mem_gen/gnbram.gnativebmg.native_blk_mem_gen/valid.cstr/has_mux_b.B/doutb[2]_INST_0/O
                         net (fo=6, routed)           0.923    41.154    palette/palette[2]
    SLICE_X31Y24         LUT4 (Prop_lut4_I2_O)        0.298    41.452 r  palette/green[1]_INST_0/O
                         net (fo=4, routed)           0.000    41.452    vga_to_hdmi/inst/srldly_0/data_i[27]
    SLICE_X31Y24         FDRE                                         r  vga_to_hdmi/inst/srldly_0/srl[29].srl16_i_srlopt/D
  -------------------------------------------------------------------    -------------------

                         (clock clk_out1_clk_wiz_0 rise edge)
                                                     40.000    40.000 r  
    BUFGCTRL_X0Y3        BUFG                         0.000    40.000 r  clk_IBUF_BUFG_inst/O
                         net (fo=45, routed)          1.457    41.457    clk_wiz/inst/clk_in1
    MMCME2_ADV_X1Y0      MMCME2_ADV (Prop_mmcme2_adv_CLKIN1_CLKOUT0)
                                                     -3.129    38.328 r  clk_wiz/inst/mmcm_adv_inst/CLKOUT0
                         net (fo=1, routed)           1.581    39.909    clk_wiz/inst/clk_out1_clk_wiz_0
    BUFGCTRL_X0Y0        BUFG (Prop_bufg_I_O)         0.091    40.000 r  clk_wiz/inst/clkout1_buf/O
                         net (fo=204, routed)         1.428    41.428    vga_to_hdmi/inst/srldly_0/pix_clk
    SLICE_X31Y24         FDRE                                         r  vga_to_hdmi/inst/srldly_0/srl[29].srl16_i_srlopt/C
                         clock pessimism              0.000    41.428    
                         clock uncertainty           -0.193    41.235    
    SLICE_X31Y24         FDRE (Setup_fdre_C_D)        0.029    41.264    vga_to_hdmi/inst/srldly_0/srl[29].srl16_i_srlopt
  -------------------------------------------------------------------
                         required time                         41.264    
                         arrival time                         -41.452    
  -------------------------------------------------------------------
                         slack                                 -0.188    

Slack (MET) :             0.132ns  (required time - arrival time)
  Source:                 framebuffer/U0/inst_blk_mem_gen/gnbram.gnativebmg.native_blk_mem_gen/valid.cstr/ramloop[7].ram.r/prim_noinit.ram/DEVICE_7SERIES.NO_BMM_INFO.TRUE_DP.CASCADED_PRIM36.ram_B/CLKBWRCLK
                            (rising edge-triggered cell RAMB36E1 clocked by clk_100  {rise@0.000ns fall@5.000ns period=10.000ns})
  Destination:            vga_to_hdmi/inst/srldly_0/srl[26].srl16_i_srlopt/D
                            (rising edge-triggered cell FDRE clocked by clk_out1_clk_wiz_0  {rise@0.000ns fall@20.000ns period=40.000ns})
  Path Group:             clk_out1_clk_wiz_0
  Path Type:              Setup (Max at Slow Process Corner)
  Requirement:            10.000ns  (clk_out1_clk_wiz_0 rise@40.000ns - clk_100 rise@30.000ns)
  Data Path Delay:        6.072ns  (logic 3.957ns (65.172%)  route 2.115ns (34.828%))
  Logic Levels:           4  (LUT3=1 LUT4=1 MUXF7=1 RAMB36E1=1)
  Clock Path Skew:        -3.682ns (DCD - SCD + CPR)
    Destination Clock Delay (DCD):    1.431ns = ( 41.431 - 40.000 ) 
    Source Clock Delay      (SCD):    5.114ns = ( 35.114 - 30.000 ) 
    Clock Pessimism Removal (CPR):    0.000ns
  Clock Uncertainty:      0.193ns  ((TSJ^2 + DJ^2)^1/2) / 2 + PE
    Total System Jitter     (TSJ):    0.071ns
    Discrete Jitter          (DJ):    0.175ns
    Phase Error              (PE):    0.099ns
  Clock Domain Crossing:  Inter clock paths are considered valid unless explicitly excluded by timing constraints such as set_clock_groups or set_false_path.

    Location             Delay type                Incr(ns)  Path(ns)    Netlist Resource(s)
  -------------------------------------------------------------------    -------------------
                         (clock clk_100 rise edge)   30.000    30.000 r  
    N15                                               0.000    30.000 r  clk (IN)
                         net (fo=0)                   0.000    30.000    clk
    N15                  IBUF (Prop_ibuf_I_O)         1.440    31.440 r  clk_IBUF_inst/O
                         net (fo=1, routed)           1.972    33.412    clk_IBUF
    BUFGCTRL_X0Y3        BUFG (Prop_bufg_I_O)         0.096    33.508 r  clk_IBUF_BUFG_inst/O
                         net (fo=45, routed)          1.606    35.114    framebuffer/U0/inst_blk_mem_gen/gnbram.gnativebmg.native_blk_mem_gen/valid.cstr/ramloop[7].ram.r/prim_noinit.ram/clka
    RAMB36_X2Y3          RAMB36E1                                     r  framebuffer/U0/inst_blk_mem_gen/gnbram.gnativebmg.native_blk_mem_gen/valid.cstr/ramloop[7].ram.r/prim_noinit.ram/DEVICE_7SERIES.NO_BMM_INFO.TRUE_DP.CASCADED_PRIM36.ram_B/CLKBWRCLK
  -------------------------------------------------------------------    -------------------
    RAMB36_X2Y3          RAMB36E1 (Prop_ramb36e1_CLKBWRCLK_CASCADEOUTB)
                                                      2.872    37.986 r  framebuffer/U0/inst_blk_mem_gen/gnbram.gnativebmg.native_blk_mem_gen/valid.cstr/ramloop[7].ram.r/prim_noinit.ram/DEVICE_7SERIES.NO_BMM_INFO.TRUE_DP.CASCADED_PRIM36.ram_B/CASCADEOUTB
                         net (fo=1, routed)           0.065    38.051    framebuffer/U0/inst_blk_mem_gen/gnbram.gnativebmg.native_blk_mem_gen/valid.cstr/ramloop[7].ram.r/prim_noinit.ram/cascadelatb_tmp
    RAMB36_X2Y4          RAMB36E1 (Prop_ramb36e1_CASCADEINB_DOBDO[0])
                                                      0.425    38.476 r  framebuffer/U0/inst_blk_mem_gen/gnbram.gnativebmg.native_blk_mem_gen/valid.cstr/ramloop[7].ram.r/prim_noinit.ram/DEVICE_7SERIES.NO_BMM_INFO.TRUE_DP.CASCADED_PRIM36.ram_T/DOBDO[0]
                         net (fo=1, routed)           1.394    39.870    framebuffer/U0/inst_blk_mem_gen/gnbram.gnativebmg.native_blk_mem_gen/valid.cstr/has_mux_b.B/doutb[2][0]
    SLICE_X40Y23         LUT3 (Prop_lut3_I0_O)        0.124    39.994 r  framebuffer/U0/inst_blk_mem_gen/gnbram.gnativebmg.native_blk_mem_gen/valid.cstr/has_mux_b.B/doutb[2]_INST_0_i_1/O
                         net (fo=1, routed)           0.000    39.994    framebuffer/U0/inst_blk_mem_gen/gnbram.gnativebmg.native_blk_mem_gen/valid.cstr/has_mux_b.B/doutb[2]_INST_0_i_1_n_0
    SLICE_X40Y23         MUXF7 (Prop_muxf7_I0_O)      0.238    40.232 r  framebuffer/U0/inst_blk_mem_gen/gnbram.gnativebmg.native_blk_mem_gen/valid.cstr/has_mux_b.B/doutb[2]_INST_0/O
                         net (fo=6, routed)           0.656    40.887    palette/palette[2]
    SLICE_X30Y22         LUT4 (Prop_lut4_I3_O)        0.298    41.185 r  palette/green[0]_INST_0/O
                         net (fo=4, routed)           0.000    41.185    vga_to_hdmi/inst/srldly_0/data_i[24]
    SLICE_X30Y22         FDRE                                         r  vga_to_hdmi/inst/srldly_0/srl[26].srl16_i_srlopt/D
  -------------------------------------------------------------------    -------------------

                         (clock clk_out1_clk_wiz_0 rise edge)
                                                     40.000    40.000 r  
    BUFGCTRL_X0Y3        BUFG                         0.000    40.000 r  clk_IBUF_BUFG_inst/O
                         net (fo=45, routed)          1.457    41.457    clk_wiz/inst/clk_in1
    MMCME2_ADV_X1Y0      MMCME2_ADV (Prop_mmcme2_adv_CLKIN1_CLKOUT0)
                                                     -3.129    38.328 r  clk_wiz/inst/mmcm_adv_inst/CLKOUT0
                         net (fo=1, routed)           1.581    39.909    clk_wiz/inst/clk_out1_clk_wiz_0
    BUFGCTRL_X0Y0        BUFG (Prop_bufg_I_O)         0.091    40.000 r  clk_wiz/inst/clkout1_buf/O
                         net (fo=204, routed)         1.431    41.431    vga_to_hdmi/inst/srldly_0/pix_clk
    SLICE_X30Y22         FDRE                                         r  vga_to_hdmi/inst/srldly_0/srl[26].srl16_i_srlopt/C
                         clock pessimism              0.000    41.431    
                         clock uncertainty           -0.193    41.238    
    SLICE_X30Y22         FDRE (Setup_fdre_C_D)        0.079    41.317    vga_to_hdmi/inst/srldly_0/srl[26].srl16_i_srlopt
  -------------------------------------------------------------------
                         required time                         41.317    
                         arrival time                         -41.185    
  -------------------------------------------------------------------
                         slack                                  0.132    

Slack (MET) :             0.327ns  (required time - arrival time)
  Source:                 framebuffer/U0/inst_blk_mem_gen/gnbram.gnativebmg.native_blk_mem_gen/valid.cstr/ramloop[10].ram.r/prim_noinit.ram/DEVICE_7SERIES.NO_BMM_INFO.TRUE_DP.CASCADED_PRIM36.ram_B/CLKBWRCLK
                            (rising edge-triggered cell RAMB36E1 clocked by clk_100  {rise@0.000ns fall@5.000ns period=10.000ns})
  Destination:            vga_to_hdmi/inst/srldly_0/srl[16].srl16_i/D
                            (rising edge-triggered cell SRL16E clocked by clk_out1_clk_wiz_0  {rise@0.000ns fall@20.000ns period=40.000ns})
  Path Group:             clk_out1_clk_wiz_0
  Path Type:              Setup (Max at Slow Process Corner)
  Requirement:            10.000ns  (clk_out1_clk_wiz_0 rise@40.000ns - clk_100 rise@30.000ns)
  Data Path Delay:        5.586ns  (logic 3.659ns (65.500%)  route 1.927ns (34.500%))
  Logic Levels:           3  (LUT3=1 MUXF7=1 RAMB36E1=1)
  Clock Path Skew:        -3.672ns (DCD - SCD + CPR)
    Destination Clock Delay (DCD):    1.430ns = ( 41.430 - 40.000 ) 
    Source Clock Delay      (SCD):    5.103ns = ( 35.103 - 30.000 ) 
    Clock Pessimism Removal (CPR):    0.000ns
  Clock Uncertainty:      0.193ns  ((TSJ^2 + DJ^2)^1/2) / 2 + PE
    Total System Jitter     (TSJ):    0.071ns
    Discrete Jitter          (DJ):    0.175ns
    Phase Error              (PE):    0.099ns
  Clock Domain Crossing:  Inter clock paths are considered valid unless explicitly excluded by timing constraints such as set_clock_groups or set_false_path.

    Location             Delay type                Incr(ns)  Path(ns)    Netlist Resource(s)
  -------------------------------------------------------------------    -------------------
                         (clock clk_100 rise edge)   30.000    30.000 r  
    N15                                               0.000    30.000 r  clk (IN)
                         net (fo=0)                   0.000    30.000    clk
    N15                  IBUF (Prop_ibuf_I_O)         1.440    31.440 r  clk_IBUF_inst/O
                         net (fo=1, routed)           1.972    33.412    clk_IBUF
    BUFGCTRL_X0Y3        BUFG (Prop_bufg_I_O)         0.096    33.508 r  clk_IBUF_BUFG_inst/O
                         net (fo=45, routed)          1.595    35.103    framebuffer/U0/inst_blk_mem_gen/gnbram.gnativebmg.native_blk_mem_gen/valid.cstr/ramloop[10].ram.r/prim_noinit.ram/clka
    RAMB36_X1Y5          RAMB36E1                                     r  framebuffer/U0/inst_blk_mem_gen/gnbram.gnativebmg.native_blk_mem_gen/valid.cstr/ramloop[10].ram.r/prim_noinit.ram/DEVICE_7SERIES.NO_BMM_INFO.TRUE_DP.CASCADED_PRIM36.ram_B/CLKBWRCLK
  -------------------------------------------------------------------    -------------------
    RAMB36_X1Y5          RAMB36E1 (Prop_ramb36e1_CLKBWRCLK_CASCADEOUTB)
                                                      2.872    37.975 r  framebuffer/U0/inst_blk_mem_gen/gnbram.gnativebmg.native_blk_mem_gen/valid.cstr/ramloop[10].ram.r/prim_noinit.ram/DEVICE_7SERIES.NO_BMM_INFO.TRUE_DP.CASCADED_PRIM36.ram_B/CASCADEOUTB
                         net (fo=1, routed)           0.065    38.040    framebuffer/U0/inst_blk_mem_gen/gnbram.gnativebmg.native_blk_mem_gen/valid.cstr/ramloop[10].ram.r/prim_noinit.ram/cascadelatb_tmp
    RAMB36_X1Y6          RAMB36E1 (Prop_ramb36e1_CASCADEINB_DOBDO[0])
                                                      0.425    38.465 r  framebuffer/U0/inst_blk_mem_gen/gnbram.gnativebmg.native_blk_mem_gen/valid.cstr/ramloop[10].ram.r/prim_noinit.ram/DEVICE_7SERIES.NO_BMM_INFO.TRUE_DP.CASCADED_PRIM36.ram_T/DOBDO[0]
                         net (fo=1, routed)           1.298    39.763    framebuffer/U0/inst_blk_mem_gen/gnbram.gnativebmg.native_blk_mem_gen/valid.cstr/has_mux_b.B/doutb[3]_0[0]
    SLICE_X33Y23         LUT3 (Prop_lut3_I0_O)        0.124    39.887 r  framebuffer/U0/inst_blk_mem_gen/gnbram.gnativebmg.native_blk_mem_gen/valid.cstr/has_mux_b.B/doutb[3]_INST_0_i_1/O
                         net (fo=1, routed)           0.000    39.887    framebuffer/U0/inst_blk_mem_gen/gnbram.gnativebmg.native_blk_mem_gen/valid.cstr/has_mux_b.B/doutb[3]_INST_0_i_1_n_0
    SLICE_X33Y23         MUXF7 (Prop_muxf7_I0_O)      0.238    40.125 r  framebuffer/U0/inst_blk_mem_gen/gnbram.gnativebmg.native_blk_mem_gen/valid.cstr/has_mux_b.B/doutb[3]_INST_0/O
                         net (fo=10, routed)          0.563    40.689    vga_to_hdmi/inst/srldly_0/data_i[14]
    SLICE_X38Y23         SRL16E                                       r  vga_to_hdmi/inst/srldly_0/srl[16].srl16_i/D
  -------------------------------------------------------------------    -------------------

                         (clock clk_out1_clk_wiz_0 rise edge)
                                                     40.000    40.000 r  
    BUFGCTRL_X0Y3        BUFG                         0.000    40.000 r  clk_IBUF_BUFG_inst/O
                         net (fo=45, routed)          1.457    41.457    clk_wiz/inst/clk_in1
    MMCME2_ADV_X1Y0      MMCME2_ADV (Prop_mmcme2_adv_CLKIN1_CLKOUT0)
                                                     -3.129    38.328 r  clk_wiz/inst/mmcm_adv_inst/CLKOUT0
                         net (fo=1, routed)           1.581    39.909    clk_wiz/inst/clk_out1_clk_wiz_0
    BUFGCTRL_X0Y0        BUFG (Prop_bufg_I_O)         0.091    40.000 r  clk_wiz/inst/clkout1_buf/O
                         net (fo=204, routed)         1.430    41.430    vga_to_hdmi/inst/srldly_0/pix_clk
    SLICE_X38Y23         SRL16E                                       r  vga_to_hdmi/inst/srldly_0/srl[16].srl16_i/CLK
                         clock pessimism              0.000    41.430    
                         clock uncertainty           -0.193    41.237    
    SLICE_X38Y23         SRL16E (Setup_srl16e_CLK_D)
                                                     -0.221    41.016    vga_to_hdmi/inst/srldly_0/srl[16].srl16_i
  -------------------------------------------------------------------
                         required time                         41.016    
                         arrival time                         -40.689    
  -------------------------------------------------------------------
                         slack                                  0.327    

Slack (MET) :             0.330ns  (required time - arrival time)
  Source:                 framebuffer/U0/inst_blk_mem_gen/gnbram.gnativebmg.native_blk_mem_gen/valid.cstr/ramloop[10].ram.r/prim_noinit.ram/DEVICE_7SERIES.NO_BMM_INFO.TRUE_DP.CASCADED_PRIM36.ram_B/CLKBWRCLK
                            (rising edge-triggered cell RAMB36E1 clocked by clk_100  {rise@0.000ns fall@5.000ns period=10.000ns})
  Destination:            vga_to_hdmi/inst/srldly_0/srl[20].srl16_i/D
                            (rising edge-triggered cell SRL16E clocked by clk_out1_clk_wiz_0  {rise@0.000ns fall@20.000ns period=40.000ns})
  Path Group:             clk_out1_clk_wiz_0
  Path Type:              Setup (Max at Slow Process Corner)
  Requirement:            10.000ns  (clk_out1_clk_wiz_0 rise@40.000ns - clk_100 rise@30.000ns)
  Data Path Delay:        5.586ns  (logic 3.659ns (65.500%)  route 1.927ns (34.500%))
  Logic Levels:           3  (LUT3=1 MUXF7=1 RAMB36E1=1)
  Clock Path Skew:        -3.672ns (DCD - SCD + CPR)
    Destination Clock Delay (DCD):    1.430ns = ( 41.430 - 40.000 ) 
    Source Clock Delay      (SCD):    5.103ns = ( 35.103 - 30.000 ) 
    Clock Pessimism Removal (CPR):    0.000ns
  Clock Uncertainty:      0.193ns  ((TSJ^2 + DJ^2)^1/2) / 2 + PE
    Total System Jitter     (TSJ):    0.071ns
    Discrete Jitter          (DJ):    0.175ns
    Phase Error              (PE):    0.099ns
  Clock Domain Crossing:  Inter clock paths are considered valid unless explicitly excluded by timing constraints such as set_clock_groups or set_false_path.

    Location             Delay type                Incr(ns)  Path(ns)    Netlist Resource(s)
  -------------------------------------------------------------------    -------------------
                         (clock clk_100 rise edge)   30.000    30.000 r  
    N15                                               0.000    30.000 r  clk (IN)
                         net (fo=0)                   0.000    30.000    clk
    N15                  IBUF (Prop_ibuf_I_O)         1.440    31.440 r  clk_IBUF_inst/O
                         net (fo=1, routed)           1.972    33.412    clk_IBUF
    BUFGCTRL_X0Y3        BUFG (Prop_bufg_I_O)         0.096    33.508 r  clk_IBUF_BUFG_inst/O
                         net (fo=45, routed)          1.595    35.103    framebuffer/U0/inst_blk_mem_gen/gnbram.gnativebmg.native_blk_mem_gen/valid.cstr/ramloop[10].ram.r/prim_noinit.ram/clka
    RAMB36_X1Y5          RAMB36E1                                     r  framebuffer/U0/inst_blk_mem_gen/gnbram.gnativebmg.native_blk_mem_gen/valid.cstr/ramloop[10].ram.r/prim_noinit.ram/DEVICE_7SERIES.NO_BMM_INFO.TRUE_DP.CASCADED_PRIM36.ram_B/CLKBWRCLK
  -------------------------------------------------------------------    -------------------
    RAMB36_X1Y5          RAMB36E1 (Prop_ramb36e1_CLKBWRCLK_CASCADEOUTB)
                                                      2.872    37.975 r  framebuffer/U0/inst_blk_mem_gen/gnbram.gnativebmg.native_blk_mem_gen/valid.cstr/ramloop[10].ram.r/prim_noinit.ram/DEVICE_7SERIES.NO_BMM_INFO.TRUE_DP.CASCADED_PRIM36.ram_B/CASCADEOUTB
                         net (fo=1, routed)           0.065    38.040    framebuffer/U0/inst_blk_mem_gen/gnbram.gnativebmg.native_blk_mem_gen/valid.cstr/ramloop[10].ram.r/prim_noinit.ram/cascadelatb_tmp
    RAMB36_X1Y6          RAMB36E1 (Prop_ramb36e1_CASCADEINB_DOBDO[0])
                                                      0.425    38.465 r  framebuffer/U0/inst_blk_mem_gen/gnbram.gnativebmg.native_blk_mem_gen/valid.cstr/ramloop[10].ram.r/prim_noinit.ram/DEVICE_7SERIES.NO_BMM_INFO.TRUE_DP.CASCADED_PRIM36.ram_T/DOBDO[0]
                         net (fo=1, routed)           1.298    39.763    framebuffer/U0/inst_blk_mem_gen/gnbram.gnativebmg.native_blk_mem_gen/valid.cstr/has_mux_b.B/doutb[3]_0[0]
    SLICE_X33Y23         LUT3 (Prop_lut3_I0_O)        0.124    39.887 r  framebuffer/U0/inst_blk_mem_gen/gnbram.gnativebmg.native_blk_mem_gen/valid.cstr/has_mux_b.B/doutb[3]_INST_0_i_1/O
                         net (fo=1, routed)           0.000    39.887    framebuffer/U0/inst_blk_mem_gen/gnbram.gnativebmg.native_blk_mem_gen/valid.cstr/has_mux_b.B/doutb[3]_INST_0_i_1_n_0
    SLICE_X33Y23         MUXF7 (Prop_muxf7_I0_O)      0.238    40.125 r  framebuffer/U0/inst_blk_mem_gen/gnbram.gnativebmg.native_blk_mem_gen/valid.cstr/has_mux_b.B/doutb[3]_INST_0/O
                         net (fo=10, routed)          0.563    40.689    vga_to_hdmi/inst/srldly_0/data_i[18]
    SLICE_X38Y23         SRL16E                                       r  vga_to_hdmi/inst/srldly_0/srl[20].srl16_i/D
  -------------------------------------------------------------------    -------------------

                         (clock clk_out1_clk_wiz_0 rise edge)
                                                     40.000    40.000 r  
    BUFGCTRL_X0Y3        BUFG                         0.000    40.000 r  clk_IBUF_BUFG_inst/O
                         net (fo=45, routed)          1.457    41.457    clk_wiz/inst/clk_in1
    MMCME2_ADV_X1Y0      MMCME2_ADV (Prop_mmcme2_adv_CLKIN1_CLKOUT0)
                                                     -3.129    38.328 r  clk_wiz/inst/mmcm_adv_inst/CLKOUT0
                         net (fo=1, routed)           1.581    39.909    clk_wiz/inst/clk_out1_clk_wiz_0
    BUFGCTRL_X0Y0        BUFG (Prop_bufg_I_O)         0.091    40.000 r  clk_wiz/inst/clkout1_buf/O
                         net (fo=204, routed)         1.430    41.430    vga_to_hdmi/inst/srldly_0/pix_clk
    SLICE_X38Y23         SRL16E                                       r  vga_to_hdmi/inst/srldly_0/srl[20].srl16_i/CLK
                         clock pessimism              0.000    41.430    
                         clock uncertainty           -0.193    41.237    
    SLICE_X38Y23         SRL16E (Setup_srl16e_CLK_D)
                                                     -0.218    41.019    vga_to_hdmi/inst/srldly_0/srl[20].srl16_i
  -------------------------------------------------------------------
                         required time                         41.019    
                         arrival time                         -40.689    
  -------------------------------------------------------------------
                         slack                                  0.330    





Min Delay Paths
--------------------------------------------------------------------------------------
Slack (MET) :             1.027ns  (arrival time - required time)
  Source:                 framebuffer/U0/inst_blk_mem_gen/gnbram.gnativebmg.native_blk_mem_gen/valid.cstr/has_mux_b.B/no_softecc_sel_reg.ce_pri.sel_pipe_reg[4]/C
                            (rising edge-triggered cell FDRE clocked by clk_100  {rise@0.000ns fall@5.000ns period=10.000ns})
  Destination:            vga_to_hdmi/inst/srldly_0/srl[33].srl16_i_srlopt/D
                            (rising edge-triggered cell FDRE clocked by clk_out1_clk_wiz_0  {rise@0.000ns fall@20.000ns period=40.000ns})
  Path Group:             clk_out1_clk_wiz_0
  Path Type:              Hold (Min at Fast Process Corner)
  Requirement:            0.000ns  (clk_out1_clk_wiz_0 rise@0.000ns - clk_100 rise@0.000ns)
  Data Path Delay:        0.710ns  (logic 0.226ns (31.823%)  route 0.484ns (68.177%))
  Logic Levels:           1  (MUXF7=1)
  Clock Path Skew:        -0.610ns (DCD - SCD - CPR)
    Destination Clock Delay (DCD):    0.817ns
    Source Clock Delay      (SCD):    1.426ns
    Clock Pessimism Removal (CPR):    -0.000ns
  Clock Uncertainty:      0.193ns  ((TSJ^2 + DJ^2)^1/2) / 2 + PE
    Total System Jitter     (TSJ):    0.071ns
    Discrete Jitter          (DJ):    0.175ns
    Phase Error              (PE):    0.099ns
  Clock Domain Crossing:  Inter clock paths are considered valid unless explicitly excluded by timing constraints such as set_clock_groups or set_false_path.

    Location             Delay type                Incr(ns)  Path(ns)    Netlist Resource(s)
  -------------------------------------------------------------------    -------------------
                         (clock clk_100 rise edge)    0.000     0.000 r  
    N15                                               0.000     0.000 r  clk (IN)
                         net (fo=0)                   0.000     0.000    clk
    N15                  IBUF (Prop_ibuf_I_O)         0.209     0.209 r  clk_IBUF_inst/O
                         net (fo=1, routed)           0.634     0.843    clk_IBUF
    BUFGCTRL_X0Y3        BUFG (Prop_bufg_I_O)         0.026     0.869 r  clk_IBUF_BUFG_inst/O
                         net (fo=45, routed)          0.558     1.426    framebuffer/U0/inst_blk_mem_gen/gnbram.gnativebmg.native_blk_mem_gen/valid.cstr/has_mux_b.B/clka
    SLICE_X13Y19         FDRE                                         r  framebuffer/U0/inst_blk_mem_gen/gnbram.gnativebmg.native_blk_mem_gen/valid.cstr/has_mux_b.B/no_softecc_sel_reg.ce_pri.sel_pipe_reg[4]/C
  -------------------------------------------------------------------    -------------------
    SLICE_X13Y19         FDRE (Prop_fdre_C_Q)         0.141     1.567 r  framebuffer/U0/inst_blk_mem_gen/gnbram.gnativebmg.native_blk_mem_gen/valid.cstr/has_mux_b.B/no_softecc_sel_reg.ce_pri.sel_pipe_reg[4]/Q
                         net (fo=4, routed)           0.484     2.051    framebuffer/U0/inst_blk_mem_gen/gnbram.gnativebmg.native_blk_mem_gen/valid.cstr/has_mux_b.B/no_softecc_sel_reg.ce_pri.sel_pipe_reg_n_0_[4]
    SLICE_X29Y24         MUXF7 (Prop_muxf7_S_O)       0.085     2.136 r  framebuffer/U0/inst_blk_mem_gen/gnbram.gnativebmg.native_blk_mem_gen/valid.cstr/has_mux_b.B/doutb[0]_INST_0/O
                         net (fo=6, routed)           0.000     2.136    vga_to_hdmi/inst/srldly_0/data_i[31]
    SLICE_X29Y24         FDRE                                         r  vga_to_hdmi/inst/srldly_0/srl[33].srl16_i_srlopt/D
  -------------------------------------------------------------------    -------------------

                         (clock clk_out1_clk_wiz_0 rise edge)
                                                      0.000     0.000 r  
    BUFGCTRL_X0Y3        BUFG                         0.000     0.000 r  clk_IBUF_BUFG_inst/O
                         net (fo=45, routed)          0.817     0.817    clk_wiz/inst/clk_in1
    MMCME2_ADV_X1Y0      MMCME2_ADV (Prop_mmcme2_adv_CLKIN1_CLKOUT0)
                                                     -1.375    -0.559 r  clk_wiz/inst/mmcm_adv_inst/CLKOUT0
                         net (fo=1, routed)           0.530    -0.029    clk_wiz/inst/clk_out1_clk_wiz_0
    BUFGCTRL_X0Y0        BUFG (Prop_bufg_I_O)         0.029     0.000 r  clk_wiz/inst/clkout1_buf/O
                         net (fo=204, routed)         0.817     0.817    vga_to_hdmi/inst/srldly_0/pix_clk
    SLICE_X29Y24         FDRE                                         r  vga_to_hdmi/inst/srldly_0/srl[33].srl16_i_srlopt/C
                         clock pessimism              0.000     0.817    
                         clock uncertainty            0.193     1.010    
    SLICE_X29Y24         FDRE (Hold_fdre_C_D)         0.100     1.110    vga_to_hdmi/inst/srldly_0/srl[33].srl16_i_srlopt
  -------------------------------------------------------------------
                         required time                         -1.110    
                         arrival time                           2.136    
  -------------------------------------------------------------------
                         slack                                  1.027    

Slack (MET) :             1.095ns  (arrival time - required time)
  Source:                 framebuffer/U0/inst_blk_mem_gen/gnbram.gnativebmg.native_blk_mem_gen/valid.cstr/has_mux_b.B/no_softecc_sel_reg.ce_pri.sel_pipe_reg[4]/C
                            (rising edge-triggered cell FDRE clocked by clk_100  {rise@0.000ns fall@5.000ns period=10.000ns})
  Destination:            vga_to_hdmi/inst/srldly_0/srl[19].srl16_i_srlopt/D
                            (rising edge-triggered cell FDRE clocked by clk_out1_clk_wiz_0  {rise@0.000ns fall@20.000ns period=40.000ns})
  Path Group:             clk_out1_clk_wiz_0
  Path Type:              Hold (Min at Fast Process Corner)
  Requirement:            0.000ns  (clk_out1_clk_wiz_0 rise@0.000ns - clk_100 rise@0.000ns)
  Data Path Delay:        0.780ns  (logic 0.234ns (30.014%)  route 0.546ns (69.986%))
  Logic Levels:           1  (MUXF7=1)
  Clock Path Skew:        -0.609ns (DCD - SCD - CPR)
    Destination Clock Delay (DCD):    0.818ns
    Source Clock Delay      (SCD):    1.426ns
    Clock Pessimism Removal (CPR):    -0.000ns
  Clock Uncertainty:      0.193ns  ((TSJ^2 + DJ^2)^1/2) / 2 + PE
    Total System Jitter     (TSJ):    0.071ns
    Discrete Jitter          (DJ):    0.175ns
    Phase Error              (PE):    0.099ns
  Clock Domain Crossing:  Inter clock paths are considered valid unless explicitly excluded by timing constraints such as set_clock_groups or set_false_path.

    Location             Delay type                Incr(ns)  Path(ns)    Netlist Resource(s)
  -------------------------------------------------------------------    -------------------
                         (clock clk_100 rise edge)    0.000     0.000 r  
    N15                                               0.000     0.000 r  clk (IN)
                         net (fo=0)                   0.000     0.000    clk
    N15                  IBUF (Prop_ibuf_I_O)         0.209     0.209 r  clk_IBUF_inst/O
                         net (fo=1, routed)           0.634     0.843    clk_IBUF
    BUFGCTRL_X0Y3        BUFG (Prop_bufg_I_O)         0.026     0.869 r  clk_IBUF_BUFG_inst/O
                         net (fo=45, routed)          0.558     1.426    framebuffer/U0/inst_blk_mem_gen/gnbram.gnativebmg.native_blk_mem_gen/valid.cstr/has_mux_b.B/clka
    SLICE_X13Y19         FDRE                                         r  framebuffer/U0/inst_blk_mem_gen/gnbram.gnativebmg.native_blk_mem_gen/valid.cstr/has_mux_b.B/no_softecc_sel_reg.ce_pri.sel_pipe_reg[4]/C
  -------------------------------------------------------------------    -------------------
    SLICE_X13Y19         FDRE (Prop_fdre_C_Q)         0.141     1.567 r  framebuffer/U0/inst_blk_mem_gen/gnbram.gnativebmg.native_blk_mem_gen/valid.cstr/has_mux_b.B/no_softecc_sel_reg.ce_pri.sel_pipe_reg[4]/Q
                         net (fo=4, routed)           0.546     2.113    framebuffer/U0/inst_blk_mem_gen/gnbram.gnativebmg.native_blk_mem_gen/valid.cstr/has_mux_b.B/no_softecc_sel_reg.ce_pri.sel_pipe_reg_n_0_[4]
    SLICE_X40Y23         MUXF7 (Prop_muxf7_S_O)       0.093     2.206 r  framebuffer/U0/inst_blk_mem_gen/gnbram.gnativebmg.native_blk_mem_gen/valid.cstr/has_mux_b.B/doutb[2]_INST_0/O
                         net (fo=6, routed)           0.000     2.206    vga_to_hdmi/inst/srldly_0/data_i[17]
    SLICE_X40Y23         FDRE                                         r  vga_to_hdmi/inst/srldly_0/srl[19].srl16_i_srlopt/D
  -------------------------------------------------------------------    -------------------

                         (clock clk_out1_clk_wiz_0 rise edge)
                                                      0.000     0.000 r  
    BUFGCTRL_X0Y3        BUFG                         0.000     0.000 r  clk_IBUF_BUFG_inst/O
                         net (fo=45, routed)          0.817     0.817    clk_wiz/inst/clk_in1
    MMCME2_ADV_X1Y0      MMCME2_ADV (Prop_mmcme2_adv_CLKIN1_CLKOUT0)
                                                     -1.375    -0.559 r  clk_wiz/inst/mmcm_adv_inst/CLKOUT0
                         net (fo=1, routed)           0.530    -0.029    clk_wiz/inst/clk_out1_clk_wiz_0
    BUFGCTRL_X0Y0        BUFG (Prop_bufg_I_O)         0.029     0.000 r  clk_wiz/inst/clkout1_buf/O
                         net (fo=204, routed)         0.818     0.818    vga_to_hdmi/inst/srldly_0/pix_clk
    SLICE_X40Y23         FDRE                                         r  vga_to_hdmi/inst/srldly_0/srl[19].srl16_i_srlopt/C
                         clock pessimism              0.000     0.818    
                         clock uncertainty            0.193     1.011    
    SLICE_X40Y23         FDRE (Hold_fdre_C_D)         0.100     1.111    vga_to_hdmi/inst/srldly_0/srl[19].srl16_i_srlopt
  -------------------------------------------------------------------
                         required time                         -1.111    
                         arrival time                           2.206    
  -------------------------------------------------------------------
                         slack                                  1.095    

Slack (MET) :             1.157ns  (arrival time - required time)
  Source:                 framebuffer/U0/inst_blk_mem_gen/gnbram.gnativebmg.native_blk_mem_gen/valid.cstr/has_mux_b.B/no_softecc_sel_reg.ce_pri.sel_pipe_reg[1]/C
                            (rising edge-triggered cell FDRE clocked by clk_100  {rise@0.000ns fall@5.000ns period=10.000ns})
  Destination:            vga_to_hdmi/inst/srldly_0/srl[22].srl16_i_srlopt/D
                            (rising edge-triggered cell FDRE clocked by clk_out1_clk_wiz_0  {rise@0.000ns fall@20.000ns period=40.000ns})
  Path Group:             clk_out1_clk_wiz_0
  Path Type:              Hold (Min at Fast Process Corner)
  Requirement:            0.000ns  (clk_out1_clk_wiz_0 rise@0.000ns - clk_100 rise@0.000ns)
  Data Path Delay:        0.839ns  (logic 0.260ns (30.978%)  route 0.579ns (69.022%))
  Logic Levels:           2  (LUT6=1 MUXF7=1)
  Clock Path Skew:        -0.611ns (DCD - SCD - CPR)
    Destination Clock Delay (DCD):    0.817ns
    Source Clock Delay      (SCD):    1.427ns
    Clock Pessimism Removal (CPR):    -0.000ns
  Clock Uncertainty:      0.193ns  ((TSJ^2 + DJ^2)^1/2) / 2 + PE
    Total System Jitter     (TSJ):    0.071ns
    Discrete Jitter          (DJ):    0.175ns
    Phase Error              (PE):    0.099ns
  Clock Domain Crossing:  Inter clock paths are considered valid unless explicitly excluded by timing constraints such as set_clock_groups or set_false_path.

    Location             Delay type                Incr(ns)  Path(ns)    Netlist Resource(s)
  -------------------------------------------------------------------    -------------------
                         (clock clk_100 rise edge)    0.000     0.000 r  
    N15                                               0.000     0.000 r  clk (IN)
                         net (fo=0)                   0.000     0.000    clk
    N15                  IBUF (Prop_ibuf_I_O)         0.209     0.209 r  clk_IBUF_inst/O
                         net (fo=1, routed)           0.634     0.843    clk_IBUF
    BUFGCTRL_X0Y3        BUFG (Prop_bufg_I_O)         0.026     0.869 r  clk_IBUF_BUFG_inst/O
                         net (fo=45, routed)          0.559     1.427    framebuffer/U0/inst_blk_mem_gen/gnbram.gnativebmg.native_blk_mem_gen/valid.cstr/has_mux_b.B/clka
    SLICE_X13Y18         FDRE                                         r  framebuffer/U0/inst_blk_mem_gen/gnbram.gnativebmg.native_blk_mem_gen/valid.cstr/has_mux_b.B/no_softecc_sel_reg.ce_pri.sel_pipe_reg[1]/C
  -------------------------------------------------------------------    -------------------
    SLICE_X13Y18         FDRE (Prop_fdre_C_Q)         0.141     1.568 r  framebuffer/U0/inst_blk_mem_gen/gnbram.gnativebmg.native_blk_mem_gen/valid.cstr/has_mux_b.B/no_softecc_sel_reg.ce_pri.sel_pipe_reg[1]/Q
                         net (fo=4, routed)           0.579     2.148    framebuffer/U0/inst_blk_mem_gen/gnbram.gnativebmg.native_blk_mem_gen/valid.cstr/has_mux_b.B/no_softecc_sel_reg.ce_pri.sel_pipe_reg_n_0_[1]
    SLICE_X33Y23         LUT6 (Prop_lut6_I2_O)        0.045     2.193 r  framebuffer/U0/inst_blk_mem_gen/gnbram.gnativebmg.native_blk_mem_gen/valid.cstr/has_mux_b.B/doutb[3]_INST_0_i_2/O
                         net (fo=1, routed)           0.000     2.193    framebuffer/U0/inst_blk_mem_gen/gnbram.gnativebmg.native_blk_mem_gen/valid.cstr/has_mux_b.B/doutb[3]_INST_0_i_2_n_0
    SLICE_X33Y23         MUXF7 (Prop_muxf7_I1_O)      0.074     2.267 r  framebuffer/U0/inst_blk_mem_gen/gnbram.gnativebmg.native_blk_mem_gen/valid.cstr/has_mux_b.B/doutb[3]_INST_0/O
                         net (fo=10, routed)          0.000     2.267    vga_to_hdmi/inst/srldly_0/data_i[20]
    SLICE_X33Y23         FDRE                                         r  vga_to_hdmi/inst/srldly_0/srl[22].srl16_i_srlopt/D
  -------------------------------------------------------------------    -------------------

                         (clock clk_out1_clk_wiz_0 rise edge)
                                                      0.000     0.000 r  
    BUFGCTRL_X0Y3        BUFG                         0.000     0.000 r  clk_IBUF_BUFG_inst/O
                         net (fo=45, routed)          0.817     0.817    clk_wiz/inst/clk_in1
    MMCME2_ADV_X1Y0      MMCME2_ADV (Prop_mmcme2_adv_CLKIN1_CLKOUT0)
                                                     -1.375    -0.559 r  clk_wiz/inst/mmcm_adv_inst/CLKOUT0
                         net (fo=1, routed)           0.530    -0.029    clk_wiz/inst/clk_out1_clk_wiz_0
    BUFGCTRL_X0Y0        BUFG (Prop_bufg_I_O)         0.029     0.000 r  clk_wiz/inst/clkout1_buf/O
                         net (fo=204, routed)         0.817     0.817    vga_to_hdmi/inst/srldly_0/pix_clk
    SLICE_X33Y23         FDRE                                         r  vga_to_hdmi/inst/srldly_0/srl[22].srl16_i_srlopt/C
                         clock pessimism              0.000     0.817    
                         clock uncertainty            0.193     1.010    
    SLICE_X33Y23         FDRE (Hold_fdre_C_D)         0.100     1.110    vga_to_hdmi/inst/srldly_0/srl[22].srl16_i_srlopt
  -------------------------------------------------------------------
                         required time                         -1.110    
                         arrival time                           2.267    
  -------------------------------------------------------------------
                         slack                                  1.157    

Slack (MET) :             1.164ns  (arrival time - required time)
  Source:                 framebuffer/U0/inst_blk_mem_gen/gnbram.gnativebmg.native_blk_mem_gen/valid.cstr/has_mux_b.B/no_softecc_sel_reg.ce_pri.sel_pipe_reg[2]/C
                            (rising edge-triggered cell FDRE clocked by clk_100  {rise@0.000ns fall@5.000ns period=10.000ns})
  Destination:            vga_to_hdmi/inst/srldly_0/srl[26].srl16_i_srlopt/D
                            (rising edge-triggered cell FDRE clocked by clk_out1_clk_wiz_0  {rise@0.000ns fall@20.000ns period=40.000ns})
  Path Group:             clk_out1_clk_wiz_0
  Path Type:              Hold (Min at Fast Process Corner)
  Requirement:            0.000ns  (clk_out1_clk_wiz_0 rise@0.000ns - clk_100 rise@0.000ns)
  Data Path Delay:        0.870ns  (logic 0.358ns (41.156%)  route 0.512ns (58.844%))
  Logic Levels:           3  (LUT4=1 LUT6=1 MUXF7=1)
  Clock Path Skew:        -0.609ns (DCD - SCD - CPR)
    Destination Clock Delay (DCD):    0.819ns
    Source Clock Delay      (SCD):    1.427ns
    Clock Pessimism Removal (CPR):    -0.000ns
  Clock Uncertainty:      0.193ns  ((TSJ^2 + DJ^2)^1/2) / 2 + PE
    Total System Jitter     (TSJ):    0.071ns
    Discrete Jitter          (DJ):    0.175ns
    Phase Error              (PE):    0.099ns
  Clock Domain Crossing:  Inter clock paths are considered valid unless explicitly excluded by timing constraints such as set_clock_groups or set_false_path.

    Location             Delay type                Incr(ns)  Path(ns)    Netlist Resource(s)
  -------------------------------------------------------------------    -------------------
                         (clock clk_100 rise edge)    0.000     0.000 r  
    N15                                               0.000     0.000 r  clk (IN)
                         net (fo=0)                   0.000     0.000    clk
    N15                  IBUF (Prop_ibuf_I_O)         0.209     0.209 r  clk_IBUF_inst/O
                         net (fo=1, routed)           0.634     0.843    clk_IBUF
    BUFGCTRL_X0Y3        BUFG (Prop_bufg_I_O)         0.026     0.869 r  clk_IBUF_BUFG_inst/O
                         net (fo=45, routed)          0.559     1.427    framebuffer/U0/inst_blk_mem_gen/gnbram.gnativebmg.native_blk_mem_gen/valid.cstr/has_mux_b.B/clka
    SLICE_X13Y18         FDRE                                         r  framebuffer/U0/inst_blk_mem_gen/gnbram.gnativebmg.native_blk_mem_gen/valid.cstr/has_mux_b.B/no_softecc_sel_reg.ce_pri.sel_pipe_reg[2]/C
  -------------------------------------------------------------------    -------------------
    SLICE_X13Y18         FDRE (Prop_fdre_C_Q)         0.141     1.568 f  framebuffer/U0/inst_blk_mem_gen/gnbram.gnativebmg.native_blk_mem_gen/valid.cstr/has_mux_b.B/no_softecc_sel_reg.ce_pri.sel_pipe_reg[2]/Q
                         net (fo=4, routed)           0.371     1.939    framebuffer/U0/inst_blk_mem_gen/gnbram.gnativebmg.native_blk_mem_gen/valid.cstr/has_mux_b.B/no_softecc_sel_reg.ce_pri.sel_pipe_reg_n_0_[2]
    SLICE_X30Y22         LUT6 (Prop_lut6_I3_O)        0.045     1.984 r  framebuffer/U0/inst_blk_mem_gen/gnbram.gnativebmg.native_blk_mem_gen/valid.cstr/has_mux_b.B/doutb[1]_INST_0_i_2/O
                         net (fo=1, routed)           0.000     1.984    framebuffer/U0/inst_blk_mem_gen/gnbram.gnativebmg.native_blk_mem_gen/valid.cstr/has_mux_b.B/doutb[1]_INST_0_i_2_n_0
    SLICE_X30Y22         MUXF7 (Prop_muxf7_I1_O)      0.064     2.048 r  framebuffer/U0/inst_blk_mem_gen/gnbram.gnativebmg.native_blk_mem_gen/valid.cstr/has_mux_b.B/doutb[1]_INST_0/O
                         net (fo=2, routed)           0.141     2.189    palette/palette[1]
    SLICE_X30Y22         LUT4 (Prop_lut4_I1_O)        0.108     2.297 r  palette/green[0]_INST_0/O
                         net (fo=4, routed)           0.000     2.297    vga_to_hdmi/inst/srldly_0/data_i[24]
    SLICE_X30Y22         FDRE                                         r  vga_to_hdmi/inst/srldly_0/srl[26].srl16_i_srlopt/D
  -------------------------------------------------------------------    -------------------

                         (clock clk_out1_clk_wiz_0 rise edge)
                                                      0.000     0.000 r  
    BUFGCTRL_X0Y3        BUFG                         0.000     0.000 r  clk_IBUF_BUFG_inst/O
                         net (fo=45, routed)          0.817     0.817    clk_wiz/inst/clk_in1
    MMCME2_ADV_X1Y0      MMCME2_ADV (Prop_mmcme2_adv_CLKIN1_CLKOUT0)
                                                     -1.375    -0.559 r  clk_wiz/inst/mmcm_adv_inst/CLKOUT0
                         net (fo=1, routed)           0.530    -0.029    clk_wiz/inst/clk_out1_clk_wiz_0
    BUFGCTRL_X0Y0        BUFG (Prop_bufg_I_O)         0.029     0.000 r  clk_wiz/inst/clkout1_buf/O
                         net (fo=204, routed)         0.819     0.819    vga_to_hdmi/inst/srldly_0/pix_clk
    SLICE_X30Y22         FDRE                                         r  vga_to_hdmi/inst/srldly_0/srl[26].srl16_i_srlopt/C
                         clock pessimism              0.000     0.819    
                         clock uncertainty            0.193     1.012    
    SLICE_X30Y22         FDRE (Hold_fdre_C_D)         0.121     1.133    vga_to_hdmi/inst/srldly_0/srl[26].srl16_i_srlopt
  -------------------------------------------------------------------
                         required time                         -1.133    
                         arrival time                           2.297    
  -------------------------------------------------------------------
                         slack                                  1.164    

Slack (MET) :             1.186ns  (arrival time - required time)
  Source:                 framebuffer/U0/inst_blk_mem_gen/gnbram.gnativebmg.native_blk_mem_gen/valid.cstr/has_mux_b.B/no_softecc_sel_reg.ce_pri.sel_pipe_reg[2]/C
                            (rising edge-triggered cell FDRE clocked by clk_100  {rise@0.000ns fall@5.000ns period=10.000ns})
  Destination:            vga_to_hdmi/inst/srldly_0/srl[29].srl16_i_srlopt/D
                            (rising edge-triggered cell FDRE clocked by clk_out1_clk_wiz_0  {rise@0.000ns fall@20.000ns period=40.000ns})
  Path Group:             clk_out1_clk_wiz_0
  Path Type:              Hold (Min at Fast Process Corner)
  Requirement:            0.000ns  (clk_out1_clk_wiz_0 rise@0.000ns - clk_100 rise@0.000ns)
  Data Path Delay:        0.858ns  (logic 0.358ns (41.721%)  route 0.500ns (58.279%))
  Logic Levels:           3  (LUT4=1 LUT6=1 MUXF7=1)
  Clock Path Skew:        -0.612ns (DCD - SCD - CPR)
    Destination Clock Delay (DCD):    0.816ns
    Source Clock Delay      (SCD):    1.427ns
    Clock Pessimism Removal (CPR):    -0.000ns
  Clock Uncertainty:      0.193ns  ((TSJ^2 + DJ^2)^1/2) / 2 + PE
    Total System Jitter     (TSJ):    0.071ns
    Discrete Jitter          (DJ):    0.175ns
    Phase Error              (PE):    0.099ns
  Clock Domain Crossing:  Inter clock paths are considered valid unless explicitly excluded by timing constraints such as set_clock_groups or set_false_path.

    Location             Delay type                Incr(ns)  Path(ns)    Netlist Resource(s)
  -------------------------------------------------------------------    -------------------
                         (clock clk_100 rise edge)    0.000     0.000 r  
    N15                                               0.000     0.000 r  clk (IN)
                         net (fo=0)                   0.000     0.000    clk
    N15                  IBUF (Prop_ibuf_I_O)         0.209     0.209 r  clk_IBUF_inst/O
                         net (fo=1, routed)           0.634     0.843    clk_IBUF
    BUFGCTRL_X0Y3        BUFG (Prop_bufg_I_O)         0.026     0.869 r  clk_IBUF_BUFG_inst/O
                         net (fo=45, routed)          0.559     1.427    framebuffer/U0/inst_blk_mem_gen/gnbram.gnativebmg.native_blk_mem_gen/valid.cstr/has_mux_b.B/clka
    SLICE_X13Y18         FDRE                                         r  framebuffer/U0/inst_blk_mem_gen/gnbram.gnativebmg.native_blk_mem_gen/valid.cstr/has_mux_b.B/no_softecc_sel_reg.ce_pri.sel_pipe_reg[2]/C
  -------------------------------------------------------------------    -------------------
    SLICE_X13Y18         FDRE (Prop_fdre_C_Q)         0.141     1.568 f  framebuffer/U0/inst_blk_mem_gen/gnbram.gnativebmg.native_blk_mem_gen/valid.cstr/has_mux_b.B/no_softecc_sel_reg.ce_pri.sel_pipe_reg[2]/Q
                         net (fo=4, routed)           0.371     1.939    framebuffer/U0/inst_blk_mem_gen/gnbram.gnativebmg.native_blk_mem_gen/valid.cstr/has_mux_b.B/no_softecc_sel_reg.ce_pri.sel_pipe_reg_n_0_[2]
    SLICE_X30Y22         LUT6 (Prop_lut6_I3_O)        0.045     1.984 r  framebuffer/U0/inst_blk_mem_gen/gnbram.gnativebmg.native_blk_mem_gen/valid.cstr/has_mux_b.B/doutb[1]_INST_0_i_2/O
                         net (fo=1, routed)           0.000     1.984    framebuffer/U0/inst_blk_mem_gen/gnbram.gnativebmg.native_blk_mem_gen/valid.cstr/has_mux_b.B/doutb[1]_INST_0_i_2_n_0
    SLICE_X30Y22         MUXF7 (Prop_muxf7_I1_O)      0.064     2.048 r  framebuffer/U0/inst_blk_mem_gen/gnbram.gnativebmg.native_blk_mem_gen/valid.cstr/has_mux_b.B/doutb[1]_INST_0/O
                         net (fo=2, routed)           0.129     2.177    palette/palette[1]
    SLICE_X31Y24         LUT4 (Prop_lut4_I3_O)        0.108     2.285 r  palette/green[1]_INST_0/O
                         net (fo=4, routed)           0.000     2.285    vga_to_hdmi/inst/srldly_0/data_i[27]
    SLICE_X31Y24         FDRE                                         r  vga_to_hdmi/inst/srldly_0/srl[29].srl16_i_srlopt/D
  -------------------------------------------------------------------    -------------------

                         (clock clk_out1_clk_wiz_0 rise edge)
                                                      0.000     0.000 r  
    BUFGCTRL_X0Y3        BUFG                         0.000     0.000 r  clk_IBUF_BUFG_inst/O
                         net (fo=45, routed)          0.817     0.817    clk_wiz/inst/clk_in1
    MMCME2_ADV_X1Y0      MMCME2_ADV (Prop_mmcme2_adv_CLKIN1_CLKOUT0)
                                                     -1.375    -0.559 r  clk_wiz/inst/mmcm_adv_inst/CLKOUT0
                         net (fo=1, routed)           0.530    -0.029    clk_wiz/inst/clk_out1_clk_wiz_0
    BUFGCTRL_X0Y0        BUFG (Prop_bufg_I_O)         0.029     0.000 r  clk_wiz/inst/clkout1_buf/O
                         net (fo=204, routed)         0.816     0.816    vga_to_hdmi/inst/srldly_0/pix_clk
    SLICE_X31Y24         FDRE                                         r  vga_to_hdmi/inst/srldly_0/srl[29].srl16_i_srlopt/C
                         clock pessimism              0.000     0.816    
                         clock uncertainty            0.193     1.009    
    SLICE_X31Y24         FDRE (Hold_fdre_C_D)         0.091     1.100    vga_to_hdmi/inst/srldly_0/srl[29].srl16_i_srlopt
  -------------------------------------------------------------------
                         required time                         -1.100    
                         arrival time                           2.285    
  -------------------------------------------------------------------
                         slack                                  1.186    

Slack (MET) :             1.209ns  (arrival time - required time)
  Source:                 framebuffer/U0/inst_blk_mem_gen/gnbram.gnativebmg.native_blk_mem_gen/valid.cstr/has_mux_b.B/no_softecc_sel_reg.ce_pri.sel_pipe_reg[4]/C
                            (rising edge-triggered cell FDRE clocked by clk_100  {rise@0.000ns fall@5.000ns period=10.000ns})
  Destination:            vga_to_hdmi/inst/srldly_0/srl[35].srl16_i_srlopt/D
                            (rising edge-triggered cell FDRE clocked by clk_out1_clk_wiz_0  {rise@0.000ns fall@20.000ns period=40.000ns})
  Path Group:             clk_out1_clk_wiz_0
  Path Type:              Hold (Min at Fast Process Corner)
  Requirement:            0.000ns  (clk_out1_clk_wiz_0 rise@0.000ns - clk_100 rise@0.000ns)
  Data Path Delay:        0.801ns  (logic 0.226ns (28.222%)  route 0.575ns (71.778%))
  Logic Levels:           1  (MUXF7=1)
  Clock Path Skew:        -0.610ns (DCD - SCD - CPR)
    Destination Clock Delay (DCD):    0.817ns
    Source Clock Delay      (SCD):    1.426ns
    Clock Pessimism Removal (CPR):    -0.000ns
  Clock Uncertainty:      0.193ns  ((TSJ^2 + DJ^2)^1/2) / 2 + PE
    Total System Jitter     (TSJ):    0.071ns
    Discrete Jitter          (DJ):    0.175ns
    Phase Error              (PE):    0.099ns
  Clock Domain Crossing:  Inter clock paths are considered valid unless explicitly excluded by timing constraints such as set_clock_groups or set_false_path.

    Location             Delay type                Incr(ns)  Path(ns)    Netlist Resource(s)
  -------------------------------------------------------------------    -------------------
                         (clock clk_100 rise edge)    0.000     0.000 r  
    N15                                               0.000     0.000 r  clk (IN)
                         net (fo=0)                   0.000     0.000    clk
    N15                  IBUF (Prop_ibuf_I_O)         0.209     0.209 r  clk_IBUF_inst/O
                         net (fo=1, routed)           0.634     0.843    clk_IBUF
    BUFGCTRL_X0Y3        BUFG (Prop_bufg_I_O)         0.026     0.869 r  clk_IBUF_BUFG_inst/O
                         net (fo=45, routed)          0.558     1.426    framebuffer/U0/inst_blk_mem_gen/gnbram.gnativebmg.native_blk_mem_gen/valid.cstr/has_mux_b.B/clka
    SLICE_X13Y19         FDRE                                         r  framebuffer/U0/inst_blk_mem_gen/gnbram.gnativebmg.native_blk_mem_gen/valid.cstr/has_mux_b.B/no_softecc_sel_reg.ce_pri.sel_pipe_reg[4]/C
  -------------------------------------------------------------------    -------------------
    SLICE_X13Y19         FDRE (Prop_fdre_C_Q)         0.141     1.567 r  framebuffer/U0/inst_blk_mem_gen/gnbram.gnativebmg.native_blk_mem_gen/valid.cstr/has_mux_b.B/no_softecc_sel_reg.ce_pri.sel_pipe_reg[4]/Q
                         net (fo=4, routed)           0.484     2.051    framebuffer/U0/inst_blk_mem_gen/gnbram.gnativebmg.native_blk_mem_gen/valid.cstr/has_mux_b.B/no_softecc_sel_reg.ce_pri.sel_pipe_reg_n_0_[4]
    SLICE_X29Y24         MUXF7 (Prop_muxf7_S_O)       0.085     2.136 r  framebuffer/U0/inst_blk_mem_gen/gnbram.gnativebmg.native_blk_mem_gen/valid.cstr/has_mux_b.B/doutb[0]_INST_0/O
                         net (fo=6, routed)           0.091     2.227    vga_to_hdmi/inst/srldly_0/data_i[33]
    SLICE_X28Y24         FDRE                                         r  vga_to_hdmi/inst/srldly_0/srl[35].srl16_i_srlopt/D
  -------------------------------------------------------------------    -------------------

                         (clock clk_out1_clk_wiz_0 rise edge)
                                                      0.000     0.000 r  
    BUFGCTRL_X0Y3        BUFG                         0.000     0.000 r  clk_IBUF_BUFG_inst/O
                         net (fo=45, routed)          0.817     0.817    clk_wiz/inst/clk_in1
    MMCME2_ADV_X1Y0      MMCME2_ADV (Prop_mmcme2_adv_CLKIN1_CLKOUT0)
                                                     -1.375    -0.559 r  clk_wiz/inst/mmcm_adv_inst/CLKOUT0
                         net (fo=1, routed)           0.530    -0.029    clk_wiz/inst/clk_out1_clk_wiz_0
    BUFGCTRL_X0Y0        BUFG (Prop_bufg_I_O)         0.029     0.000 r  clk_wiz/inst/clkout1_buf/O
                         net (fo=204, routed)         0.817     0.817    vga_to_hdmi/inst/srldly_0/pix_clk
    SLICE_X28Y24         FDRE                                         r  vga_to_hdmi/inst/srldly_0/srl[35].srl16_i_srlopt/C
                         clock pessimism              0.000     0.817    
                         clock uncertainty            0.193     1.010    
    SLICE_X28Y24         FDRE (Hold_fdre_C_D)         0.008     1.018    vga_to_hdmi/inst/srldly_0/srl[35].srl16_i_srlopt
  -------------------------------------------------------------------
                         required time                         -1.018    
                         arrival time                           2.227    
  -------------------------------------------------------------------
                         slack                                  1.209    

Slack (MET) :             1.212ns  (arrival time - required time)
  Source:                 framebuffer/U0/inst_blk_mem_gen/gnbram.gnativebmg.native_blk_mem_gen/valid.cstr/has_mux_b.B/no_softecc_sel_reg.ce_pri.sel_pipe_reg[4]/C
                            (rising edge-triggered cell FDRE clocked by clk_100  {rise@0.000ns fall@5.000ns period=10.000ns})
  Destination:            vga_to_hdmi/inst/srldly_0/srl[37].srl16_i_srlopt/D
                            (rising edge-triggered cell FDRE clocked by clk_out1_clk_wiz_0  {rise@0.000ns fall@20.000ns period=40.000ns})
  Path Group:             clk_out1_clk_wiz_0
  Path Type:              Hold (Min at Fast Process Corner)
  Requirement:            0.000ns  (clk_out1_clk_wiz_0 rise@0.000ns - clk_100 rise@0.000ns)
  Data Path Delay:        0.801ns  (logic 0.226ns (28.222%)  route 0.575ns (71.778%))
  Logic Levels:           1  (MUXF7=1)
  Clock Path Skew:        -0.610ns (DCD - SCD - CPR)
    Destination Clock Delay (DCD):    0.817ns
    Source Clock Delay      (SCD):    1.426ns
    Clock Pessimism Removal (CPR):    -0.000ns
  Clock Uncertainty:      0.193ns  ((TSJ^2 + DJ^2)^1/2) / 2 + PE
    Total System Jitter     (TSJ):    0.071ns
    Discrete Jitter          (DJ):    0.175ns
    Phase Error              (PE):    0.099ns
  Clock Domain Crossing:  Inter clock paths are considered valid unless explicitly excluded by timing constraints such as set_clock_groups or set_false_path.

    Location             Delay type                Incr(ns)  Path(ns)    Netlist Resource(s)
  -------------------------------------------------------------------    -------------------
                         (clock clk_100 rise edge)    0.000     0.000 r  
    N15                                               0.000     0.000 r  clk (IN)
                         net (fo=0)                   0.000     0.000    clk
    N15                  IBUF (Prop_ibuf_I_O)         0.209     0.209 r  clk_IBUF_inst/O
                         net (fo=1, routed)           0.634     0.843    clk_IBUF
    BUFGCTRL_X0Y3        BUFG (Prop_bufg_I_O)         0.026     0.869 r  clk_IBUF_BUFG_inst/O
                         net (fo=45, routed)          0.558     1.426    framebuffer/U0/inst_blk_mem_gen/gnbram.gnativebmg.native_blk_mem_gen/valid.cstr/has_mux_b.B/clka
    SLICE_X13Y19         FDRE                                         r  framebuffer/U0/inst_blk_mem_gen/gnbram.gnativebmg.native_blk_mem_gen/valid.cstr/has_mux_b.B/no_softecc_sel_reg.ce_pri.sel_pipe_reg[4]/C
  -------------------------------------------------------------------    -------------------
    SLICE_X13Y19         FDRE (Prop_fdre_C_Q)         0.141     1.567 r  framebuffer/U0/inst_blk_mem_gen/gnbram.gnativebmg.native_blk_mem_gen/valid.cstr/has_mux_b.B/no_softecc_sel_reg.ce_pri.sel_pipe_reg[4]/Q
                         net (fo=4, routed)           0.484     2.051    framebuffer/U0/inst_blk_mem_gen/gnbram.gnativebmg.native_blk_mem_gen/valid.cstr/has_mux_b.B/no_softecc_sel_reg.ce_pri.sel_pipe_reg_n_0_[4]
    SLICE_X29Y24         MUXF7 (Prop_muxf7_S_O)       0.085     2.136 r  framebuffer/U0/inst_blk_mem_gen/gnbram.gnativebmg.native_blk_mem_gen/valid.cstr/has_mux_b.B/doutb[0]_INST_0/O
                         net (fo=6, routed)           0.091     2.227    vga_to_hdmi/inst/srldly_0/data_i[35]
    SLICE_X28Y24         FDRE                                         r  vga_to_hdmi/inst/srldly_0/srl[37].srl16_i_srlopt/D
  -------------------------------------------------------------------    -------------------

                         (clock clk_out1_clk_wiz_0 rise edge)
                                                      0.000     0.000 r  
    BUFGCTRL_X0Y3        BUFG                         0.000     0.000 r  clk_IBUF_BUFG_inst/O
                         net (fo=45, routed)          0.817     0.817    clk_wiz/inst/clk_in1
    MMCME2_ADV_X1Y0      MMCME2_ADV (Prop_mmcme2_adv_CLKIN1_CLKOUT0)
                                                     -1.375    -0.559 r  clk_wiz/inst/mmcm_adv_inst/CLKOUT0
                         net (fo=1, routed)           0.530    -0.029    clk_wiz/inst/clk_out1_clk_wiz_0
    BUFGCTRL_X0Y0        BUFG (Prop_bufg_I_O)         0.029     0.000 r  clk_wiz/inst/clkout1_buf/O
                         net (fo=204, routed)         0.817     0.817    vga_to_hdmi/inst/srldly_0/pix_clk
    SLICE_X28Y24         FDRE                                         r  vga_to_hdmi/inst/srldly_0/srl[37].srl16_i_srlopt/C
                         clock pessimism              0.000     0.817    
                         clock uncertainty            0.193     1.010    
    SLICE_X28Y24         FDRE (Hold_fdre_C_D)         0.005     1.015    vga_to_hdmi/inst/srldly_0/srl[37].srl16_i_srlopt
  -------------------------------------------------------------------
                         required time                         -1.015    
                         arrival time                           2.227    
  -------------------------------------------------------------------
                         slack                                  1.212    

Slack (MET) :             1.275ns  (arrival time - required time)
  Source:                 framebuffer/U0/inst_blk_mem_gen/gnbram.gnativebmg.native_blk_mem_gen/valid.cstr/has_mux_b.B/no_softecc_sel_reg.ce_pri.sel_pipe_reg[4]/C
                            (rising edge-triggered cell FDRE clocked by clk_100  {rise@0.000ns fall@5.000ns period=10.000ns})
  Destination:            vga_to_hdmi/inst/srldly_0/srl[23].srl16_i_srlopt/D
                            (rising edge-triggered cell FDRE clocked by clk_out1_clk_wiz_0  {rise@0.000ns fall@20.000ns period=40.000ns})
  Path Group:             clk_out1_clk_wiz_0
  Path Type:              Hold (Min at Fast Process Corner)
  Requirement:            0.000ns  (clk_out1_clk_wiz_0 rise@0.000ns - clk_100 rise@0.000ns)
  Data Path Delay:        0.871ns  (logic 0.234ns (26.853%)  route 0.637ns (73.147%))
  Logic Levels:           1  (MUXF7=1)
  Clock Path Skew:        -0.609ns (DCD - SCD - CPR)
    Destination Clock Delay (DCD):    0.818ns
    Source Clock Delay      (SCD):    1.426ns
    Clock Pessimism Removal (CPR):    -0.000ns
  Clock Uncertainty:      0.193ns  ((TSJ^2 + DJ^2)^1/2) / 2 + PE
    Total System Jitter     (TSJ):    0.071ns
    Discrete Jitter          (DJ):    0.175ns
    Phase Error              (PE):    0.099ns
  Clock Domain Crossing:  Inter clock paths are considered valid unless explicitly excluded by timing constraints such as set_clock_groups or set_false_path.

    Location             Delay type                Incr(ns)  Path(ns)    Netlist Resource(s)
  -------------------------------------------------------------------    -------------------
                         (clock clk_100 rise edge)    0.000     0.000 r  
    N15                                               0.000     0.000 r  clk (IN)
                         net (fo=0)                   0.000     0.000    clk
    N15                  IBUF (Prop_ibuf_I_O)         0.209     0.209 r  clk_IBUF_inst/O
                         net (fo=1, routed)           0.634     0.843    clk_IBUF
    BUFGCTRL_X0Y3        BUFG (Prop_bufg_I_O)         0.026     0.869 r  clk_IBUF_BUFG_inst/O
                         net (fo=45, routed)          0.558     1.426    framebuffer/U0/inst_blk_mem_gen/gnbram.gnativebmg.native_blk_mem_gen/valid.cstr/has_mux_b.B/clka
    SLICE_X13Y19         FDRE                                         r  framebuffer/U0/inst_blk_mem_gen/gnbram.gnativebmg.native_blk_mem_gen/valid.cstr/has_mux_b.B/no_softecc_sel_reg.ce_pri.sel_pipe_reg[4]/C
  -------------------------------------------------------------------    -------------------
    SLICE_X13Y19         FDRE (Prop_fdre_C_Q)         0.141     1.567 r  framebuffer/U0/inst_blk_mem_gen/gnbram.gnativebmg.native_blk_mem_gen/valid.cstr/has_mux_b.B/no_softecc_sel_reg.ce_pri.sel_pipe_reg[4]/Q
                         net (fo=4, routed)           0.546     2.113    framebuffer/U0/inst_blk_mem_gen/gnbram.gnativebmg.native_blk_mem_gen/valid.cstr/has_mux_b.B/no_softecc_sel_reg.ce_pri.sel_pipe_reg_n_0_[4]
    SLICE_X40Y23         MUXF7 (Prop_muxf7_S_O)       0.093     2.206 r  framebuffer/U0/inst_blk_mem_gen/gnbram.gnativebmg.native_blk_mem_gen/valid.cstr/has_mux_b.B/doutb[2]_INST_0/O
                         net (fo=6, routed)           0.092     2.298    vga_to_hdmi/inst/srldly_0/data_i[21]
    SLICE_X41Y23         FDRE                                         r  vga_to_hdmi/inst/srldly_0/srl[23].srl16_i_srlopt/D
  -------------------------------------------------------------------    -------------------

                         (clock clk_out1_clk_wiz_0 rise edge)
                                                      0.000     0.000 r  
    BUFGCTRL_X0Y3        BUFG                         0.000     0.000 r  clk_IBUF_BUFG_inst/O
                         net (fo=45, routed)          0.817     0.817    clk_wiz/inst/clk_in1
    MMCME2_ADV_X1Y0      MMCME2_ADV (Prop_mmcme2_adv_CLKIN1_CLKOUT0)
                                                     -1.375    -0.559 r  clk_wiz/inst/mmcm_adv_inst/CLKOUT0
                         net (fo=1, routed)           0.530    -0.029    clk_wiz/inst/clk_out1_clk_wiz_0
    BUFGCTRL_X0Y0        BUFG (Prop_bufg_I_O)         0.029     0.000 r  clk_wiz/inst/clkout1_buf/O
                         net (fo=204, routed)         0.818     0.818    vga_to_hdmi/inst/srldly_0/pix_clk
    SLICE_X41Y23         FDRE                                         r  vga_to_hdmi/inst/srldly_0/srl[23].srl16_i_srlopt/C
                         clock pessimism              0.000     0.818    
                         clock uncertainty            0.193     1.011    
    SLICE_X41Y23         FDRE (Hold_fdre_C_D)         0.012     1.023    vga_to_hdmi/inst/srldly_0/srl[23].srl16_i_srlopt
  -------------------------------------------------------------------
                         required time                         -1.023    
                         arrival time                           2.298    
  -------------------------------------------------------------------
                         slack                                  1.275    

Slack (MET) :             1.290ns  (arrival time - required time)
  Source:                 framebuffer/U0/inst_blk_mem_gen/gnbram.gnativebmg.native_blk_mem_gen/valid.cstr/has_mux_b.B/no_softecc_sel_reg.ce_pri.sel_pipe_reg[4]/C
                            (rising edge-triggered cell FDRE clocked by clk_100  {rise@0.000ns fall@5.000ns period=10.000ns})
  Destination:            vga_to_hdmi/inst/srldly_0/srl[39].srl16_i_srlopt/D
                            (rising edge-triggered cell FDRE clocked by clk_out1_clk_wiz_0  {rise@0.000ns fall@20.000ns period=40.000ns})
  Path Group:             clk_out1_clk_wiz_0
  Path Type:              Hold (Min at Fast Process Corner)
  Requirement:            0.000ns  (clk_out1_clk_wiz_0 rise@0.000ns - clk_100 rise@0.000ns)
  Data Path Delay:        0.888ns  (logic 0.226ns (25.455%)  route 0.662ns (74.545%))
  Logic Levels:           1  (MUXF7=1)
  Clock Path Skew:        -0.611ns (DCD - SCD - CPR)
    Destination Clock Delay (DCD):    0.816ns
    Source Clock Delay      (SCD):    1.426ns
    Clock Pessimism Removal (CPR):    -0.000ns
  Clock Uncertainty:      0.193ns  ((TSJ^2 + DJ^2)^1/2) / 2 + PE
    Total System Jitter     (TSJ):    0.071ns
    Discrete Jitter          (DJ):    0.175ns
    Phase Error              (PE):    0.099ns
  Clock Domain Crossing:  Inter clock paths are considered valid unless explicitly excluded by timing constraints such as set_clock_groups or set_false_path.

    Location             Delay type                Incr(ns)  Path(ns)    Netlist Resource(s)
  -------------------------------------------------------------------    -------------------
                         (clock clk_100 rise edge)    0.000     0.000 r  
    N15                                               0.000     0.000 r  clk (IN)
                         net (fo=0)                   0.000     0.000    clk
    N15                  IBUF (Prop_ibuf_I_O)         0.209     0.209 r  clk_IBUF_inst/O
                         net (fo=1, routed)           0.634     0.843    clk_IBUF
    BUFGCTRL_X0Y3        BUFG (Prop_bufg_I_O)         0.026     0.869 r  clk_IBUF_BUFG_inst/O
                         net (fo=45, routed)          0.558     1.426    framebuffer/U0/inst_blk_mem_gen/gnbram.gnativebmg.native_blk_mem_gen/valid.cstr/has_mux_b.B/clka
    SLICE_X13Y19         FDRE                                         r  framebuffer/U0/inst_blk_mem_gen/gnbram.gnativebmg.native_blk_mem_gen/valid.cstr/has_mux_b.B/no_softecc_sel_reg.ce_pri.sel_pipe_reg[4]/C
  -------------------------------------------------------------------    -------------------
    SLICE_X13Y19         FDRE (Prop_fdre_C_Q)         0.141     1.567 r  framebuffer/U0/inst_blk_mem_gen/gnbram.gnativebmg.native_blk_mem_gen/valid.cstr/has_mux_b.B/no_softecc_sel_reg.ce_pri.sel_pipe_reg[4]/Q
                         net (fo=4, routed)           0.484     2.051    framebuffer/U0/inst_blk_mem_gen/gnbram.gnativebmg.native_blk_mem_gen/valid.cstr/has_mux_b.B/no_softecc_sel_reg.ce_pri.sel_pipe_reg_n_0_[4]
    SLICE_X29Y24         MUXF7 (Prop_muxf7_S_O)       0.085     2.136 r  framebuffer/U0/inst_blk_mem_gen/gnbram.gnativebmg.native_blk_mem_gen/valid.cstr/has_mux_b.B/doutb[0]_INST_0/O
                         net (fo=6, routed)           0.178     2.314    vga_to_hdmi/inst/srldly_0/data_i[37]
    SLICE_X31Y24         FDRE                                         r  vga_to_hdmi/inst/srldly_0/srl[39].srl16_i_srlopt/D
  -------------------------------------------------------------------    -------------------

                         (clock clk_out1_clk_wiz_0 rise edge)
                                                      0.000     0.000 r  
    BUFGCTRL_X0Y3        BUFG                         0.000     0.000 r  clk_IBUF_BUFG_inst/O
                         net (fo=45, routed)          0.817     0.817    clk_wiz/inst/clk_in1
    MMCME2_ADV_X1Y0      MMCME2_ADV (Prop_mmcme2_adv_CLKIN1_CLKOUT0)
                                                     -1.375    -0.559 r  clk_wiz/inst/mmcm_adv_inst/CLKOUT0
                         net (fo=1, routed)           0.530    -0.029    clk_wiz/inst/clk_out1_clk_wiz_0
    BUFGCTRL_X0Y0        BUFG (Prop_bufg_I_O)         0.029     0.000 r  clk_wiz/inst/clkout1_buf/O
                         net (fo=204, routed)         0.816     0.816    vga_to_hdmi/inst/srldly_0/pix_clk
    SLICE_X31Y24         FDRE                                         r  vga_to_hdmi/inst/srldly_0/srl[39].srl16_i_srlopt/C
                         clock pessimism              0.000     0.816    
                         clock uncertainty            0.193     1.009    
    SLICE_X31Y24         FDRE (Hold_fdre_C_D)         0.015     1.024    vga_to_hdmi/inst/srldly_0/srl[39].srl16_i_srlopt
  -------------------------------------------------------------------
                         required time                         -1.024    
                         arrival time                           2.314    
  -------------------------------------------------------------------
                         slack                                  1.290    

Slack (MET) :             1.318ns  (arrival time - required time)
  Source:                 framebuffer/U0/inst_blk_mem_gen/gnbram.gnativebmg.native_blk_mem_gen/valid.cstr/has_mux_b.B/no_softecc_sel_reg.ce_pri.sel_pipe_reg[4]/C
                            (rising edge-triggered cell FDRE clocked by clk_100  {rise@0.000ns fall@5.000ns period=10.000ns})
  Destination:            vga_to_hdmi/inst/srldly_0/srl[21].srl16_i/D
                            (rising edge-triggered cell SRL16E clocked by clk_out1_clk_wiz_0  {rise@0.000ns fall@20.000ns period=40.000ns})
  Path Group:             clk_out1_clk_wiz_0
  Path Type:              Hold (Min at Fast Process Corner)
  Requirement:            0.000ns  (clk_out1_clk_wiz_0 rise@0.000ns - clk_100 rise@0.000ns)
  Data Path Delay:        0.954ns  (logic 0.234ns (24.536%)  route 0.720ns (75.464%))
  Logic Levels:           1  (MUXF7=1)
  Clock Path Skew:        -0.610ns (DCD - SCD - CPR)
    Destination Clock Delay (DCD):    0.817ns
    Source Clock Delay      (SCD):    1.426ns
    Clock Pessimism Removal (CPR):    -0.000ns
  Clock Uncertainty:      0.193ns  ((TSJ^2 + DJ^2)^1/2) / 2 + PE
    Total System Jitter     (TSJ):    0.071ns
    Discrete Jitter          (DJ):    0.175ns
    Phase Error              (PE):    0.099ns
  Clock Domain Crossing:  Inter clock paths are considered valid unless explicitly excluded by timing constraints such as set_clock_groups or set_false_path.

    Location             Delay type                Incr(ns)  Path(ns)    Netlist Resource(s)
  -------------------------------------------------------------------    -------------------
                         (clock clk_100 rise edge)    0.000     0.000 r  
    N15                                               0.000     0.000 r  clk (IN)
                         net (fo=0)                   0.000     0.000    clk
    N15                  IBUF (Prop_ibuf_I_O)         0.209     0.209 r  clk_IBUF_inst/O
                         net (fo=1, routed)           0.634     0.843    clk_IBUF
    BUFGCTRL_X0Y3        BUFG (Prop_bufg_I_O)         0.026     0.869 r  clk_IBUF_BUFG_inst/O
                         net (fo=45, routed)          0.558     1.426    framebuffer/U0/inst_blk_mem_gen/gnbram.gnativebmg.native_blk_mem_gen/valid.cstr/has_mux_b.B/clka
    SLICE_X13Y19         FDRE                                         r  framebuffer/U0/inst_blk_mem_gen/gnbram.gnativebmg.native_blk_mem_gen/valid.cstr/has_mux_b.B/no_softecc_sel_reg.ce_pri.sel_pipe_reg[4]/C
  -------------------------------------------------------------------    -------------------
    SLICE_X13Y19         FDRE (Prop_fdre_C_Q)         0.141     1.567 r  framebuffer/U0/inst_blk_mem_gen/gnbram.gnativebmg.native_blk_mem_gen/valid.cstr/has_mux_b.B/no_softecc_sel_reg.ce_pri.sel_pipe_reg[4]/Q
                         net (fo=4, routed)           0.546     2.113    framebuffer/U0/inst_blk_mem_gen/gnbram.gnativebmg.native_blk_mem_gen/valid.cstr/has_mux_b.B/no_softecc_sel_reg.ce_pri.sel_pipe_reg_n_0_[4]
    SLICE_X40Y23         MUXF7 (Prop_muxf7_S_O)       0.093     2.206 r  framebuffer/U0/inst_blk_mem_gen/gnbram.gnativebmg.native_blk_mem_gen/valid.cstr/has_mux_b.B/doutb[2]_INST_0/O
                         net (fo=6, routed)           0.174     2.380    vga_to_hdmi/inst/srldly_0/data_i[19]
    SLICE_X38Y23         SRL16E                                       r  vga_to_hdmi/inst/srldly_0/srl[21].srl16_i/D
  -------------------------------------------------------------------    -------------------

                         (clock clk_out1_clk_wiz_0 rise edge)
                                                      0.000     0.000 r  
    BUFGCTRL_X0Y3        BUFG                         0.000     0.000 r  clk_IBUF_BUFG_inst/O
                         net (fo=45, routed)          0.817     0.817    clk_wiz/inst/clk_in1
    MMCME2_ADV_X1Y0      MMCME2_ADV (Prop_mmcme2_adv_CLKIN1_CLKOUT0)
                                                     -1.375    -0.559 r  clk_wiz/inst/mmcm_adv_inst/CLKOUT0
                         net (fo=1, routed)           0.530    -0.029    clk_wiz/inst/clk_out1_clk_wiz_0
    BUFGCTRL_X0Y0        BUFG (Prop_bufg_I_O)         0.029     0.000 r  clk_wiz/inst/clkout1_buf/O
                         net (fo=204, routed)         0.817     0.817    vga_to_hdmi/inst/srldly_0/pix_clk
    SLICE_X38Y23         SRL16E                                       r  vga_to_hdmi/inst/srldly_0/srl[21].srl16_i/CLK
                         clock pessimism              0.000     0.817    
                         clock uncertainty            0.193     1.010    
    SLICE_X38Y23         SRL16E (Hold_srl16e_CLK_D)
                                                      0.052     1.062    vga_to_hdmi/inst/srldly_0/srl[21].srl16_i
  -------------------------------------------------------------------
                         required time                         -1.062    
                         arrival time                           2.380    
  -------------------------------------------------------------------
                         slack                                  1.318    





--------------------------------------------------------------------------------------
Path Group:  (none)
From Clock:  clk_out2_clk_wiz_0
  To Clock:  

Max Delay             8 Endpoints
Min Delay             8 Endpoints
--------------------------------------------------------------------------------------


Max Delay Paths
--------------------------------------------------------------------------------------
Slack:                    inf
  Source:                 vga_to_hdmi/inst/serial_clk/oserdes_m/CLK
                            (rising edge-triggered cell OSERDESE2 clocked by clk_out2_clk_wiz_0  {rise@0.000ns fall@4.000ns period=8.000ns})
  Destination:            hdmi_clk_n
                            (output port)
  Path Group:             (none)
  Path Type:              Max at Slow Process Corner
  Data Path Delay:        2.311ns  (logic 2.310ns (99.957%)  route 0.001ns (0.043%))
  Logic Levels:           1  (OBUFDS=1)
  Clock Uncertainty:      0.166ns  ((TSJ^2 + DJ^2)^1/2) / 2 + PE
    Total System Jitter     (TSJ):    0.050ns
    Discrete Jitter          (DJ):    0.125ns
    Phase Error              (PE):    0.099ns

    Location             Delay type                Incr(ns)  Path(ns)    Netlist Resource(s)
  -------------------------------------------------------------------    -------------------
                         (clock clk_out2_clk_wiz_0 rise edge)
                                                      0.000     0.000 r  
    BUFGCTRL_X0Y3        BUFG                         0.000     0.000 r  clk_IBUF_BUFG_inst/O
                         net (fo=45, routed)          1.575     1.575    clk_wiz/inst/clk_in1
    MMCME2_ADV_X1Y0      MMCME2_ADV (Prop_mmcme2_adv_CLKIN1_CLKOUT1)
                                                     -3.333    -1.757 r  clk_wiz/inst/mmcm_adv_inst/CLKOUT1
                         net (fo=1, routed)           1.661    -0.096    clk_wiz/inst/clk_out2_clk_wiz_0
    BUFGCTRL_X0Y1        BUFG (Prop_bufg_I_O)         0.096    -0.000 r  clk_wiz/inst/clkout2_buf/O
                         net (fo=8, routed)           1.671     1.671    vga_to_hdmi/inst/serial_clk/pix_clkx5
    OLOGIC_X0Y18         OSERDESE2                                    r  vga_to_hdmi/inst/serial_clk/oserdes_m/CLK
  -------------------------------------------------------------------    -------------------
    OLOGIC_X0Y18         OSERDESE2 (Prop_oserdese2_CLK_OQ)
                                                      0.472     2.143 r  vga_to_hdmi/inst/serial_clk/oserdes_m/OQ
                         net (fo=1, routed)           0.001     2.144    vga_to_hdmi/inst/tmdsclk
    U16                  OBUFDS (Prop_obufds_I_OB)    1.838     3.982 r  vga_to_hdmi/inst/OBUFDS_CLK/OB
                         net (fo=0)                   0.000     3.982    hdmi_clk_n
    V17                                                               r  hdmi_clk_n (OUT)
  -------------------------------------------------------------------    -------------------

Slack:                    inf
  Source:                 vga_to_hdmi/inst/serial_clk/oserdes_m/CLK
                            (rising edge-triggered cell OSERDESE2 clocked by clk_out2_clk_wiz_0  {rise@0.000ns fall@4.000ns period=8.000ns})
  Destination:            hdmi_clk_p
                            (output port)
  Path Group:             (none)
  Path Type:              Max at Slow Process Corner
  Data Path Delay:        2.310ns  (logic 2.309ns (99.957%)  route 0.001ns (0.043%))
  Logic Levels:           1  (OBUFDS=1)
  Clock Uncertainty:      0.166ns  ((TSJ^2 + DJ^2)^1/2) / 2 + PE
    Total System Jitter     (TSJ):    0.050ns
    Discrete Jitter          (DJ):    0.125ns
    Phase Error              (PE):    0.099ns

    Location             Delay type                Incr(ns)  Path(ns)    Netlist Resource(s)
  -------------------------------------------------------------------    -------------------
                         (clock clk_out2_clk_wiz_0 rise edge)
                                                      0.000     0.000 r  
    BUFGCTRL_X0Y3        BUFG                         0.000     0.000 r  clk_IBUF_BUFG_inst/O
                         net (fo=45, routed)          1.575     1.575    clk_wiz/inst/clk_in1
    MMCME2_ADV_X1Y0      MMCME2_ADV (Prop_mmcme2_adv_CLKIN1_CLKOUT1)
                                                     -3.333    -1.757 r  clk_wiz/inst/mmcm_adv_inst/CLKOUT1
                         net (fo=1, routed)           1.661    -0.096    clk_wiz/inst/clk_out2_clk_wiz_0
    BUFGCTRL_X0Y1        BUFG (Prop_bufg_I_O)         0.096    -0.000 r  clk_wiz/inst/clkout2_buf/O
                         net (fo=8, routed)           1.671     1.671    vga_to_hdmi/inst/serial_clk/pix_clkx5
    OLOGIC_X0Y18         OSERDESE2                                    r  vga_to_hdmi/inst/serial_clk/oserdes_m/CLK
  -------------------------------------------------------------------    -------------------
    OLOGIC_X0Y18         OSERDESE2 (Prop_oserdese2_CLK_OQ)
                                                      0.472     2.143 r  vga_to_hdmi/inst/serial_clk/oserdes_m/OQ
                         net (fo=1, routed)           0.001     2.144    vga_to_hdmi/inst/tmdsclk
    U16                  OBUFDS (Prop_obufds_I_O)     1.837     3.981 r  vga_to_hdmi/inst/OBUFDS_CLK/O
                         net (fo=0)                   0.000     3.981    hdmi_clk_p
    U16                                                               r  hdmi_clk_p (OUT)
  -------------------------------------------------------------------    -------------------

Slack:                    inf
  Source:                 vga_to_hdmi/inst/serial_g/oserdes_m/CLK
                            (rising edge-triggered cell OSERDESE2 clocked by clk_out2_clk_wiz_0  {rise@0.000ns fall@4.000ns period=8.000ns})
  Destination:            hdmi_tx_n[1]
                            (output port)
  Path Group:             (none)
  Path Type:              Max at Slow Process Corner
  Data Path Delay:        2.312ns  (logic 2.311ns (99.957%)  route 0.001ns (0.043%))
  Logic Levels:           1  (OBUFDS=1)
  Clock Uncertainty:      0.166ns  ((TSJ^2 + DJ^2)^1/2) / 2 + PE
    Total System Jitter     (TSJ):    0.050ns
    Discrete Jitter          (DJ):    0.125ns
    Phase Error              (PE):    0.099ns

    Location             Delay type                Incr(ns)  Path(ns)    Netlist Resource(s)
  -------------------------------------------------------------------    -------------------
                         (clock clk_out2_clk_wiz_0 rise edge)
                                                      0.000     0.000 r  
    BUFGCTRL_X0Y3        BUFG                         0.000     0.000 r  clk_IBUF_BUFG_inst/O
                         net (fo=45, routed)          1.575     1.575    clk_wiz/inst/clk_in1
    MMCME2_ADV_X1Y0      MMCME2_ADV (Prop_mmcme2_adv_CLKIN1_CLKOUT1)
                                                     -3.333    -1.757 r  clk_wiz/inst/mmcm_adv_inst/CLKOUT1
                         net (fo=1, routed)           1.661    -0.096    clk_wiz/inst/clk_out2_clk_wiz_0
    BUFGCTRL_X0Y1        BUFG (Prop_bufg_I_O)         0.096    -0.000 r  clk_wiz/inst/clkout2_buf/O
                         net (fo=8, routed)           1.665     1.665    vga_to_hdmi/inst/serial_g/pix_clkx5
    OLOGIC_X0Y22         OSERDESE2                                    r  vga_to_hdmi/inst/serial_g/oserdes_m/CLK
  -------------------------------------------------------------------    -------------------
    OLOGIC_X0Y22         OSERDESE2 (Prop_oserdese2_CLK_OQ)
                                                      0.472     2.137 r  vga_to_hdmi/inst/serial_g/oserdes_m/OQ
                         net (fo=1, routed)           0.001     2.138    vga_to_hdmi/inst/TMDSINT_1
    R16                  OBUFDS (Prop_obufds_I_OB)    1.839     3.976 r  vga_to_hdmi/inst/OBUFDS_G/OB
                         net (fo=0)                   0.000     3.976    hdmi_tx_n[1]
    R17                                                               r  hdmi_tx_n[1] (OUT)
  -------------------------------------------------------------------    -------------------

Slack:                    inf
  Source:                 vga_to_hdmi/inst/serial_b/oserdes_m/CLK
                            (rising edge-triggered cell OSERDESE2 clocked by clk_out2_clk_wiz_0  {rise@0.000ns fall@4.000ns period=8.000ns})
  Destination:            hdmi_tx_n[0]
                            (output port)
  Path Group:             (none)
  Path Type:              Max at Slow Process Corner
  Data Path Delay:        2.310ns  (logic 2.309ns (99.957%)  route 0.001ns (0.043%))
  Logic Levels:           1  (OBUFDS=1)
  Clock Uncertainty:      0.166ns  ((TSJ^2 + DJ^2)^1/2) / 2 + PE
    Total System Jitter     (TSJ):    0.050ns
    Discrete Jitter          (DJ):    0.125ns
    Phase Error              (PE):    0.099ns

    Location             Delay type                Incr(ns)  Path(ns)    Netlist Resource(s)
  -------------------------------------------------------------------    -------------------
                         (clock clk_out2_clk_wiz_0 rise edge)
                                                      0.000     0.000 r  
    BUFGCTRL_X0Y3        BUFG                         0.000     0.000 r  clk_IBUF_BUFG_inst/O
                         net (fo=45, routed)          1.575     1.575    clk_wiz/inst/clk_in1
    MMCME2_ADV_X1Y0      MMCME2_ADV (Prop_mmcme2_adv_CLKIN1_CLKOUT1)
                                                     -3.333    -1.757 r  clk_wiz/inst/mmcm_adv_inst/CLKOUT1
                         net (fo=1, routed)           1.661    -0.096    clk_wiz/inst/clk_out2_clk_wiz_0
    BUFGCTRL_X0Y1        BUFG (Prop_bufg_I_O)         0.096    -0.000 r  clk_wiz/inst/clkout2_buf/O
                         net (fo=8, routed)           1.666     1.666    vga_to_hdmi/inst/serial_b/pix_clkx5
    OLOGIC_X0Y20         OSERDESE2                                    r  vga_to_hdmi/inst/serial_b/oserdes_m/CLK
  -------------------------------------------------------------------    -------------------
    OLOGIC_X0Y20         OSERDESE2 (Prop_oserdese2_CLK_OQ)
                                                      0.472     2.138 r  vga_to_hdmi/inst/serial_b/oserdes_m/OQ
                         net (fo=1, routed)           0.001     2.139    vga_to_hdmi/inst/TMDSINT_0
    U17                  OBUFDS (Prop_obufds_I_OB)    1.837     3.976 r  vga_to_hdmi/inst/OBUFDS_B/OB
                         net (fo=0)                   0.000     3.976    hdmi_tx_n[0]
    U18                                                               r  hdmi_tx_n[0] (OUT)
  -------------------------------------------------------------------    -------------------

Slack:                    inf
  Source:                 vga_to_hdmi/inst/serial_g/oserdes_m/CLK
                            (rising edge-triggered cell OSERDESE2 clocked by clk_out2_clk_wiz_0  {rise@0.000ns fall@4.000ns period=8.000ns})
  Destination:            hdmi_tx_p[1]
                            (output port)
  Path Group:             (none)
  Path Type:              Max at Slow Process Corner
  Data Path Delay:        2.311ns  (logic 2.310ns (99.957%)  route 0.001ns (0.043%))
  Logic Levels:           1  (OBUFDS=1)
  Clock Uncertainty:      0.166ns  ((TSJ^2 + DJ^2)^1/2) / 2 + PE
    Total System Jitter     (TSJ):    0.050ns
    Discrete Jitter          (DJ):    0.125ns
    Phase Error              (PE):    0.099ns

    Location             Delay type                Incr(ns)  Path(ns)    Netlist Resource(s)
  -------------------------------------------------------------------    -------------------
                         (clock clk_out2_clk_wiz_0 rise edge)
                                                      0.000     0.000 r  
    BUFGCTRL_X0Y3        BUFG                         0.000     0.000 r  clk_IBUF_BUFG_inst/O
                         net (fo=45, routed)          1.575     1.575    clk_wiz/inst/clk_in1
    MMCME2_ADV_X1Y0      MMCME2_ADV (Prop_mmcme2_adv_CLKIN1_CLKOUT1)
                                                     -3.333    -1.757 r  clk_wiz/inst/mmcm_adv_inst/CLKOUT1
                         net (fo=1, routed)           1.661    -0.096    clk_wiz/inst/clk_out2_clk_wiz_0
    BUFGCTRL_X0Y1        BUFG (Prop_bufg_I_O)         0.096    -0.000 r  clk_wiz/inst/clkout2_buf/O
                         net (fo=8, routed)           1.665     1.665    vga_to_hdmi/inst/serial_g/pix_clkx5
    OLOGIC_X0Y22         OSERDESE2                                    r  vga_to_hdmi/inst/serial_g/oserdes_m/CLK
  -------------------------------------------------------------------    -------------------
    OLOGIC_X0Y22         OSERDESE2 (Prop_oserdese2_CLK_OQ)
                                                      0.472     2.137 r  vga_to_hdmi/inst/serial_g/oserdes_m/OQ
                         net (fo=1, routed)           0.001     2.138    vga_to_hdmi/inst/TMDSINT_1
    R16                  OBUFDS (Prop_obufds_I_O)     1.838     3.975 r  vga_to_hdmi/inst/OBUFDS_G/O
                         net (fo=0)                   0.000     3.975    hdmi_tx_p[1]
    R16                                                               r  hdmi_tx_p[1] (OUT)
  -------------------------------------------------------------------    -------------------

Slack:                    inf
  Source:                 vga_to_hdmi/inst/serial_b/oserdes_m/CLK
                            (rising edge-triggered cell OSERDESE2 clocked by clk_out2_clk_wiz_0  {rise@0.000ns fall@4.000ns period=8.000ns})
  Destination:            hdmi_tx_p[0]
                            (output port)
  Path Group:             (none)
  Path Type:              Max at Slow Process Corner
  Data Path Delay:        2.309ns  (logic 2.308ns (99.957%)  route 0.001ns (0.043%))
  Logic Levels:           1  (OBUFDS=1)
  Clock Uncertainty:      0.166ns  ((TSJ^2 + DJ^2)^1/2) / 2 + PE
    Total System Jitter     (TSJ):    0.050ns
    Discrete Jitter          (DJ):    0.125ns
    Phase Error              (PE):    0.099ns

    Location             Delay type                Incr(ns)  Path(ns)    Netlist Resource(s)
  -------------------------------------------------------------------    -------------------
                         (clock clk_out2_clk_wiz_0 rise edge)
                                                      0.000     0.000 r  
    BUFGCTRL_X0Y3        BUFG                         0.000     0.000 r  clk_IBUF_BUFG_inst/O
                         net (fo=45, routed)          1.575     1.575    clk_wiz/inst/clk_in1
    MMCME2_ADV_X1Y0      MMCME2_ADV (Prop_mmcme2_adv_CLKIN1_CLKOUT1)
                                                     -3.333    -1.757 r  clk_wiz/inst/mmcm_adv_inst/CLKOUT1
                         net (fo=1, routed)           1.661    -0.096    clk_wiz/inst/clk_out2_clk_wiz_0
    BUFGCTRL_X0Y1        BUFG (Prop_bufg_I_O)         0.096    -0.000 r  clk_wiz/inst/clkout2_buf/O
                         net (fo=8, routed)           1.666     1.666    vga_to_hdmi/inst/serial_b/pix_clkx5
    OLOGIC_X0Y20         OSERDESE2                                    r  vga_to_hdmi/inst/serial_b/oserdes_m/CLK
  -------------------------------------------------------------------    -------------------
    OLOGIC_X0Y20         OSERDESE2 (Prop_oserdese2_CLK_OQ)
                                                      0.472     2.138 r  vga_to_hdmi/inst/serial_b/oserdes_m/OQ
                         net (fo=1, routed)           0.001     2.139    vga_to_hdmi/inst/TMDSINT_0
    U17                  OBUFDS (Prop_obufds_I_O)     1.836     3.975 r  vga_to_hdmi/inst/OBUFDS_B/O
                         net (fo=0)                   0.000     3.975    hdmi_tx_p[0]
    U17                                                               r  hdmi_tx_p[0] (OUT)
  -------------------------------------------------------------------    -------------------

Slack:                    inf
  Source:                 vga_to_hdmi/inst/serial_r/oserdes_m/CLK
                            (rising edge-triggered cell OSERDESE2 clocked by clk_out2_clk_wiz_0  {rise@0.000ns fall@4.000ns period=8.000ns})
  Destination:            hdmi_tx_n[2]
                            (output port)
  Path Group:             (none)
  Path Type:              Max at Slow Process Corner
  Data Path Delay:        2.299ns  (logic 2.298ns (99.956%)  route 0.001ns (0.043%))
  Logic Levels:           1  (OBUFDS=1)
  Clock Uncertainty:      0.166ns  ((TSJ^2 + DJ^2)^1/2) / 2 + PE
    Total System Jitter     (TSJ):    0.050ns
    Discrete Jitter          (DJ):    0.125ns
    Phase Error              (PE):    0.099ns

    Location             Delay type                Incr(ns)  Path(ns)    Netlist Resource(s)
  -------------------------------------------------------------------    -------------------
                         (clock clk_out2_clk_wiz_0 rise edge)
                                                      0.000     0.000 r  
    BUFGCTRL_X0Y3        BUFG                         0.000     0.000 r  clk_IBUF_BUFG_inst/O
                         net (fo=45, routed)          1.575     1.575    clk_wiz/inst/clk_in1
    MMCME2_ADV_X1Y0      MMCME2_ADV (Prop_mmcme2_adv_CLKIN1_CLKOUT1)
                                                     -3.333    -1.757 r  clk_wiz/inst/mmcm_adv_inst/CLKOUT1
                         net (fo=1, routed)           1.661    -0.096    clk_wiz/inst/clk_out2_clk_wiz_0
    BUFGCTRL_X0Y1        BUFG (Prop_bufg_I_O)         0.096    -0.000 r  clk_wiz/inst/clkout2_buf/O
                         net (fo=8, routed)           1.663     1.663    vga_to_hdmi/inst/serial_r/pix_clkx5
    OLOGIC_X0Y24         OSERDESE2                                    r  vga_to_hdmi/inst/serial_r/oserdes_m/CLK
  -------------------------------------------------------------------    -------------------
    OLOGIC_X0Y24         OSERDESE2 (Prop_oserdese2_CLK_OQ)
                                                      0.472     2.135 r  vga_to_hdmi/inst/serial_r/oserdes_m/OQ
                         net (fo=1, routed)           0.001     2.136    vga_to_hdmi/inst/TMDSINT_2
    R14                  OBUFDS (Prop_obufds_I_OB)    1.826     3.962 r  vga_to_hdmi/inst/OBUFDS_R/OB
                         net (fo=0)                   0.000     3.962    hdmi_tx_n[2]
    T14                                                               r  hdmi_tx_n[2] (OUT)
  -------------------------------------------------------------------    -------------------

Slack:                    inf
  Source:                 vga_to_hdmi/inst/serial_r/oserdes_m/CLK
                            (rising edge-triggered cell OSERDESE2 clocked by clk_out2_clk_wiz_0  {rise@0.000ns fall@4.000ns period=8.000ns})
  Destination:            hdmi_tx_p[2]
                            (output port)
  Path Group:             (none)
  Path Type:              Max at Slow Process Corner
  Data Path Delay:        2.298ns  (logic 2.297ns (99.956%)  route 0.001ns (0.044%))
  Logic Levels:           1  (OBUFDS=1)
  Clock Uncertainty:      0.166ns  ((TSJ^2 + DJ^2)^1/2) / 2 + PE
    Total System Jitter     (TSJ):    0.050ns
    Discrete Jitter          (DJ):    0.125ns
    Phase Error              (PE):    0.099ns

    Location             Delay type                Incr(ns)  Path(ns)    Netlist Resource(s)
  -------------------------------------------------------------------    -------------------
                         (clock clk_out2_clk_wiz_0 rise edge)
                                                      0.000     0.000 r  
    BUFGCTRL_X0Y3        BUFG                         0.000     0.000 r  clk_IBUF_BUFG_inst/O
                         net (fo=45, routed)          1.575     1.575    clk_wiz/inst/clk_in1
    MMCME2_ADV_X1Y0      MMCME2_ADV (Prop_mmcme2_adv_CLKIN1_CLKOUT1)
                                                     -3.333    -1.757 r  clk_wiz/inst/mmcm_adv_inst/CLKOUT1
                         net (fo=1, routed)           1.661    -0.096    clk_wiz/inst/clk_out2_clk_wiz_0
    BUFGCTRL_X0Y1        BUFG (Prop_bufg_I_O)         0.096    -0.000 r  clk_wiz/inst/clkout2_buf/O
                         net (fo=8, routed)           1.663     1.663    vga_to_hdmi/inst/serial_r/pix_clkx5
    OLOGIC_X0Y24         OSERDESE2                                    r  vga_to_hdmi/inst/serial_r/oserdes_m/CLK
  -------------------------------------------------------------------    -------------------
    OLOGIC_X0Y24         OSERDESE2 (Prop_oserdese2_CLK_OQ)
                                                      0.472     2.135 r  vga_to_hdmi/inst/serial_r/oserdes_m/OQ
                         net (fo=1, routed)           0.001     2.136    vga_to_hdmi/inst/TMDSINT_2
    R14                  OBUFDS (Prop_obufds_I_O)     1.825     3.961 r  vga_to_hdmi/inst/OBUFDS_R/O
                         net (fo=0)                   0.000     3.961    hdmi_tx_p[2]
    R14                                                               r  hdmi_tx_p[2] (OUT)
  -------------------------------------------------------------------    -------------------





Min Delay Paths
--------------------------------------------------------------------------------------
Slack:                    inf
  Source:                 vga_to_hdmi/inst/serial_r/oserdes_m/CLK
                            (rising edge-triggered cell OSERDESE2 clocked by clk_out2_clk_wiz_0  {rise@0.000ns fall@4.000ns period=8.000ns})
  Destination:            hdmi_tx_p[2]
                            (output port)
  Path Group:             (none)
  Path Type:              Min at Fast Process Corner
  Data Path Delay:        0.952ns  (logic 0.951ns (99.895%)  route 0.001ns (0.105%))
  Logic Levels:           1  (OBUFDS=1)
  Clock Uncertainty:      0.166ns  ((TSJ^2 + DJ^2)^1/2) / 2 + PE
    Total System Jitter     (TSJ):    0.050ns
    Discrete Jitter          (DJ):    0.125ns
    Phase Error              (PE):    0.099ns

    Location             Delay type                Incr(ns)  Path(ns)    Netlist Resource(s)
  -------------------------------------------------------------------    -------------------
                         (clock clk_out2_clk_wiz_0 rise edge)
                                                      0.000     0.000 r  
    BUFGCTRL_X0Y3        BUFG                         0.000     0.000 r  clk_IBUF_BUFG_inst/O
                         net (fo=45, routed)          0.549     0.549    clk_wiz/inst/clk_in1
    MMCME2_ADV_X1Y0      MMCME2_ADV (Prop_mmcme2_adv_CLKIN1_CLKOUT1)
                                                     -1.061    -0.512 r  clk_wiz/inst/mmcm_adv_inst/CLKOUT1
                         net (fo=1, routed)           0.486    -0.026    clk_wiz/inst/clk_out2_clk_wiz_0
    BUFGCTRL_X0Y1        BUFG (Prop_bufg_I_O)         0.026     0.000 r  clk_wiz/inst/clkout2_buf/O
                         net (fo=8, routed)           0.580     0.580    vga_to_hdmi/inst/serial_r/pix_clkx5
    OLOGIC_X0Y24         OSERDESE2                                    r  vga_to_hdmi/inst/serial_r/oserdes_m/CLK
  -------------------------------------------------------------------    -------------------
    OLOGIC_X0Y24         OSERDESE2 (Prop_oserdese2_CLK_OQ)
                                                      0.177     0.757 r  vga_to_hdmi/inst/serial_r/oserdes_m/OQ
                         net (fo=1, routed)           0.001     0.758    vga_to_hdmi/inst/TMDSINT_2
    R14                  OBUFDS (Prop_obufds_I_O)     0.774     1.532 r  vga_to_hdmi/inst/OBUFDS_R/O
                         net (fo=0)                   0.000     1.532    hdmi_tx_p[2]
    R14                                                               r  hdmi_tx_p[2] (OUT)
  -------------------------------------------------------------------    -------------------

Slack:                    inf
  Source:                 vga_to_hdmi/inst/serial_r/oserdes_m/CLK
                            (rising edge-triggered cell OSERDESE2 clocked by clk_out2_clk_wiz_0  {rise@0.000ns fall@4.000ns period=8.000ns})
  Destination:            hdmi_tx_n[2]
                            (output port)
  Path Group:             (none)
  Path Type:              Min at Fast Process Corner
  Data Path Delay:        0.953ns  (logic 0.952ns (99.895%)  route 0.001ns (0.105%))
  Logic Levels:           1  (OBUFDS=1)
  Clock Uncertainty:      0.166ns  ((TSJ^2 + DJ^2)^1/2) / 2 + PE
    Total System Jitter     (TSJ):    0.050ns
    Discrete Jitter          (DJ):    0.125ns
    Phase Error              (PE):    0.099ns

    Location             Delay type                Incr(ns)  Path(ns)    Netlist Resource(s)
  -------------------------------------------------------------------    -------------------
                         (clock clk_out2_clk_wiz_0 rise edge)
                                                      0.000     0.000 r  
    BUFGCTRL_X0Y3        BUFG                         0.000     0.000 r  clk_IBUF_BUFG_inst/O
                         net (fo=45, routed)          0.549     0.549    clk_wiz/inst/clk_in1
    MMCME2_ADV_X1Y0      MMCME2_ADV (Prop_mmcme2_adv_CLKIN1_CLKOUT1)
                                                     -1.061    -0.512 r  clk_wiz/inst/mmcm_adv_inst/CLKOUT1
                         net (fo=1, routed)           0.486    -0.026    clk_wiz/inst/clk_out2_clk_wiz_0
    BUFGCTRL_X0Y1        BUFG (Prop_bufg_I_O)         0.026     0.000 r  clk_wiz/inst/clkout2_buf/O
                         net (fo=8, routed)           0.580     0.580    vga_to_hdmi/inst/serial_r/pix_clkx5
    OLOGIC_X0Y24         OSERDESE2                                    r  vga_to_hdmi/inst/serial_r/oserdes_m/CLK
  -------------------------------------------------------------------    -------------------
    OLOGIC_X0Y24         OSERDESE2 (Prop_oserdese2_CLK_OQ)
                                                      0.177     0.757 r  vga_to_hdmi/inst/serial_r/oserdes_m/OQ
                         net (fo=1, routed)           0.001     0.758    vga_to_hdmi/inst/TMDSINT_2
    R14                  OBUFDS (Prop_obufds_I_OB)    0.775     1.533 r  vga_to_hdmi/inst/OBUFDS_R/OB
                         net (fo=0)                   0.000     1.533    hdmi_tx_n[2]
    T14                                                               r  hdmi_tx_n[2] (OUT)
  -------------------------------------------------------------------    -------------------

Slack:                    inf
  Source:                 vga_to_hdmi/inst/serial_b/oserdes_m/CLK
                            (rising edge-triggered cell OSERDESE2 clocked by clk_out2_clk_wiz_0  {rise@0.000ns fall@4.000ns period=8.000ns})
  Destination:            hdmi_tx_p[0]
                            (output port)
  Path Group:             (none)
  Path Type:              Min at Fast Process Corner
  Data Path Delay:        0.963ns  (logic 0.962ns (99.896%)  route 0.001ns (0.104%))
  Logic Levels:           1  (OBUFDS=1)
  Clock Uncertainty:      0.166ns  ((TSJ^2 + DJ^2)^1/2) / 2 + PE
    Total System Jitter     (TSJ):    0.050ns
    Discrete Jitter          (DJ):    0.125ns
    Phase Error              (PE):    0.099ns

    Location             Delay type                Incr(ns)  Path(ns)    Netlist Resource(s)
  -------------------------------------------------------------------    -------------------
                         (clock clk_out2_clk_wiz_0 rise edge)
                                                      0.000     0.000 r  
    BUFGCTRL_X0Y3        BUFG                         0.000     0.000 r  clk_IBUF_BUFG_inst/O
                         net (fo=45, routed)          0.549     0.549    clk_wiz/inst/clk_in1
    MMCME2_ADV_X1Y0      MMCME2_ADV (Prop_mmcme2_adv_CLKIN1_CLKOUT1)
                                                     -1.061    -0.512 r  clk_wiz/inst/mmcm_adv_inst/CLKOUT1
                         net (fo=1, routed)           0.486    -0.026    clk_wiz/inst/clk_out2_clk_wiz_0
    BUFGCTRL_X0Y1        BUFG (Prop_bufg_I_O)         0.026     0.000 r  clk_wiz/inst/clkout2_buf/O
                         net (fo=8, routed)           0.582     0.582    vga_to_hdmi/inst/serial_b/pix_clkx5
    OLOGIC_X0Y20         OSERDESE2                                    r  vga_to_hdmi/inst/serial_b/oserdes_m/CLK
  -------------------------------------------------------------------    -------------------
    OLOGIC_X0Y20         OSERDESE2 (Prop_oserdese2_CLK_OQ)
                                                      0.177     0.759 r  vga_to_hdmi/inst/serial_b/oserdes_m/OQ
                         net (fo=1, routed)           0.001     0.760    vga_to_hdmi/inst/TMDSINT_0
    U17                  OBUFDS (Prop_obufds_I_O)     0.785     1.545 r  vga_to_hdmi/inst/OBUFDS_B/O
                         net (fo=0)                   0.000     1.545    hdmi_tx_p[0]
    U17                                                               r  hdmi_tx_p[0] (OUT)
  -------------------------------------------------------------------    -------------------

Slack:                    inf
  Source:                 vga_to_hdmi/inst/serial_g/oserdes_m/CLK
                            (rising edge-triggered cell OSERDESE2 clocked by clk_out2_clk_wiz_0  {rise@0.000ns fall@4.000ns period=8.000ns})
  Destination:            hdmi_tx_p[1]
                            (output port)
  Path Group:             (none)
  Path Type:              Min at Fast Process Corner
  Data Path Delay:        0.965ns  (logic 0.964ns (99.896%)  route 0.001ns (0.104%))
  Logic Levels:           1  (OBUFDS=1)
  Clock Uncertainty:      0.166ns  ((TSJ^2 + DJ^2)^1/2) / 2 + PE
    Total System Jitter     (TSJ):    0.050ns
    Discrete Jitter          (DJ):    0.125ns
    Phase Error              (PE):    0.099ns

    Location             Delay type                Incr(ns)  Path(ns)    Netlist Resource(s)
  -------------------------------------------------------------------    -------------------
                         (clock clk_out2_clk_wiz_0 rise edge)
                                                      0.000     0.000 r  
    BUFGCTRL_X0Y3        BUFG                         0.000     0.000 r  clk_IBUF_BUFG_inst/O
                         net (fo=45, routed)          0.549     0.549    clk_wiz/inst/clk_in1
    MMCME2_ADV_X1Y0      MMCME2_ADV (Prop_mmcme2_adv_CLKIN1_CLKOUT1)
                                                     -1.061    -0.512 r  clk_wiz/inst/mmcm_adv_inst/CLKOUT1
                         net (fo=1, routed)           0.486    -0.026    clk_wiz/inst/clk_out2_clk_wiz_0
    BUFGCTRL_X0Y1        BUFG (Prop_bufg_I_O)         0.026     0.000 r  clk_wiz/inst/clkout2_buf/O
                         net (fo=8, routed)           0.581     0.581    vga_to_hdmi/inst/serial_g/pix_clkx5
    OLOGIC_X0Y22         OSERDESE2                                    r  vga_to_hdmi/inst/serial_g/oserdes_m/CLK
  -------------------------------------------------------------------    -------------------
    OLOGIC_X0Y22         OSERDESE2 (Prop_oserdese2_CLK_OQ)
                                                      0.177     0.758 r  vga_to_hdmi/inst/serial_g/oserdes_m/OQ
                         net (fo=1, routed)           0.001     0.759    vga_to_hdmi/inst/TMDSINT_1
    R16                  OBUFDS (Prop_obufds_I_O)     0.787     1.545 r  vga_to_hdmi/inst/OBUFDS_G/O
                         net (fo=0)                   0.000     1.545    hdmi_tx_p[1]
    R16                                                               r  hdmi_tx_p[1] (OUT)
  -------------------------------------------------------------------    -------------------

Slack:                    inf
  Source:                 vga_to_hdmi/inst/serial_b/oserdes_m/CLK
                            (rising edge-triggered cell OSERDESE2 clocked by clk_out2_clk_wiz_0  {rise@0.000ns fall@4.000ns period=8.000ns})
  Destination:            hdmi_tx_n[0]
                            (output port)
  Path Group:             (none)
  Path Type:              Min at Fast Process Corner
  Data Path Delay:        0.964ns  (logic 0.963ns (99.896%)  route 0.001ns (0.104%))
  Logic Levels:           1  (OBUFDS=1)
  Clock Uncertainty:      0.166ns  ((TSJ^2 + DJ^2)^1/2) / 2 + PE
    Total System Jitter     (TSJ):    0.050ns
    Discrete Jitter          (DJ):    0.125ns
    Phase Error              (PE):    0.099ns

    Location             Delay type                Incr(ns)  Path(ns)    Netlist Resource(s)
  -------------------------------------------------------------------    -------------------
                         (clock clk_out2_clk_wiz_0 rise edge)
                                                      0.000     0.000 r  
    BUFGCTRL_X0Y3        BUFG                         0.000     0.000 r  clk_IBUF_BUFG_inst/O
                         net (fo=45, routed)          0.549     0.549    clk_wiz/inst/clk_in1
    MMCME2_ADV_X1Y0      MMCME2_ADV (Prop_mmcme2_adv_CLKIN1_CLKOUT1)
                                                     -1.061    -0.512 r  clk_wiz/inst/mmcm_adv_inst/CLKOUT1
                         net (fo=1, routed)           0.486    -0.026    clk_wiz/inst/clk_out2_clk_wiz_0
    BUFGCTRL_X0Y1        BUFG (Prop_bufg_I_O)         0.026     0.000 r  clk_wiz/inst/clkout2_buf/O
                         net (fo=8, routed)           0.582     0.582    vga_to_hdmi/inst/serial_b/pix_clkx5
    OLOGIC_X0Y20         OSERDESE2                                    r  vga_to_hdmi/inst/serial_b/oserdes_m/CLK
  -------------------------------------------------------------------    -------------------
    OLOGIC_X0Y20         OSERDESE2 (Prop_oserdese2_CLK_OQ)
                                                      0.177     0.759 r  vga_to_hdmi/inst/serial_b/oserdes_m/OQ
                         net (fo=1, routed)           0.001     0.760    vga_to_hdmi/inst/TMDSINT_0
    U17                  OBUFDS (Prop_obufds_I_OB)    0.786     1.546 r  vga_to_hdmi/inst/OBUFDS_B/OB
                         net (fo=0)                   0.000     1.546    hdmi_tx_n[0]
    U18                                                               r  hdmi_tx_n[0] (OUT)
  -------------------------------------------------------------------    -------------------

Slack:                    inf
  Source:                 vga_to_hdmi/inst/serial_g/oserdes_m/CLK
                            (rising edge-triggered cell OSERDESE2 clocked by clk_out2_clk_wiz_0  {rise@0.000ns fall@4.000ns period=8.000ns})
  Destination:            hdmi_tx_n[1]
                            (output port)
  Path Group:             (none)
  Path Type:              Min at Fast Process Corner
  Data Path Delay:        0.966ns  (logic 0.965ns (99.896%)  route 0.001ns (0.104%))
  Logic Levels:           1  (OBUFDS=1)
  Clock Uncertainty:      0.166ns  ((TSJ^2 + DJ^2)^1/2) / 2 + PE
    Total System Jitter     (TSJ):    0.050ns
    Discrete Jitter          (DJ):    0.125ns
    Phase Error              (PE):    0.099ns

    Location             Delay type                Incr(ns)  Path(ns)    Netlist Resource(s)
  -------------------------------------------------------------------    -------------------
                         (clock clk_out2_clk_wiz_0 rise edge)
                                                      0.000     0.000 r  
    BUFGCTRL_X0Y3        BUFG                         0.000     0.000 r  clk_IBUF_BUFG_inst/O
                         net (fo=45, routed)          0.549     0.549    clk_wiz/inst/clk_in1
    MMCME2_ADV_X1Y0      MMCME2_ADV (Prop_mmcme2_adv_CLKIN1_CLKOUT1)
                                                     -1.061    -0.512 r  clk_wiz/inst/mmcm_adv_inst/CLKOUT1
                         net (fo=1, routed)           0.486    -0.026    clk_wiz/inst/clk_out2_clk_wiz_0
    BUFGCTRL_X0Y1        BUFG (Prop_bufg_I_O)         0.026     0.000 r  clk_wiz/inst/clkout2_buf/O
                         net (fo=8, routed)           0.581     0.581    vga_to_hdmi/inst/serial_g/pix_clkx5
    OLOGIC_X0Y22         OSERDESE2                                    r  vga_to_hdmi/inst/serial_g/oserdes_m/CLK
  -------------------------------------------------------------------    -------------------
    OLOGIC_X0Y22         OSERDESE2 (Prop_oserdese2_CLK_OQ)
                                                      0.177     0.758 r  vga_to_hdmi/inst/serial_g/oserdes_m/OQ
                         net (fo=1, routed)           0.001     0.759    vga_to_hdmi/inst/TMDSINT_1
    R16                  OBUFDS (Prop_obufds_I_OB)    0.788     1.546 r  vga_to_hdmi/inst/OBUFDS_G/OB
                         net (fo=0)                   0.000     1.546    hdmi_tx_n[1]
    R17                                                               r  hdmi_tx_n[1] (OUT)
  -------------------------------------------------------------------    -------------------

Slack:                    inf
  Source:                 vga_to_hdmi/inst/serial_clk/oserdes_m/CLK
                            (rising edge-triggered cell OSERDESE2 clocked by clk_out2_clk_wiz_0  {rise@0.000ns fall@4.000ns period=8.000ns})
  Destination:            hdmi_clk_p
                            (output port)
  Path Group:             (none)
  Path Type:              Min at Fast Process Corner
  Data Path Delay:        0.964ns  (logic 0.963ns (99.896%)  route 0.001ns (0.104%))
  Logic Levels:           1  (OBUFDS=1)
  Clock Uncertainty:      0.166ns  ((TSJ^2 + DJ^2)^1/2) / 2 + PE
    Total System Jitter     (TSJ):    0.050ns
    Discrete Jitter          (DJ):    0.125ns
    Phase Error              (PE):    0.099ns

    Location             Delay type                Incr(ns)  Path(ns)    Netlist Resource(s)
  -------------------------------------------------------------------    -------------------
                         (clock clk_out2_clk_wiz_0 rise edge)
                                                      0.000     0.000 r  
    BUFGCTRL_X0Y3        BUFG                         0.000     0.000 r  clk_IBUF_BUFG_inst/O
                         net (fo=45, routed)          0.549     0.549    clk_wiz/inst/clk_in1
    MMCME2_ADV_X1Y0      MMCME2_ADV (Prop_mmcme2_adv_CLKIN1_CLKOUT1)
                                                     -1.061    -0.512 r  clk_wiz/inst/mmcm_adv_inst/CLKOUT1
                         net (fo=1, routed)           0.486    -0.026    clk_wiz/inst/clk_out2_clk_wiz_0
    BUFGCTRL_X0Y1        BUFG (Prop_bufg_I_O)         0.026     0.000 r  clk_wiz/inst/clkout2_buf/O
                         net (fo=8, routed)           0.584     0.584    vga_to_hdmi/inst/serial_clk/pix_clkx5
    OLOGIC_X0Y18         OSERDESE2                                    r  vga_to_hdmi/inst/serial_clk/oserdes_m/CLK
  -------------------------------------------------------------------    -------------------
    OLOGIC_X0Y18         OSERDESE2 (Prop_oserdese2_CLK_OQ)
                                                      0.177     0.761 r  vga_to_hdmi/inst/serial_clk/oserdes_m/OQ
                         net (fo=1, routed)           0.001     0.762    vga_to_hdmi/inst/tmdsclk
    U16                  OBUFDS (Prop_obufds_I_O)     0.786     1.548 r  vga_to_hdmi/inst/OBUFDS_CLK/O
                         net (fo=0)                   0.000     1.548    hdmi_clk_p
    U16                                                               r  hdmi_clk_p (OUT)
  -------------------------------------------------------------------    -------------------

Slack:                    inf
  Source:                 vga_to_hdmi/inst/serial_clk/oserdes_m/CLK
                            (rising edge-triggered cell OSERDESE2 clocked by clk_out2_clk_wiz_0  {rise@0.000ns fall@4.000ns period=8.000ns})
  Destination:            hdmi_clk_n
                            (output port)
  Path Group:             (none)
  Path Type:              Min at Fast Process Corner
  Data Path Delay:        0.965ns  (logic 0.964ns (99.896%)  route 0.001ns (0.104%))
  Logic Levels:           1  (OBUFDS=1)
  Clock Uncertainty:      0.166ns  ((TSJ^2 + DJ^2)^1/2) / 2 + PE
    Total System Jitter     (TSJ):    0.050ns
    Discrete Jitter          (DJ):    0.125ns
    Phase Error              (PE):    0.099ns

    Location             Delay type                Incr(ns)  Path(ns)    Netlist Resource(s)
  -------------------------------------------------------------------    -------------------
                         (clock clk_out2_clk_wiz_0 rise edge)
                                                      0.000     0.000 r  
    BUFGCTRL_X0Y3        BUFG                         0.000     0.000 r  clk_IBUF_BUFG_inst/O
                         net (fo=45, routed)          0.549     0.549    clk_wiz/inst/clk_in1
    MMCME2_ADV_X1Y0      MMCME2_ADV (Prop_mmcme2_adv_CLKIN1_CLKOUT1)
                                                     -1.061    -0.512 r  clk_wiz/inst/mmcm_adv_inst/CLKOUT1
                         net (fo=1, routed)           0.486    -0.026    clk_wiz/inst/clk_out2_clk_wiz_0
    BUFGCTRL_X0Y1        BUFG (Prop_bufg_I_O)         0.026     0.000 r  clk_wiz/inst/clkout2_buf/O
                         net (fo=8, routed)           0.584     0.584    vga_to_hdmi/inst/serial_clk/pix_clkx5
    OLOGIC_X0Y18         OSERDESE2                                    r  vga_to_hdmi/inst/serial_clk/oserdes_m/CLK
  -------------------------------------------------------------------    -------------------
    OLOGIC_X0Y18         OSERDESE2 (Prop_oserdese2_CLK_OQ)
                                                      0.177     0.761 r  vga_to_hdmi/inst/serial_clk/oserdes_m/OQ
                         net (fo=1, routed)           0.001     0.762    vga_to_hdmi/inst/tmdsclk
    U16                  OBUFDS (Prop_obufds_I_OB)    0.787     1.549 r  vga_to_hdmi/inst/OBUFDS_CLK/OB
                         net (fo=0)                   0.000     1.549    hdmi_clk_n
    V17                                                               r  hdmi_clk_n (OUT)
  -------------------------------------------------------------------    -------------------





--------------------------------------------------------------------------------------
Path Group:  (none)
From Clock:  clkfbout_clk_wiz_0
  To Clock:  

Max Delay             1 Endpoint
Min Delay             1 Endpoint
--------------------------------------------------------------------------------------


Max Delay Paths
--------------------------------------------------------------------------------------
Slack:                    inf
  Source:                 clk_wiz/inst/mmcm_adv_inst/CLKFBOUT
                            (clock source 'clkfbout_clk_wiz_0'  {rise@0.000ns fall@5.000ns period=10.000ns})
  Destination:            clk_wiz/inst/mmcm_adv_inst/CLKFBIN
  Path Group:             (none)
  Path Type:              Max at Slow Process Corner
  Data Path Delay:        3.333ns  (logic 0.096ns (2.880%)  route 3.237ns (97.120%))
  Logic Levels:           1  (BUFG=1)
  Clock Uncertainty:      0.148ns  ((TSJ^2 + DJ^2)^1/2) / 2 + PE
    Total System Jitter     (TSJ):    0.050ns
    Discrete Jitter          (DJ):    0.086ns
    Phase Error              (PE):    0.099ns

    Location             Delay type                Incr(ns)  Path(ns)    Netlist Resource(s)
  -------------------------------------------------------------------    -------------------
                         (clock clkfbout_clk_wiz_0 fall edge)
                                                      5.000     5.000 f  
    BUFGCTRL_X0Y3        BUFG                         0.000     5.000 f  clk_IBUF_BUFG_inst/O
                         net (fo=45, routed)          1.575     6.575    clk_wiz/inst/clk_in1
  -------------------------------------------------------------------    -------------------
    MMCME2_ADV_X1Y0      MMCME2_ADV (Prop_mmcme2_adv_CLKIN1_CLKFBOUT)
                                                     -3.333     3.243 f  clk_wiz/inst/mmcm_adv_inst/CLKFBOUT
                         net (fo=1, routed)           1.661     4.904    clk_wiz/inst/clkfbout_clk_wiz_0
    BUFGCTRL_X0Y4        BUFG (Prop_bufg_I_O)         0.096     5.000 f  clk_wiz/inst/clkf_buf/O
                         net (fo=1, routed)           1.575     6.575    clk_wiz/inst/clkfbout_buf_clk_wiz_0
    MMCME2_ADV_X1Y0      MMCME2_ADV                                   f  clk_wiz/inst/mmcm_adv_inst/CLKFBIN
  -------------------------------------------------------------------    -------------------





Min Delay Paths
--------------------------------------------------------------------------------------
Slack:                    inf
  Source:                 clk_wiz/inst/mmcm_adv_inst/CLKFBOUT
                            (clock source 'clkfbout_clk_wiz_0'  {rise@0.000ns fall@5.000ns period=10.000ns})
  Destination:            clk_wiz/inst/mmcm_adv_inst/CLKFBIN
  Path Group:             (none)
  Path Type:              Min at Fast Process Corner
  Data Path Delay:        1.061ns  (logic 0.026ns (2.452%)  route 1.035ns (97.548%))
  Logic Levels:           1  (BUFG=1)
  Clock Uncertainty:      0.148ns  ((TSJ^2 + DJ^2)^1/2) / 2 + PE
    Total System Jitter     (TSJ):    0.050ns
    Discrete Jitter          (DJ):    0.086ns
    Phase Error              (PE):    0.099ns

    Location             Delay type                Incr(ns)  Path(ns)    Netlist Resource(s)
  -------------------------------------------------------------------    -------------------
                         (clock clkfbout_clk_wiz_0 rise edge)
                                                      0.000     0.000 r  
    BUFGCTRL_X0Y3        BUFG                         0.000     0.000 r  clk_IBUF_BUFG_inst/O
                         net (fo=45, routed)          0.549     0.549    clk_wiz/inst/clk_in1
  -------------------------------------------------------------------    -------------------
    MMCME2_ADV_X1Y0      MMCME2_ADV (Prop_mmcme2_adv_CLKIN1_CLKFBOUT)
                                                     -1.061    -0.512 r  clk_wiz/inst/mmcm_adv_inst/CLKFBOUT
                         net (fo=1, routed)           0.486    -0.026    clk_wiz/inst/clkfbout_clk_wiz_0
    BUFGCTRL_X0Y4        BUFG (Prop_bufg_I_O)         0.026     0.000 r  clk_wiz/inst/clkf_buf/O
                         net (fo=1, routed)           0.549     0.549    clk_wiz/inst/clkfbout_buf_clk_wiz_0
    MMCME2_ADV_X1Y0      MMCME2_ADV                                   r  clk_wiz/inst/mmcm_adv_inst/CLKFBIN
  -------------------------------------------------------------------    -------------------





--------------------------------------------------------------------------------------
Path Group:  (none)
From Clock:  
  To Clock:  clk_100

Max Delay             2 Endpoints
Min Delay             2 Endpoints
--------------------------------------------------------------------------------------


Max Delay Paths
--------------------------------------------------------------------------------------
Slack:                    inf
  Source:                 frame_done
                            (input port)
  Destination:            addrc/buffer_select_reg/D
                            (rising edge-triggered cell FDCE clocked by clk_100  {rise@0.000ns fall@5.000ns period=10.000ns})
  Path Group:             (none)
  Path Type:              Setup (Max at Slow Process Corner)
  Data Path Delay:        4.871ns  (logic 1.441ns (29.590%)  route 3.429ns (70.410%))
  Logic Levels:           2  (IBUF=1 LUT2=1)
  Clock Path Skew:        4.758ns (DCD - SCD + CPR)
    Destination Clock Delay (DCD):    4.758ns
    Source Clock Delay      (SCD):    0.000ns
    Clock Pessimism Removal (CPR):    0.000ns
  Clock Uncertainty:      0.025ns  ((TSJ^2 + TIJ^2)^1/2 + DJ) / 2 + PE
    Total System Jitter     (TSJ):    0.050ns
    Total Input Jitter      (TIJ):    0.000ns
    Discrete Jitter          (DJ):    0.000ns
    Phase Error              (PE):    0.000ns

    Location             Delay type                Incr(ns)  Path(ns)    Netlist Resource(s)
  -------------------------------------------------------------------    -------------------
    H2                                                0.000     0.000 r  frame_done (IN)
                         net (fo=0)                   0.000     0.000    frame_done
    H2                   IBUF (Prop_ibuf_I_O)         1.317     1.317 r  frame_done_IBUF_inst/O
                         net (fo=1, routed)           3.429     4.747    addrc/frame_done
    SLICE_X30Y24         LUT2 (Prop_lut2_I0_O)        0.124     4.871 r  addrc/buffer_select_i_1/O
                         net (fo=1, routed)           0.000     4.871    addrc/buffer_select_i_1_n_0
    SLICE_X30Y24         FDCE                                         r  addrc/buffer_select_reg/D
  -------------------------------------------------------------------    -------------------

                         (clock clk_100 rise edge)    0.000     0.000 r  
    N15                                               0.000     0.000 r  clk (IN)
                         net (fo=0)                   0.000     0.000    clk
    N15                  IBUF (Prop_ibuf_I_O)         1.370     1.370 r  clk_IBUF_inst/O
                         net (fo=1, routed)           1.868     3.238    clk_IBUF
    BUFGCTRL_X0Y3        BUFG (Prop_bufg_I_O)         0.091     3.329 r  clk_IBUF_BUFG_inst/O
                         net (fo=45, routed)          1.428     4.758    addrc/clk
    SLICE_X30Y24         FDCE                                         r  addrc/buffer_select_reg/C

Slack:                    inf
  Source:                 rst
                            (input port)
  Destination:            addrc/buffer_select_reg/CLR
                            (recovery check against rising-edge clock clk_100  {rise@0.000ns fall@5.000ns period=10.000ns})
  Path Group:             (none)
  Path Type:              Recovery (Max at Slow Process Corner)
  Data Path Delay:        4.370ns  (logic 1.316ns (30.123%)  route 3.054ns (69.877%))
  Logic Levels:           1  (IBUF=1)
  Clock Path Skew:        4.758ns (DCD - SCD + CPR)
    Destination Clock Delay (DCD):    4.758ns
    Source Clock Delay      (SCD):    0.000ns
    Clock Pessimism Removal (CPR):    0.000ns
  Clock Uncertainty:      0.025ns  ((TSJ^2 + TIJ^2)^1/2 + DJ) / 2 + PE
    Total System Jitter     (TSJ):    0.050ns
    Total Input Jitter      (TIJ):    0.000ns
    Discrete Jitter          (DJ):    0.000ns
    Phase Error              (PE):    0.000ns

    Location             Delay type                Incr(ns)  Path(ns)    Netlist Resource(s)
  -------------------------------------------------------------------    -------------------
    J2                                                0.000     0.000 f  rst (IN)
                         net (fo=0)                   0.000     0.000    rst
    J2                   IBUF (Prop_ibuf_I_O)         1.316     1.316 f  rst_IBUF_inst/O
                         net (fo=25, routed)          3.054     4.370    addrc/rst
    SLICE_X30Y24         FDCE                                         f  addrc/buffer_select_reg/CLR
  -------------------------------------------------------------------    -------------------

                         (clock clk_100 rise edge)    0.000     0.000 r  
    N15                                               0.000     0.000 r  clk (IN)
                         net (fo=0)                   0.000     0.000    clk
    N15                  IBUF (Prop_ibuf_I_O)         1.370     1.370 r  clk_IBUF_inst/O
                         net (fo=1, routed)           1.868     3.238    clk_IBUF
    BUFGCTRL_X0Y3        BUFG (Prop_bufg_I_O)         0.091     3.329 r  clk_IBUF_BUFG_inst/O
                         net (fo=45, routed)          1.428     4.758    addrc/clk
    SLICE_X30Y24         FDCE                                         r  addrc/buffer_select_reg/C





Min Delay Paths
--------------------------------------------------------------------------------------
Slack:                    inf
  Source:                 rst
                            (input port)
  Destination:            addrc/buffer_select_reg/CLR
                            (removal check against rising-edge clock clk_100  {rise@0.000ns fall@5.000ns period=10.000ns})
  Path Group:             (none)
  Path Type:              Removal (Min at Fast Process Corner)
  Data Path Delay:        1.685ns  (logic 0.394ns (23.350%)  route 1.292ns (76.650%))
  Logic Levels:           1  (IBUF=1)
  Clock Path Skew:        1.929ns (DCD - SCD - CPR)
    Destination Clock Delay (DCD):    1.929ns
    Source Clock Delay      (SCD):    0.000ns
    Clock Pessimism Removal (CPR):    -0.000ns

    Location             Delay type                Incr(ns)  Path(ns)    Netlist Resource(s)
  -------------------------------------------------------------------    -------------------
    J2                                                0.000     0.000 f  rst (IN)
                         net (fo=0)                   0.000     0.000    rst
    J2                   IBUF (Prop_ibuf_I_O)         0.394     0.394 f  rst_IBUF_inst/O
                         net (fo=25, routed)          1.292     1.685    addrc/rst
    SLICE_X30Y24         FDCE                                         f  addrc/buffer_select_reg/CLR
  -------------------------------------------------------------------    -------------------

                         (clock clk_100 rise edge)    0.000     0.000 r  
    N15                                               0.000     0.000 r  clk (IN)
                         net (fo=0)                   0.000     0.000    clk
    N15                  IBUF (Prop_ibuf_I_O)         0.396     0.396 r  clk_IBUF_inst/O
                         net (fo=1, routed)           0.689     1.085    clk_IBUF
    BUFGCTRL_X0Y3        BUFG (Prop_bufg_I_O)         0.029     1.114 r  clk_IBUF_BUFG_inst/O
                         net (fo=45, routed)          0.816     1.929    addrc/clk
    SLICE_X30Y24         FDCE                                         r  addrc/buffer_select_reg/C

Slack:                    inf
  Source:                 frame_done
                            (input port)
  Destination:            addrc/buffer_select_reg/D
                            (rising edge-triggered cell FDCE clocked by clk_100  {rise@0.000ns fall@5.000ns period=10.000ns})
  Path Group:             (none)
  Path Type:              Hold (Min at Fast Process Corner)
  Data Path Delay:        1.963ns  (logic 0.439ns (22.383%)  route 1.523ns (77.617%))
  Logic Levels:           2  (IBUF=1 LUT2=1)
  Clock Path Skew:        1.929ns (DCD - SCD - CPR)
    Destination Clock Delay (DCD):    1.929ns
    Source Clock Delay      (SCD):    0.000ns
    Clock Pessimism Removal (CPR):    -0.000ns

    Location             Delay type                Incr(ns)  Path(ns)    Netlist Resource(s)
  -------------------------------------------------------------------    -------------------
    H2                                                0.000     0.000 r  frame_done (IN)
                         net (fo=0)                   0.000     0.000    frame_done
    H2                   IBUF (Prop_ibuf_I_O)         0.394     0.394 r  frame_done_IBUF_inst/O
                         net (fo=1, routed)           1.523     1.918    addrc/frame_done
    SLICE_X30Y24         LUT2 (Prop_lut2_I0_O)        0.045     1.963 r  addrc/buffer_select_i_1/O
                         net (fo=1, routed)           0.000     1.963    addrc/buffer_select_i_1_n_0
    SLICE_X30Y24         FDCE                                         r  addrc/buffer_select_reg/D
  -------------------------------------------------------------------    -------------------

                         (clock clk_100 rise edge)    0.000     0.000 r  
    N15                                               0.000     0.000 r  clk (IN)
                         net (fo=0)                   0.000     0.000    clk
    N15                  IBUF (Prop_ibuf_I_O)         0.396     0.396 r  clk_IBUF_inst/O
                         net (fo=1, routed)           0.689     1.085    clk_IBUF
    BUFGCTRL_X0Y3        BUFG (Prop_bufg_I_O)         0.029     1.114 r  clk_IBUF_BUFG_inst/O
                         net (fo=45, routed)          0.816     1.929    addrc/clk
    SLICE_X30Y24         FDCE                                         r  addrc/buffer_select_reg/C





--------------------------------------------------------------------------------------
Path Group:  (none)
From Clock:  
  To Clock:  clk_out1_clk_wiz_0

Max Delay            72 Endpoints
Min Delay            72 Endpoints
--------------------------------------------------------------------------------------


Max Delay Paths
--------------------------------------------------------------------------------------
Slack:                    inf
  Source:                 rst
                            (input port)
  Destination:            vga_to_hdmi/inst/serial_clk/oserdes_s/RST
                            (rising edge-triggered cell OSERDESE2 clocked by clk_out1_clk_wiz_0  {rise@0.000ns fall@20.000ns period=40.000ns})
  Path Group:             (none)
  Path Type:              Setup (Max at Slow Process Corner)
  Data Path Delay:        9.132ns  (logic 1.440ns (15.774%)  route 7.692ns (84.226%))
  Logic Levels:           2  (IBUF=1 LUT2=1)
  Clock Path Skew:        1.527ns (DCD - SCD + CPR)
    Destination Clock Delay (DCD):    1.527ns
    Source Clock Delay      (SCD):    0.000ns
    Clock Pessimism Removal (CPR):    0.000ns
  Clock Uncertainty:      0.190ns  ((TSJ^2 + DJ^2)^1/2) / 2 + PE
    Total System Jitter     (TSJ):    0.050ns
    Discrete Jitter          (DJ):    0.175ns
    Phase Error              (PE):    0.099ns

    Location             Delay type                Incr(ns)  Path(ns)    Netlist Resource(s)
  -------------------------------------------------------------------    -------------------
    J2                                                0.000     0.000 r  rst (IN)
                         net (fo=0)                   0.000     0.000    rst
    J2                   IBUF (Prop_ibuf_I_O)         1.316     1.316 r  rst_IBUF_inst/O
                         net (fo=25, routed)          4.853     6.169    vga_to_hdmi/inst/encr/rst
    SLICE_X14Y6          LUT2 (Prop_lut2_I0_O)        0.124     6.293 r  vga_to_hdmi/inst/encr/oserdes_m_i_1/O
                         net (fo=50, routed)          2.839     9.132    vga_to_hdmi/inst/serial_clk/AR[0]
    OLOGIC_X0Y17         OSERDESE2                                    r  vga_to_hdmi/inst/serial_clk/oserdes_s/RST
  -------------------------------------------------------------------    -------------------

                         (clock clk_out1_clk_wiz_0 rise edge)
                                                      0.000     0.000 r  
    BUFGCTRL_X0Y3        BUFG                         0.000     0.000 r  clk_IBUF_BUFG_inst/O
                         net (fo=45, routed)          1.457     1.457    clk_wiz/inst/clk_in1
    MMCME2_ADV_X1Y0      MMCME2_ADV (Prop_mmcme2_adv_CLKIN1_CLKOUT0)
                                                     -3.129    -1.672 r  clk_wiz/inst/mmcm_adv_inst/CLKOUT0
                         net (fo=1, routed)           1.581    -0.091    clk_wiz/inst/clk_out1_clk_wiz_0
    BUFGCTRL_X0Y0        BUFG (Prop_bufg_I_O)         0.091     0.000 r  clk_wiz/inst/clkout1_buf/O
                         net (fo=204, routed)         1.527     1.527    vga_to_hdmi/inst/serial_clk/pix_clk
    OLOGIC_X0Y17         OSERDESE2                                    r  vga_to_hdmi/inst/serial_clk/oserdes_s/CLKDIV

Slack:                    inf
  Source:                 rst
                            (input port)
  Destination:            vga_to_hdmi/inst/serial_clk/oserdes_m/RST
                            (rising edge-triggered cell OSERDESE2 clocked by clk_out1_clk_wiz_0  {rise@0.000ns fall@20.000ns period=40.000ns})
  Path Group:             (none)
  Path Type:              Setup (Max at Slow Process Corner)
  Data Path Delay:        9.040ns  (logic 1.440ns (15.934%)  route 7.600ns (84.066%))
  Logic Levels:           2  (IBUF=1 LUT2=1)
  Clock Path Skew:        1.527ns (DCD - SCD + CPR)
    Destination Clock Delay (DCD):    1.527ns
    Source Clock Delay      (SCD):    0.000ns
    Clock Pessimism Removal (CPR):    0.000ns
  Clock Uncertainty:      0.190ns  ((TSJ^2 + DJ^2)^1/2) / 2 + PE
    Total System Jitter     (TSJ):    0.050ns
    Discrete Jitter          (DJ):    0.175ns
    Phase Error              (PE):    0.099ns

    Location             Delay type                Incr(ns)  Path(ns)    Netlist Resource(s)
  -------------------------------------------------------------------    -------------------
    J2                                                0.000     0.000 r  rst (IN)
                         net (fo=0)                   0.000     0.000    rst
    J2                   IBUF (Prop_ibuf_I_O)         1.316     1.316 r  rst_IBUF_inst/O
                         net (fo=25, routed)          4.853     6.169    vga_to_hdmi/inst/encr/rst
    SLICE_X14Y6          LUT2 (Prop_lut2_I0_O)        0.124     6.293 r  vga_to_hdmi/inst/encr/oserdes_m_i_1/O
                         net (fo=50, routed)          2.747     9.040    vga_to_hdmi/inst/serial_clk/AR[0]
    OLOGIC_X0Y18         OSERDESE2                                    r  vga_to_hdmi/inst/serial_clk/oserdes_m/RST
  -------------------------------------------------------------------    -------------------

                         (clock clk_out1_clk_wiz_0 rise edge)
                                                      0.000     0.000 r  
    BUFGCTRL_X0Y3        BUFG                         0.000     0.000 r  clk_IBUF_BUFG_inst/O
                         net (fo=45, routed)          1.457     1.457    clk_wiz/inst/clk_in1
    MMCME2_ADV_X1Y0      MMCME2_ADV (Prop_mmcme2_adv_CLKIN1_CLKOUT0)
                                                     -3.129    -1.672 r  clk_wiz/inst/mmcm_adv_inst/CLKOUT0
                         net (fo=1, routed)           1.581    -0.091    clk_wiz/inst/clk_out1_clk_wiz_0
    BUFGCTRL_X0Y0        BUFG (Prop_bufg_I_O)         0.091     0.000 r  clk_wiz/inst/clkout1_buf/O
                         net (fo=204, routed)         1.527     1.527    vga_to_hdmi/inst/serial_clk/pix_clk
    OLOGIC_X0Y18         OSERDESE2                                    r  vga_to_hdmi/inst/serial_clk/oserdes_m/CLKDIV

Slack:                    inf
  Source:                 rst
                            (input port)
  Destination:            vga_to_hdmi/inst/encg/cnt_reg[1]/CLR
                            (recovery check against rising-edge clock clk_out1_clk_wiz_0  {rise@0.000ns fall@20.000ns period=40.000ns})
  Path Group:             (none)
  Path Type:              Recovery (Max at Slow Process Corner)
  Data Path Delay:        9.019ns  (logic 1.440ns (15.971%)  route 7.579ns (84.029%))
  Logic Levels:           2  (IBUF=1 LUT2=1)
  Clock Path Skew:        1.436ns (DCD - SCD + CPR)
    Destination Clock Delay (DCD):    1.436ns
    Source Clock Delay      (SCD):    0.000ns
    Clock Pessimism Removal (CPR):    0.000ns
  Clock Uncertainty:      0.190ns  ((TSJ^2 + DJ^2)^1/2) / 2 + PE
    Total System Jitter     (TSJ):    0.050ns
    Discrete Jitter          (DJ):    0.175ns
    Phase Error              (PE):    0.099ns

    Location             Delay type                Incr(ns)  Path(ns)    Netlist Resource(s)
  -------------------------------------------------------------------    -------------------
    J2                                                0.000     0.000 f  rst (IN)
                         net (fo=0)                   0.000     0.000    rst
    J2                   IBUF (Prop_ibuf_I_O)         1.316     1.316 f  rst_IBUF_inst/O
                         net (fo=25, routed)          4.853     6.169    vga_to_hdmi/inst/encr/rst
    SLICE_X14Y6          LUT2 (Prop_lut2_I0_O)        0.124     6.293 f  vga_to_hdmi/inst/encr/oserdes_m_i_1/O
                         net (fo=50, routed)          2.726     9.019    vga_to_hdmi/inst/encg/AR[0]
    SLICE_X10Y23         FDCE                                         f  vga_to_hdmi/inst/encg/cnt_reg[1]/CLR
  -------------------------------------------------------------------    -------------------

                         (clock clk_out1_clk_wiz_0 rise edge)
                                                      0.000     0.000 r  
    BUFGCTRL_X0Y3        BUFG                         0.000     0.000 r  clk_IBUF_BUFG_inst/O
                         net (fo=45, routed)          1.457     1.457    clk_wiz/inst/clk_in1
    MMCME2_ADV_X1Y0      MMCME2_ADV (Prop_mmcme2_adv_CLKIN1_CLKOUT0)
                                                     -3.129    -1.672 r  clk_wiz/inst/mmcm_adv_inst/CLKOUT0
                         net (fo=1, routed)           1.581    -0.091    clk_wiz/inst/clk_out1_clk_wiz_0
    BUFGCTRL_X0Y0        BUFG (Prop_bufg_I_O)         0.091     0.000 r  clk_wiz/inst/clkout1_buf/O
                         net (fo=204, routed)         1.436     1.436    vga_to_hdmi/inst/encg/pix_clk
    SLICE_X10Y23         FDCE                                         r  vga_to_hdmi/inst/encg/cnt_reg[1]/C

Slack:                    inf
  Source:                 rst
                            (input port)
  Destination:            vga_to_hdmi/inst/encg/cnt_reg[2]/CLR
                            (recovery check against rising-edge clock clk_out1_clk_wiz_0  {rise@0.000ns fall@20.000ns period=40.000ns})
  Path Group:             (none)
  Path Type:              Recovery (Max at Slow Process Corner)
  Data Path Delay:        9.019ns  (logic 1.440ns (15.971%)  route 7.579ns (84.029%))
  Logic Levels:           2  (IBUF=1 LUT2=1)
  Clock Path Skew:        1.436ns (DCD - SCD + CPR)
    Destination Clock Delay (DCD):    1.436ns
    Source Clock Delay      (SCD):    0.000ns
    Clock Pessimism Removal (CPR):    0.000ns
  Clock Uncertainty:      0.190ns  ((TSJ^2 + DJ^2)^1/2) / 2 + PE
    Total System Jitter     (TSJ):    0.050ns
    Discrete Jitter          (DJ):    0.175ns
    Phase Error              (PE):    0.099ns

    Location             Delay type                Incr(ns)  Path(ns)    Netlist Resource(s)
  -------------------------------------------------------------------    -------------------
    J2                                                0.000     0.000 f  rst (IN)
                         net (fo=0)                   0.000     0.000    rst
    J2                   IBUF (Prop_ibuf_I_O)         1.316     1.316 f  rst_IBUF_inst/O
                         net (fo=25, routed)          4.853     6.169    vga_to_hdmi/inst/encr/rst
    SLICE_X14Y6          LUT2 (Prop_lut2_I0_O)        0.124     6.293 f  vga_to_hdmi/inst/encr/oserdes_m_i_1/O
                         net (fo=50, routed)          2.726     9.019    vga_to_hdmi/inst/encg/AR[0]
    SLICE_X11Y23         FDCE                                         f  vga_to_hdmi/inst/encg/cnt_reg[2]/CLR
  -------------------------------------------------------------------    -------------------

                         (clock clk_out1_clk_wiz_0 rise edge)
                                                      0.000     0.000 r  
    BUFGCTRL_X0Y3        BUFG                         0.000     0.000 r  clk_IBUF_BUFG_inst/O
                         net (fo=45, routed)          1.457     1.457    clk_wiz/inst/clk_in1
    MMCME2_ADV_X1Y0      MMCME2_ADV (Prop_mmcme2_adv_CLKIN1_CLKOUT0)
                                                     -3.129    -1.672 r  clk_wiz/inst/mmcm_adv_inst/CLKOUT0
                         net (fo=1, routed)           1.581    -0.091    clk_wiz/inst/clk_out1_clk_wiz_0
    BUFGCTRL_X0Y0        BUFG (Prop_bufg_I_O)         0.091     0.000 r  clk_wiz/inst/clkout1_buf/O
                         net (fo=204, routed)         1.436     1.436    vga_to_hdmi/inst/encg/pix_clk
    SLICE_X11Y23         FDCE                                         r  vga_to_hdmi/inst/encg/cnt_reg[2]/C

Slack:                    inf
  Source:                 rst
                            (input port)
  Destination:            vga_to_hdmi/inst/serial_b/oserdes_s/RST
                            (rising edge-triggered cell OSERDESE2 clocked by clk_out1_clk_wiz_0  {rise@0.000ns fall@20.000ns period=40.000ns})
  Path Group:             (none)
  Path Type:              Setup (Max at Slow Process Corner)
  Data Path Delay:        8.991ns  (logic 1.440ns (16.021%)  route 7.551ns (83.979%))
  Logic Levels:           2  (IBUF=1 LUT2=1)
  Clock Path Skew:        1.523ns (DCD - SCD + CPR)
    Destination Clock Delay (DCD):    1.523ns
    Source Clock Delay      (SCD):    0.000ns
    Clock Pessimism Removal (CPR):    0.000ns
  Clock Uncertainty:      0.190ns  ((TSJ^2 + DJ^2)^1/2) / 2 + PE
    Total System Jitter     (TSJ):    0.050ns
    Discrete Jitter          (DJ):    0.175ns
    Phase Error              (PE):    0.099ns

    Location             Delay type                Incr(ns)  Path(ns)    Netlist Resource(s)
  -------------------------------------------------------------------    -------------------
    J2                                                0.000     0.000 r  rst (IN)
                         net (fo=0)                   0.000     0.000    rst
    J2                   IBUF (Prop_ibuf_I_O)         1.316     1.316 r  rst_IBUF_inst/O
                         net (fo=25, routed)          4.853     6.169    vga_to_hdmi/inst/encr/rst
    SLICE_X14Y6          LUT2 (Prop_lut2_I0_O)        0.124     6.293 r  vga_to_hdmi/inst/encr/oserdes_m_i_1/O
                         net (fo=50, routed)          2.698     8.991    vga_to_hdmi/inst/serial_b/AR[0]
    OLOGIC_X0Y19         OSERDESE2                                    r  vga_to_hdmi/inst/serial_b/oserdes_s/RST
  -------------------------------------------------------------------    -------------------

                         (clock clk_out1_clk_wiz_0 rise edge)
                                                      0.000     0.000 r  
    BUFGCTRL_X0Y3        BUFG                         0.000     0.000 r  clk_IBUF_BUFG_inst/O
                         net (fo=45, routed)          1.457     1.457    clk_wiz/inst/clk_in1
    MMCME2_ADV_X1Y0      MMCME2_ADV (Prop_mmcme2_adv_CLKIN1_CLKOUT0)
                                                     -3.129    -1.672 r  clk_wiz/inst/mmcm_adv_inst/CLKOUT0
                         net (fo=1, routed)           1.581    -0.091    clk_wiz/inst/clk_out1_clk_wiz_0
    BUFGCTRL_X0Y0        BUFG (Prop_bufg_I_O)         0.091     0.000 r  clk_wiz/inst/clkout1_buf/O
                         net (fo=204, routed)         1.523     1.523    vga_to_hdmi/inst/serial_b/pix_clk
    OLOGIC_X0Y19         OSERDESE2                                    r  vga_to_hdmi/inst/serial_b/oserdes_s/CLKDIV

Slack:                    inf
  Source:                 rst
                            (input port)
  Destination:            vga_to_hdmi/inst/encg/cnt_reg[3]/CLR
                            (recovery check against rising-edge clock clk_out1_clk_wiz_0  {rise@0.000ns fall@20.000ns period=40.000ns})
  Path Group:             (none)
  Path Type:              Recovery (Max at Slow Process Corner)
  Data Path Delay:        8.977ns  (logic 1.440ns (16.047%)  route 7.536ns (83.953%))
  Logic Levels:           2  (IBUF=1 LUT2=1)
  Clock Path Skew:        1.435ns (DCD - SCD + CPR)
    Destination Clock Delay (DCD):    1.435ns
    Source Clock Delay      (SCD):    0.000ns
    Clock Pessimism Removal (CPR):    0.000ns
  Clock Uncertainty:      0.190ns  ((TSJ^2 + DJ^2)^1/2) / 2 + PE
    Total System Jitter     (TSJ):    0.050ns
    Discrete Jitter          (DJ):    0.175ns
    Phase Error              (PE):    0.099ns

    Location             Delay type                Incr(ns)  Path(ns)    Netlist Resource(s)
  -------------------------------------------------------------------    -------------------
    J2                                                0.000     0.000 f  rst (IN)
                         net (fo=0)                   0.000     0.000    rst
    J2                   IBUF (Prop_ibuf_I_O)         1.316     1.316 f  rst_IBUF_inst/O
                         net (fo=25, routed)          4.853     6.169    vga_to_hdmi/inst/encr/rst
    SLICE_X14Y6          LUT2 (Prop_lut2_I0_O)        0.124     6.293 f  vga_to_hdmi/inst/encr/oserdes_m_i_1/O
                         net (fo=50, routed)          2.684     8.977    vga_to_hdmi/inst/encg/AR[0]
    SLICE_X9Y23          FDCE                                         f  vga_to_hdmi/inst/encg/cnt_reg[3]/CLR
  -------------------------------------------------------------------    -------------------

                         (clock clk_out1_clk_wiz_0 rise edge)
                                                      0.000     0.000 r  
    BUFGCTRL_X0Y3        BUFG                         0.000     0.000 r  clk_IBUF_BUFG_inst/O
                         net (fo=45, routed)          1.457     1.457    clk_wiz/inst/clk_in1
    MMCME2_ADV_X1Y0      MMCME2_ADV (Prop_mmcme2_adv_CLKIN1_CLKOUT0)
                                                     -3.129    -1.672 r  clk_wiz/inst/mmcm_adv_inst/CLKOUT0
                         net (fo=1, routed)           1.581    -0.091    clk_wiz/inst/clk_out1_clk_wiz_0
    BUFGCTRL_X0Y0        BUFG (Prop_bufg_I_O)         0.091     0.000 r  clk_wiz/inst/clkout1_buf/O
                         net (fo=204, routed)         1.435     1.435    vga_to_hdmi/inst/encg/pix_clk
    SLICE_X9Y23          FDCE                                         r  vga_to_hdmi/inst/encg/cnt_reg[3]/C

Slack:                    inf
  Source:                 rst
                            (input port)
  Destination:            vga_to_hdmi/inst/encg/cnt_reg[4]/CLR
                            (recovery check against rising-edge clock clk_out1_clk_wiz_0  {rise@0.000ns fall@20.000ns period=40.000ns})
  Path Group:             (none)
  Path Type:              Recovery (Max at Slow Process Corner)
  Data Path Delay:        8.977ns  (logic 1.440ns (16.047%)  route 7.536ns (83.953%))
  Logic Levels:           2  (IBUF=1 LUT2=1)
  Clock Path Skew:        1.435ns (DCD - SCD + CPR)
    Destination Clock Delay (DCD):    1.435ns
    Source Clock Delay      (SCD):    0.000ns
    Clock Pessimism Removal (CPR):    0.000ns
  Clock Uncertainty:      0.190ns  ((TSJ^2 + DJ^2)^1/2) / 2 + PE
    Total System Jitter     (TSJ):    0.050ns
    Discrete Jitter          (DJ):    0.175ns
    Phase Error              (PE):    0.099ns

    Location             Delay type                Incr(ns)  Path(ns)    Netlist Resource(s)
  -------------------------------------------------------------------    -------------------
    J2                                                0.000     0.000 f  rst (IN)
                         net (fo=0)                   0.000     0.000    rst
    J2                   IBUF (Prop_ibuf_I_O)         1.316     1.316 f  rst_IBUF_inst/O
                         net (fo=25, routed)          4.853     6.169    vga_to_hdmi/inst/encr/rst
    SLICE_X14Y6          LUT2 (Prop_lut2_I0_O)        0.124     6.293 f  vga_to_hdmi/inst/encr/oserdes_m_i_1/O
                         net (fo=50, routed)          2.684     8.977    vga_to_hdmi/inst/encg/AR[0]
    SLICE_X8Y23          FDCE                                         f  vga_to_hdmi/inst/encg/cnt_reg[4]/CLR
  -------------------------------------------------------------------    -------------------

                         (clock clk_out1_clk_wiz_0 rise edge)
                                                      0.000     0.000 r  
    BUFGCTRL_X0Y3        BUFG                         0.000     0.000 r  clk_IBUF_BUFG_inst/O
                         net (fo=45, routed)          1.457     1.457    clk_wiz/inst/clk_in1
    MMCME2_ADV_X1Y0      MMCME2_ADV (Prop_mmcme2_adv_CLKIN1_CLKOUT0)
                                                     -3.129    -1.672 r  clk_wiz/inst/mmcm_adv_inst/CLKOUT0
                         net (fo=1, routed)           1.581    -0.091    clk_wiz/inst/clk_out1_clk_wiz_0
    BUFGCTRL_X0Y0        BUFG (Prop_bufg_I_O)         0.091     0.000 r  clk_wiz/inst/clkout1_buf/O
                         net (fo=204, routed)         1.435     1.435    vga_to_hdmi/inst/encg/pix_clk
    SLICE_X8Y23          FDCE                                         r  vga_to_hdmi/inst/encg/cnt_reg[4]/C

Slack:                    inf
  Source:                 rst
                            (input port)
  Destination:            vga_to_hdmi/inst/serial_b/oserdes_m/RST
                            (rising edge-triggered cell OSERDESE2 clocked by clk_out1_clk_wiz_0  {rise@0.000ns fall@20.000ns period=40.000ns})
  Path Group:             (none)
  Path Type:              Setup (Max at Slow Process Corner)
  Data Path Delay:        8.880ns  (logic 1.440ns (16.222%)  route 7.439ns (83.778%))
  Logic Levels:           2  (IBUF=1 LUT2=1)
  Clock Path Skew:        1.523ns (DCD - SCD + CPR)
    Destination Clock Delay (DCD):    1.523ns
    Source Clock Delay      (SCD):    0.000ns
    Clock Pessimism Removal (CPR):    0.000ns
  Clock Uncertainty:      0.190ns  ((TSJ^2 + DJ^2)^1/2) / 2 + PE
    Total System Jitter     (TSJ):    0.050ns
    Discrete Jitter          (DJ):    0.175ns
    Phase Error              (PE):    0.099ns

    Location             Delay type                Incr(ns)  Path(ns)    Netlist Resource(s)
  -------------------------------------------------------------------    -------------------
    J2                                                0.000     0.000 r  rst (IN)
                         net (fo=0)                   0.000     0.000    rst
    J2                   IBUF (Prop_ibuf_I_O)         1.316     1.316 r  rst_IBUF_inst/O
                         net (fo=25, routed)          4.853     6.169    vga_to_hdmi/inst/encr/rst
    SLICE_X14Y6          LUT2 (Prop_lut2_I0_O)        0.124     6.293 r  vga_to_hdmi/inst/encr/oserdes_m_i_1/O
                         net (fo=50, routed)          2.587     8.880    vga_to_hdmi/inst/serial_b/AR[0]
    OLOGIC_X0Y20         OSERDESE2                                    r  vga_to_hdmi/inst/serial_b/oserdes_m/RST
  -------------------------------------------------------------------    -------------------

                         (clock clk_out1_clk_wiz_0 rise edge)
                                                      0.000     0.000 r  
    BUFGCTRL_X0Y3        BUFG                         0.000     0.000 r  clk_IBUF_BUFG_inst/O
                         net (fo=45, routed)          1.457     1.457    clk_wiz/inst/clk_in1
    MMCME2_ADV_X1Y0      MMCME2_ADV (Prop_mmcme2_adv_CLKIN1_CLKOUT0)
                                                     -3.129    -1.672 r  clk_wiz/inst/mmcm_adv_inst/CLKOUT0
                         net (fo=1, routed)           1.581    -0.091    clk_wiz/inst/clk_out1_clk_wiz_0
    BUFGCTRL_X0Y0        BUFG (Prop_bufg_I_O)         0.091     0.000 r  clk_wiz/inst/clkout1_buf/O
                         net (fo=204, routed)         1.523     1.523    vga_to_hdmi/inst/serial_b/pix_clk
    OLOGIC_X0Y20         OSERDESE2                                    r  vga_to_hdmi/inst/serial_b/oserdes_m/CLKDIV

Slack:                    inf
  Source:                 rst
                            (input port)
  Destination:            vga_to_hdmi/inst/serial_g/oserdes_s/RST
                            (rising edge-triggered cell OSERDESE2 clocked by clk_out1_clk_wiz_0  {rise@0.000ns fall@20.000ns period=40.000ns})
  Path Group:             (none)
  Path Type:              Setup (Max at Slow Process Corner)
  Data Path Delay:        8.831ns  (logic 1.440ns (16.312%)  route 7.390ns (83.688%))
  Logic Levels:           2  (IBUF=1 LUT2=1)
  Clock Path Skew:        1.522ns (DCD - SCD + CPR)
    Destination Clock Delay (DCD):    1.522ns
    Source Clock Delay      (SCD):    0.000ns
    Clock Pessimism Removal (CPR):    0.000ns
  Clock Uncertainty:      0.190ns  ((TSJ^2 + DJ^2)^1/2) / 2 + PE
    Total System Jitter     (TSJ):    0.050ns
    Discrete Jitter          (DJ):    0.175ns
    Phase Error              (PE):    0.099ns

    Location             Delay type                Incr(ns)  Path(ns)    Netlist Resource(s)
  -------------------------------------------------------------------    -------------------
    J2                                                0.000     0.000 r  rst (IN)
                         net (fo=0)                   0.000     0.000    rst
    J2                   IBUF (Prop_ibuf_I_O)         1.316     1.316 r  rst_IBUF_inst/O
                         net (fo=25, routed)          4.853     6.169    vga_to_hdmi/inst/encr/rst
    SLICE_X14Y6          LUT2 (Prop_lut2_I0_O)        0.124     6.293 r  vga_to_hdmi/inst/encr/oserdes_m_i_1/O
                         net (fo=50, routed)          2.538     8.831    vga_to_hdmi/inst/serial_g/AR[0]
    OLOGIC_X0Y21         OSERDESE2                                    r  vga_to_hdmi/inst/serial_g/oserdes_s/RST
  -------------------------------------------------------------------    -------------------

                         (clock clk_out1_clk_wiz_0 rise edge)
                                                      0.000     0.000 r  
    BUFGCTRL_X0Y3        BUFG                         0.000     0.000 r  clk_IBUF_BUFG_inst/O
                         net (fo=45, routed)          1.457     1.457    clk_wiz/inst/clk_in1
    MMCME2_ADV_X1Y0      MMCME2_ADV (Prop_mmcme2_adv_CLKIN1_CLKOUT0)
                                                     -3.129    -1.672 r  clk_wiz/inst/mmcm_adv_inst/CLKOUT0
                         net (fo=1, routed)           1.581    -0.091    clk_wiz/inst/clk_out1_clk_wiz_0
    BUFGCTRL_X0Y0        BUFG (Prop_bufg_I_O)         0.091     0.000 r  clk_wiz/inst/clkout1_buf/O
                         net (fo=204, routed)         1.522     1.522    vga_to_hdmi/inst/serial_g/pix_clk
    OLOGIC_X0Y21         OSERDESE2                                    r  vga_to_hdmi/inst/serial_g/oserdes_s/CLKDIV

Slack:                    inf
  Source:                 rst
                            (input port)
  Destination:            vga_to_hdmi/inst/serial_r/oserdes_m/RST
                            (rising edge-triggered cell OSERDESE2 clocked by clk_out1_clk_wiz_0  {rise@0.000ns fall@20.000ns period=40.000ns})
  Path Group:             (none)
  Path Type:              Setup (Max at Slow Process Corner)
  Data Path Delay:        8.819ns  (logic 1.440ns (16.334%)  route 7.378ns (83.666%))
  Logic Levels:           2  (IBUF=1 LUT2=1)
  Clock Path Skew:        1.520ns (DCD - SCD + CPR)
    Destination Clock Delay (DCD):    1.520ns
    Source Clock Delay      (SCD):    0.000ns
    Clock Pessimism Removal (CPR):    0.000ns
  Clock Uncertainty:      0.190ns  ((TSJ^2 + DJ^2)^1/2) / 2 + PE
    Total System Jitter     (TSJ):    0.050ns
    Discrete Jitter          (DJ):    0.175ns
    Phase Error              (PE):    0.099ns

    Location             Delay type                Incr(ns)  Path(ns)    Netlist Resource(s)
  -------------------------------------------------------------------    -------------------
    J2                                                0.000     0.000 r  rst (IN)
                         net (fo=0)                   0.000     0.000    rst
    J2                   IBUF (Prop_ibuf_I_O)         1.316     1.316 r  rst_IBUF_inst/O
                         net (fo=25, routed)          4.853     6.169    vga_to_hdmi/inst/encr/rst
    SLICE_X14Y6          LUT2 (Prop_lut2_I0_O)        0.124     6.293 r  vga_to_hdmi/inst/encr/oserdes_m_i_1/O
                         net (fo=50, routed)          2.526     8.819    vga_to_hdmi/inst/serial_r/AR[0]
    OLOGIC_X0Y24         OSERDESE2                                    r  vga_to_hdmi/inst/serial_r/oserdes_m/RST
  -------------------------------------------------------------------    -------------------

                         (clock clk_out1_clk_wiz_0 rise edge)
                                                      0.000     0.000 r  
    BUFGCTRL_X0Y3        BUFG                         0.000     0.000 r  clk_IBUF_BUFG_inst/O
                         net (fo=45, routed)          1.457     1.457    clk_wiz/inst/clk_in1
    MMCME2_ADV_X1Y0      MMCME2_ADV (Prop_mmcme2_adv_CLKIN1_CLKOUT0)
                                                     -3.129    -1.672 r  clk_wiz/inst/mmcm_adv_inst/CLKOUT0
                         net (fo=1, routed)           1.581    -0.091    clk_wiz/inst/clk_out1_clk_wiz_0
    BUFGCTRL_X0Y0        BUFG (Prop_bufg_I_O)         0.091     0.000 r  clk_wiz/inst/clkout1_buf/O
                         net (fo=204, routed)         1.520     1.520    vga_to_hdmi/inst/serial_r/pix_clk
    OLOGIC_X0Y24         OSERDESE2                                    r  vga_to_hdmi/inst/serial_r/oserdes_m/CLKDIV





Min Delay Paths
--------------------------------------------------------------------------------------
Slack:                    inf
  Source:                 clk_wiz/inst/mmcm_adv_inst/LOCKED
                            (internal pin)
  Destination:            vga_to_hdmi/inst/encb/cnt_reg[1]/CLR
                            (removal check against rising-edge clock clk_out1_clk_wiz_0  {rise@0.000ns fall@20.000ns period=40.000ns})
  Path Group:             (none)
  Path Type:              Removal (Min at Fast Process Corner)
  Data Path Delay:        1.767ns  (logic 0.045ns (2.546%)  route 1.722ns (97.454%))
  Logic Levels:           1  (LUT2=1)
  Clock Uncertainty:      0.190ns  ((TSJ^2 + DJ^2)^1/2) / 2 + PE
    Total System Jitter     (TSJ):    0.050ns
    Discrete Jitter          (DJ):    0.175ns
    Phase Error              (PE):    0.099ns

    Location             Delay type                Incr(ns)  Path(ns)    Netlist Resource(s)
  -------------------------------------------------------------------    -------------------
    MMCME2_ADV_X1Y0      MMCME2_ADV                   0.000     0.000 r  clk_wiz/inst/mmcm_adv_inst/LOCKED
                         net (fo=1, routed)           1.190     1.190    vga_to_hdmi/inst/encr/pix_clk_locked
    SLICE_X14Y6          LUT2 (Prop_lut2_I1_O)        0.045     1.235 f  vga_to_hdmi/inst/encr/oserdes_m_i_1/O
                         net (fo=50, routed)          0.532     1.767    vga_to_hdmi/inst/encb/AR[0]
    SLICE_X4Y17          FDCE                                         f  vga_to_hdmi/inst/encb/cnt_reg[1]/CLR
  -------------------------------------------------------------------    -------------------

                         (clock clk_out1_clk_wiz_0 rise edge)
                                                      0.000     0.000 r  
    BUFGCTRL_X0Y3        BUFG                         0.000     0.000 r  clk_IBUF_BUFG_inst/O
                         net (fo=45, routed)          0.817     0.817    clk_wiz/inst/clk_in1
    MMCME2_ADV_X1Y0      MMCME2_ADV (Prop_mmcme2_adv_CLKIN1_CLKOUT0)
                                                     -1.375    -0.559 r  clk_wiz/inst/mmcm_adv_inst/CLKOUT0
                         net (fo=1, routed)           0.530    -0.029    clk_wiz/inst/clk_out1_clk_wiz_0
    BUFGCTRL_X0Y0        BUFG (Prop_bufg_I_O)         0.029     0.000 r  clk_wiz/inst/clkout1_buf/O
                         net (fo=204, routed)         0.856     0.856    vga_to_hdmi/inst/encb/pix_clk
    SLICE_X4Y17          FDCE                                         r  vga_to_hdmi/inst/encb/cnt_reg[1]/C

Slack:                    inf
  Source:                 clk_wiz/inst/mmcm_adv_inst/LOCKED
                            (internal pin)
  Destination:            vga_to_hdmi/inst/encb/cnt_reg[2]/CLR
                            (removal check against rising-edge clock clk_out1_clk_wiz_0  {rise@0.000ns fall@20.000ns period=40.000ns})
  Path Group:             (none)
  Path Type:              Removal (Min at Fast Process Corner)
  Data Path Delay:        1.834ns  (logic 0.045ns (2.454%)  route 1.789ns (97.546%))
  Logic Levels:           1  (LUT2=1)
  Clock Uncertainty:      0.190ns  ((TSJ^2 + DJ^2)^1/2) / 2 + PE
    Total System Jitter     (TSJ):    0.050ns
    Discrete Jitter          (DJ):    0.175ns
    Phase Error              (PE):    0.099ns

    Location             Delay type                Incr(ns)  Path(ns)    Netlist Resource(s)
  -------------------------------------------------------------------    -------------------
    MMCME2_ADV_X1Y0      MMCME2_ADV                   0.000     0.000 r  clk_wiz/inst/mmcm_adv_inst/LOCKED
                         net (fo=1, routed)           1.190     1.190    vga_to_hdmi/inst/encr/pix_clk_locked
    SLICE_X14Y6          LUT2 (Prop_lut2_I1_O)        0.045     1.235 f  vga_to_hdmi/inst/encr/oserdes_m_i_1/O
                         net (fo=50, routed)          0.599     1.834    vga_to_hdmi/inst/encb/AR[0]
    SLICE_X1Y17          FDCE                                         f  vga_to_hdmi/inst/encb/cnt_reg[2]/CLR
  -------------------------------------------------------------------    -------------------

                         (clock clk_out1_clk_wiz_0 rise edge)
                                                      0.000     0.000 r  
    BUFGCTRL_X0Y3        BUFG                         0.000     0.000 r  clk_IBUF_BUFG_inst/O
                         net (fo=45, routed)          0.817     0.817    clk_wiz/inst/clk_in1
    MMCME2_ADV_X1Y0      MMCME2_ADV (Prop_mmcme2_adv_CLKIN1_CLKOUT0)
                                                     -1.375    -0.559 r  clk_wiz/inst/mmcm_adv_inst/CLKOUT0
                         net (fo=1, routed)           0.530    -0.029    clk_wiz/inst/clk_out1_clk_wiz_0
    BUFGCTRL_X0Y0        BUFG (Prop_bufg_I_O)         0.029     0.000 r  clk_wiz/inst/clkout1_buf/O
                         net (fo=204, routed)         0.858     0.858    vga_to_hdmi/inst/encb/pix_clk
    SLICE_X1Y17          FDCE                                         r  vga_to_hdmi/inst/encb/cnt_reg[2]/C

Slack:                    inf
  Source:                 clk_wiz/inst/mmcm_adv_inst/LOCKED
                            (internal pin)
  Destination:            vga_to_hdmi/inst/encb/dout_reg[8]/CLR
                            (removal check against rising-edge clock clk_out1_clk_wiz_0  {rise@0.000ns fall@20.000ns period=40.000ns})
  Path Group:             (none)
  Path Type:              Removal (Min at Fast Process Corner)
  Data Path Delay:        1.913ns  (logic 0.045ns (2.353%)  route 1.868ns (97.647%))
  Logic Levels:           1  (LUT2=1)
  Clock Uncertainty:      0.190ns  ((TSJ^2 + DJ^2)^1/2) / 2 + PE
    Total System Jitter     (TSJ):    0.050ns
    Discrete Jitter          (DJ):    0.175ns
    Phase Error              (PE):    0.099ns

    Location             Delay type                Incr(ns)  Path(ns)    Netlist Resource(s)
  -------------------------------------------------------------------    -------------------
    MMCME2_ADV_X1Y0      MMCME2_ADV                   0.000     0.000 r  clk_wiz/inst/mmcm_adv_inst/LOCKED
                         net (fo=1, routed)           1.190     1.190    vga_to_hdmi/inst/encr/pix_clk_locked
    SLICE_X14Y6          LUT2 (Prop_lut2_I1_O)        0.045     1.235 f  vga_to_hdmi/inst/encr/oserdes_m_i_1/O
                         net (fo=50, routed)          0.678     1.913    vga_to_hdmi/inst/encb/AR[0]
    SLICE_X1Y19          FDCE                                         f  vga_to_hdmi/inst/encb/dout_reg[8]/CLR
  -------------------------------------------------------------------    -------------------

                         (clock clk_out1_clk_wiz_0 rise edge)
                                                      0.000     0.000 r  
    BUFGCTRL_X0Y3        BUFG                         0.000     0.000 r  clk_IBUF_BUFG_inst/O
                         net (fo=45, routed)          0.817     0.817    clk_wiz/inst/clk_in1
    MMCME2_ADV_X1Y0      MMCME2_ADV (Prop_mmcme2_adv_CLKIN1_CLKOUT0)
                                                     -1.375    -0.559 r  clk_wiz/inst/mmcm_adv_inst/CLKOUT0
                         net (fo=1, routed)           0.530    -0.029    clk_wiz/inst/clk_out1_clk_wiz_0
    BUFGCTRL_X0Y0        BUFG (Prop_bufg_I_O)         0.029     0.000 r  clk_wiz/inst/clkout1_buf/O
                         net (fo=204, routed)         0.856     0.856    vga_to_hdmi/inst/encb/pix_clk
    SLICE_X1Y19          FDCE                                         r  vga_to_hdmi/inst/encb/dout_reg[8]/C

Slack:                    inf
  Source:                 clk_wiz/inst/mmcm_adv_inst/LOCKED
                            (internal pin)
  Destination:            vga_to_hdmi/inst/encb/dout_reg[0]/CLR
                            (removal check against rising-edge clock clk_out1_clk_wiz_0  {rise@0.000ns fall@20.000ns period=40.000ns})
  Path Group:             (none)
  Path Type:              Removal (Min at Fast Process Corner)
  Data Path Delay:        1.942ns  (logic 0.045ns (2.318%)  route 1.897ns (97.682%))
  Logic Levels:           1  (LUT2=1)
  Clock Uncertainty:      0.190ns  ((TSJ^2 + DJ^2)^1/2) / 2 + PE
    Total System Jitter     (TSJ):    0.050ns
    Discrete Jitter          (DJ):    0.175ns
    Phase Error              (PE):    0.099ns

    Location             Delay type                Incr(ns)  Path(ns)    Netlist Resource(s)
  -------------------------------------------------------------------    -------------------
    MMCME2_ADV_X1Y0      MMCME2_ADV                   0.000     0.000 r  clk_wiz/inst/mmcm_adv_inst/LOCKED
                         net (fo=1, routed)           1.190     1.190    vga_to_hdmi/inst/encr/pix_clk_locked
    SLICE_X14Y6          LUT2 (Prop_lut2_I1_O)        0.045     1.235 f  vga_to_hdmi/inst/encr/oserdes_m_i_1/O
                         net (fo=50, routed)          0.707     1.942    vga_to_hdmi/inst/encb/AR[0]
    SLICE_X2Y18          FDCE                                         f  vga_to_hdmi/inst/encb/dout_reg[0]/CLR
  -------------------------------------------------------------------    -------------------

                         (clock clk_out1_clk_wiz_0 rise edge)
                                                      0.000     0.000 r  
    BUFGCTRL_X0Y3        BUFG                         0.000     0.000 r  clk_IBUF_BUFG_inst/O
                         net (fo=45, routed)          0.817     0.817    clk_wiz/inst/clk_in1
    MMCME2_ADV_X1Y0      MMCME2_ADV (Prop_mmcme2_adv_CLKIN1_CLKOUT0)
                                                     -1.375    -0.559 r  clk_wiz/inst/mmcm_adv_inst/CLKOUT0
                         net (fo=1, routed)           0.530    -0.029    clk_wiz/inst/clk_out1_clk_wiz_0
    BUFGCTRL_X0Y0        BUFG (Prop_bufg_I_O)         0.029     0.000 r  clk_wiz/inst/clkout1_buf/O
                         net (fo=204, routed)         0.857     0.857    vga_to_hdmi/inst/encb/pix_clk
    SLICE_X2Y18          FDCE                                         r  vga_to_hdmi/inst/encb/dout_reg[0]/C

Slack:                    inf
  Source:                 clk_wiz/inst/mmcm_adv_inst/LOCKED
                            (internal pin)
  Destination:            vga_to_hdmi/inst/encb/dout_reg[1]/CLR
                            (removal check against rising-edge clock clk_out1_clk_wiz_0  {rise@0.000ns fall@20.000ns period=40.000ns})
  Path Group:             (none)
  Path Type:              Removal (Min at Fast Process Corner)
  Data Path Delay:        1.942ns  (logic 0.045ns (2.318%)  route 1.897ns (97.682%))
  Logic Levels:           1  (LUT2=1)
  Clock Uncertainty:      0.190ns  ((TSJ^2 + DJ^2)^1/2) / 2 + PE
    Total System Jitter     (TSJ):    0.050ns
    Discrete Jitter          (DJ):    0.175ns
    Phase Error              (PE):    0.099ns

    Location             Delay type                Incr(ns)  Path(ns)    Netlist Resource(s)
  -------------------------------------------------------------------    -------------------
    MMCME2_ADV_X1Y0      MMCME2_ADV                   0.000     0.000 r  clk_wiz/inst/mmcm_adv_inst/LOCKED
                         net (fo=1, routed)           1.190     1.190    vga_to_hdmi/inst/encr/pix_clk_locked
    SLICE_X14Y6          LUT2 (Prop_lut2_I1_O)        0.045     1.235 f  vga_to_hdmi/inst/encr/oserdes_m_i_1/O
                         net (fo=50, routed)          0.707     1.942    vga_to_hdmi/inst/encb/AR[0]
    SLICE_X2Y18          FDCE                                         f  vga_to_hdmi/inst/encb/dout_reg[1]/CLR
  -------------------------------------------------------------------    -------------------

                         (clock clk_out1_clk_wiz_0 rise edge)
                                                      0.000     0.000 r  
    BUFGCTRL_X0Y3        BUFG                         0.000     0.000 r  clk_IBUF_BUFG_inst/O
                         net (fo=45, routed)          0.817     0.817    clk_wiz/inst/clk_in1
    MMCME2_ADV_X1Y0      MMCME2_ADV (Prop_mmcme2_adv_CLKIN1_CLKOUT0)
                                                     -1.375    -0.559 r  clk_wiz/inst/mmcm_adv_inst/CLKOUT0
                         net (fo=1, routed)           0.530    -0.029    clk_wiz/inst/clk_out1_clk_wiz_0
    BUFGCTRL_X0Y0        BUFG (Prop_bufg_I_O)         0.029     0.000 r  clk_wiz/inst/clkout1_buf/O
                         net (fo=204, routed)         0.857     0.857    vga_to_hdmi/inst/encb/pix_clk
    SLICE_X2Y18          FDCE                                         r  vga_to_hdmi/inst/encb/dout_reg[1]/C

Slack:                    inf
  Source:                 clk_wiz/inst/mmcm_adv_inst/LOCKED
                            (internal pin)
  Destination:            vga_to_hdmi/inst/encb/dout_reg[7]/CLR
                            (removal check against rising-edge clock clk_out1_clk_wiz_0  {rise@0.000ns fall@20.000ns period=40.000ns})
  Path Group:             (none)
  Path Type:              Removal (Min at Fast Process Corner)
  Data Path Delay:        1.942ns  (logic 0.045ns (2.318%)  route 1.897ns (97.682%))
  Logic Levels:           1  (LUT2=1)
  Clock Uncertainty:      0.190ns  ((TSJ^2 + DJ^2)^1/2) / 2 + PE
    Total System Jitter     (TSJ):    0.050ns
    Discrete Jitter          (DJ):    0.175ns
    Phase Error              (PE):    0.099ns

    Location             Delay type                Incr(ns)  Path(ns)    Netlist Resource(s)
  -------------------------------------------------------------------    -------------------
    MMCME2_ADV_X1Y0      MMCME2_ADV                   0.000     0.000 r  clk_wiz/inst/mmcm_adv_inst/LOCKED
                         net (fo=1, routed)           1.190     1.190    vga_to_hdmi/inst/encr/pix_clk_locked
    SLICE_X14Y6          LUT2 (Prop_lut2_I1_O)        0.045     1.235 f  vga_to_hdmi/inst/encr/oserdes_m_i_1/O
                         net (fo=50, routed)          0.707     1.942    vga_to_hdmi/inst/encb/AR[0]
    SLICE_X2Y18          FDCE                                         f  vga_to_hdmi/inst/encb/dout_reg[7]/CLR
  -------------------------------------------------------------------    -------------------

                         (clock clk_out1_clk_wiz_0 rise edge)
                                                      0.000     0.000 r  
    BUFGCTRL_X0Y3        BUFG                         0.000     0.000 r  clk_IBUF_BUFG_inst/O
                         net (fo=45, routed)          0.817     0.817    clk_wiz/inst/clk_in1
    MMCME2_ADV_X1Y0      MMCME2_ADV (Prop_mmcme2_adv_CLKIN1_CLKOUT0)
                                                     -1.375    -0.559 r  clk_wiz/inst/mmcm_adv_inst/CLKOUT0
                         net (fo=1, routed)           0.530    -0.029    clk_wiz/inst/clk_out1_clk_wiz_0
    BUFGCTRL_X0Y0        BUFG (Prop_bufg_I_O)         0.029     0.000 r  clk_wiz/inst/clkout1_buf/O
                         net (fo=204, routed)         0.857     0.857    vga_to_hdmi/inst/encb/pix_clk
    SLICE_X2Y18          FDCE                                         r  vga_to_hdmi/inst/encb/dout_reg[7]/C

Slack:                    inf
  Source:                 clk_wiz/inst/mmcm_adv_inst/LOCKED
                            (internal pin)
  Destination:            vga_to_hdmi/inst/encg/dout_reg[4]/CLR
                            (removal check against rising-edge clock clk_out1_clk_wiz_0  {rise@0.000ns fall@20.000ns period=40.000ns})
  Path Group:             (none)
  Path Type:              Removal (Min at Fast Process Corner)
  Data Path Delay:        2.042ns  (logic 0.045ns (2.204%)  route 1.997ns (97.796%))
  Logic Levels:           1  (LUT2=1)
  Clock Uncertainty:      0.190ns  ((TSJ^2 + DJ^2)^1/2) / 2 + PE
    Total System Jitter     (TSJ):    0.050ns
    Discrete Jitter          (DJ):    0.175ns
    Phase Error              (PE):    0.099ns

    Location             Delay type                Incr(ns)  Path(ns)    Netlist Resource(s)
  -------------------------------------------------------------------    -------------------
    MMCME2_ADV_X1Y0      MMCME2_ADV                   0.000     0.000 r  clk_wiz/inst/mmcm_adv_inst/LOCKED
                         net (fo=1, routed)           1.190     1.190    vga_to_hdmi/inst/encr/pix_clk_locked
    SLICE_X14Y6          LUT2 (Prop_lut2_I1_O)        0.045     1.235 f  vga_to_hdmi/inst/encr/oserdes_m_i_1/O
                         net (fo=50, routed)          0.807     2.042    vga_to_hdmi/inst/encg/AR[0]
    SLICE_X1Y21          FDCE                                         f  vga_to_hdmi/inst/encg/dout_reg[4]/CLR
  -------------------------------------------------------------------    -------------------

                         (clock clk_out1_clk_wiz_0 rise edge)
                                                      0.000     0.000 r  
    BUFGCTRL_X0Y3        BUFG                         0.000     0.000 r  clk_IBUF_BUFG_inst/O
                         net (fo=45, routed)          0.817     0.817    clk_wiz/inst/clk_in1
    MMCME2_ADV_X1Y0      MMCME2_ADV (Prop_mmcme2_adv_CLKIN1_CLKOUT0)
                                                     -1.375    -0.559 r  clk_wiz/inst/mmcm_adv_inst/CLKOUT0
                         net (fo=1, routed)           0.530    -0.029    clk_wiz/inst/clk_out1_clk_wiz_0
    BUFGCTRL_X0Y0        BUFG (Prop_bufg_I_O)         0.029     0.000 r  clk_wiz/inst/clkout1_buf/O
                         net (fo=204, routed)         0.854     0.854    vga_to_hdmi/inst/encg/pix_clk
    SLICE_X1Y21          FDCE                                         r  vga_to_hdmi/inst/encg/dout_reg[4]/C

Slack:                    inf
  Source:                 clk_wiz/inst/mmcm_adv_inst/LOCKED
                            (internal pin)
  Destination:            vga_to_hdmi/inst/encg/dout_reg[8]/CLR
                            (removal check against rising-edge clock clk_out1_clk_wiz_0  {rise@0.000ns fall@20.000ns period=40.000ns})
  Path Group:             (none)
  Path Type:              Removal (Min at Fast Process Corner)
  Data Path Delay:        2.042ns  (logic 0.045ns (2.204%)  route 1.997ns (97.796%))
  Logic Levels:           1  (LUT2=1)
  Clock Uncertainty:      0.190ns  ((TSJ^2 + DJ^2)^1/2) / 2 + PE
    Total System Jitter     (TSJ):    0.050ns
    Discrete Jitter          (DJ):    0.175ns
    Phase Error              (PE):    0.099ns

    Location             Delay type                Incr(ns)  Path(ns)    Netlist Resource(s)
  -------------------------------------------------------------------    -------------------
    MMCME2_ADV_X1Y0      MMCME2_ADV                   0.000     0.000 r  clk_wiz/inst/mmcm_adv_inst/LOCKED
                         net (fo=1, routed)           1.190     1.190    vga_to_hdmi/inst/encr/pix_clk_locked
    SLICE_X14Y6          LUT2 (Prop_lut2_I1_O)        0.045     1.235 f  vga_to_hdmi/inst/encr/oserdes_m_i_1/O
                         net (fo=50, routed)          0.807     2.042    vga_to_hdmi/inst/encg/AR[0]
    SLICE_X1Y21          FDCE                                         f  vga_to_hdmi/inst/encg/dout_reg[8]/CLR
  -------------------------------------------------------------------    -------------------

                         (clock clk_out1_clk_wiz_0 rise edge)
                                                      0.000     0.000 r  
    BUFGCTRL_X0Y3        BUFG                         0.000     0.000 r  clk_IBUF_BUFG_inst/O
                         net (fo=45, routed)          0.817     0.817    clk_wiz/inst/clk_in1
    MMCME2_ADV_X1Y0      MMCME2_ADV (Prop_mmcme2_adv_CLKIN1_CLKOUT0)
                                                     -1.375    -0.559 r  clk_wiz/inst/mmcm_adv_inst/CLKOUT0
                         net (fo=1, routed)           0.530    -0.029    clk_wiz/inst/clk_out1_clk_wiz_0
    BUFGCTRL_X0Y0        BUFG (Prop_bufg_I_O)         0.029     0.000 r  clk_wiz/inst/clkout1_buf/O
                         net (fo=204, routed)         0.854     0.854    vga_to_hdmi/inst/encg/pix_clk
    SLICE_X1Y21          FDCE                                         r  vga_to_hdmi/inst/encg/dout_reg[8]/C

Slack:                    inf
  Source:                 clk_wiz/inst/mmcm_adv_inst/LOCKED
                            (internal pin)
  Destination:            vga_to_hdmi/inst/encg/dout_reg[9]/CLR
                            (removal check against rising-edge clock clk_out1_clk_wiz_0  {rise@0.000ns fall@20.000ns period=40.000ns})
  Path Group:             (none)
  Path Type:              Removal (Min at Fast Process Corner)
  Data Path Delay:        2.042ns  (logic 0.045ns (2.204%)  route 1.997ns (97.796%))
  Logic Levels:           1  (LUT2=1)
  Clock Uncertainty:      0.190ns  ((TSJ^2 + DJ^2)^1/2) / 2 + PE
    Total System Jitter     (TSJ):    0.050ns
    Discrete Jitter          (DJ):    0.175ns
    Phase Error              (PE):    0.099ns

    Location             Delay type                Incr(ns)  Path(ns)    Netlist Resource(s)
  -------------------------------------------------------------------    -------------------
    MMCME2_ADV_X1Y0      MMCME2_ADV                   0.000     0.000 r  clk_wiz/inst/mmcm_adv_inst/LOCKED
                         net (fo=1, routed)           1.190     1.190    vga_to_hdmi/inst/encr/pix_clk_locked
    SLICE_X14Y6          LUT2 (Prop_lut2_I1_O)        0.045     1.235 f  vga_to_hdmi/inst/encr/oserdes_m_i_1/O
                         net (fo=50, routed)          0.807     2.042    vga_to_hdmi/inst/encg/AR[0]
    SLICE_X1Y21          FDCE                                         f  vga_to_hdmi/inst/encg/dout_reg[9]/CLR
  -------------------------------------------------------------------    -------------------

                         (clock clk_out1_clk_wiz_0 rise edge)
                                                      0.000     0.000 r  
    BUFGCTRL_X0Y3        BUFG                         0.000     0.000 r  clk_IBUF_BUFG_inst/O
                         net (fo=45, routed)          0.817     0.817    clk_wiz/inst/clk_in1
    MMCME2_ADV_X1Y0      MMCME2_ADV (Prop_mmcme2_adv_CLKIN1_CLKOUT0)
                                                     -1.375    -0.559 r  clk_wiz/inst/mmcm_adv_inst/CLKOUT0
                         net (fo=1, routed)           0.530    -0.029    clk_wiz/inst/clk_out1_clk_wiz_0
    BUFGCTRL_X0Y0        BUFG (Prop_bufg_I_O)         0.029     0.000 r  clk_wiz/inst/clkout1_buf/O
                         net (fo=204, routed)         0.854     0.854    vga_to_hdmi/inst/encg/pix_clk
    SLICE_X1Y21          FDCE                                         r  vga_to_hdmi/inst/encg/dout_reg[9]/C

Slack:                    inf
  Source:                 clk_wiz/inst/mmcm_adv_inst/LOCKED
                            (internal pin)
  Destination:            vga_to_hdmi/inst/encb/cnt_reg[3]/CLR
                            (removal check against rising-edge clock clk_out1_clk_wiz_0  {rise@0.000ns fall@20.000ns period=40.000ns})
  Path Group:             (none)
  Path Type:              Removal (Min at Fast Process Corner)
  Data Path Delay:        2.044ns  (logic 0.045ns (2.201%)  route 1.999ns (97.799%))
  Logic Levels:           1  (LUT2=1)
  Clock Uncertainty:      0.190ns  ((TSJ^2 + DJ^2)^1/2) / 2 + PE
    Total System Jitter     (TSJ):    0.050ns
    Discrete Jitter          (DJ):    0.175ns
    Phase Error              (PE):    0.099ns

    Location             Delay type                Incr(ns)  Path(ns)    Netlist Resource(s)
  -------------------------------------------------------------------    -------------------
    MMCME2_ADV_X1Y0      MMCME2_ADV                   0.000     0.000 r  clk_wiz/inst/mmcm_adv_inst/LOCKED
                         net (fo=1, routed)           1.190     1.190    vga_to_hdmi/inst/encr/pix_clk_locked
    SLICE_X14Y6          LUT2 (Prop_lut2_I1_O)        0.045     1.235 f  vga_to_hdmi/inst/encr/oserdes_m_i_1/O
                         net (fo=50, routed)          0.809     2.044    vga_to_hdmi/inst/encb/AR[0]
    SLICE_X3Y19          FDCE                                         f  vga_to_hdmi/inst/encb/cnt_reg[3]/CLR
  -------------------------------------------------------------------    -------------------

                         (clock clk_out1_clk_wiz_0 rise edge)
                                                      0.000     0.000 r  
    BUFGCTRL_X0Y3        BUFG                         0.000     0.000 r  clk_IBUF_BUFG_inst/O
                         net (fo=45, routed)          0.817     0.817    clk_wiz/inst/clk_in1
    MMCME2_ADV_X1Y0      MMCME2_ADV (Prop_mmcme2_adv_CLKIN1_CLKOUT0)
                                                     -1.375    -0.559 r  clk_wiz/inst/mmcm_adv_inst/CLKOUT0
                         net (fo=1, routed)           0.530    -0.029    clk_wiz/inst/clk_out1_clk_wiz_0
    BUFGCTRL_X0Y0        BUFG (Prop_bufg_I_O)         0.029     0.000 r  clk_wiz/inst/clkout1_buf/O
                         net (fo=204, routed)         0.856     0.856    vga_to_hdmi/inst/encb/pix_clk
    SLICE_X3Y19          FDCE                                         r  vga_to_hdmi/inst/encb/cnt_reg[3]/C





--------------------------------------------------------------------------------------
Path Group:  (none)
From Clock:  
  To Clock:  clk_out3_clk_wiz_0

Max Delay            53 Endpoints
Min Delay            53 Endpoints
--------------------------------------------------------------------------------------


Max Delay Paths
--------------------------------------------------------------------------------------
Slack:                    inf
  Source:                 run
                            (input port)
  Destination:            alu_0/u_curr_reg[9]/D
                            (rising edge-triggered cell FDRE clocked by clk_out3_clk_wiz_0  {rise@0.000ns fall@10.000ns period=20.000ns})
  Path Group:             (none)
  Path Type:              Setup (Max at Slow Process Corner)
  Data Path Delay:        6.425ns  (logic 2.444ns (38.031%)  route 3.982ns (61.969%))
  Logic Levels:           5  (CARRY4=3 IBUF=1 LUT3=1)
  Clock Path Skew:        1.436ns (DCD - SCD + CPR)
    Destination Clock Delay (DCD):    1.436ns
    Source Clock Delay      (SCD):    0.000ns
    Clock Pessimism Removal (CPR):    0.000ns
  Clock Uncertainty:      0.178ns  ((TSJ^2 + DJ^2)^1/2) / 2 + PE
    Total System Jitter     (TSJ):    0.050ns
    Discrete Jitter          (DJ):    0.152ns
    Phase Error              (PE):    0.099ns

    Location             Delay type                Incr(ns)  Path(ns)    Netlist Resource(s)
  -------------------------------------------------------------------    -------------------
    J1                                                0.000     0.000 f  run (IN)
                         net (fo=0)                   0.000     0.000    run
    J1                   IBUF (Prop_ibuf_I_O)         1.322     1.322 f  run_IBUF_inst/O
                         net (fo=29, routed)          3.982     5.303    alu_0/start
    SLICE_X13Y20         LUT3 (Prop_lut3_I1_O)        0.124     5.427 r  alu_0/u_curr[0]_i_8/O
                         net (fo=1, routed)           0.000     5.427    alu_0/u_curr[0]_i_8_n_0
    SLICE_X13Y20         CARRY4 (Prop_carry4_S[1]_CO[3])
                                                      0.550     5.977 r  alu_0/u_curr_reg[0]_i_1/CO[3]
                         net (fo=1, routed)           0.000     5.977    alu_0/u_curr_reg[0]_i_1_n_0
    SLICE_X13Y21         CARRY4 (Prop_carry4_CI_CO[3])
                                                      0.114     6.091 r  alu_0/u_curr_reg[4]_i_1/CO[3]
                         net (fo=1, routed)           0.000     6.091    alu_0/u_curr_reg[4]_i_1_n_0
    SLICE_X13Y22         CARRY4 (Prop_carry4_CI_O[1])
                                                      0.334     6.425 r  alu_0/u_curr_reg[8]_i_1/O[1]
                         net (fo=1, routed)           0.000     6.425    alu_0/u_curr_reg[8]_i_1_n_6
    SLICE_X13Y22         FDRE                                         r  alu_0/u_curr_reg[9]/D
  -------------------------------------------------------------------    -------------------

                         (clock clk_out3_clk_wiz_0 rise edge)
                                                      0.000     0.000 r  
    BUFGCTRL_X0Y3        BUFG                         0.000     0.000 r  clk_IBUF_BUFG_inst/O
                         net (fo=45, routed)          1.457     1.457    clk_wiz/inst/clk_in1
    MMCME2_ADV_X1Y0      MMCME2_ADV (Prop_mmcme2_adv_CLKIN1_CLKOUT2)
                                                     -3.129    -1.672 r  clk_wiz/inst/mmcm_adv_inst/CLKOUT2
                         net (fo=1, routed)           1.581    -0.091    clk_wiz/inst/clk_out3_clk_wiz_0
    BUFGCTRL_X0Y2        BUFG (Prop_bufg_I_O)         0.091     0.000 r  clk_wiz/inst/clkout3_buf/O
                         net (fo=35, routed)          1.436     1.436    alu_0/clk
    SLICE_X13Y22         FDRE                                         r  alu_0/u_curr_reg[9]/C

Slack:                    inf
  Source:                 run
                            (input port)
  Destination:            alu_0/u_curr_reg[11]/D
                            (rising edge-triggered cell FDRE clocked by clk_out3_clk_wiz_0  {rise@0.000ns fall@10.000ns period=20.000ns})
  Path Group:             (none)
  Path Type:              Setup (Max at Slow Process Corner)
  Data Path Delay:        6.404ns  (logic 2.423ns (37.828%)  route 3.982ns (62.172%))
  Logic Levels:           5  (CARRY4=3 IBUF=1 LUT3=1)
  Clock Path Skew:        1.436ns (DCD - SCD + CPR)
    Destination Clock Delay (DCD):    1.436ns
    Source Clock Delay      (SCD):    0.000ns
    Clock Pessimism Removal (CPR):    0.000ns
  Clock Uncertainty:      0.178ns  ((TSJ^2 + DJ^2)^1/2) / 2 + PE
    Total System Jitter     (TSJ):    0.050ns
    Discrete Jitter          (DJ):    0.152ns
    Phase Error              (PE):    0.099ns

    Location             Delay type                Incr(ns)  Path(ns)    Netlist Resource(s)
  -------------------------------------------------------------------    -------------------
    J1                                                0.000     0.000 f  run (IN)
                         net (fo=0)                   0.000     0.000    run
    J1                   IBUF (Prop_ibuf_I_O)         1.322     1.322 f  run_IBUF_inst/O
                         net (fo=29, routed)          3.982     5.303    alu_0/start
    SLICE_X13Y20         LUT3 (Prop_lut3_I1_O)        0.124     5.427 r  alu_0/u_curr[0]_i_8/O
                         net (fo=1, routed)           0.000     5.427    alu_0/u_curr[0]_i_8_n_0
    SLICE_X13Y20         CARRY4 (Prop_carry4_S[1]_CO[3])
                                                      0.550     5.977 r  alu_0/u_curr_reg[0]_i_1/CO[3]
                         net (fo=1, routed)           0.000     5.977    alu_0/u_curr_reg[0]_i_1_n_0
    SLICE_X13Y21         CARRY4 (Prop_carry4_CI_CO[3])
                                                      0.114     6.091 r  alu_0/u_curr_reg[4]_i_1/CO[3]
                         net (fo=1, routed)           0.000     6.091    alu_0/u_curr_reg[4]_i_1_n_0
    SLICE_X13Y22         CARRY4 (Prop_carry4_CI_O[3])
                                                      0.313     6.404 r  alu_0/u_curr_reg[8]_i_1/O[3]
                         net (fo=1, routed)           0.000     6.404    alu_0/u_curr_reg[8]_i_1_n_4
    SLICE_X13Y22         FDRE                                         r  alu_0/u_curr_reg[11]/D
  -------------------------------------------------------------------    -------------------

                         (clock clk_out3_clk_wiz_0 rise edge)
                                                      0.000     0.000 r  
    BUFGCTRL_X0Y3        BUFG                         0.000     0.000 r  clk_IBUF_BUFG_inst/O
                         net (fo=45, routed)          1.457     1.457    clk_wiz/inst/clk_in1
    MMCME2_ADV_X1Y0      MMCME2_ADV (Prop_mmcme2_adv_CLKIN1_CLKOUT2)
                                                     -3.129    -1.672 r  clk_wiz/inst/mmcm_adv_inst/CLKOUT2
                         net (fo=1, routed)           1.581    -0.091    clk_wiz/inst/clk_out3_clk_wiz_0
    BUFGCTRL_X0Y2        BUFG (Prop_bufg_I_O)         0.091     0.000 r  clk_wiz/inst/clkout3_buf/O
                         net (fo=35, routed)          1.436     1.436    alu_0/clk
    SLICE_X13Y22         FDRE                                         r  alu_0/u_curr_reg[11]/C

Slack:                    inf
  Source:                 run
                            (input port)
  Destination:            alu_0/u_curr_reg[10]/D
                            (rising edge-triggered cell FDRE clocked by clk_out3_clk_wiz_0  {rise@0.000ns fall@10.000ns period=20.000ns})
  Path Group:             (none)
  Path Type:              Setup (Max at Slow Process Corner)
  Data Path Delay:        6.330ns  (logic 2.349ns (37.101%)  route 3.982ns (62.899%))
  Logic Levels:           5  (CARRY4=3 IBUF=1 LUT3=1)
  Clock Path Skew:        1.436ns (DCD - SCD + CPR)
    Destination Clock Delay (DCD):    1.436ns
    Source Clock Delay      (SCD):    0.000ns
    Clock Pessimism Removal (CPR):    0.000ns
  Clock Uncertainty:      0.178ns  ((TSJ^2 + DJ^2)^1/2) / 2 + PE
    Total System Jitter     (TSJ):    0.050ns
    Discrete Jitter          (DJ):    0.152ns
    Phase Error              (PE):    0.099ns

    Location             Delay type                Incr(ns)  Path(ns)    Netlist Resource(s)
  -------------------------------------------------------------------    -------------------
    J1                                                0.000     0.000 f  run (IN)
                         net (fo=0)                   0.000     0.000    run
    J1                   IBUF (Prop_ibuf_I_O)         1.322     1.322 f  run_IBUF_inst/O
                         net (fo=29, routed)          3.982     5.303    alu_0/start
    SLICE_X13Y20         LUT3 (Prop_lut3_I1_O)        0.124     5.427 r  alu_0/u_curr[0]_i_8/O
                         net (fo=1, routed)           0.000     5.427    alu_0/u_curr[0]_i_8_n_0
    SLICE_X13Y20         CARRY4 (Prop_carry4_S[1]_CO[3])
                                                      0.550     5.977 r  alu_0/u_curr_reg[0]_i_1/CO[3]
                         net (fo=1, routed)           0.000     5.977    alu_0/u_curr_reg[0]_i_1_n_0
    SLICE_X13Y21         CARRY4 (Prop_carry4_CI_CO[3])
                                                      0.114     6.091 r  alu_0/u_curr_reg[4]_i_1/CO[3]
                         net (fo=1, routed)           0.000     6.091    alu_0/u_curr_reg[4]_i_1_n_0
    SLICE_X13Y22         CARRY4 (Prop_carry4_CI_O[2])
                                                      0.239     6.330 r  alu_0/u_curr_reg[8]_i_1/O[2]
                         net (fo=1, routed)           0.000     6.330    alu_0/u_curr_reg[8]_i_1_n_5
    SLICE_X13Y22         FDRE                                         r  alu_0/u_curr_reg[10]/D
  -------------------------------------------------------------------    -------------------

                         (clock clk_out3_clk_wiz_0 rise edge)
                                                      0.000     0.000 r  
    BUFGCTRL_X0Y3        BUFG                         0.000     0.000 r  clk_IBUF_BUFG_inst/O
                         net (fo=45, routed)          1.457     1.457    clk_wiz/inst/clk_in1
    MMCME2_ADV_X1Y0      MMCME2_ADV (Prop_mmcme2_adv_CLKIN1_CLKOUT2)
                                                     -3.129    -1.672 r  clk_wiz/inst/mmcm_adv_inst/CLKOUT2
                         net (fo=1, routed)           1.581    -0.091    clk_wiz/inst/clk_out3_clk_wiz_0
    BUFGCTRL_X0Y2        BUFG (Prop_bufg_I_O)         0.091     0.000 r  clk_wiz/inst/clkout3_buf/O
                         net (fo=35, routed)          1.436     1.436    alu_0/clk
    SLICE_X13Y22         FDRE                                         r  alu_0/u_curr_reg[10]/C

Slack:                    inf
  Source:                 run
                            (input port)
  Destination:            alu_0/u_curr_reg[8]/D
                            (rising edge-triggered cell FDRE clocked by clk_out3_clk_wiz_0  {rise@0.000ns fall@10.000ns period=20.000ns})
  Path Group:             (none)
  Path Type:              Setup (Max at Slow Process Corner)
  Data Path Delay:        6.314ns  (logic 2.333ns (36.941%)  route 3.982ns (63.059%))
  Logic Levels:           5  (CARRY4=3 IBUF=1 LUT3=1)
  Clock Path Skew:        1.436ns (DCD - SCD + CPR)
    Destination Clock Delay (DCD):    1.436ns
    Source Clock Delay      (SCD):    0.000ns
    Clock Pessimism Removal (CPR):    0.000ns
  Clock Uncertainty:      0.178ns  ((TSJ^2 + DJ^2)^1/2) / 2 + PE
    Total System Jitter     (TSJ):    0.050ns
    Discrete Jitter          (DJ):    0.152ns
    Phase Error              (PE):    0.099ns

    Location             Delay type                Incr(ns)  Path(ns)    Netlist Resource(s)
  -------------------------------------------------------------------    -------------------
    J1                                                0.000     0.000 f  run (IN)
                         net (fo=0)                   0.000     0.000    run
    J1                   IBUF (Prop_ibuf_I_O)         1.322     1.322 f  run_IBUF_inst/O
                         net (fo=29, routed)          3.982     5.303    alu_0/start
    SLICE_X13Y20         LUT3 (Prop_lut3_I1_O)        0.124     5.427 r  alu_0/u_curr[0]_i_8/O
                         net (fo=1, routed)           0.000     5.427    alu_0/u_curr[0]_i_8_n_0
    SLICE_X13Y20         CARRY4 (Prop_carry4_S[1]_CO[3])
                                                      0.550     5.977 r  alu_0/u_curr_reg[0]_i_1/CO[3]
                         net (fo=1, routed)           0.000     5.977    alu_0/u_curr_reg[0]_i_1_n_0
    SLICE_X13Y21         CARRY4 (Prop_carry4_CI_CO[3])
                                                      0.114     6.091 r  alu_0/u_curr_reg[4]_i_1/CO[3]
                         net (fo=1, routed)           0.000     6.091    alu_0/u_curr_reg[4]_i_1_n_0
    SLICE_X13Y22         CARRY4 (Prop_carry4_CI_O[0])
                                                      0.223     6.314 r  alu_0/u_curr_reg[8]_i_1/O[0]
                         net (fo=1, routed)           0.000     6.314    alu_0/u_curr_reg[8]_i_1_n_7
    SLICE_X13Y22         FDRE                                         r  alu_0/u_curr_reg[8]/D
  -------------------------------------------------------------------    -------------------

                         (clock clk_out3_clk_wiz_0 rise edge)
                                                      0.000     0.000 r  
    BUFGCTRL_X0Y3        BUFG                         0.000     0.000 r  clk_IBUF_BUFG_inst/O
                         net (fo=45, routed)          1.457     1.457    clk_wiz/inst/clk_in1
    MMCME2_ADV_X1Y0      MMCME2_ADV (Prop_mmcme2_adv_CLKIN1_CLKOUT2)
                                                     -3.129    -1.672 r  clk_wiz/inst/mmcm_adv_inst/CLKOUT2
                         net (fo=1, routed)           1.581    -0.091    clk_wiz/inst/clk_out3_clk_wiz_0
    BUFGCTRL_X0Y2        BUFG (Prop_bufg_I_O)         0.091     0.000 r  clk_wiz/inst/clkout3_buf/O
                         net (fo=35, routed)          1.436     1.436    alu_0/clk
    SLICE_X13Y22         FDRE                                         r  alu_0/u_curr_reg[8]/C

Slack:                    inf
  Source:                 run
                            (input port)
  Destination:            alu_0/u_curr_reg[5]/D
                            (rising edge-triggered cell FDRE clocked by clk_out3_clk_wiz_0  {rise@0.000ns fall@10.000ns period=20.000ns})
  Path Group:             (none)
  Path Type:              Setup (Max at Slow Process Corner)
  Data Path Delay:        6.311ns  (logic 2.330ns (36.912%)  route 3.982ns (63.088%))
  Logic Levels:           4  (CARRY4=2 IBUF=1 LUT3=1)
  Clock Path Skew:        1.438ns (DCD - SCD + CPR)
    Destination Clock Delay (DCD):    1.438ns
    Source Clock Delay      (SCD):    0.000ns
    Clock Pessimism Removal (CPR):    0.000ns
  Clock Uncertainty:      0.178ns  ((TSJ^2 + DJ^2)^1/2) / 2 + PE
    Total System Jitter     (TSJ):    0.050ns
    Discrete Jitter          (DJ):    0.152ns
    Phase Error              (PE):    0.099ns

    Location             Delay type                Incr(ns)  Path(ns)    Netlist Resource(s)
  -------------------------------------------------------------------    -------------------
    J1                                                0.000     0.000 f  run (IN)
                         net (fo=0)                   0.000     0.000    run
    J1                   IBUF (Prop_ibuf_I_O)         1.322     1.322 f  run_IBUF_inst/O
                         net (fo=29, routed)          3.982     5.303    alu_0/start
    SLICE_X13Y20         LUT3 (Prop_lut3_I1_O)        0.124     5.427 r  alu_0/u_curr[0]_i_8/O
                         net (fo=1, routed)           0.000     5.427    alu_0/u_curr[0]_i_8_n_0
    SLICE_X13Y20         CARRY4 (Prop_carry4_S[1]_CO[3])
                                                      0.550     5.977 r  alu_0/u_curr_reg[0]_i_1/CO[3]
                         net (fo=1, routed)           0.000     5.977    alu_0/u_curr_reg[0]_i_1_n_0
    SLICE_X13Y21         CARRY4 (Prop_carry4_CI_O[1])
                                                      0.334     6.311 r  alu_0/u_curr_reg[4]_i_1/O[1]
                         net (fo=1, routed)           0.000     6.311    alu_0/u_curr_reg[4]_i_1_n_6
    SLICE_X13Y21         FDRE                                         r  alu_0/u_curr_reg[5]/D
  -------------------------------------------------------------------    -------------------

                         (clock clk_out3_clk_wiz_0 rise edge)
                                                      0.000     0.000 r  
    BUFGCTRL_X0Y3        BUFG                         0.000     0.000 r  clk_IBUF_BUFG_inst/O
                         net (fo=45, routed)          1.457     1.457    clk_wiz/inst/clk_in1
    MMCME2_ADV_X1Y0      MMCME2_ADV (Prop_mmcme2_adv_CLKIN1_CLKOUT2)
                                                     -3.129    -1.672 r  clk_wiz/inst/mmcm_adv_inst/CLKOUT2
                         net (fo=1, routed)           1.581    -0.091    clk_wiz/inst/clk_out3_clk_wiz_0
    BUFGCTRL_X0Y2        BUFG (Prop_bufg_I_O)         0.091     0.000 r  clk_wiz/inst/clkout3_buf/O
                         net (fo=35, routed)          1.438     1.438    alu_0/clk
    SLICE_X13Y21         FDRE                                         r  alu_0/u_curr_reg[5]/C

Slack:                    inf
  Source:                 run
                            (input port)
  Destination:            alu_0/u_curr_reg[7]/D
                            (rising edge-triggered cell FDRE clocked by clk_out3_clk_wiz_0  {rise@0.000ns fall@10.000ns period=20.000ns})
  Path Group:             (none)
  Path Type:              Setup (Max at Slow Process Corner)
  Data Path Delay:        6.290ns  (logic 2.309ns (36.701%)  route 3.982ns (63.299%))
  Logic Levels:           4  (CARRY4=2 IBUF=1 LUT3=1)
  Clock Path Skew:        1.438ns (DCD - SCD + CPR)
    Destination Clock Delay (DCD):    1.438ns
    Source Clock Delay      (SCD):    0.000ns
    Clock Pessimism Removal (CPR):    0.000ns
  Clock Uncertainty:      0.178ns  ((TSJ^2 + DJ^2)^1/2) / 2 + PE
    Total System Jitter     (TSJ):    0.050ns
    Discrete Jitter          (DJ):    0.152ns
    Phase Error              (PE):    0.099ns

    Location             Delay type                Incr(ns)  Path(ns)    Netlist Resource(s)
  -------------------------------------------------------------------    -------------------
    J1                                                0.000     0.000 f  run (IN)
                         net (fo=0)                   0.000     0.000    run
    J1                   IBUF (Prop_ibuf_I_O)         1.322     1.322 f  run_IBUF_inst/O
                         net (fo=29, routed)          3.982     5.303    alu_0/start
    SLICE_X13Y20         LUT3 (Prop_lut3_I1_O)        0.124     5.427 r  alu_0/u_curr[0]_i_8/O
                         net (fo=1, routed)           0.000     5.427    alu_0/u_curr[0]_i_8_n_0
    SLICE_X13Y20         CARRY4 (Prop_carry4_S[1]_CO[3])
                                                      0.550     5.977 r  alu_0/u_curr_reg[0]_i_1/CO[3]
                         net (fo=1, routed)           0.000     5.977    alu_0/u_curr_reg[0]_i_1_n_0
    SLICE_X13Y21         CARRY4 (Prop_carry4_CI_O[3])
                                                      0.313     6.290 r  alu_0/u_curr_reg[4]_i_1/O[3]
                         net (fo=1, routed)           0.000     6.290    alu_0/u_curr_reg[4]_i_1_n_4
    SLICE_X13Y21         FDRE                                         r  alu_0/u_curr_reg[7]/D
  -------------------------------------------------------------------    -------------------

                         (clock clk_out3_clk_wiz_0 rise edge)
                                                      0.000     0.000 r  
    BUFGCTRL_X0Y3        BUFG                         0.000     0.000 r  clk_IBUF_BUFG_inst/O
                         net (fo=45, routed)          1.457     1.457    clk_wiz/inst/clk_in1
    MMCME2_ADV_X1Y0      MMCME2_ADV (Prop_mmcme2_adv_CLKIN1_CLKOUT2)
                                                     -3.129    -1.672 r  clk_wiz/inst/mmcm_adv_inst/CLKOUT2
                         net (fo=1, routed)           1.581    -0.091    clk_wiz/inst/clk_out3_clk_wiz_0
    BUFGCTRL_X0Y2        BUFG (Prop_bufg_I_O)         0.091     0.000 r  clk_wiz/inst/clkout3_buf/O
                         net (fo=35, routed)          1.438     1.438    alu_0/clk
    SLICE_X13Y21         FDRE                                         r  alu_0/u_curr_reg[7]/C

Slack:                    inf
  Source:                 run
                            (input port)
  Destination:            alu_0/u_curr_reg[6]/D
                            (rising edge-triggered cell FDRE clocked by clk_out3_clk_wiz_0  {rise@0.000ns fall@10.000ns period=20.000ns})
  Path Group:             (none)
  Path Type:              Setup (Max at Slow Process Corner)
  Data Path Delay:        6.216ns  (logic 2.235ns (35.947%)  route 3.982ns (64.053%))
  Logic Levels:           4  (CARRY4=2 IBUF=1 LUT3=1)
  Clock Path Skew:        1.438ns (DCD - SCD + CPR)
    Destination Clock Delay (DCD):    1.438ns
    Source Clock Delay      (SCD):    0.000ns
    Clock Pessimism Removal (CPR):    0.000ns
  Clock Uncertainty:      0.178ns  ((TSJ^2 + DJ^2)^1/2) / 2 + PE
    Total System Jitter     (TSJ):    0.050ns
    Discrete Jitter          (DJ):    0.152ns
    Phase Error              (PE):    0.099ns

    Location             Delay type                Incr(ns)  Path(ns)    Netlist Resource(s)
  -------------------------------------------------------------------    -------------------
    J1                                                0.000     0.000 f  run (IN)
                         net (fo=0)                   0.000     0.000    run
    J1                   IBUF (Prop_ibuf_I_O)         1.322     1.322 f  run_IBUF_inst/O
                         net (fo=29, routed)          3.982     5.303    alu_0/start
    SLICE_X13Y20         LUT3 (Prop_lut3_I1_O)        0.124     5.427 r  alu_0/u_curr[0]_i_8/O
                         net (fo=1, routed)           0.000     5.427    alu_0/u_curr[0]_i_8_n_0
    SLICE_X13Y20         CARRY4 (Prop_carry4_S[1]_CO[3])
                                                      0.550     5.977 r  alu_0/u_curr_reg[0]_i_1/CO[3]
                         net (fo=1, routed)           0.000     5.977    alu_0/u_curr_reg[0]_i_1_n_0
    SLICE_X13Y21         CARRY4 (Prop_carry4_CI_O[2])
                                                      0.239     6.216 r  alu_0/u_curr_reg[4]_i_1/O[2]
                         net (fo=1, routed)           0.000     6.216    alu_0/u_curr_reg[4]_i_1_n_5
    SLICE_X13Y21         FDRE                                         r  alu_0/u_curr_reg[6]/D
  -------------------------------------------------------------------    -------------------

                         (clock clk_out3_clk_wiz_0 rise edge)
                                                      0.000     0.000 r  
    BUFGCTRL_X0Y3        BUFG                         0.000     0.000 r  clk_IBUF_BUFG_inst/O
                         net (fo=45, routed)          1.457     1.457    clk_wiz/inst/clk_in1
    MMCME2_ADV_X1Y0      MMCME2_ADV (Prop_mmcme2_adv_CLKIN1_CLKOUT2)
                                                     -3.129    -1.672 r  clk_wiz/inst/mmcm_adv_inst/CLKOUT2
                         net (fo=1, routed)           1.581    -0.091    clk_wiz/inst/clk_out3_clk_wiz_0
    BUFGCTRL_X0Y2        BUFG (Prop_bufg_I_O)         0.091     0.000 r  clk_wiz/inst/clkout3_buf/O
                         net (fo=35, routed)          1.438     1.438    alu_0/clk
    SLICE_X13Y21         FDRE                                         r  alu_0/u_curr_reg[6]/C

Slack:                    inf
  Source:                 run
                            (input port)
  Destination:            alu_0/u_curr_reg[4]/D
                            (rising edge-triggered cell FDRE clocked by clk_out3_clk_wiz_0  {rise@0.000ns fall@10.000ns period=20.000ns})
  Path Group:             (none)
  Path Type:              Setup (Max at Slow Process Corner)
  Data Path Delay:        6.200ns  (logic 2.219ns (35.782%)  route 3.982ns (64.218%))
  Logic Levels:           4  (CARRY4=2 IBUF=1 LUT3=1)
  Clock Path Skew:        1.438ns (DCD - SCD + CPR)
    Destination Clock Delay (DCD):    1.438ns
    Source Clock Delay      (SCD):    0.000ns
    Clock Pessimism Removal (CPR):    0.000ns
  Clock Uncertainty:      0.178ns  ((TSJ^2 + DJ^2)^1/2) / 2 + PE
    Total System Jitter     (TSJ):    0.050ns
    Discrete Jitter          (DJ):    0.152ns
    Phase Error              (PE):    0.099ns

    Location             Delay type                Incr(ns)  Path(ns)    Netlist Resource(s)
  -------------------------------------------------------------------    -------------------
    J1                                                0.000     0.000 f  run (IN)
                         net (fo=0)                   0.000     0.000    run
    J1                   IBUF (Prop_ibuf_I_O)         1.322     1.322 f  run_IBUF_inst/O
                         net (fo=29, routed)          3.982     5.303    alu_0/start
    SLICE_X13Y20         LUT3 (Prop_lut3_I1_O)        0.124     5.427 r  alu_0/u_curr[0]_i_8/O
                         net (fo=1, routed)           0.000     5.427    alu_0/u_curr[0]_i_8_n_0
    SLICE_X13Y20         CARRY4 (Prop_carry4_S[1]_CO[3])
                                                      0.550     5.977 r  alu_0/u_curr_reg[0]_i_1/CO[3]
                         net (fo=1, routed)           0.000     5.977    alu_0/u_curr_reg[0]_i_1_n_0
    SLICE_X13Y21         CARRY4 (Prop_carry4_CI_O[0])
                                                      0.223     6.200 r  alu_0/u_curr_reg[4]_i_1/O[0]
                         net (fo=1, routed)           0.000     6.200    alu_0/u_curr_reg[4]_i_1_n_7
    SLICE_X13Y21         FDRE                                         r  alu_0/u_curr_reg[4]/D
  -------------------------------------------------------------------    -------------------

                         (clock clk_out3_clk_wiz_0 rise edge)
                                                      0.000     0.000 r  
    BUFGCTRL_X0Y3        BUFG                         0.000     0.000 r  clk_IBUF_BUFG_inst/O
                         net (fo=45, routed)          1.457     1.457    clk_wiz/inst/clk_in1
    MMCME2_ADV_X1Y0      MMCME2_ADV (Prop_mmcme2_adv_CLKIN1_CLKOUT2)
                                                     -3.129    -1.672 r  clk_wiz/inst/mmcm_adv_inst/CLKOUT2
                         net (fo=1, routed)           1.581    -0.091    clk_wiz/inst/clk_out3_clk_wiz_0
    BUFGCTRL_X0Y2        BUFG (Prop_bufg_I_O)         0.091     0.000 r  clk_wiz/inst/clkout3_buf/O
                         net (fo=35, routed)          1.438     1.438    alu_0/clk
    SLICE_X13Y21         FDRE                                         r  alu_0/u_curr_reg[4]/C

Slack:                    inf
  Source:                 run
                            (input port)
  Destination:            alu_0/u_curr_reg[3]/D
                            (rising edge-triggered cell FDRE clocked by clk_out3_clk_wiz_0  {rise@0.000ns fall@10.000ns period=20.000ns})
  Path Group:             (none)
  Path Type:              Setup (Max at Slow Process Corner)
  Data Path Delay:        6.067ns  (logic 2.086ns (34.374%)  route 3.982ns (65.626%))
  Logic Levels:           3  (CARRY4=1 IBUF=1 LUT3=1)
  Clock Path Skew:        1.439ns (DCD - SCD + CPR)
    Destination Clock Delay (DCD):    1.439ns
    Source Clock Delay      (SCD):    0.000ns
    Clock Pessimism Removal (CPR):    0.000ns
  Clock Uncertainty:      0.178ns  ((TSJ^2 + DJ^2)^1/2) / 2 + PE
    Total System Jitter     (TSJ):    0.050ns
    Discrete Jitter          (DJ):    0.152ns
    Phase Error              (PE):    0.099ns

    Location             Delay type                Incr(ns)  Path(ns)    Netlist Resource(s)
  -------------------------------------------------------------------    -------------------
    J1                                                0.000     0.000 f  run (IN)
                         net (fo=0)                   0.000     0.000    run
    J1                   IBUF (Prop_ibuf_I_O)         1.322     1.322 f  run_IBUF_inst/O
                         net (fo=29, routed)          3.982     5.303    alu_0/start
    SLICE_X13Y20         LUT3 (Prop_lut3_I1_O)        0.124     5.427 r  alu_0/u_curr[0]_i_8/O
                         net (fo=1, routed)           0.000     5.427    alu_0/u_curr[0]_i_8_n_0
    SLICE_X13Y20         CARRY4 (Prop_carry4_S[1]_O[3])
                                                      0.640     6.067 r  alu_0/u_curr_reg[0]_i_1/O[3]
                         net (fo=1, routed)           0.000     6.067    alu_0/u_curr_reg[0]_i_1_n_4
    SLICE_X13Y20         FDRE                                         r  alu_0/u_curr_reg[3]/D
  -------------------------------------------------------------------    -------------------

                         (clock clk_out3_clk_wiz_0 rise edge)
                                                      0.000     0.000 r  
    BUFGCTRL_X0Y3        BUFG                         0.000     0.000 r  clk_IBUF_BUFG_inst/O
                         net (fo=45, routed)          1.457     1.457    clk_wiz/inst/clk_in1
    MMCME2_ADV_X1Y0      MMCME2_ADV (Prop_mmcme2_adv_CLKIN1_CLKOUT2)
                                                     -3.129    -1.672 r  clk_wiz/inst/mmcm_adv_inst/CLKOUT2
                         net (fo=1, routed)           1.581    -0.091    clk_wiz/inst/clk_out3_clk_wiz_0
    BUFGCTRL_X0Y2        BUFG (Prop_bufg_I_O)         0.091     0.000 r  clk_wiz/inst/clkout3_buf/O
                         net (fo=35, routed)          1.439     1.439    alu_0/clk
    SLICE_X13Y20         FDRE                                         r  alu_0/u_curr_reg[3]/C

Slack:                    inf
  Source:                 run
                            (input port)
  Destination:            alu_0/u_curr_reg[2]/D
                            (rising edge-triggered cell FDRE clocked by clk_out3_clk_wiz_0  {rise@0.000ns fall@10.000ns period=20.000ns})
  Path Group:             (none)
  Path Type:              Setup (Max at Slow Process Corner)
  Data Path Delay:        6.007ns  (logic 2.026ns (33.719%)  route 3.982ns (66.281%))
  Logic Levels:           3  (CARRY4=1 IBUF=1 LUT3=1)
  Clock Path Skew:        1.439ns (DCD - SCD + CPR)
    Destination Clock Delay (DCD):    1.439ns
    Source Clock Delay      (SCD):    0.000ns
    Clock Pessimism Removal (CPR):    0.000ns
  Clock Uncertainty:      0.178ns  ((TSJ^2 + DJ^2)^1/2) / 2 + PE
    Total System Jitter     (TSJ):    0.050ns
    Discrete Jitter          (DJ):    0.152ns
    Phase Error              (PE):    0.099ns

    Location             Delay type                Incr(ns)  Path(ns)    Netlist Resource(s)
  -------------------------------------------------------------------    -------------------
    J1                                                0.000     0.000 f  run (IN)
                         net (fo=0)                   0.000     0.000    run
    J1                   IBUF (Prop_ibuf_I_O)         1.322     1.322 f  run_IBUF_inst/O
                         net (fo=29, routed)          3.982     5.303    alu_0/start
    SLICE_X13Y20         LUT3 (Prop_lut3_I1_O)        0.124     5.427 r  alu_0/u_curr[0]_i_8/O
                         net (fo=1, routed)           0.000     5.427    alu_0/u_curr[0]_i_8_n_0
    SLICE_X13Y20         CARRY4 (Prop_carry4_S[1]_O[2])
                                                      0.580     6.007 r  alu_0/u_curr_reg[0]_i_1/O[2]
                         net (fo=1, routed)           0.000     6.007    alu_0/u_curr_reg[0]_i_1_n_5
    SLICE_X13Y20         FDRE                                         r  alu_0/u_curr_reg[2]/D
  -------------------------------------------------------------------    -------------------

                         (clock clk_out3_clk_wiz_0 rise edge)
                                                      0.000     0.000 r  
    BUFGCTRL_X0Y3        BUFG                         0.000     0.000 r  clk_IBUF_BUFG_inst/O
                         net (fo=45, routed)          1.457     1.457    clk_wiz/inst/clk_in1
    MMCME2_ADV_X1Y0      MMCME2_ADV (Prop_mmcme2_adv_CLKIN1_CLKOUT2)
                                                     -3.129    -1.672 r  clk_wiz/inst/mmcm_adv_inst/CLKOUT2
                         net (fo=1, routed)           1.581    -0.091    clk_wiz/inst/clk_out3_clk_wiz_0
    BUFGCTRL_X0Y2        BUFG (Prop_bufg_I_O)         0.091     0.000 r  clk_wiz/inst/clkout3_buf/O
                         net (fo=35, routed)          1.439     1.439    alu_0/clk
    SLICE_X13Y20         FDRE                                         r  alu_0/u_curr_reg[2]/C





Min Delay Paths
--------------------------------------------------------------------------------------
Slack:                    inf
  Source:                 run
                            (input port)
  Destination:            alu_0/x_curr_reg[8]/D
                            (rising edge-triggered cell FDRE clocked by clk_out3_clk_wiz_0  {rise@0.000ns fall@10.000ns period=20.000ns})
  Path Group:             (none)
  Path Type:              Hold (Min at Fast Process Corner)
  Data Path Delay:        2.007ns  (logic 0.444ns (22.103%)  route 1.563ns (77.897%))
  Logic Levels:           2  (IBUF=1 LUT6=1)
  Clock Path Skew:        0.821ns (DCD - SCD - CPR)
    Destination Clock Delay (DCD):    0.821ns
    Source Clock Delay      (SCD):    0.000ns
    Clock Pessimism Removal (CPR):    -0.000ns

    Location             Delay type                Incr(ns)  Path(ns)    Netlist Resource(s)
  -------------------------------------------------------------------    -------------------
    J1                                                0.000     0.000 f  run (IN)
                         net (fo=0)                   0.000     0.000    run
    J1                   IBUF (Prop_ibuf_I_O)         0.399     0.399 f  run_IBUF_inst/O
                         net (fo=29, routed)          1.563     1.962    alu_0/start
    SLICE_X12Y23         LUT6 (Prop_lut6_I5_O)        0.045     2.007 r  alu_0/x_curr[8]_i_2/O
                         net (fo=1, routed)           0.000     2.007    alu_0/p_0_in__0[8]
    SLICE_X12Y23         FDRE                                         r  alu_0/x_curr_reg[8]/D
  -------------------------------------------------------------------    -------------------

                         (clock clk_out3_clk_wiz_0 rise edge)
                                                      0.000     0.000 r  
    BUFGCTRL_X0Y3        BUFG                         0.000     0.000 r  clk_IBUF_BUFG_inst/O
                         net (fo=45, routed)          0.817     0.817    clk_wiz/inst/clk_in1
    MMCME2_ADV_X1Y0      MMCME2_ADV (Prop_mmcme2_adv_CLKIN1_CLKOUT2)
                                                     -1.375    -0.559 r  clk_wiz/inst/mmcm_adv_inst/CLKOUT2
                         net (fo=1, routed)           0.530    -0.029    clk_wiz/inst/clk_out3_clk_wiz_0
    BUFGCTRL_X0Y2        BUFG (Prop_bufg_I_O)         0.029     0.000 r  clk_wiz/inst/clkout3_buf/O
                         net (fo=35, routed)          0.821     0.821    alu_0/clk
    SLICE_X12Y23         FDRE                                         r  alu_0/x_curr_reg[8]/C

Slack:                    inf
  Source:                 run
                            (input port)
  Destination:            alu_0/x_curr_reg[5]/D
                            (rising edge-triggered cell FDRE clocked by clk_out3_clk_wiz_0  {rise@0.000ns fall@10.000ns period=20.000ns})
  Path Group:             (none)
  Path Type:              Hold (Min at Fast Process Corner)
  Data Path Delay:        2.008ns  (logic 0.444ns (22.092%)  route 1.564ns (77.908%))
  Logic Levels:           2  (IBUF=1 LUT3=1)
  Clock Path Skew:        0.821ns (DCD - SCD - CPR)
    Destination Clock Delay (DCD):    0.821ns
    Source Clock Delay      (SCD):    0.000ns
    Clock Pessimism Removal (CPR):    -0.000ns

    Location             Delay type                Incr(ns)  Path(ns)    Netlist Resource(s)
  -------------------------------------------------------------------    -------------------
    J1                                                0.000     0.000 f  run (IN)
                         net (fo=0)                   0.000     0.000    run
    J1                   IBUF (Prop_ibuf_I_O)         0.399     0.399 f  run_IBUF_inst/O
                         net (fo=29, routed)          1.564     1.963    alu_0/start
    SLICE_X12Y23         LUT3 (Prop_lut3_I2_O)        0.045     2.008 r  alu_0/x_curr[5]_i_1/O
                         net (fo=1, routed)           0.000     2.008    alu_0/p_0_in__0[5]
    SLICE_X12Y23         FDRE                                         r  alu_0/x_curr_reg[5]/D
  -------------------------------------------------------------------    -------------------

                         (clock clk_out3_clk_wiz_0 rise edge)
                                                      0.000     0.000 r  
    BUFGCTRL_X0Y3        BUFG                         0.000     0.000 r  clk_IBUF_BUFG_inst/O
                         net (fo=45, routed)          0.817     0.817    clk_wiz/inst/clk_in1
    MMCME2_ADV_X1Y0      MMCME2_ADV (Prop_mmcme2_adv_CLKIN1_CLKOUT2)
                                                     -1.375    -0.559 r  clk_wiz/inst/mmcm_adv_inst/CLKOUT2
                         net (fo=1, routed)           0.530    -0.029    clk_wiz/inst/clk_out3_clk_wiz_0
    BUFGCTRL_X0Y2        BUFG (Prop_bufg_I_O)         0.029     0.000 r  clk_wiz/inst/clkout3_buf/O
                         net (fo=35, routed)          0.821     0.821    alu_0/clk
    SLICE_X12Y23         FDRE                                         r  alu_0/x_curr_reg[5]/C

Slack:                    inf
  Source:                 run
                            (input port)
  Destination:            alu_0/x_curr_reg[7]/D
                            (rising edge-triggered cell FDRE clocked by clk_out3_clk_wiz_0  {rise@0.000ns fall@10.000ns period=20.000ns})
  Path Group:             (none)
  Path Type:              Hold (Min at Fast Process Corner)
  Data Path Delay:        2.009ns  (logic 0.445ns (22.131%)  route 1.564ns (77.869%))
  Logic Levels:           2  (IBUF=1 LUT5=1)
  Clock Path Skew:        0.821ns (DCD - SCD - CPR)
    Destination Clock Delay (DCD):    0.821ns
    Source Clock Delay      (SCD):    0.000ns
    Clock Pessimism Removal (CPR):    -0.000ns

    Location             Delay type                Incr(ns)  Path(ns)    Netlist Resource(s)
  -------------------------------------------------------------------    -------------------
    J1                                                0.000     0.000 f  run (IN)
                         net (fo=0)                   0.000     0.000    run
    J1                   IBUF (Prop_ibuf_I_O)         0.399     0.399 f  run_IBUF_inst/O
                         net (fo=29, routed)          1.564     1.963    alu_0/start
    SLICE_X12Y23         LUT5 (Prop_lut5_I4_O)        0.046     2.009 r  alu_0/x_curr[7]_i_1/O
                         net (fo=1, routed)           0.000     2.009    alu_0/p_0_in__0[7]
    SLICE_X12Y23         FDRE                                         r  alu_0/x_curr_reg[7]/D
  -------------------------------------------------------------------    -------------------

                         (clock clk_out3_clk_wiz_0 rise edge)
                                                      0.000     0.000 r  
    BUFGCTRL_X0Y3        BUFG                         0.000     0.000 r  clk_IBUF_BUFG_inst/O
                         net (fo=45, routed)          0.817     0.817    clk_wiz/inst/clk_in1
    MMCME2_ADV_X1Y0      MMCME2_ADV (Prop_mmcme2_adv_CLKIN1_CLKOUT2)
                                                     -1.375    -0.559 r  clk_wiz/inst/mmcm_adv_inst/CLKOUT2
                         net (fo=1, routed)           0.530    -0.029    clk_wiz/inst/clk_out3_clk_wiz_0
    BUFGCTRL_X0Y2        BUFG (Prop_bufg_I_O)         0.029     0.000 r  clk_wiz/inst/clkout3_buf/O
                         net (fo=35, routed)          0.821     0.821    alu_0/clk
    SLICE_X12Y23         FDRE                                         r  alu_0/x_curr_reg[7]/C

Slack:                    inf
  Source:                 continue_i
                            (input port)
  Destination:            alu_0/x_curr_reg[6]/D
                            (rising edge-triggered cell FDRE clocked by clk_out3_clk_wiz_0  {rise@0.000ns fall@10.000ns period=20.000ns})
  Path Group:             (none)
  Path Type:              Hold (Min at Fast Process Corner)
  Data Path Delay:        2.075ns  (logic 0.447ns (21.552%)  route 1.628ns (78.448%))
  Logic Levels:           2  (IBUF=1 LUT6=1)
  Clock Path Skew:        0.820ns (DCD - SCD - CPR)
    Destination Clock Delay (DCD):    0.820ns
    Source Clock Delay      (SCD):    0.000ns
    Clock Pessimism Removal (CPR):    -0.000ns

    Location             Delay type                Incr(ns)  Path(ns)    Netlist Resource(s)
  -------------------------------------------------------------------    -------------------
    G2                                                0.000     0.000 r  continue_i (IN)
                         net (fo=0)                   0.000     0.000    continue_i
    G2                   IBUF (Prop_ibuf_I_O)         0.402     0.402 r  continue_i_IBUF_inst/O
                         net (fo=6, routed)           1.628     2.030    alu_0/enable
    SLICE_X14Y24         LUT6 (Prop_lut6_I2_O)        0.045     2.075 r  alu_0/x_curr[6]_i_1/O
                         net (fo=1, routed)           0.000     2.075    alu_0/x_curr[6]_i_1_n_0
    SLICE_X14Y24         FDRE                                         r  alu_0/x_curr_reg[6]/D
  -------------------------------------------------------------------    -------------------

                         (clock clk_out3_clk_wiz_0 rise edge)
                                                      0.000     0.000 r  
    BUFGCTRL_X0Y3        BUFG                         0.000     0.000 r  clk_IBUF_BUFG_inst/O
                         net (fo=45, routed)          0.817     0.817    clk_wiz/inst/clk_in1
    MMCME2_ADV_X1Y0      MMCME2_ADV (Prop_mmcme2_adv_CLKIN1_CLKOUT2)
                                                     -1.375    -0.559 r  clk_wiz/inst/mmcm_adv_inst/CLKOUT2
                         net (fo=1, routed)           0.530    -0.029    clk_wiz/inst/clk_out3_clk_wiz_0
    BUFGCTRL_X0Y2        BUFG (Prop_bufg_I_O)         0.029     0.000 r  clk_wiz/inst/clkout3_buf/O
                         net (fo=35, routed)          0.820     0.820    alu_0/clk
    SLICE_X14Y24         FDRE                                         r  alu_0/x_curr_reg[6]/C

Slack:                    inf
  Source:                 run
                            (input port)
  Destination:            alu_0/u_curr_reg[9]/D
                            (rising edge-triggered cell FDRE clocked by clk_out3_clk_wiz_0  {rise@0.000ns fall@10.000ns period=20.000ns})
  Path Group:             (none)
  Path Type:              Hold (Min at Fast Process Corner)
  Data Path Delay:        2.086ns  (logic 0.509ns (24.383%)  route 1.577ns (75.617%))
  Logic Levels:           3  (CARRY4=1 IBUF=1 LUT2=1)
  Clock Path Skew:        0.823ns (DCD - SCD - CPR)
    Destination Clock Delay (DCD):    0.823ns
    Source Clock Delay      (SCD):    0.000ns
    Clock Pessimism Removal (CPR):    -0.000ns

    Location             Delay type                Incr(ns)  Path(ns)    Netlist Resource(s)
  -------------------------------------------------------------------    -------------------
    J1                                                0.000     0.000 f  run (IN)
                         net (fo=0)                   0.000     0.000    run
    J1                   IBUF (Prop_ibuf_I_O)         0.399     0.399 f  run_IBUF_inst/O
                         net (fo=29, routed)          1.577     1.976    alu_0/start
    SLICE_X13Y22         LUT2 (Prop_lut2_I1_O)        0.045     2.021 r  alu_0/u_curr[8]_i_4/O
                         net (fo=1, routed)           0.000     2.021    alu_0/u_curr[8]_i_4_n_0
    SLICE_X13Y22         CARRY4 (Prop_carry4_S[1]_O[1])
                                                      0.065     2.086 r  alu_0/u_curr_reg[8]_i_1/O[1]
                         net (fo=1, routed)           0.000     2.086    alu_0/u_curr_reg[8]_i_1_n_6
    SLICE_X13Y22         FDRE                                         r  alu_0/u_curr_reg[9]/D
  -------------------------------------------------------------------    -------------------

                         (clock clk_out3_clk_wiz_0 rise edge)
                                                      0.000     0.000 r  
    BUFGCTRL_X0Y3        BUFG                         0.000     0.000 r  clk_IBUF_BUFG_inst/O
                         net (fo=45, routed)          0.817     0.817    clk_wiz/inst/clk_in1
    MMCME2_ADV_X1Y0      MMCME2_ADV (Prop_mmcme2_adv_CLKIN1_CLKOUT2)
                                                     -1.375    -0.559 r  clk_wiz/inst/mmcm_adv_inst/CLKOUT2
                         net (fo=1, routed)           0.530    -0.029    clk_wiz/inst/clk_out3_clk_wiz_0
    BUFGCTRL_X0Y2        BUFG (Prop_bufg_I_O)         0.029     0.000 r  clk_wiz/inst/clkout3_buf/O
                         net (fo=35, routed)          0.823     0.823    alu_0/clk
    SLICE_X13Y22         FDRE                                         r  alu_0/u_curr_reg[9]/C

Slack:                    inf
  Source:                 run
                            (input port)
  Destination:            alu_0/u_curr_reg[8]/D
                            (rising edge-triggered cell FDRE clocked by clk_out3_clk_wiz_0  {rise@0.000ns fall@10.000ns period=20.000ns})
  Path Group:             (none)
  Path Type:              Hold (Min at Fast Process Corner)
  Data Path Delay:        2.092ns  (logic 0.514ns (24.552%)  route 1.578ns (75.448%))
  Logic Levels:           3  (CARRY4=1 IBUF=1 LUT2=1)
  Clock Path Skew:        0.823ns (DCD - SCD - CPR)
    Destination Clock Delay (DCD):    0.823ns
    Source Clock Delay      (SCD):    0.000ns
    Clock Pessimism Removal (CPR):    -0.000ns

    Location             Delay type                Incr(ns)  Path(ns)    Netlist Resource(s)
  -------------------------------------------------------------------    -------------------
    J1                                                0.000     0.000 f  run (IN)
                         net (fo=0)                   0.000     0.000    run
    J1                   IBUF (Prop_ibuf_I_O)         0.399     0.399 f  run_IBUF_inst/O
                         net (fo=29, routed)          1.578     1.977    alu_0/start
    SLICE_X13Y22         LUT2 (Prop_lut2_I1_O)        0.045     2.022 r  alu_0/u_curr[8]_i_5/O
                         net (fo=1, routed)           0.000     2.022    alu_0/u_curr[8]_i_5_n_0
    SLICE_X13Y22         CARRY4 (Prop_carry4_S[0]_O[0])
                                                      0.070     2.092 r  alu_0/u_curr_reg[8]_i_1/O[0]
                         net (fo=1, routed)           0.000     2.092    alu_0/u_curr_reg[8]_i_1_n_7
    SLICE_X13Y22         FDRE                                         r  alu_0/u_curr_reg[8]/D
  -------------------------------------------------------------------    -------------------

                         (clock clk_out3_clk_wiz_0 rise edge)
                                                      0.000     0.000 r  
    BUFGCTRL_X0Y3        BUFG                         0.000     0.000 r  clk_IBUF_BUFG_inst/O
                         net (fo=45, routed)          0.817     0.817    clk_wiz/inst/clk_in1
    MMCME2_ADV_X1Y0      MMCME2_ADV (Prop_mmcme2_adv_CLKIN1_CLKOUT2)
                                                     -1.375    -0.559 r  clk_wiz/inst/mmcm_adv_inst/CLKOUT2
                         net (fo=1, routed)           0.530    -0.029    clk_wiz/inst/clk_out3_clk_wiz_0
    BUFGCTRL_X0Y2        BUFG (Prop_bufg_I_O)         0.029     0.000 r  clk_wiz/inst/clkout3_buf/O
                         net (fo=35, routed)          0.823     0.823    alu_0/clk
    SLICE_X13Y22         FDRE                                         r  alu_0/u_curr_reg[8]/C

Slack:                    inf
  Source:                 continue_i
                            (input port)
  Destination:            alu_0/x_curr_reg[0]/D
                            (rising edge-triggered cell FDRE clocked by clk_out3_clk_wiz_0  {rise@0.000ns fall@10.000ns period=20.000ns})
  Path Group:             (none)
  Path Type:              Hold (Min at Fast Process Corner)
  Data Path Delay:        2.097ns  (logic 0.445ns (21.231%)  route 1.652ns (78.769%))
  Logic Levels:           2  (IBUF=1 LUT5=1)
  Clock Path Skew:        0.820ns (DCD - SCD - CPR)
    Destination Clock Delay (DCD):    0.820ns
    Source Clock Delay      (SCD):    0.000ns
    Clock Pessimism Removal (CPR):    -0.000ns

    Location             Delay type                Incr(ns)  Path(ns)    Netlist Resource(s)
  -------------------------------------------------------------------    -------------------
    G2                                                0.000     0.000 r  continue_i (IN)
                         net (fo=0)                   0.000     0.000    continue_i
    G2                   IBUF (Prop_ibuf_I_O)         0.402     0.402 r  continue_i_IBUF_inst/O
                         net (fo=6, routed)           1.652     2.054    alu_0/enable
    SLICE_X14Y24         LUT5 (Prop_lut5_I1_O)        0.043     2.097 r  alu_0/x_curr[0]_i_1/O
                         net (fo=1, routed)           0.000     2.097    alu_0/x_curr[0]_i_1_n_0
    SLICE_X14Y24         FDRE                                         r  alu_0/x_curr_reg[0]/D
  -------------------------------------------------------------------    -------------------

                         (clock clk_out3_clk_wiz_0 rise edge)
                                                      0.000     0.000 r  
    BUFGCTRL_X0Y3        BUFG                         0.000     0.000 r  clk_IBUF_BUFG_inst/O
                         net (fo=45, routed)          0.817     0.817    clk_wiz/inst/clk_in1
    MMCME2_ADV_X1Y0      MMCME2_ADV (Prop_mmcme2_adv_CLKIN1_CLKOUT2)
                                                     -1.375    -0.559 r  clk_wiz/inst/mmcm_adv_inst/CLKOUT2
                         net (fo=1, routed)           0.530    -0.029    clk_wiz/inst/clk_out3_clk_wiz_0
    BUFGCTRL_X0Y2        BUFG (Prop_bufg_I_O)         0.029     0.000 r  clk_wiz/inst/clkout3_buf/O
                         net (fo=35, routed)          0.820     0.820    alu_0/clk
    SLICE_X14Y24         FDRE                                         r  alu_0/x_curr_reg[0]/C

Slack:                    inf
  Source:                 continue_i
                            (input port)
  Destination:            alu_0/done_reg/D
                            (rising edge-triggered cell FDRE clocked by clk_out3_clk_wiz_0  {rise@0.000ns fall@10.000ns period=20.000ns})
  Path Group:             (none)
  Path Type:              Hold (Min at Fast Process Corner)
  Data Path Delay:        2.099ns  (logic 0.447ns (21.306%)  route 1.652ns (78.694%))
  Logic Levels:           2  (IBUF=1 LUT4=1)
  Clock Path Skew:        0.820ns (DCD - SCD - CPR)
    Destination Clock Delay (DCD):    0.820ns
    Source Clock Delay      (SCD):    0.000ns
    Clock Pessimism Removal (CPR):    -0.000ns

    Location             Delay type                Incr(ns)  Path(ns)    Netlist Resource(s)
  -------------------------------------------------------------------    -------------------
    G2                                                0.000     0.000 r  continue_i (IN)
                         net (fo=0)                   0.000     0.000    continue_i
    G2                   IBUF (Prop_ibuf_I_O)         0.402     0.402 r  continue_i_IBUF_inst/O
                         net (fo=6, routed)           1.652     2.054    alu_0/enable
    SLICE_X14Y24         LUT4 (Prop_lut4_I2_O)        0.045     2.099 r  alu_0/done_i_1/O
                         net (fo=1, routed)           0.000     2.099    alu_0/done_i_1_n_0
    SLICE_X14Y24         FDRE                                         r  alu_0/done_reg/D
  -------------------------------------------------------------------    -------------------

                         (clock clk_out3_clk_wiz_0 rise edge)
                                                      0.000     0.000 r  
    BUFGCTRL_X0Y3        BUFG                         0.000     0.000 r  clk_IBUF_BUFG_inst/O
                         net (fo=45, routed)          0.817     0.817    clk_wiz/inst/clk_in1
    MMCME2_ADV_X1Y0      MMCME2_ADV (Prop_mmcme2_adv_CLKIN1_CLKOUT2)
                                                     -1.375    -0.559 r  clk_wiz/inst/mmcm_adv_inst/CLKOUT2
                         net (fo=1, routed)           0.530    -0.029    clk_wiz/inst/clk_out3_clk_wiz_0
    BUFGCTRL_X0Y2        BUFG (Prop_bufg_I_O)         0.029     0.000 r  clk_wiz/inst/clkout3_buf/O
                         net (fo=35, routed)          0.820     0.820    alu_0/clk
    SLICE_X14Y24         FDRE                                         r  alu_0/done_reg/C

Slack:                    inf
  Source:                 continue_i
                            (input port)
  Destination:            alu_0/x_curr_reg[3]/D
                            (rising edge-triggered cell FDRE clocked by clk_out3_clk_wiz_0  {rise@0.000ns fall@10.000ns period=20.000ns})
  Path Group:             (none)
  Path Type:              Hold (Min at Fast Process Corner)
  Data Path Delay:        2.161ns  (logic 0.447ns (20.695%)  route 1.714ns (79.305%))
  Logic Levels:           2  (IBUF=1 LUT6=1)
  Clock Path Skew:        0.820ns (DCD - SCD - CPR)
    Destination Clock Delay (DCD):    0.820ns
    Source Clock Delay      (SCD):    0.000ns
    Clock Pessimism Removal (CPR):    -0.000ns

    Location             Delay type                Incr(ns)  Path(ns)    Netlist Resource(s)
  -------------------------------------------------------------------    -------------------
    G2                                                0.000     0.000 r  continue_i (IN)
                         net (fo=0)                   0.000     0.000    continue_i
    G2                   IBUF (Prop_ibuf_I_O)         0.402     0.402 r  continue_i_IBUF_inst/O
                         net (fo=6, routed)           1.714     2.116    alu_0/enable
    SLICE_X14Y24         LUT6 (Prop_lut6_I2_O)        0.045     2.161 r  alu_0/x_curr[3]_i_1/O
                         net (fo=1, routed)           0.000     2.161    alu_0/x_curr[3]_i_1_n_0
    SLICE_X14Y24         FDRE                                         r  alu_0/x_curr_reg[3]/D
  -------------------------------------------------------------------    -------------------

                         (clock clk_out3_clk_wiz_0 rise edge)
                                                      0.000     0.000 r  
    BUFGCTRL_X0Y3        BUFG                         0.000     0.000 r  clk_IBUF_BUFG_inst/O
                         net (fo=45, routed)          0.817     0.817    clk_wiz/inst/clk_in1
    MMCME2_ADV_X1Y0      MMCME2_ADV (Prop_mmcme2_adv_CLKIN1_CLKOUT2)
                                                     -1.375    -0.559 r  clk_wiz/inst/mmcm_adv_inst/CLKOUT2
                         net (fo=1, routed)           0.530    -0.029    clk_wiz/inst/clk_out3_clk_wiz_0
    BUFGCTRL_X0Y2        BUFG (Prop_bufg_I_O)         0.029     0.000 r  clk_wiz/inst/clkout3_buf/O
                         net (fo=35, routed)          0.820     0.820    alu_0/clk
    SLICE_X14Y24         FDRE                                         r  alu_0/x_curr_reg[3]/C

Slack:                    inf
  Source:                 run
                            (input port)
  Destination:            alu_0/u_curr_reg[10]/D
                            (rising edge-triggered cell FDRE clocked by clk_out3_clk_wiz_0  {rise@0.000ns fall@10.000ns period=20.000ns})
  Path Group:             (none)
  Path Type:              Hold (Min at Fast Process Corner)
  Data Path Delay:        2.168ns  (logic 0.590ns (27.197%)  route 1.578ns (72.803%))
  Logic Levels:           3  (CARRY4=1 IBUF=1 LUT2=1)
  Clock Path Skew:        0.823ns (DCD - SCD - CPR)
    Destination Clock Delay (DCD):    0.823ns
    Source Clock Delay      (SCD):    0.000ns
    Clock Pessimism Removal (CPR):    -0.000ns

    Location             Delay type                Incr(ns)  Path(ns)    Netlist Resource(s)
  -------------------------------------------------------------------    -------------------
    J1                                                0.000     0.000 f  run (IN)
                         net (fo=0)                   0.000     0.000    run
    J1                   IBUF (Prop_ibuf_I_O)         0.399     0.399 f  run_IBUF_inst/O
                         net (fo=29, routed)          1.578     1.977    alu_0/start
    SLICE_X13Y22         LUT2 (Prop_lut2_I1_O)        0.045     2.022 r  alu_0/u_curr[8]_i_5/O
                         net (fo=1, routed)           0.000     2.022    alu_0/u_curr[8]_i_5_n_0
    SLICE_X13Y22         CARRY4 (Prop_carry4_S[0]_O[2])
                                                      0.146     2.168 r  alu_0/u_curr_reg[8]_i_1/O[2]
                         net (fo=1, routed)           0.000     2.168    alu_0/u_curr_reg[8]_i_1_n_5
    SLICE_X13Y22         FDRE                                         r  alu_0/u_curr_reg[10]/D
  -------------------------------------------------------------------    -------------------

                         (clock clk_out3_clk_wiz_0 rise edge)
                                                      0.000     0.000 r  
    BUFGCTRL_X0Y3        BUFG                         0.000     0.000 r  clk_IBUF_BUFG_inst/O
                         net (fo=45, routed)          0.817     0.817    clk_wiz/inst/clk_in1
    MMCME2_ADV_X1Y0      MMCME2_ADV (Prop_mmcme2_adv_CLKIN1_CLKOUT2)
                                                     -1.375    -0.559 r  clk_wiz/inst/mmcm_adv_inst/CLKOUT2
                         net (fo=1, routed)           0.530    -0.029    clk_wiz/inst/clk_out3_clk_wiz_0
    BUFGCTRL_X0Y2        BUFG (Prop_bufg_I_O)         0.029     0.000 r  clk_wiz/inst/clkout3_buf/O
                         net (fo=35, routed)          0.823     0.823    alu_0/clk
    SLICE_X13Y22         FDRE                                         r  alu_0/u_curr_reg[10]/C





