17:25:20 DEBUG : Logs will be stored at 'D:/School/UIUC_ECE385_SP25/Final_Project/sdk/IDE.log'.
17:25:22 INFO  : Launching XSCT server: xsct.bat -n  -interactive D:\School\UIUC_ECE385_SP25\Final_Project\sdk\temp_xsdb_launch_script.tcl
17:25:22 INFO  : Platform repository initialization has completed.
17:25:22 INFO  : Registering command handlers for Vitis TCF services
17:25:24 INFO  : XSCT server has started successfully.
17:25:24 INFO  : Successfully done setting XSCT server connection channel  
17:25:24 INFO  : plnx-install-location is set to ''
17:25:24 INFO  : Successfully done query RDI_DATADIR 
17:25:24 INFO  : Successfully done setting workspace for the tool. 
22:21:29 INFO  : Result from executing command 'getProjects': mb_lab7_1_wrapper
22:21:29 INFO  : Result from executing command 'getPlatforms': 
22:21:29 WARN  : An unexpected exception occurred in the module 'platform project logging'
22:21:29 INFO  : Platform 'mb_lab7_1_wrapper' is added to custom repositories.
22:21:31 INFO  : Platform 'mb_lab7_1_wrapper' is added to custom repositories.
00:56:19 INFO  : Result from executing command 'getProjects': mb_lab7_1_wrapper
00:56:19 INFO  : Result from executing command 'getPlatforms': mb_lab7_1_wrapper|D:/School/UIUC_ECE385_SP25/Final_Project/sdk/mb_lab7_1_wrapper/export/mb_lab7_1_wrapper/mb_lab7_1_wrapper.xpfm
00:56:20 INFO  : Checking for BSP changes to sync application flags for project 'final_project'...
01:18:50 INFO  : Checking for BSP changes to sync application flags for project 'final_project'...
01:35:57 INFO  : Checking for BSP changes to sync application flags for project 'final_project'...
01:36:09 INFO  : Checking for BSP changes to sync application flags for project 'final_project'...
01:37:00 INFO  : Checking for BSP changes to sync application flags for project 'final_project'...
01:37:27 INFO  : Checking for BSP changes to sync application flags for project 'final_project'...
01:39:24 INFO  : Checking for BSP changes to sync application flags for project 'final_project'...
01:55:35 INFO  : Checking for BSP changes to sync application flags for project 'final_project'...
02:08:44 INFO  : Checking for BSP changes to sync application flags for project 'final_project'...
02:13:09 INFO  : Checking for BSP changes to sync application flags for project 'final_project'...
02:16:01 INFO  : Checking for BSP changes to sync application flags for project 'final_project'...
02:16:52 INFO  : Checking for BSP changes to sync application flags for project 'final_project'...
02:20:10 INFO  : Checking for BSP changes to sync application flags for project 'final_project'...
02:22:36 INFO  : Checking for BSP changes to sync application flags for project 'final_project'...
02:23:57 INFO  : Checking for BSP changes to sync application flags for project 'final_project'...
02:27:04 INFO  : Checking for BSP changes to sync application flags for project 'final_project'...
02:33:08 INFO  : Checking for BSP changes to sync application flags for project 'final_project'...
02:36:37 INFO  : Checking for BSP changes to sync application flags for project 'final_project'...
02:39:36 INFO  : Checking for BSP changes to sync application flags for project 'final_project'...
02:40:11 INFO  : Connected to target on host '127.0.0.1' and port '3121'.
02:40:12 INFO  : Jtag cable 'RealDigital Boo 88710000000EA' is selected.
02:40:12 INFO  : 'jtag frequency' command is executed.
02:40:12 INFO  : 'targets -set -filter {jtag_cable_name =~ "RealDigital Boo 88710000000EA" && level==0 && jtag_device_ctx=="jsn1-0362f093-0"}' command is executed.
02:40:13 INFO  : Device configured successfully with "D:/School/UIUC_ECE385_SP25/Final_Project/sdk/final_project/_ide/bitstream/mb_lab7_1_wrapper.bit"
02:40:13 INFO  : Context for processor 'microblaze_0' is selected.
02:40:13 INFO  : Hardware design and registers information is loaded from 'D:/School/UIUC_ECE385_SP25/Final_Project/sdk/mb_lab7_1_wrapper/export/mb_lab7_1_wrapper/hw/mb_lab7_1_wrapper.xsa'.
02:40:13 INFO  : 'configparams mdm-detect-bscan-mask 2' command is executed.
02:40:13 INFO  : Context for processor 'microblaze_0' is selected.
02:40:13 INFO  : System reset is completed.
02:40:16 INFO  : 'after 3000' command is executed.
02:40:16 INFO  : Context for processor 'microblaze_0' is selected.
02:40:16 ERROR : Cannot stop MicroBlaze. MicroBlaze is held in reset
02:40:16 INFO  : ----------------XSDB Script----------------
connect -url tcp:127.0.0.1:3121
targets -set -filter {jtag_cable_name =~ "RealDigital Boo 88710000000EA" && level==0 && jtag_device_ctx=="jsn1-0362f093-0"}
fpga -file D:/School/UIUC_ECE385_SP25/Final_Project/sdk/final_project/_ide/bitstream/mb_lab7_1_wrapper.bit
targets -set -nocase -filter {name =~ "*microblaze*#0" && bscan=="USER2" }
loadhw -hw D:/School/UIUC_ECE385_SP25/Final_Project/sdk/mb_lab7_1_wrapper/export/mb_lab7_1_wrapper/hw/mb_lab7_1_wrapper.xsa -regs
configparams mdm-detect-bscan-mask 2
targets -set -nocase -filter {name =~ "*microblaze*#0" && bscan=="USER2" }
rst -system
after 3000
targets -set -nocase -filter {name =~ "*microblaze*#0" && bscan=="USER2" }
dow D:/School/UIUC_ECE385_SP25/Final_Project/sdk/final_project/Debug/final_project.elf
----------------End of Script----------------

02:40:16 ERROR : Cannot stop MicroBlaze. MicroBlaze is held in reset
03:21:28 INFO  : Hardware specification for platform project 'mb_lab7_1_wrapper' is updated.
03:21:40 INFO  : Result from executing command 'removePlatformRepo': 
03:21:46 INFO  : Result from executing command 'getProjects': mb_lab7_1_wrapper
03:21:46 INFO  : Result from executing command 'getPlatforms': 
03:21:46 INFO  : Checking for BSP changes to sync application flags for project 'final_project'...
03:21:48 INFO  : The hardware specification used by project 'final_project' is out of sync with the platform. Resource files extracted from the hardware specification will be updated.
03:21:48 INFO  : The file 'D:\School\UIUC_ECE385_SP25\Final_Project\sdk\final_project\_ide\bitstream\mb_lab7_1_wrapper.bit' stored in project is removed.
03:21:48 INFO  : The file 'D:\School\UIUC_ECE385_SP25\Final_Project\sdk\final_project\_ide\bitstream\mb_lab7_1_wrapper.mmi' stored in project is removed.
03:21:48 INFO  : The updated bitstream files are copied from platform to folder 'D:\School\UIUC_ECE385_SP25\Final_Project\sdk\final_project\_ide\bitstream' in project 'final_project'.
03:21:58 INFO  : Connected to target on host '127.0.0.1' and port '3121'.
03:21:59 INFO  : Jtag cable 'RealDigital Boo 88710000000EA' is selected.
03:21:59 INFO  : 'jtag frequency' command is executed.
03:21:59 INFO  : 'targets -set -filter {jtag_cable_name =~ "RealDigital Boo 88710000000EA" && level==0 && jtag_device_ctx=="jsn1-0362f093-0"}' command is executed.
03:22:00 INFO  : Device configured successfully with "D:/School/UIUC_ECE385_SP25/Final_Project/sdk/final_project/_ide/bitstream/mb_lab7_1_wrapper.bit"
03:22:00 INFO  : Context for processor 'microblaze_0' is selected.
03:22:00 INFO  : Hardware design and registers information is loaded from 'D:/School/UIUC_ECE385_SP25/Final_Project/sdk/mb_lab7_1_wrapper/export/mb_lab7_1_wrapper/hw/mb_lab7_1_wrapper.xsa'.
03:22:00 INFO  : 'configparams mdm-detect-bscan-mask 2' command is executed.
03:22:00 INFO  : Context for processor 'microblaze_0' is selected.
03:22:00 INFO  : System reset is completed.
03:22:03 INFO  : 'after 3000' command is executed.
03:22:03 INFO  : Context for processor 'microblaze_0' is selected.
03:22:03 INFO  : The application 'D:/School/UIUC_ECE385_SP25/Final_Project/sdk/final_project/Debug/final_project.elf' is downloaded to processor 'microblaze_0'.
03:22:03 INFO  : ----------------XSDB Script----------------
connect -url tcp:127.0.0.1:3121
targets -set -filter {jtag_cable_name =~ "RealDigital Boo 88710000000EA" && level==0 && jtag_device_ctx=="jsn1-0362f093-0"}
fpga -file D:/School/UIUC_ECE385_SP25/Final_Project/sdk/final_project/_ide/bitstream/mb_lab7_1_wrapper.bit
targets -set -nocase -filter {name =~ "*microblaze*#0" && bscan=="USER2" }
loadhw -hw D:/School/UIUC_ECE385_SP25/Final_Project/sdk/mb_lab7_1_wrapper/export/mb_lab7_1_wrapper/hw/mb_lab7_1_wrapper.xsa -regs
configparams mdm-detect-bscan-mask 2
targets -set -nocase -filter {name =~ "*microblaze*#0" && bscan=="USER2" }
rst -system
after 3000
targets -set -nocase -filter {name =~ "*microblaze*#0" && bscan=="USER2" }
dow D:/School/UIUC_ECE385_SP25/Final_Project/sdk/final_project/Debug/final_project.elf
----------------End of Script----------------

03:22:03 INFO  : Context for processor 'microblaze_0' is selected.
03:22:03 INFO  : 'con' command is executed.
03:22:03 INFO  : ----------------XSDB Script (After Launch)----------------
targets -set -nocase -filter {name =~ "*microblaze*#0" && bscan=="USER2" }
con
----------------End of Script----------------

03:22:03 INFO  : Disconnected from the channel tcfchan#2.
03:54:47 INFO  : Checking for BSP changes to sync application flags for project 'final_project'...
03:54:52 INFO  : Connected to target on host '127.0.0.1' and port '3121'.
03:54:52 INFO  : Jtag cable 'RealDigital Boo 88710000000EA' is selected.
03:54:52 INFO  : 'jtag frequency' command is executed.
03:54:52 INFO  : 'targets -set -filter {jtag_cable_name =~ "RealDigital Boo 88710000000EA" && level==0 && jtag_device_ctx=="jsn1-0362f093-0"}' command is executed.
03:54:54 INFO  : Device configured successfully with "D:/School/UIUC_ECE385_SP25/Final_Project/sdk/final_project/_ide/bitstream/mb_lab7_1_wrapper.bit"
03:54:54 INFO  : Context for processor 'microblaze_0' is selected.
03:54:54 INFO  : Hardware design and registers information is loaded from 'D:/School/UIUC_ECE385_SP25/Final_Project/sdk/mb_lab7_1_wrapper/export/mb_lab7_1_wrapper/hw/mb_lab7_1_wrapper.xsa'.
03:54:54 INFO  : 'configparams mdm-detect-bscan-mask 2' command is executed.
03:54:54 INFO  : Context for processor 'microblaze_0' is selected.
03:54:54 INFO  : System reset is completed.
03:54:57 INFO  : 'after 3000' command is executed.
03:54:57 INFO  : Context for processor 'microblaze_0' is selected.
03:54:57 INFO  : The application 'D:/School/UIUC_ECE385_SP25/Final_Project/sdk/final_project/Debug/final_project.elf' is downloaded to processor 'microblaze_0'.
03:54:57 INFO  : ----------------XSDB Script----------------
connect -url tcp:127.0.0.1:3121
targets -set -filter {jtag_cable_name =~ "RealDigital Boo 88710000000EA" && level==0 && jtag_device_ctx=="jsn1-0362f093-0"}
fpga -file D:/School/UIUC_ECE385_SP25/Final_Project/sdk/final_project/_ide/bitstream/mb_lab7_1_wrapper.bit
targets -set -nocase -filter {name =~ "*microblaze*#0" && bscan=="USER2" }
loadhw -hw D:/School/UIUC_ECE385_SP25/Final_Project/sdk/mb_lab7_1_wrapper/export/mb_lab7_1_wrapper/hw/mb_lab7_1_wrapper.xsa -regs
configparams mdm-detect-bscan-mask 2
targets -set -nocase -filter {name =~ "*microblaze*#0" && bscan=="USER2" }
rst -system
after 3000
targets -set -nocase -filter {name =~ "*microblaze*#0" && bscan=="USER2" }
dow D:/School/UIUC_ECE385_SP25/Final_Project/sdk/final_project/Debug/final_project.elf
----------------End of Script----------------

03:54:57 INFO  : Context for processor 'microblaze_0' is selected.
03:54:57 INFO  : 'con' command is executed.
03:54:57 INFO  : ----------------XSDB Script (After Launch)----------------
targets -set -nocase -filter {name =~ "*microblaze*#0" && bscan=="USER2" }
con
----------------End of Script----------------

03:54:57 INFO  : Disconnected from the channel tcfchan#5.
03:58:08 INFO  : Checking for BSP changes to sync application flags for project 'final_project'...
03:58:12 INFO  : Connected to target on host '127.0.0.1' and port '3121'.
03:58:12 INFO  : Jtag cable 'RealDigital Boo 88710000000EA' is selected.
03:58:12 INFO  : 'jtag frequency' command is executed.
03:58:12 INFO  : 'targets -set -filter {jtag_cable_name =~ "RealDigital Boo 88710000000EA" && level==0 && jtag_device_ctx=="jsn1-0362f093-0"}' command is executed.
03:58:13 INFO  : Device configured successfully with "D:/School/UIUC_ECE385_SP25/Final_Project/sdk/final_project/_ide/bitstream/mb_lab7_1_wrapper.bit"
03:58:13 INFO  : Context for processor 'microblaze_0' is selected.
03:58:13 INFO  : Hardware design and registers information is loaded from 'D:/School/UIUC_ECE385_SP25/Final_Project/sdk/mb_lab7_1_wrapper/export/mb_lab7_1_wrapper/hw/mb_lab7_1_wrapper.xsa'.
03:58:13 INFO  : 'configparams mdm-detect-bscan-mask 2' command is executed.
03:58:13 INFO  : Context for processor 'microblaze_0' is selected.
03:58:13 INFO  : System reset is completed.
03:58:16 INFO  : 'after 3000' command is executed.
03:58:16 INFO  : Context for processor 'microblaze_0' is selected.
03:58:16 INFO  : The application 'D:/School/UIUC_ECE385_SP25/Final_Project/sdk/final_project/Debug/final_project.elf' is downloaded to processor 'microblaze_0'.
03:58:16 INFO  : ----------------XSDB Script----------------
connect -url tcp:127.0.0.1:3121
targets -set -filter {jtag_cable_name =~ "RealDigital Boo 88710000000EA" && level==0 && jtag_device_ctx=="jsn1-0362f093-0"}
fpga -file D:/School/UIUC_ECE385_SP25/Final_Project/sdk/final_project/_ide/bitstream/mb_lab7_1_wrapper.bit
targets -set -nocase -filter {name =~ "*microblaze*#0" && bscan=="USER2" }
loadhw -hw D:/School/UIUC_ECE385_SP25/Final_Project/sdk/mb_lab7_1_wrapper/export/mb_lab7_1_wrapper/hw/mb_lab7_1_wrapper.xsa -regs
configparams mdm-detect-bscan-mask 2
targets -set -nocase -filter {name =~ "*microblaze*#0" && bscan=="USER2" }
rst -system
after 3000
targets -set -nocase -filter {name =~ "*microblaze*#0" && bscan=="USER2" }
dow D:/School/UIUC_ECE385_SP25/Final_Project/sdk/final_project/Debug/final_project.elf
----------------End of Script----------------

03:58:16 INFO  : Context for processor 'microblaze_0' is selected.
03:58:16 INFO  : 'con' command is executed.
03:58:16 INFO  : ----------------XSDB Script (After Launch)----------------
targets -set -nocase -filter {name =~ "*microblaze*#0" && bscan=="USER2" }
con
----------------End of Script----------------

03:58:16 INFO  : Disconnected from the channel tcfchan#6.
03:58:30 INFO  : Connected to target on host '127.0.0.1' and port '3121'.
03:58:30 INFO  : Jtag cable 'RealDigital Boo 88710000000EA' is selected.
03:58:30 INFO  : 'jtag frequency' command is executed.
03:58:30 INFO  : 'targets -set -filter {jtag_cable_name =~ "RealDigital Boo 88710000000EA" && level==0 && jtag_device_ctx=="jsn1-0362f093-0"}' command is executed.
03:58:31 INFO  : Device configured successfully with "D:/School/UIUC_ECE385_SP25/Final_Project/sdk/final_project/_ide/bitstream/mb_lab7_1_wrapper.bit"
03:58:31 INFO  : Context for processor 'microblaze_0' is selected.
03:58:31 INFO  : Hardware design and registers information is loaded from 'D:/School/UIUC_ECE385_SP25/Final_Project/sdk/mb_lab7_1_wrapper/export/mb_lab7_1_wrapper/hw/mb_lab7_1_wrapper.xsa'.
03:58:31 INFO  : 'configparams mdm-detect-bscan-mask 2' command is executed.
03:58:31 INFO  : Context for processor 'microblaze_0' is selected.
03:58:31 INFO  : System reset is completed.
03:58:34 INFO  : 'after 3000' command is executed.
03:58:34 INFO  : Context for processor 'microblaze_0' is selected.
03:58:34 INFO  : The application 'D:/School/UIUC_ECE385_SP25/Final_Project/sdk/final_project/Debug/final_project.elf' is downloaded to processor 'microblaze_0'.
03:58:34 INFO  : ----------------XSDB Script----------------
connect -url tcp:127.0.0.1:3121
targets -set -filter {jtag_cable_name =~ "RealDigital Boo 88710000000EA" && level==0 && jtag_device_ctx=="jsn1-0362f093-0"}
fpga -file D:/School/UIUC_ECE385_SP25/Final_Project/sdk/final_project/_ide/bitstream/mb_lab7_1_wrapper.bit
targets -set -nocase -filter {name =~ "*microblaze*#0" && bscan=="USER2" }
loadhw -hw D:/School/UIUC_ECE385_SP25/Final_Project/sdk/mb_lab7_1_wrapper/export/mb_lab7_1_wrapper/hw/mb_lab7_1_wrapper.xsa -regs
configparams mdm-detect-bscan-mask 2
targets -set -nocase -filter {name =~ "*microblaze*#0" && bscan=="USER2" }
rst -system
after 3000
targets -set -nocase -filter {name =~ "*microblaze*#0" && bscan=="USER2" }
dow D:/School/UIUC_ECE385_SP25/Final_Project/sdk/final_project/Debug/final_project.elf
----------------End of Script----------------

03:58:34 INFO  : Context for processor 'microblaze_0' is selected.
03:58:34 INFO  : 'con' command is executed.
03:58:34 INFO  : ----------------XSDB Script (After Launch)----------------
targets -set -nocase -filter {name =~ "*microblaze*#0" && bscan=="USER2" }
con
----------------End of Script----------------

03:58:34 INFO  : Disconnected from the channel tcfchan#7.
14:14:35 INFO  : Checking for BSP changes to sync application flags for project 'final_project'...
14:19:14 INFO  : Checking for BSP changes to sync application flags for project 'final_project'...
14:22:40 INFO  : Checking for BSP changes to sync application flags for project 'final_project'...
14:23:01 INFO  : Checking for BSP changes to sync application flags for project 'final_project'...
14:31:56 INFO  : Checking for BSP changes to sync application flags for project 'final_project'...
14:37:35 INFO  : Checking for BSP changes to sync application flags for project 'final_project'...
14:37:49 INFO  : Checking for BSP changes to sync application flags for project 'final_project'...
14:38:51 INFO  : Checking for BSP changes to sync application flags for project 'final_project'...
14:39:50 INFO  : Checking for BSP changes to sync application flags for project 'final_project'...
14:40:35 INFO  : Checking for BSP changes to sync application flags for project 'final_project'...
14:41:49 INFO  : Checking for BSP changes to sync application flags for project 'final_project'...
14:42:25 INFO  : Checking for BSP changes to sync application flags for project 'final_project'...
14:42:38 INFO  : Checking for BSP changes to sync application flags for project 'final_project'...
14:43:03 INFO  : Checking for BSP changes to sync application flags for project 'final_project'...
14:43:34 INFO  : Checking for BSP changes to sync application flags for project 'final_project'...
14:43:45 INFO  : Checking for BSP changes to sync application flags for project 'final_project'...
14:43:56 INFO  : Checking for BSP changes to sync application flags for project 'final_project'...
14:44:05 INFO  : Checking for BSP changes to sync application flags for project 'final_project'...
14:44:19 INFO  : Checking for BSP changes to sync application flags for project 'final_project'...
14:44:28 INFO  : Checking for BSP changes to sync application flags for project 'final_project'...
14:44:36 INFO  : Checking for BSP changes to sync application flags for project 'final_project'...
14:44:44 INFO  : Checking for BSP changes to sync application flags for project 'final_project'...
14:44:48 INFO  : Checking for BSP changes to sync application flags for project 'final_project'...
14:45:02 INFO  : Checking for BSP changes to sync application flags for project 'final_project'...
22:42:41 INFO  : Hardware specification for platform project 'mb_lab7_1_wrapper' is updated.
23:47:02 INFO  : Hardware specification for platform project 'mb_lab7_1_wrapper' is updated.
23:47:41 INFO  : Result from executing command 'getProjects': mb_lab7_1_wrapper
23:47:41 INFO  : Result from executing command 'getPlatforms': mb_lab7_1_wrapper|D:/School/UIUC_ECE385_SP25/Final_Project/sdk/mb_lab7_1_wrapper/export/mb_lab7_1_wrapper/mb_lab7_1_wrapper.xpfm
23:47:41 INFO  : Checking for BSP changes to sync application flags for project 'final_project'...
23:47:41 INFO  : Updating application flags with new BSP settings...
23:47:41 ERROR : Failed to update application flags from BSP for 'final_project'. Reason: null
java.lang.NullPointerException: null
	at com.xilinx.sdk.sw.internal.SwDb.getComponentAppCompilerFlags(SwDb.java:761) ~[com.xilinx.sdk.sw_1.0.0.202210132147.jar:?]
	at com.xilinx.sdx.sw.internal.SDxSwPlatform.getSwPlatformCompilerFlags(SDxSwPlatform.java:1177) ~[com.xilinx.sdx.sw_1.0.0.202210132147.jar:?]
	at com.xilinx.sdx.sdk.core.build.AppSwBuildOptionsHelper.inferSwPlatformFlags(AppSwBuildOptionsHelper.java:54) ~[com.xilinx.sdx.sdk.core_1.0.0.202210132147.jar:?]
	at com.xilinx.sdx.sdk.core.build.AppSwBuildOptionsHelper.updateBuildOptions(AppSwBuildOptionsHelper.java:46) ~[com.xilinx.sdx.sdk.core_1.0.0.202210132147.jar:?]
	at com.xilinx.sdx.sdk.core.build.SdkMakefileGenerationListener.updateSwBuildOptions(SdkMakefileGenerationListener.java:215) ~[com.xilinx.sdx.sdk.core_1.0.0.202210132147.jar:?]
	at com.xilinx.sdx.sdk.core.build.SdkMakefileGenerationListener.syncAppFlags(SdkMakefileGenerationListener.java:99) [com.xilinx.sdx.sdk.core_1.0.0.202210132147.jar:?]
	at com.xilinx.sdx.sdk.core.build.SdkMakefileGenerationListener.preMakefileGeneration(SdkMakefileGenerationListener.java:48) [com.xilinx.sdx.sdk.core_1.0.0.202210132147.jar:?]
	at com.xilinx.sdk.managedbuilder.XilinxGnuMakefileGenerator.notifyPreMakefileGenerationListeners(XilinxGnuMakefileGenerator.java:91) [com.xilinx.sdk.managedbuilder_1.0.0.202210132147.jar:?]
	at com.xilinx.sdk.managedbuilder.XilinxGnuMakefileGenerator.generateMakefiles(XilinxGnuMakefileGenerator.java:40) [com.xilinx.sdk.managedbuilder_1.0.0.202210132147.jar:?]
	at org.eclipse.cdt.managedbuilder.internal.core.CommonBuilder.performMakefileGeneration(CommonBuilder.java:1008) [org.eclipse.cdt.managedbuilder.core_8.6.0.201802261533.jar:?]
	at org.eclipse.cdt.managedbuilder.internal.core.CommonBuilder.performPrebuildGeneration(CommonBuilder.java:873) [org.eclipse.cdt.managedbuilder.core_8.6.0.201802261533.jar:?]
	at org.eclipse.cdt.managedbuilder.internal.core.CommonBuilder.build(CommonBuilder.java:748) [org.eclipse.cdt.managedbuilder.core_8.6.0.201802261533.jar:?]
	at org.eclipse.cdt.managedbuilder.internal.core.CommonBuilder.build(CommonBuilder.java:510) [org.eclipse.cdt.managedbuilder.core_8.6.0.201802261533.jar:?]
	at org.eclipse.cdt.managedbuilder.internal.core.CommonBuilder.build(CommonBuilder.java:459) [org.eclipse.cdt.managedbuilder.core_8.6.0.201802261533.jar:?]
	at org.eclipse.core.internal.events.BuildManager$2.run(BuildManager.java:832) [org.eclipse.core.resources_3.13.700.v20200209-1624.jar:?]
	at org.eclipse.core.runtime.SafeRunner.run(SafeRunner.java:45) [org.eclipse.equinox.common_3.11.0.v20200206-0817.jar:?]
	at org.eclipse.core.internal.events.BuildManager.basicBuild(BuildManager.java:220) [org.eclipse.core.resources_3.13.700.v20200209-1624.jar:?]
	at org.eclipse.core.internal.events.BuildManager.basicBuild(BuildManager.java:263) [org.eclipse.core.resources_3.13.700.v20200209-1624.jar:?]
	at org.eclipse.core.internal.events.BuildManager$1.run(BuildManager.java:316) [org.eclipse.core.resources_3.13.700.v20200209-1624.jar:?]
	at org.eclipse.core.runtime.SafeRunner.run(SafeRunner.java:45) [org.eclipse.equinox.common_3.11.0.v20200206-0817.jar:?]
	at org.eclipse.core.internal.events.BuildManager.basicBuild(BuildManager.java:319) [org.eclipse.core.resources_3.13.700.v20200209-1624.jar:?]
	at org.eclipse.core.internal.events.BuildManager.basicBuildLoop(BuildManager.java:371) [org.eclipse.core.resources_3.13.700.v20200209-1624.jar:?]
	at org.eclipse.core.internal.events.BuildManager.build(BuildManager.java:392) [org.eclipse.core.resources_3.13.700.v20200209-1624.jar:?]
	at org.eclipse.core.internal.resources.Workspace.buildInternal(Workspace.java:515) [org.eclipse.core.resources_3.13.700.v20200209-1624.jar:?]
	at org.eclipse.core.internal.resources.Workspace.build(Workspace.java:412) [org.eclipse.core.resources_3.13.700.v20200209-1624.jar:?]
	at org.eclipse.ui.actions.BuildAction$1.runInWorkspace(BuildAction.java:291) [org.eclipse.ui.ide_3.17.0.v20200217-1511.jar:?]
	at org.eclipse.core.internal.resources.InternalWorkspaceJob.run(InternalWorkspaceJob.java:42) [org.eclipse.core.resources_3.13.700.v20200209-1624.jar:?]
	at org.eclipse.core.internal.jobs.Worker.run(Worker.java:63) [org.eclipse.core.jobs_3.10.700.v20200106-1020.jar:?]
23:47:42 INFO  : The hardware specification used by project 'final_project' is out of sync with the platform. Resource files extracted from the hardware specification will be updated.
23:47:42 INFO  : The file 'D:\School\UIUC_ECE385_SP25\Final_Project\sdk\final_project\_ide\bitstream\mb_lab7_1_wrapper.bit' stored in project is removed.
23:47:42 INFO  : The file 'D:\School\UIUC_ECE385_SP25\Final_Project\sdk\final_project\_ide\bitstream\mb_lab7_1_wrapper.mmi' stored in project is removed.
23:47:42 INFO  : The updated bitstream files are copied from platform to folder 'D:\School\UIUC_ECE385_SP25\Final_Project\sdk\final_project\_ide\bitstream' in project 'final_project'.
23:48:18 INFO  : Checking for BSP changes to sync application flags for project 'final_project'...
23:48:18 INFO  : Updating application flags with new BSP settings...
23:48:18 ERROR : Failed to update application flags from BSP for 'final_project'. Reason: null
java.lang.NullPointerException: null
	at com.xilinx.sdk.sw.internal.SwDb.getComponentAppCompilerFlags(SwDb.java:761) ~[com.xilinx.sdk.sw_1.0.0.202210132147.jar:?]
	at com.xilinx.sdx.sw.internal.SDxSwPlatform.getSwPlatformCompilerFlags(SDxSwPlatform.java:1177) ~[com.xilinx.sdx.sw_1.0.0.202210132147.jar:?]
	at com.xilinx.sdx.sdk.core.build.AppSwBuildOptionsHelper.inferSwPlatformFlags(AppSwBuildOptionsHelper.java:54) ~[com.xilinx.sdx.sdk.core_1.0.0.202210132147.jar:?]
	at com.xilinx.sdx.sdk.core.build.AppSwBuildOptionsHelper.updateBuildOptions(AppSwBuildOptionsHelper.java:46) ~[com.xilinx.sdx.sdk.core_1.0.0.202210132147.jar:?]
	at com.xilinx.sdx.sdk.core.build.SdkMakefileGenerationListener.updateSwBuildOptions(SdkMakefileGenerationListener.java:215) ~[com.xilinx.sdx.sdk.core_1.0.0.202210132147.jar:?]
	at com.xilinx.sdx.sdk.core.build.SdkMakefileGenerationListener.syncAppFlags(SdkMakefileGenerationListener.java:99) [com.xilinx.sdx.sdk.core_1.0.0.202210132147.jar:?]
	at com.xilinx.sdx.sdk.core.build.SdkMakefileGenerationListener.preMakefileGeneration(SdkMakefileGenerationListener.java:48) [com.xilinx.sdx.sdk.core_1.0.0.202210132147.jar:?]
	at com.xilinx.sdk.managedbuilder.XilinxGnuMakefileGenerator.notifyPreMakefileGenerationListeners(XilinxGnuMakefileGenerator.java:91) [com.xilinx.sdk.managedbuilder_1.0.0.202210132147.jar:?]
	at com.xilinx.sdk.managedbuilder.XilinxGnuMakefileGenerator.generateMakefiles(XilinxGnuMakefileGenerator.java:40) [com.xilinx.sdk.managedbuilder_1.0.0.202210132147.jar:?]
	at org.eclipse.cdt.managedbuilder.internal.core.CommonBuilder.performMakefileGeneration(CommonBuilder.java:1008) [org.eclipse.cdt.managedbuilder.core_8.6.0.201802261533.jar:?]
	at org.eclipse.cdt.managedbuilder.internal.core.CommonBuilder.performPrebuildGeneration(CommonBuilder.java:873) [org.eclipse.cdt.managedbuilder.core_8.6.0.201802261533.jar:?]
	at org.eclipse.cdt.managedbuilder.internal.core.CommonBuilder.build(CommonBuilder.java:748) [org.eclipse.cdt.managedbuilder.core_8.6.0.201802261533.jar:?]
	at org.eclipse.cdt.managedbuilder.internal.core.CommonBuilder.build(CommonBuilder.java:510) [org.eclipse.cdt.managedbuilder.core_8.6.0.201802261533.jar:?]
	at org.eclipse.cdt.managedbuilder.internal.core.CommonBuilder.build(CommonBuilder.java:459) [org.eclipse.cdt.managedbuilder.core_8.6.0.201802261533.jar:?]
	at org.eclipse.core.internal.events.BuildManager$2.run(BuildManager.java:832) [org.eclipse.core.resources_3.13.700.v20200209-1624.jar:?]
	at org.eclipse.core.runtime.SafeRunner.run(SafeRunner.java:45) [org.eclipse.equinox.common_3.11.0.v20200206-0817.jar:?]
	at org.eclipse.core.internal.events.BuildManager.basicBuild(BuildManager.java:220) [org.eclipse.core.resources_3.13.700.v20200209-1624.jar:?]
	at org.eclipse.core.internal.events.BuildManager.basicBuild(BuildManager.java:263) [org.eclipse.core.resources_3.13.700.v20200209-1624.jar:?]
	at org.eclipse.core.internal.events.BuildManager$1.run(BuildManager.java:316) [org.eclipse.core.resources_3.13.700.v20200209-1624.jar:?]
	at org.eclipse.core.runtime.SafeRunner.run(SafeRunner.java:45) [org.eclipse.equinox.common_3.11.0.v20200206-0817.jar:?]
	at org.eclipse.core.internal.events.BuildManager.basicBuild(BuildManager.java:319) [org.eclipse.core.resources_3.13.700.v20200209-1624.jar:?]
	at org.eclipse.core.internal.events.BuildManager.basicBuildLoop(BuildManager.java:371) [org.eclipse.core.resources_3.13.700.v20200209-1624.jar:?]
	at org.eclipse.core.internal.events.BuildManager.build(BuildManager.java:392) [org.eclipse.core.resources_3.13.700.v20200209-1624.jar:?]
	at org.eclipse.core.internal.resources.Workspace.buildInternal(Workspace.java:515) [org.eclipse.core.resources_3.13.700.v20200209-1624.jar:?]
	at org.eclipse.core.internal.resources.Workspace.build(Workspace.java:412) [org.eclipse.core.resources_3.13.700.v20200209-1624.jar:?]
	at org.eclipse.ui.actions.BuildAction$1.runInWorkspace(BuildAction.java:291) [org.eclipse.ui.ide_3.17.0.v20200217-1511.jar:?]
	at org.eclipse.core.internal.resources.InternalWorkspaceJob.run(InternalWorkspaceJob.java:42) [org.eclipse.core.resources_3.13.700.v20200209-1624.jar:?]
	at org.eclipse.core.internal.jobs.Worker.run(Worker.java:63) [org.eclipse.core.jobs_3.10.700.v20200106-1020.jar:?]
23:48:32 INFO  : Checking for BSP changes to sync application flags for project 'final_project'...
23:48:32 INFO  : Updating application flags with new BSP settings...
23:48:32 ERROR : Failed to update application flags from BSP for 'final_project'. Reason: null
java.lang.NullPointerException: null
	at com.xilinx.sdk.sw.internal.SwDb.getComponentAppCompilerFlags(SwDb.java:761) ~[com.xilinx.sdk.sw_1.0.0.202210132147.jar:?]
	at com.xilinx.sdx.sw.internal.SDxSwPlatform.getSwPlatformCompilerFlags(SDxSwPlatform.java:1177) ~[com.xilinx.sdx.sw_1.0.0.202210132147.jar:?]
	at com.xilinx.sdx.sdk.core.build.AppSwBuildOptionsHelper.inferSwPlatformFlags(AppSwBuildOptionsHelper.java:54) ~[com.xilinx.sdx.sdk.core_1.0.0.202210132147.jar:?]
	at com.xilinx.sdx.sdk.core.build.AppSwBuildOptionsHelper.updateBuildOptions(AppSwBuildOptionsHelper.java:46) ~[com.xilinx.sdx.sdk.core_1.0.0.202210132147.jar:?]
	at com.xilinx.sdx.sdk.core.build.SdkMakefileGenerationListener.updateSwBuildOptions(SdkMakefileGenerationListener.java:215) ~[com.xilinx.sdx.sdk.core_1.0.0.202210132147.jar:?]
	at com.xilinx.sdx.sdk.core.build.SdkMakefileGenerationListener.syncAppFlags(SdkMakefileGenerationListener.java:99) [com.xilinx.sdx.sdk.core_1.0.0.202210132147.jar:?]
	at com.xilinx.sdx.sdk.core.build.SdkMakefileGenerationListener.preMakefileGeneration(SdkMakefileGenerationListener.java:48) [com.xilinx.sdx.sdk.core_1.0.0.202210132147.jar:?]
	at com.xilinx.sdk.managedbuilder.XilinxGnuMakefileGenerator.notifyPreMakefileGenerationListeners(XilinxGnuMakefileGenerator.java:91) [com.xilinx.sdk.managedbuilder_1.0.0.202210132147.jar:?]
	at com.xilinx.sdk.managedbuilder.XilinxGnuMakefileGenerator.generateMakefiles(XilinxGnuMakefileGenerator.java:40) [com.xilinx.sdk.managedbuilder_1.0.0.202210132147.jar:?]
	at org.eclipse.cdt.managedbuilder.internal.core.CommonBuilder.performMakefileGeneration(CommonBuilder.java:1008) [org.eclipse.cdt.managedbuilder.core_8.6.0.201802261533.jar:?]
	at org.eclipse.cdt.managedbuilder.internal.core.CommonBuilder.performPrebuildGeneration(CommonBuilder.java:873) [org.eclipse.cdt.managedbuilder.core_8.6.0.201802261533.jar:?]
	at org.eclipse.cdt.managedbuilder.internal.core.CommonBuilder.build(CommonBuilder.java:748) [org.eclipse.cdt.managedbuilder.core_8.6.0.201802261533.jar:?]
	at org.eclipse.cdt.managedbuilder.internal.core.CommonBuilder.build(CommonBuilder.java:510) [org.eclipse.cdt.managedbuilder.core_8.6.0.201802261533.jar:?]
	at org.eclipse.cdt.managedbuilder.internal.core.CommonBuilder.build(CommonBuilder.java:459) [org.eclipse.cdt.managedbuilder.core_8.6.0.201802261533.jar:?]
	at org.eclipse.core.internal.events.BuildManager$2.run(BuildManager.java:832) [org.eclipse.core.resources_3.13.700.v20200209-1624.jar:?]
	at org.eclipse.core.runtime.SafeRunner.run(SafeRunner.java:45) [org.eclipse.equinox.common_3.11.0.v20200206-0817.jar:?]
	at org.eclipse.core.internal.events.BuildManager.basicBuild(BuildManager.java:220) [org.eclipse.core.resources_3.13.700.v20200209-1624.jar:?]
	at org.eclipse.core.internal.events.BuildManager.basicBuild(BuildManager.java:263) [org.eclipse.core.resources_3.13.700.v20200209-1624.jar:?]
	at org.eclipse.core.internal.events.BuildManager$1.run(BuildManager.java:316) [org.eclipse.core.resources_3.13.700.v20200209-1624.jar:?]
	at org.eclipse.core.runtime.SafeRunner.run(SafeRunner.java:45) [org.eclipse.equinox.common_3.11.0.v20200206-0817.jar:?]
	at org.eclipse.core.internal.events.BuildManager.basicBuild(BuildManager.java:319) [org.eclipse.core.resources_3.13.700.v20200209-1624.jar:?]
	at org.eclipse.core.internal.events.BuildManager.basicBuildLoop(BuildManager.java:371) [org.eclipse.core.resources_3.13.700.v20200209-1624.jar:?]
	at org.eclipse.core.internal.events.BuildManager.build(BuildManager.java:392) [org.eclipse.core.resources_3.13.700.v20200209-1624.jar:?]
	at org.eclipse.core.internal.resources.Workspace.buildInternal(Workspace.java:515) [org.eclipse.core.resources_3.13.700.v20200209-1624.jar:?]
	at org.eclipse.core.internal.resources.Workspace.build(Workspace.java:412) [org.eclipse.core.resources_3.13.700.v20200209-1624.jar:?]
	at org.eclipse.ui.actions.BuildAction$1.runInWorkspace(BuildAction.java:291) [org.eclipse.ui.ide_3.17.0.v20200217-1511.jar:?]
	at org.eclipse.core.internal.resources.InternalWorkspaceJob.run(InternalWorkspaceJob.java:42) [org.eclipse.core.resources_3.13.700.v20200209-1624.jar:?]
	at org.eclipse.core.internal.jobs.Worker.run(Worker.java:63) [org.eclipse.core.jobs_3.10.700.v20200106-1020.jar:?]
23:49:03 INFO  : Checking for BSP changes to sync application flags for project 'final_project'...
23:49:03 INFO  : Updating application flags with new BSP settings...
23:49:03 ERROR : Failed to update application flags from BSP for 'final_project'. Reason: null
java.lang.NullPointerException: null
	at com.xilinx.sdk.sw.internal.SwDb.getComponentAppCompilerFlags(SwDb.java:761) ~[com.xilinx.sdk.sw_1.0.0.202210132147.jar:?]
	at com.xilinx.sdx.sw.internal.SDxSwPlatform.getSwPlatformCompilerFlags(SDxSwPlatform.java:1177) ~[com.xilinx.sdx.sw_1.0.0.202210132147.jar:?]
	at com.xilinx.sdx.sdk.core.build.AppSwBuildOptionsHelper.inferSwPlatformFlags(AppSwBuildOptionsHelper.java:54) ~[com.xilinx.sdx.sdk.core_1.0.0.202210132147.jar:?]
	at com.xilinx.sdx.sdk.core.build.AppSwBuildOptionsHelper.updateBuildOptions(AppSwBuildOptionsHelper.java:46) ~[com.xilinx.sdx.sdk.core_1.0.0.202210132147.jar:?]
	at com.xilinx.sdx.sdk.core.build.SdkMakefileGenerationListener.updateSwBuildOptions(SdkMakefileGenerationListener.java:215) ~[com.xilinx.sdx.sdk.core_1.0.0.202210132147.jar:?]
	at com.xilinx.sdx.sdk.core.build.SdkMakefileGenerationListener.syncAppFlags(SdkMakefileGenerationListener.java:99) [com.xilinx.sdx.sdk.core_1.0.0.202210132147.jar:?]
	at com.xilinx.sdx.sdk.core.build.SdkMakefileGenerationListener.preMakefileGeneration(SdkMakefileGenerationListener.java:48) [com.xilinx.sdx.sdk.core_1.0.0.202210132147.jar:?]
	at com.xilinx.sdk.managedbuilder.XilinxGnuMakefileGenerator.notifyPreMakefileGenerationListeners(XilinxGnuMakefileGenerator.java:91) [com.xilinx.sdk.managedbuilder_1.0.0.202210132147.jar:?]
	at com.xilinx.sdk.managedbuilder.XilinxGnuMakefileGenerator.generateMakefiles(XilinxGnuMakefileGenerator.java:40) [com.xilinx.sdk.managedbuilder_1.0.0.202210132147.jar:?]
	at org.eclipse.cdt.managedbuilder.internal.core.CommonBuilder.performMakefileGeneration(CommonBuilder.java:1008) [org.eclipse.cdt.managedbuilder.core_8.6.0.201802261533.jar:?]
	at org.eclipse.cdt.managedbuilder.internal.core.CommonBuilder.performPrebuildGeneration(CommonBuilder.java:873) [org.eclipse.cdt.managedbuilder.core_8.6.0.201802261533.jar:?]
	at org.eclipse.cdt.managedbuilder.internal.core.CommonBuilder.build(CommonBuilder.java:748) [org.eclipse.cdt.managedbuilder.core_8.6.0.201802261533.jar:?]
	at org.eclipse.cdt.managedbuilder.internal.core.CommonBuilder.build(CommonBuilder.java:510) [org.eclipse.cdt.managedbuilder.core_8.6.0.201802261533.jar:?]
	at org.eclipse.cdt.managedbuilder.internal.core.CommonBuilder.build(CommonBuilder.java:459) [org.eclipse.cdt.managedbuilder.core_8.6.0.201802261533.jar:?]
	at org.eclipse.core.internal.events.BuildManager$2.run(BuildManager.java:832) [org.eclipse.core.resources_3.13.700.v20200209-1624.jar:?]
	at org.eclipse.core.runtime.SafeRunner.run(SafeRunner.java:45) [org.eclipse.equinox.common_3.11.0.v20200206-0817.jar:?]
	at org.eclipse.core.internal.events.BuildManager.basicBuild(BuildManager.java:220) [org.eclipse.core.resources_3.13.700.v20200209-1624.jar:?]
	at org.eclipse.core.internal.events.BuildManager.basicBuild(BuildManager.java:263) [org.eclipse.core.resources_3.13.700.v20200209-1624.jar:?]
	at org.eclipse.core.internal.events.BuildManager$1.run(BuildManager.java:316) [org.eclipse.core.resources_3.13.700.v20200209-1624.jar:?]
	at org.eclipse.core.runtime.SafeRunner.run(SafeRunner.java:45) [org.eclipse.equinox.common_3.11.0.v20200206-0817.jar:?]
	at org.eclipse.core.internal.events.BuildManager.basicBuild(BuildManager.java:319) [org.eclipse.core.resources_3.13.700.v20200209-1624.jar:?]
	at org.eclipse.core.internal.events.BuildManager.basicBuildLoop(BuildManager.java:371) [org.eclipse.core.resources_3.13.700.v20200209-1624.jar:?]
	at org.eclipse.core.internal.events.BuildManager.build(BuildManager.java:392) [org.eclipse.core.resources_3.13.700.v20200209-1624.jar:?]
	at org.eclipse.core.internal.resources.Workspace.buildInternal(Workspace.java:515) [org.eclipse.core.resources_3.13.700.v20200209-1624.jar:?]
	at org.eclipse.core.internal.resources.Workspace.build(Workspace.java:412) [org.eclipse.core.resources_3.13.700.v20200209-1624.jar:?]
	at org.eclipse.ui.actions.BuildAction$1.runInWorkspace(BuildAction.java:291) [org.eclipse.ui.ide_3.17.0.v20200217-1511.jar:?]
	at org.eclipse.core.internal.resources.InternalWorkspaceJob.run(InternalWorkspaceJob.java:42) [org.eclipse.core.resources_3.13.700.v20200209-1624.jar:?]
	at org.eclipse.core.internal.jobs.Worker.run(Worker.java:63) [org.eclipse.core.jobs_3.10.700.v20200106-1020.jar:?]
23:49:11 INFO  : Checking for BSP changes to sync application flags for project 'final_project'...
23:49:11 INFO  : Updating application flags with new BSP settings...
23:49:11 ERROR : Failed to update application flags from BSP for 'final_project'. Reason: null
java.lang.NullPointerException: null
	at com.xilinx.sdk.sw.internal.SwDb.getComponentAppCompilerFlags(SwDb.java:761) ~[com.xilinx.sdk.sw_1.0.0.202210132147.jar:?]
	at com.xilinx.sdx.sw.internal.SDxSwPlatform.getSwPlatformCompilerFlags(SDxSwPlatform.java:1177) ~[com.xilinx.sdx.sw_1.0.0.202210132147.jar:?]
	at com.xilinx.sdx.sdk.core.build.AppSwBuildOptionsHelper.inferSwPlatformFlags(AppSwBuildOptionsHelper.java:54) ~[com.xilinx.sdx.sdk.core_1.0.0.202210132147.jar:?]
	at com.xilinx.sdx.sdk.core.build.AppSwBuildOptionsHelper.updateBuildOptions(AppSwBuildOptionsHelper.java:46) ~[com.xilinx.sdx.sdk.core_1.0.0.202210132147.jar:?]
	at com.xilinx.sdx.sdk.core.build.SdkMakefileGenerationListener.updateSwBuildOptions(SdkMakefileGenerationListener.java:215) ~[com.xilinx.sdx.sdk.core_1.0.0.202210132147.jar:?]
	at com.xilinx.sdx.sdk.core.build.SdkMakefileGenerationListener.syncAppFlags(SdkMakefileGenerationListener.java:99) [com.xilinx.sdx.sdk.core_1.0.0.202210132147.jar:?]
	at com.xilinx.sdx.sdk.core.build.SdkMakefileGenerationListener.preMakefileGeneration(SdkMakefileGenerationListener.java:48) [com.xilinx.sdx.sdk.core_1.0.0.202210132147.jar:?]
	at com.xilinx.sdk.managedbuilder.XilinxGnuMakefileGenerator.notifyPreMakefileGenerationListeners(XilinxGnuMakefileGenerator.java:91) [com.xilinx.sdk.managedbuilder_1.0.0.202210132147.jar:?]
	at com.xilinx.sdk.managedbuilder.XilinxGnuMakefileGenerator.generateMakefiles(XilinxGnuMakefileGenerator.java:40) [com.xilinx.sdk.managedbuilder_1.0.0.202210132147.jar:?]
	at org.eclipse.cdt.managedbuilder.internal.core.CommonBuilder.performMakefileGeneration(CommonBuilder.java:1008) [org.eclipse.cdt.managedbuilder.core_8.6.0.201802261533.jar:?]
	at org.eclipse.cdt.managedbuilder.internal.core.CommonBuilder.performPrebuildGeneration(CommonBuilder.java:873) [org.eclipse.cdt.managedbuilder.core_8.6.0.201802261533.jar:?]
	at org.eclipse.cdt.managedbuilder.internal.core.CommonBuilder.build(CommonBuilder.java:748) [org.eclipse.cdt.managedbuilder.core_8.6.0.201802261533.jar:?]
	at org.eclipse.cdt.managedbuilder.internal.core.CommonBuilder.build(CommonBuilder.java:510) [org.eclipse.cdt.managedbuilder.core_8.6.0.201802261533.jar:?]
	at org.eclipse.cdt.managedbuilder.internal.core.CommonBuilder.build(CommonBuilder.java:459) [org.eclipse.cdt.managedbuilder.core_8.6.0.201802261533.jar:?]
	at org.eclipse.core.internal.events.BuildManager$2.run(BuildManager.java:832) [org.eclipse.core.resources_3.13.700.v20200209-1624.jar:?]
	at org.eclipse.core.runtime.SafeRunner.run(SafeRunner.java:45) [org.eclipse.equinox.common_3.11.0.v20200206-0817.jar:?]
	at org.eclipse.core.internal.events.BuildManager.basicBuild(BuildManager.java:220) [org.eclipse.core.resources_3.13.700.v20200209-1624.jar:?]
	at org.eclipse.core.internal.events.BuildManager.basicBuild(BuildManager.java:263) [org.eclipse.core.resources_3.13.700.v20200209-1624.jar:?]
	at org.eclipse.core.internal.events.BuildManager$1.run(BuildManager.java:316) [org.eclipse.core.resources_3.13.700.v20200209-1624.jar:?]
	at org.eclipse.core.runtime.SafeRunner.run(SafeRunner.java:45) [org.eclipse.equinox.common_3.11.0.v20200206-0817.jar:?]
	at org.eclipse.core.internal.events.BuildManager.basicBuild(BuildManager.java:319) [org.eclipse.core.resources_3.13.700.v20200209-1624.jar:?]
	at org.eclipse.core.internal.events.BuildManager.basicBuildLoop(BuildManager.java:371) [org.eclipse.core.resources_3.13.700.v20200209-1624.jar:?]
	at org.eclipse.core.internal.events.BuildManager.build(BuildManager.java:392) [org.eclipse.core.resources_3.13.700.v20200209-1624.jar:?]
	at org.eclipse.core.internal.resources.Workspace.buildInternal(Workspace.java:515) [org.eclipse.core.resources_3.13.700.v20200209-1624.jar:?]
	at org.eclipse.core.internal.resources.Workspace.build(Workspace.java:412) [org.eclipse.core.resources_3.13.700.v20200209-1624.jar:?]
	at org.eclipse.ui.actions.BuildAction$1.runInWorkspace(BuildAction.java:291) [org.eclipse.ui.ide_3.17.0.v20200217-1511.jar:?]
	at org.eclipse.core.internal.resources.InternalWorkspaceJob.run(InternalWorkspaceJob.java:42) [org.eclipse.core.resources_3.13.700.v20200209-1624.jar:?]
	at org.eclipse.core.internal.jobs.Worker.run(Worker.java:63) [org.eclipse.core.jobs_3.10.700.v20200106-1020.jar:?]
23:49:19 INFO  : Checking for BSP changes to sync application flags for project 'final_project'...
23:49:19 INFO  : Updating application flags with new BSP settings...
23:49:19 ERROR : Failed to update application flags from BSP for 'final_project'. Reason: null
java.lang.NullPointerException: null
	at com.xilinx.sdk.sw.internal.SwDb.getComponentAppCompilerFlags(SwDb.java:761) ~[com.xilinx.sdk.sw_1.0.0.202210132147.jar:?]
	at com.xilinx.sdx.sw.internal.SDxSwPlatform.getSwPlatformCompilerFlags(SDxSwPlatform.java:1177) ~[com.xilinx.sdx.sw_1.0.0.202210132147.jar:?]
	at com.xilinx.sdx.sdk.core.build.AppSwBuildOptionsHelper.inferSwPlatformFlags(AppSwBuildOptionsHelper.java:54) ~[com.xilinx.sdx.sdk.core_1.0.0.202210132147.jar:?]
	at com.xilinx.sdx.sdk.core.build.AppSwBuildOptionsHelper.updateBuildOptions(AppSwBuildOptionsHelper.java:46) ~[com.xilinx.sdx.sdk.core_1.0.0.202210132147.jar:?]
	at com.xilinx.sdx.sdk.core.build.SdkMakefileGenerationListener.updateSwBuildOptions(SdkMakefileGenerationListener.java:215) ~[com.xilinx.sdx.sdk.core_1.0.0.202210132147.jar:?]
	at com.xilinx.sdx.sdk.core.build.SdkMakefileGenerationListener.syncAppFlags(SdkMakefileGenerationListener.java:99) [com.xilinx.sdx.sdk.core_1.0.0.202210132147.jar:?]
	at com.xilinx.sdx.sdk.core.build.SdkMakefileGenerationListener.preMakefileGeneration(SdkMakefileGenerationListener.java:48) [com.xilinx.sdx.sdk.core_1.0.0.202210132147.jar:?]
	at com.xilinx.sdk.managedbuilder.XilinxGnuMakefileGenerator.notifyPreMakefileGenerationListeners(XilinxGnuMakefileGenerator.java:91) [com.xilinx.sdk.managedbuilder_1.0.0.202210132147.jar:?]
	at com.xilinx.sdk.managedbuilder.XilinxGnuMakefileGenerator.generateMakefiles(XilinxGnuMakefileGenerator.java:40) [com.xilinx.sdk.managedbuilder_1.0.0.202210132147.jar:?]
	at org.eclipse.cdt.managedbuilder.internal.core.CommonBuilder.performMakefileGeneration(CommonBuilder.java:1008) [org.eclipse.cdt.managedbuilder.core_8.6.0.201802261533.jar:?]
	at org.eclipse.cdt.managedbuilder.internal.core.CommonBuilder.performPrebuildGeneration(CommonBuilder.java:873) [org.eclipse.cdt.managedbuilder.core_8.6.0.201802261533.jar:?]
	at org.eclipse.cdt.managedbuilder.internal.core.CommonBuilder.build(CommonBuilder.java:748) [org.eclipse.cdt.managedbuilder.core_8.6.0.201802261533.jar:?]
	at org.eclipse.cdt.managedbuilder.internal.core.CommonBuilder.build(CommonBuilder.java:510) [org.eclipse.cdt.managedbuilder.core_8.6.0.201802261533.jar:?]
	at org.eclipse.cdt.managedbuilder.internal.core.CommonBuilder.build(CommonBuilder.java:459) [org.eclipse.cdt.managedbuilder.core_8.6.0.201802261533.jar:?]
	at org.eclipse.core.internal.events.BuildManager$2.run(BuildManager.java:832) [org.eclipse.core.resources_3.13.700.v20200209-1624.jar:?]
	at org.eclipse.core.runtime.SafeRunner.run(SafeRunner.java:45) [org.eclipse.equinox.common_3.11.0.v20200206-0817.jar:?]
	at org.eclipse.core.internal.events.BuildManager.basicBuild(BuildManager.java:220) [org.eclipse.core.resources_3.13.700.v20200209-1624.jar:?]
	at org.eclipse.core.internal.events.BuildManager.basicBuild(BuildManager.java:263) [org.eclipse.core.resources_3.13.700.v20200209-1624.jar:?]
	at org.eclipse.core.internal.events.BuildManager$1.run(BuildManager.java:316) [org.eclipse.core.resources_3.13.700.v20200209-1624.jar:?]
	at org.eclipse.core.runtime.SafeRunner.run(SafeRunner.java:45) [org.eclipse.equinox.common_3.11.0.v20200206-0817.jar:?]
	at org.eclipse.core.internal.events.BuildManager.basicBuild(BuildManager.java:319) [org.eclipse.core.resources_3.13.700.v20200209-1624.jar:?]
	at org.eclipse.core.internal.events.BuildManager.basicBuildLoop(BuildManager.java:371) [org.eclipse.core.resources_3.13.700.v20200209-1624.jar:?]
	at org.eclipse.core.internal.events.BuildManager.build(BuildManager.java:392) [org.eclipse.core.resources_3.13.700.v20200209-1624.jar:?]
	at org.eclipse.core.internal.resources.Workspace.buildInternal(Workspace.java:515) [org.eclipse.core.resources_3.13.700.v20200209-1624.jar:?]
	at org.eclipse.core.internal.resources.Workspace.build(Workspace.java:412) [org.eclipse.core.resources_3.13.700.v20200209-1624.jar:?]
	at org.eclipse.ui.actions.BuildAction$1.runInWorkspace(BuildAction.java:291) [org.eclipse.ui.ide_3.17.0.v20200217-1511.jar:?]
	at org.eclipse.core.internal.resources.InternalWorkspaceJob.run(InternalWorkspaceJob.java:42) [org.eclipse.core.resources_3.13.700.v20200209-1624.jar:?]
	at org.eclipse.core.internal.jobs.Worker.run(Worker.java:63) [org.eclipse.core.jobs_3.10.700.v20200106-1020.jar:?]
23:49:24 INFO  : Checking for BSP changes to sync application flags for project 'final_project'...
23:49:24 INFO  : Updating application flags with new BSP settings...
23:49:24 ERROR : Failed to update application flags from BSP for 'final_project'. Reason: null
java.lang.NullPointerException: null
	at com.xilinx.sdk.sw.internal.SwDb.getComponentAppCompilerFlags(SwDb.java:761) ~[com.xilinx.sdk.sw_1.0.0.202210132147.jar:?]
	at com.xilinx.sdx.sw.internal.SDxSwPlatform.getSwPlatformCompilerFlags(SDxSwPlatform.java:1177) ~[com.xilinx.sdx.sw_1.0.0.202210132147.jar:?]
	at com.xilinx.sdx.sdk.core.build.AppSwBuildOptionsHelper.inferSwPlatformFlags(AppSwBuildOptionsHelper.java:54) ~[com.xilinx.sdx.sdk.core_1.0.0.202210132147.jar:?]
	at com.xilinx.sdx.sdk.core.build.AppSwBuildOptionsHelper.updateBuildOptions(AppSwBuildOptionsHelper.java:46) ~[com.xilinx.sdx.sdk.core_1.0.0.202210132147.jar:?]
	at com.xilinx.sdx.sdk.core.build.SdkMakefileGenerationListener.updateSwBuildOptions(SdkMakefileGenerationListener.java:215) ~[com.xilinx.sdx.sdk.core_1.0.0.202210132147.jar:?]
	at com.xilinx.sdx.sdk.core.build.SdkMakefileGenerationListener.syncAppFlags(SdkMakefileGenerationListener.java:99) [com.xilinx.sdx.sdk.core_1.0.0.202210132147.jar:?]
	at com.xilinx.sdx.sdk.core.build.SdkMakefileGenerationListener.preMakefileGeneration(SdkMakefileGenerationListener.java:48) [com.xilinx.sdx.sdk.core_1.0.0.202210132147.jar:?]
	at com.xilinx.sdk.managedbuilder.XilinxGnuMakefileGenerator.notifyPreMakefileGenerationListeners(XilinxGnuMakefileGenerator.java:91) [com.xilinx.sdk.managedbuilder_1.0.0.202210132147.jar:?]
	at com.xilinx.sdk.managedbuilder.XilinxGnuMakefileGenerator.generateMakefiles(XilinxGnuMakefileGenerator.java:40) [com.xilinx.sdk.managedbuilder_1.0.0.202210132147.jar:?]
	at org.eclipse.cdt.managedbuilder.internal.core.CommonBuilder.performMakefileGeneration(CommonBuilder.java:1008) [org.eclipse.cdt.managedbuilder.core_8.6.0.201802261533.jar:?]
	at org.eclipse.cdt.managedbuilder.internal.core.CommonBuilder.performPrebuildGeneration(CommonBuilder.java:873) [org.eclipse.cdt.managedbuilder.core_8.6.0.201802261533.jar:?]
	at org.eclipse.cdt.managedbuilder.internal.core.CommonBuilder.build(CommonBuilder.java:748) [org.eclipse.cdt.managedbuilder.core_8.6.0.201802261533.jar:?]
	at org.eclipse.cdt.managedbuilder.internal.core.CommonBuilder.build(CommonBuilder.java:510) [org.eclipse.cdt.managedbuilder.core_8.6.0.201802261533.jar:?]
	at org.eclipse.cdt.managedbuilder.internal.core.CommonBuilder.build(CommonBuilder.java:459) [org.eclipse.cdt.managedbuilder.core_8.6.0.201802261533.jar:?]
	at org.eclipse.core.internal.events.BuildManager$2.run(BuildManager.java:832) [org.eclipse.core.resources_3.13.700.v20200209-1624.jar:?]
	at org.eclipse.core.runtime.SafeRunner.run(SafeRunner.java:45) [org.eclipse.equinox.common_3.11.0.v20200206-0817.jar:?]
	at org.eclipse.core.internal.events.BuildManager.basicBuild(BuildManager.java:220) [org.eclipse.core.resources_3.13.700.v20200209-1624.jar:?]
	at org.eclipse.core.internal.events.BuildManager.basicBuild(BuildManager.java:263) [org.eclipse.core.resources_3.13.700.v20200209-1624.jar:?]
	at org.eclipse.core.internal.events.BuildManager$1.run(BuildManager.java:316) [org.eclipse.core.resources_3.13.700.v20200209-1624.jar:?]
	at org.eclipse.core.runtime.SafeRunner.run(SafeRunner.java:45) [org.eclipse.equinox.common_3.11.0.v20200206-0817.jar:?]
	at org.eclipse.core.internal.events.BuildManager.basicBuild(BuildManager.java:319) [org.eclipse.core.resources_3.13.700.v20200209-1624.jar:?]
	at org.eclipse.core.internal.events.BuildManager.basicBuildLoop(BuildManager.java:371) [org.eclipse.core.resources_3.13.700.v20200209-1624.jar:?]
	at org.eclipse.core.internal.events.BuildManager.build(BuildManager.java:392) [org.eclipse.core.resources_3.13.700.v20200209-1624.jar:?]
	at org.eclipse.core.internal.resources.Workspace.buildInternal(Workspace.java:515) [org.eclipse.core.resources_3.13.700.v20200209-1624.jar:?]
	at org.eclipse.core.internal.resources.Workspace.build(Workspace.java:412) [org.eclipse.core.resources_3.13.700.v20200209-1624.jar:?]
	at org.eclipse.ui.actions.BuildAction$1.runInWorkspace(BuildAction.java:291) [org.eclipse.ui.ide_3.17.0.v20200217-1511.jar:?]
	at org.eclipse.core.internal.resources.InternalWorkspaceJob.run(InternalWorkspaceJob.java:42) [org.eclipse.core.resources_3.13.700.v20200209-1624.jar:?]
	at org.eclipse.core.internal.jobs.Worker.run(Worker.java:63) [org.eclipse.core.jobs_3.10.700.v20200106-1020.jar:?]
23:49:40 INFO  : Checking for BSP changes to sync application flags for project 'final_project'...
23:49:40 INFO  : Updating application flags with new BSP settings...
23:49:40 ERROR : Failed to update application flags from BSP for 'final_project'. Reason: null
java.lang.NullPointerException: null
	at com.xilinx.sdk.sw.internal.SwDb.getComponentAppCompilerFlags(SwDb.java:761) ~[com.xilinx.sdk.sw_1.0.0.202210132147.jar:?]
	at com.xilinx.sdx.sw.internal.SDxSwPlatform.getSwPlatformCompilerFlags(SDxSwPlatform.java:1177) ~[com.xilinx.sdx.sw_1.0.0.202210132147.jar:?]
	at com.xilinx.sdx.sdk.core.build.AppSwBuildOptionsHelper.inferSwPlatformFlags(AppSwBuildOptionsHelper.java:54) ~[com.xilinx.sdx.sdk.core_1.0.0.202210132147.jar:?]
	at com.xilinx.sdx.sdk.core.build.AppSwBuildOptionsHelper.updateBuildOptions(AppSwBuildOptionsHelper.java:46) ~[com.xilinx.sdx.sdk.core_1.0.0.202210132147.jar:?]
	at com.xilinx.sdx.sdk.core.build.SdkMakefileGenerationListener.updateSwBuildOptions(SdkMakefileGenerationListener.java:215) ~[com.xilinx.sdx.sdk.core_1.0.0.202210132147.jar:?]
	at com.xilinx.sdx.sdk.core.build.SdkMakefileGenerationListener.syncAppFlags(SdkMakefileGenerationListener.java:99) [com.xilinx.sdx.sdk.core_1.0.0.202210132147.jar:?]
	at com.xilinx.sdx.sdk.core.build.SdkMakefileGenerationListener.preMakefileGeneration(SdkMakefileGenerationListener.java:48) [com.xilinx.sdx.sdk.core_1.0.0.202210132147.jar:?]
	at com.xilinx.sdk.managedbuilder.XilinxGnuMakefileGenerator.notifyPreMakefileGenerationListeners(XilinxGnuMakefileGenerator.java:91) [com.xilinx.sdk.managedbuilder_1.0.0.202210132147.jar:?]
	at com.xilinx.sdk.managedbuilder.XilinxGnuMakefileGenerator.generateMakefiles(XilinxGnuMakefileGenerator.java:40) [com.xilinx.sdk.managedbuilder_1.0.0.202210132147.jar:?]
	at org.eclipse.cdt.managedbuilder.internal.core.CommonBuilder.performMakefileGeneration(CommonBuilder.java:1008) [org.eclipse.cdt.managedbuilder.core_8.6.0.201802261533.jar:?]
	at org.eclipse.cdt.managedbuilder.internal.core.CommonBuilder.performPrebuildGeneration(CommonBuilder.java:873) [org.eclipse.cdt.managedbuilder.core_8.6.0.201802261533.jar:?]
	at org.eclipse.cdt.managedbuilder.internal.core.CommonBuilder.build(CommonBuilder.java:748) [org.eclipse.cdt.managedbuilder.core_8.6.0.201802261533.jar:?]
	at org.eclipse.cdt.managedbuilder.internal.core.CommonBuilder.build(CommonBuilder.java:510) [org.eclipse.cdt.managedbuilder.core_8.6.0.201802261533.jar:?]
	at org.eclipse.cdt.managedbuilder.internal.core.CommonBuilder.build(CommonBuilder.java:459) [org.eclipse.cdt.managedbuilder.core_8.6.0.201802261533.jar:?]
	at org.eclipse.core.internal.events.BuildManager$2.run(BuildManager.java:832) [org.eclipse.core.resources_3.13.700.v20200209-1624.jar:?]
	at org.eclipse.core.runtime.SafeRunner.run(SafeRunner.java:45) [org.eclipse.equinox.common_3.11.0.v20200206-0817.jar:?]
	at org.eclipse.core.internal.events.BuildManager.basicBuild(BuildManager.java:220) [org.eclipse.core.resources_3.13.700.v20200209-1624.jar:?]
	at org.eclipse.core.internal.events.BuildManager.basicBuild(BuildManager.java:263) [org.eclipse.core.resources_3.13.700.v20200209-1624.jar:?]
	at org.eclipse.core.internal.events.BuildManager$1.run(BuildManager.java:316) [org.eclipse.core.resources_3.13.700.v20200209-1624.jar:?]
	at org.eclipse.core.runtime.SafeRunner.run(SafeRunner.java:45) [org.eclipse.equinox.common_3.11.0.v20200206-0817.jar:?]
	at org.eclipse.core.internal.events.BuildManager.basicBuild(BuildManager.java:319) [org.eclipse.core.resources_3.13.700.v20200209-1624.jar:?]
	at org.eclipse.core.internal.events.BuildManager.basicBuildLoop(BuildManager.java:371) [org.eclipse.core.resources_3.13.700.v20200209-1624.jar:?]
	at org.eclipse.core.internal.events.BuildManager.build(BuildManager.java:392) [org.eclipse.core.resources_3.13.700.v20200209-1624.jar:?]
	at org.eclipse.core.internal.resources.Workspace.buildInternal(Workspace.java:515) [org.eclipse.core.resources_3.13.700.v20200209-1624.jar:?]
	at org.eclipse.core.internal.resources.Workspace.build(Workspace.java:412) [org.eclipse.core.resources_3.13.700.v20200209-1624.jar:?]
	at org.eclipse.ui.actions.BuildAction$1.runInWorkspace(BuildAction.java:291) [org.eclipse.ui.ide_3.17.0.v20200217-1511.jar:?]
	at org.eclipse.core.internal.resources.InternalWorkspaceJob.run(InternalWorkspaceJob.java:42) [org.eclipse.core.resources_3.13.700.v20200209-1624.jar:?]
	at org.eclipse.core.internal.jobs.Worker.run(Worker.java:63) [org.eclipse.core.jobs_3.10.700.v20200106-1020.jar:?]
23:51:04 INFO  : Connected to target on host '127.0.0.1' and port '3121'.
23:51:05 INFO  : Jtag cable 'RealDigital Boo 88710000000EA' is selected.
23:51:05 INFO  : 'jtag frequency' command is executed.
23:51:05 INFO  : 'targets -set -filter {jtag_cable_name =~ "RealDigital Boo 88710000000EA" && level==0 && jtag_device_ctx=="jsn1-0362f093-0"}' command is executed.
23:51:07 INFO  : Device configured successfully with "D:/School/UIUC_ECE385_SP25/Final_Project/sdk/final_project/_ide/bitstream/mb_lab7_1_wrapper.bit"
23:51:07 INFO  : Context for processor 'microblaze_0' is selected.
23:51:07 INFO  : Hardware design and registers information is loaded from 'D:/School/UIUC_ECE385_SP25/Final_Project/sdk/mb_lab7_1_wrapper/export/mb_lab7_1_wrapper/hw/mb_lab7_1_wrapper.xsa'.
23:51:07 INFO  : 'configparams mdm-detect-bscan-mask 2' command is executed.
23:51:07 INFO  : Context for processor 'microblaze_0' is selected.
23:51:07 INFO  : System reset is completed.
23:51:10 INFO  : 'after 3000' command is executed.
23:51:11 INFO  : Context for processor 'microblaze_0' is selected.
23:51:11 INFO  : The application 'D:/School/UIUC_ECE385_SP25/Final_Project/sdk/final_project/Debug/final_project.elf' is downloaded to processor 'microblaze_0'.
23:51:11 INFO  : ----------------XSDB Script----------------
connect -url tcp:127.0.0.1:3121
targets -set -filter {jtag_cable_name =~ "RealDigital Boo 88710000000EA" && level==0 && jtag_device_ctx=="jsn1-0362f093-0"}
fpga -file D:/School/UIUC_ECE385_SP25/Final_Project/sdk/final_project/_ide/bitstream/mb_lab7_1_wrapper.bit
targets -set -nocase -filter {name =~ "*microblaze*#0" && bscan=="USER2" }
loadhw -hw D:/School/UIUC_ECE385_SP25/Final_Project/sdk/mb_lab7_1_wrapper/export/mb_lab7_1_wrapper/hw/mb_lab7_1_wrapper.xsa -regs
configparams mdm-detect-bscan-mask 2
targets -set -nocase -filter {name =~ "*microblaze*#0" && bscan=="USER2" }
rst -system
after 3000
targets -set -nocase -filter {name =~ "*microblaze*#0" && bscan=="USER2" }
dow D:/School/UIUC_ECE385_SP25/Final_Project/sdk/final_project/Debug/final_project.elf
----------------End of Script----------------

23:51:11 INFO  : Context for processor 'microblaze_0' is selected.
23:51:11 INFO  : 'con' command is executed.
23:51:11 INFO  : ----------------XSDB Script (After Launch)----------------
targets -set -nocase -filter {name =~ "*microblaze*#0" && bscan=="USER2" }
con
----------------End of Script----------------

23:51:11 INFO  : Disconnected from the channel tcfchan#9.
22:33:50 INFO  : Checking for BSP changes to sync application flags for project 'final_project'...
22:33:50 INFO  : Updating application flags with new BSP settings...
22:33:50 ERROR : Failed to update application flags from BSP for 'final_project'. Reason: null
java.lang.NullPointerException: null
	at com.xilinx.sdk.sw.internal.SwDb.getComponentAppCompilerFlags(SwDb.java:761) ~[com.xilinx.sdk.sw_1.0.0.202210132147.jar:?]
	at com.xilinx.sdx.sw.internal.SDxSwPlatform.getSwPlatformCompilerFlags(SDxSwPlatform.java:1177) ~[com.xilinx.sdx.sw_1.0.0.202210132147.jar:?]
	at com.xilinx.sdx.sdk.core.build.AppSwBuildOptionsHelper.inferSwPlatformFlags(AppSwBuildOptionsHelper.java:54) ~[com.xilinx.sdx.sdk.core_1.0.0.202210132147.jar:?]
	at com.xilinx.sdx.sdk.core.build.AppSwBuildOptionsHelper.updateBuildOptions(AppSwBuildOptionsHelper.java:46) ~[com.xilinx.sdx.sdk.core_1.0.0.202210132147.jar:?]
	at com.xilinx.sdx.sdk.core.build.SdkMakefileGenerationListener.updateSwBuildOptions(SdkMakefileGenerationListener.java:215) ~[com.xilinx.sdx.sdk.core_1.0.0.202210132147.jar:?]
	at com.xilinx.sdx.sdk.core.build.SdkMakefileGenerationListener.syncAppFlags(SdkMakefileGenerationListener.java:99) [com.xilinx.sdx.sdk.core_1.0.0.202210132147.jar:?]
	at com.xilinx.sdx.sdk.core.build.SdkMakefileGenerationListener.preMakefileGeneration(SdkMakefileGenerationListener.java:48) [com.xilinx.sdx.sdk.core_1.0.0.202210132147.jar:?]
	at com.xilinx.sdk.managedbuilder.XilinxGnuMakefileGenerator.notifyPreMakefileGenerationListeners(XilinxGnuMakefileGenerator.java:91) [com.xilinx.sdk.managedbuilder_1.0.0.202210132147.jar:?]
	at com.xilinx.sdk.managedbuilder.XilinxGnuMakefileGenerator.generateMakefiles(XilinxGnuMakefileGenerator.java:40) [com.xilinx.sdk.managedbuilder_1.0.0.202210132147.jar:?]
	at org.eclipse.cdt.managedbuilder.internal.core.CommonBuilder.performMakefileGeneration(CommonBuilder.java:1008) [org.eclipse.cdt.managedbuilder.core_8.6.0.201802261533.jar:?]
	at org.eclipse.cdt.managedbuilder.internal.core.CommonBuilder.performPrebuildGeneration(CommonBuilder.java:873) [org.eclipse.cdt.managedbuilder.core_8.6.0.201802261533.jar:?]
	at org.eclipse.cdt.managedbuilder.internal.core.CommonBuilder.build(CommonBuilder.java:748) [org.eclipse.cdt.managedbuilder.core_8.6.0.201802261533.jar:?]
	at org.eclipse.cdt.managedbuilder.internal.core.CommonBuilder.build(CommonBuilder.java:510) [org.eclipse.cdt.managedbuilder.core_8.6.0.201802261533.jar:?]
	at org.eclipse.cdt.managedbuilder.internal.core.CommonBuilder.build(CommonBuilder.java:459) [org.eclipse.cdt.managedbuilder.core_8.6.0.201802261533.jar:?]
	at org.eclipse.core.internal.events.BuildManager$2.run(BuildManager.java:832) [org.eclipse.core.resources_3.13.700.v20200209-1624.jar:?]
	at org.eclipse.core.runtime.SafeRunner.run(SafeRunner.java:45) [org.eclipse.equinox.common_3.11.0.v20200206-0817.jar:?]
	at org.eclipse.core.internal.events.BuildManager.basicBuild(BuildManager.java:220) [org.eclipse.core.resources_3.13.700.v20200209-1624.jar:?]
	at org.eclipse.core.internal.events.BuildManager.basicBuild(BuildManager.java:263) [org.eclipse.core.resources_3.13.700.v20200209-1624.jar:?]
	at org.eclipse.core.internal.events.BuildManager$1.run(BuildManager.java:316) [org.eclipse.core.resources_3.13.700.v20200209-1624.jar:?]
	at org.eclipse.core.runtime.SafeRunner.run(SafeRunner.java:45) [org.eclipse.equinox.common_3.11.0.v20200206-0817.jar:?]
	at org.eclipse.core.internal.events.BuildManager.basicBuild(BuildManager.java:319) [org.eclipse.core.resources_3.13.700.v20200209-1624.jar:?]
	at org.eclipse.core.internal.events.BuildManager.basicBuildLoop(BuildManager.java:371) [org.eclipse.core.resources_3.13.700.v20200209-1624.jar:?]
	at org.eclipse.core.internal.events.BuildManager.build(BuildManager.java:392) [org.eclipse.core.resources_3.13.700.v20200209-1624.jar:?]
	at org.eclipse.core.internal.resources.Workspace.buildInternal(Workspace.java:515) [org.eclipse.core.resources_3.13.700.v20200209-1624.jar:?]
	at org.eclipse.core.internal.resources.Workspace.build(Workspace.java:412) [org.eclipse.core.resources_3.13.700.v20200209-1624.jar:?]
	at org.eclipse.ui.actions.BuildAction$1.runInWorkspace(BuildAction.java:291) [org.eclipse.ui.ide_3.17.0.v20200217-1511.jar:?]
	at org.eclipse.core.internal.resources.InternalWorkspaceJob.run(InternalWorkspaceJob.java:42) [org.eclipse.core.resources_3.13.700.v20200209-1624.jar:?]
	at org.eclipse.core.internal.jobs.Worker.run(Worker.java:63) [org.eclipse.core.jobs_3.10.700.v20200106-1020.jar:?]
22:34:31 INFO  : Checking for BSP changes to sync application flags for project 'final_project'...
22:34:31 INFO  : Updating application flags with new BSP settings...
22:34:31 ERROR : Failed to update application flags from BSP for 'final_project'. Reason: null
java.lang.NullPointerException: null
	at com.xilinx.sdk.sw.internal.SwDb.getComponentAppCompilerFlags(SwDb.java:761) ~[com.xilinx.sdk.sw_1.0.0.202210132147.jar:?]
	at com.xilinx.sdx.sw.internal.SDxSwPlatform.getSwPlatformCompilerFlags(SDxSwPlatform.java:1177) ~[com.xilinx.sdx.sw_1.0.0.202210132147.jar:?]
	at com.xilinx.sdx.sdk.core.build.AppSwBuildOptionsHelper.inferSwPlatformFlags(AppSwBuildOptionsHelper.java:54) ~[com.xilinx.sdx.sdk.core_1.0.0.202210132147.jar:?]
	at com.xilinx.sdx.sdk.core.build.AppSwBuildOptionsHelper.updateBuildOptions(AppSwBuildOptionsHelper.java:46) ~[com.xilinx.sdx.sdk.core_1.0.0.202210132147.jar:?]
	at com.xilinx.sdx.sdk.core.build.SdkMakefileGenerationListener.updateSwBuildOptions(SdkMakefileGenerationListener.java:215) ~[com.xilinx.sdx.sdk.core_1.0.0.202210132147.jar:?]
	at com.xilinx.sdx.sdk.core.build.SdkMakefileGenerationListener.syncAppFlags(SdkMakefileGenerationListener.java:99) [com.xilinx.sdx.sdk.core_1.0.0.202210132147.jar:?]
	at com.xilinx.sdx.sdk.core.build.SdkMakefileGenerationListener.preMakefileGeneration(SdkMakefileGenerationListener.java:48) [com.xilinx.sdx.sdk.core_1.0.0.202210132147.jar:?]
	at com.xilinx.sdk.managedbuilder.XilinxGnuMakefileGenerator.notifyPreMakefileGenerationListeners(XilinxGnuMakefileGenerator.java:91) [com.xilinx.sdk.managedbuilder_1.0.0.202210132147.jar:?]
	at com.xilinx.sdk.managedbuilder.XilinxGnuMakefileGenerator.generateMakefiles(XilinxGnuMakefileGenerator.java:40) [com.xilinx.sdk.managedbuilder_1.0.0.202210132147.jar:?]
	at org.eclipse.cdt.managedbuilder.internal.core.CommonBuilder.performMakefileGeneration(CommonBuilder.java:1008) [org.eclipse.cdt.managedbuilder.core_8.6.0.201802261533.jar:?]
	at org.eclipse.cdt.managedbuilder.internal.core.CommonBuilder.performPrebuildGeneration(CommonBuilder.java:873) [org.eclipse.cdt.managedbuilder.core_8.6.0.201802261533.jar:?]
	at org.eclipse.cdt.managedbuilder.internal.core.CommonBuilder.build(CommonBuilder.java:748) [org.eclipse.cdt.managedbuilder.core_8.6.0.201802261533.jar:?]
	at org.eclipse.cdt.managedbuilder.internal.core.CommonBuilder.build(CommonBuilder.java:510) [org.eclipse.cdt.managedbuilder.core_8.6.0.201802261533.jar:?]
	at org.eclipse.cdt.managedbuilder.internal.core.CommonBuilder.build(CommonBuilder.java:459) [org.eclipse.cdt.managedbuilder.core_8.6.0.201802261533.jar:?]
	at org.eclipse.core.internal.events.BuildManager$2.run(BuildManager.java:832) [org.eclipse.core.resources_3.13.700.v20200209-1624.jar:?]
	at org.eclipse.core.runtime.SafeRunner.run(SafeRunner.java:45) [org.eclipse.equinox.common_3.11.0.v20200206-0817.jar:?]
	at org.eclipse.core.internal.events.BuildManager.basicBuild(BuildManager.java:220) [org.eclipse.core.resources_3.13.700.v20200209-1624.jar:?]
	at org.eclipse.core.internal.events.BuildManager.basicBuild(BuildManager.java:263) [org.eclipse.core.resources_3.13.700.v20200209-1624.jar:?]
	at org.eclipse.core.internal.events.BuildManager$1.run(BuildManager.java:316) [org.eclipse.core.resources_3.13.700.v20200209-1624.jar:?]
	at org.eclipse.core.runtime.SafeRunner.run(SafeRunner.java:45) [org.eclipse.equinox.common_3.11.0.v20200206-0817.jar:?]
	at org.eclipse.core.internal.events.BuildManager.basicBuild(BuildManager.java:319) [org.eclipse.core.resources_3.13.700.v20200209-1624.jar:?]
	at org.eclipse.core.internal.events.BuildManager.basicBuildLoop(BuildManager.java:371) [org.eclipse.core.resources_3.13.700.v20200209-1624.jar:?]
	at org.eclipse.core.internal.events.BuildManager.build(BuildManager.java:392) [org.eclipse.core.resources_3.13.700.v20200209-1624.jar:?]
	at org.eclipse.core.internal.resources.Workspace.buildInternal(Workspace.java:515) [org.eclipse.core.resources_3.13.700.v20200209-1624.jar:?]
	at org.eclipse.core.internal.resources.Workspace.build(Workspace.java:412) [org.eclipse.core.resources_3.13.700.v20200209-1624.jar:?]
	at org.eclipse.ui.actions.BuildAction$1.runInWorkspace(BuildAction.java:291) [org.eclipse.ui.ide_3.17.0.v20200217-1511.jar:?]
	at org.eclipse.core.internal.resources.InternalWorkspaceJob.run(InternalWorkspaceJob.java:42) [org.eclipse.core.resources_3.13.700.v20200209-1624.jar:?]
	at org.eclipse.core.internal.jobs.Worker.run(Worker.java:63) [org.eclipse.core.jobs_3.10.700.v20200106-1020.jar:?]
22:37:19 INFO  : Checking for BSP changes to sync application flags for project 'final_project'...
22:37:19 INFO  : Updating application flags with new BSP settings...
22:37:19 ERROR : Failed to update application flags from BSP for 'final_project'. Reason: null
java.lang.NullPointerException: null
	at com.xilinx.sdk.sw.internal.SwDb.getComponentAppCompilerFlags(SwDb.java:761) ~[com.xilinx.sdk.sw_1.0.0.202210132147.jar:?]
	at com.xilinx.sdx.sw.internal.SDxSwPlatform.getSwPlatformCompilerFlags(SDxSwPlatform.java:1177) ~[com.xilinx.sdx.sw_1.0.0.202210132147.jar:?]
	at com.xilinx.sdx.sdk.core.build.AppSwBuildOptionsHelper.inferSwPlatformFlags(AppSwBuildOptionsHelper.java:54) ~[com.xilinx.sdx.sdk.core_1.0.0.202210132147.jar:?]
	at com.xilinx.sdx.sdk.core.build.AppSwBuildOptionsHelper.updateBuildOptions(AppSwBuildOptionsHelper.java:46) ~[com.xilinx.sdx.sdk.core_1.0.0.202210132147.jar:?]
	at com.xilinx.sdx.sdk.core.build.SdkMakefileGenerationListener.updateSwBuildOptions(SdkMakefileGenerationListener.java:215) ~[com.xilinx.sdx.sdk.core_1.0.0.202210132147.jar:?]
	at com.xilinx.sdx.sdk.core.build.SdkMakefileGenerationListener.syncAppFlags(SdkMakefileGenerationListener.java:99) [com.xilinx.sdx.sdk.core_1.0.0.202210132147.jar:?]
	at com.xilinx.sdx.sdk.core.build.SdkMakefileGenerationListener.preMakefileGeneration(SdkMakefileGenerationListener.java:48) [com.xilinx.sdx.sdk.core_1.0.0.202210132147.jar:?]
	at com.xilinx.sdk.managedbuilder.XilinxGnuMakefileGenerator.notifyPreMakefileGenerationListeners(XilinxGnuMakefileGenerator.java:91) [com.xilinx.sdk.managedbuilder_1.0.0.202210132147.jar:?]
	at com.xilinx.sdk.managedbuilder.XilinxGnuMakefileGenerator.generateMakefiles(XilinxGnuMakefileGenerator.java:40) [com.xilinx.sdk.managedbuilder_1.0.0.202210132147.jar:?]
	at org.eclipse.cdt.managedbuilder.internal.core.CommonBuilder.performMakefileGeneration(CommonBuilder.java:1008) [org.eclipse.cdt.managedbuilder.core_8.6.0.201802261533.jar:?]
	at org.eclipse.cdt.managedbuilder.internal.core.CommonBuilder.performPrebuildGeneration(CommonBuilder.java:873) [org.eclipse.cdt.managedbuilder.core_8.6.0.201802261533.jar:?]
	at org.eclipse.cdt.managedbuilder.internal.core.CommonBuilder.build(CommonBuilder.java:748) [org.eclipse.cdt.managedbuilder.core_8.6.0.201802261533.jar:?]
	at org.eclipse.cdt.managedbuilder.internal.core.CommonBuilder.build(CommonBuilder.java:510) [org.eclipse.cdt.managedbuilder.core_8.6.0.201802261533.jar:?]
	at org.eclipse.cdt.managedbuilder.internal.core.CommonBuilder.build(CommonBuilder.java:459) [org.eclipse.cdt.managedbuilder.core_8.6.0.201802261533.jar:?]
	at org.eclipse.core.internal.events.BuildManager$2.run(BuildManager.java:832) [org.eclipse.core.resources_3.13.700.v20200209-1624.jar:?]
	at org.eclipse.core.runtime.SafeRunner.run(SafeRunner.java:45) [org.eclipse.equinox.common_3.11.0.v20200206-0817.jar:?]
	at org.eclipse.core.internal.events.BuildManager.basicBuild(BuildManager.java:220) [org.eclipse.core.resources_3.13.700.v20200209-1624.jar:?]
	at org.eclipse.core.internal.events.BuildManager.basicBuild(BuildManager.java:263) [org.eclipse.core.resources_3.13.700.v20200209-1624.jar:?]
	at org.eclipse.core.internal.events.BuildManager$1.run(BuildManager.java:316) [org.eclipse.core.resources_3.13.700.v20200209-1624.jar:?]
	at org.eclipse.core.runtime.SafeRunner.run(SafeRunner.java:45) [org.eclipse.equinox.common_3.11.0.v20200206-0817.jar:?]
	at org.eclipse.core.internal.events.BuildManager.basicBuild(BuildManager.java:319) [org.eclipse.core.resources_3.13.700.v20200209-1624.jar:?]
	at org.eclipse.core.internal.events.BuildManager.basicBuildLoop(BuildManager.java:371) [org.eclipse.core.resources_3.13.700.v20200209-1624.jar:?]
	at org.eclipse.core.internal.events.BuildManager.build(BuildManager.java:392) [org.eclipse.core.resources_3.13.700.v20200209-1624.jar:?]
	at org.eclipse.core.internal.resources.Workspace.buildInternal(Workspace.java:515) [org.eclipse.core.resources_3.13.700.v20200209-1624.jar:?]
	at org.eclipse.core.internal.resources.Workspace.build(Workspace.java:412) [org.eclipse.core.resources_3.13.700.v20200209-1624.jar:?]
	at org.eclipse.ui.actions.BuildAction$1.runInWorkspace(BuildAction.java:291) [org.eclipse.ui.ide_3.17.0.v20200217-1511.jar:?]
	at org.eclipse.core.internal.resources.InternalWorkspaceJob.run(InternalWorkspaceJob.java:42) [org.eclipse.core.resources_3.13.700.v20200209-1624.jar:?]
	at org.eclipse.core.internal.jobs.Worker.run(Worker.java:63) [org.eclipse.core.jobs_3.10.700.v20200106-1020.jar:?]
22:37:35 INFO  : Connected to target on host '127.0.0.1' and port '3121'.
22:37:35 INFO  : Jtag cable 'RealDigital Boo 88710000000EA' is selected.
22:37:35 INFO  : 'jtag frequency' command is executed.
22:37:35 INFO  : 'targets -set -filter {jtag_cable_name =~ "RealDigital Boo 88710000000EA" && level==0 && jtag_device_ctx=="jsn1-0362f093-0"}' command is executed.
22:37:36 INFO  : Device configured successfully with "D:/School/UIUC_ECE385_SP25/Final_Project/sdk/final_project/_ide/bitstream/mb_lab7_1_wrapper.bit"
22:37:37 INFO  : Context for processor 'microblaze_0' is selected.
22:37:37 INFO  : Hardware design and registers information is loaded from 'D:/School/UIUC_ECE385_SP25/Final_Project/sdk/mb_lab7_1_wrapper/export/mb_lab7_1_wrapper/hw/mb_lab7_1_wrapper.xsa'.
22:37:37 INFO  : 'configparams mdm-detect-bscan-mask 2' command is executed.
22:37:37 INFO  : Context for processor 'microblaze_0' is selected.
22:37:37 INFO  : System reset is completed.
22:37:40 INFO  : 'after 3000' command is executed.
22:37:40 INFO  : Context for processor 'microblaze_0' is selected.
22:37:40 INFO  : The application 'D:/School/UIUC_ECE385_SP25/Final_Project/sdk/final_project/Debug/final_project.elf' is downloaded to processor 'microblaze_0'.
22:37:40 INFO  : ----------------XSDB Script----------------
connect -url tcp:127.0.0.1:3121
targets -set -filter {jtag_cable_name =~ "RealDigital Boo 88710000000EA" && level==0 && jtag_device_ctx=="jsn1-0362f093-0"}
fpga -file D:/School/UIUC_ECE385_SP25/Final_Project/sdk/final_project/_ide/bitstream/mb_lab7_1_wrapper.bit
targets -set -nocase -filter {name =~ "*microblaze*#0" && bscan=="USER2" }
loadhw -hw D:/School/UIUC_ECE385_SP25/Final_Project/sdk/mb_lab7_1_wrapper/export/mb_lab7_1_wrapper/hw/mb_lab7_1_wrapper.xsa -regs
configparams mdm-detect-bscan-mask 2
targets -set -nocase -filter {name =~ "*microblaze*#0" && bscan=="USER2" }
rst -system
after 3000
targets -set -nocase -filter {name =~ "*microblaze*#0" && bscan=="USER2" }
dow D:/School/UIUC_ECE385_SP25/Final_Project/sdk/final_project/Debug/final_project.elf
----------------End of Script----------------

22:37:40 INFO  : Context for processor 'microblaze_0' is selected.
22:37:40 INFO  : 'con' command is executed.
22:37:40 INFO  : ----------------XSDB Script (After Launch)----------------
targets -set -nocase -filter {name =~ "*microblaze*#0" && bscan=="USER2" }
con
----------------End of Script----------------

22:37:40 INFO  : Disconnected from the channel tcfchan#10.
23:09:33 INFO  : Checking for BSP changes to sync application flags for project 'final_project'...
23:09:33 INFO  : Updating application flags with new BSP settings...
23:09:33 ERROR : Failed to update application flags from BSP for 'final_project'. Reason: null
java.lang.NullPointerException: null
	at com.xilinx.sdk.sw.internal.SwDb.getComponentAppCompilerFlags(SwDb.java:761) ~[com.xilinx.sdk.sw_1.0.0.202210132147.jar:?]
	at com.xilinx.sdx.sw.internal.SDxSwPlatform.getSwPlatformCompilerFlags(SDxSwPlatform.java:1177) ~[com.xilinx.sdx.sw_1.0.0.202210132147.jar:?]
	at com.xilinx.sdx.sdk.core.build.AppSwBuildOptionsHelper.inferSwPlatformFlags(AppSwBuildOptionsHelper.java:54) ~[com.xilinx.sdx.sdk.core_1.0.0.202210132147.jar:?]
	at com.xilinx.sdx.sdk.core.build.AppSwBuildOptionsHelper.updateBuildOptions(AppSwBuildOptionsHelper.java:46) ~[com.xilinx.sdx.sdk.core_1.0.0.202210132147.jar:?]
	at com.xilinx.sdx.sdk.core.build.SdkMakefileGenerationListener.updateSwBuildOptions(SdkMakefileGenerationListener.java:215) ~[com.xilinx.sdx.sdk.core_1.0.0.202210132147.jar:?]
	at com.xilinx.sdx.sdk.core.build.SdkMakefileGenerationListener.syncAppFlags(SdkMakefileGenerationListener.java:99) [com.xilinx.sdx.sdk.core_1.0.0.202210132147.jar:?]
	at com.xilinx.sdx.sdk.core.build.SdkMakefileGenerationListener.preMakefileGeneration(SdkMakefileGenerationListener.java:48) [com.xilinx.sdx.sdk.core_1.0.0.202210132147.jar:?]
	at com.xilinx.sdk.managedbuilder.XilinxGnuMakefileGenerator.notifyPreMakefileGenerationListeners(XilinxGnuMakefileGenerator.java:91) [com.xilinx.sdk.managedbuilder_1.0.0.202210132147.jar:?]
	at com.xilinx.sdk.managedbuilder.XilinxGnuMakefileGenerator.generateMakefiles(XilinxGnuMakefileGenerator.java:40) [com.xilinx.sdk.managedbuilder_1.0.0.202210132147.jar:?]
	at org.eclipse.cdt.managedbuilder.internal.core.CommonBuilder.performMakefileGeneration(CommonBuilder.java:1008) [org.eclipse.cdt.managedbuilder.core_8.6.0.201802261533.jar:?]
	at org.eclipse.cdt.managedbuilder.internal.core.CommonBuilder.performPrebuildGeneration(CommonBuilder.java:873) [org.eclipse.cdt.managedbuilder.core_8.6.0.201802261533.jar:?]
	at org.eclipse.cdt.managedbuilder.internal.core.CommonBuilder.build(CommonBuilder.java:748) [org.eclipse.cdt.managedbuilder.core_8.6.0.201802261533.jar:?]
	at org.eclipse.cdt.managedbuilder.internal.core.CommonBuilder.build(CommonBuilder.java:510) [org.eclipse.cdt.managedbuilder.core_8.6.0.201802261533.jar:?]
	at org.eclipse.cdt.managedbuilder.internal.core.CommonBuilder.build(CommonBuilder.java:459) [org.eclipse.cdt.managedbuilder.core_8.6.0.201802261533.jar:?]
	at org.eclipse.core.internal.events.BuildManager$2.run(BuildManager.java:832) [org.eclipse.core.resources_3.13.700.v20200209-1624.jar:?]
	at org.eclipse.core.runtime.SafeRunner.run(SafeRunner.java:45) [org.eclipse.equinox.common_3.11.0.v20200206-0817.jar:?]
	at org.eclipse.core.internal.events.BuildManager.basicBuild(BuildManager.java:220) [org.eclipse.core.resources_3.13.700.v20200209-1624.jar:?]
	at org.eclipse.core.internal.events.BuildManager.basicBuild(BuildManager.java:263) [org.eclipse.core.resources_3.13.700.v20200209-1624.jar:?]
	at org.eclipse.core.internal.events.BuildManager$1.run(BuildManager.java:316) [org.eclipse.core.resources_3.13.700.v20200209-1624.jar:?]
	at org.eclipse.core.runtime.SafeRunner.run(SafeRunner.java:45) [org.eclipse.equinox.common_3.11.0.v20200206-0817.jar:?]
	at org.eclipse.core.internal.events.BuildManager.basicBuild(BuildManager.java:319) [org.eclipse.core.resources_3.13.700.v20200209-1624.jar:?]
	at org.eclipse.core.internal.events.BuildManager.basicBuildLoop(BuildManager.java:371) [org.eclipse.core.resources_3.13.700.v20200209-1624.jar:?]
	at org.eclipse.core.internal.events.BuildManager.build(BuildManager.java:392) [org.eclipse.core.resources_3.13.700.v20200209-1624.jar:?]
	at org.eclipse.core.internal.resources.Workspace.buildInternal(Workspace.java:515) [org.eclipse.core.resources_3.13.700.v20200209-1624.jar:?]
	at org.eclipse.core.internal.resources.Workspace.build(Workspace.java:412) [org.eclipse.core.resources_3.13.700.v20200209-1624.jar:?]
	at org.eclipse.ui.actions.BuildAction$1.runInWorkspace(BuildAction.java:291) [org.eclipse.ui.ide_3.17.0.v20200217-1511.jar:?]
	at org.eclipse.core.internal.resources.InternalWorkspaceJob.run(InternalWorkspaceJob.java:42) [org.eclipse.core.resources_3.13.700.v20200209-1624.jar:?]
	at org.eclipse.core.internal.jobs.Worker.run(Worker.java:63) [org.eclipse.core.jobs_3.10.700.v20200106-1020.jar:?]
23:11:18 INFO  : Checking for BSP changes to sync application flags for project 'final_project'...
23:11:18 INFO  : Updating application flags with new BSP settings...
23:11:18 ERROR : Failed to update application flags from BSP for 'final_project'. Reason: null
java.lang.NullPointerException: null
	at com.xilinx.sdk.sw.internal.SwDb.getComponentAppCompilerFlags(SwDb.java:761) ~[com.xilinx.sdk.sw_1.0.0.202210132147.jar:?]
	at com.xilinx.sdx.sw.internal.SDxSwPlatform.getSwPlatformCompilerFlags(SDxSwPlatform.java:1177) ~[com.xilinx.sdx.sw_1.0.0.202210132147.jar:?]
	at com.xilinx.sdx.sdk.core.build.AppSwBuildOptionsHelper.inferSwPlatformFlags(AppSwBuildOptionsHelper.java:54) ~[com.xilinx.sdx.sdk.core_1.0.0.202210132147.jar:?]
	at com.xilinx.sdx.sdk.core.build.AppSwBuildOptionsHelper.updateBuildOptions(AppSwBuildOptionsHelper.java:46) ~[com.xilinx.sdx.sdk.core_1.0.0.202210132147.jar:?]
	at com.xilinx.sdx.sdk.core.build.SdkMakefileGenerationListener.updateSwBuildOptions(SdkMakefileGenerationListener.java:215) ~[com.xilinx.sdx.sdk.core_1.0.0.202210132147.jar:?]
	at com.xilinx.sdx.sdk.core.build.SdkMakefileGenerationListener.syncAppFlags(SdkMakefileGenerationListener.java:99) [com.xilinx.sdx.sdk.core_1.0.0.202210132147.jar:?]
	at com.xilinx.sdx.sdk.core.build.SdkMakefileGenerationListener.preMakefileGeneration(SdkMakefileGenerationListener.java:48) [com.xilinx.sdx.sdk.core_1.0.0.202210132147.jar:?]
	at com.xilinx.sdk.managedbuilder.XilinxGnuMakefileGenerator.notifyPreMakefileGenerationListeners(XilinxGnuMakefileGenerator.java:91) [com.xilinx.sdk.managedbuilder_1.0.0.202210132147.jar:?]
	at com.xilinx.sdk.managedbuilder.XilinxGnuMakefileGenerator.generateMakefiles(XilinxGnuMakefileGenerator.java:40) [com.xilinx.sdk.managedbuilder_1.0.0.202210132147.jar:?]
	at org.eclipse.cdt.managedbuilder.internal.core.CommonBuilder.performMakefileGeneration(CommonBuilder.java:1008) [org.eclipse.cdt.managedbuilder.core_8.6.0.201802261533.jar:?]
	at org.eclipse.cdt.managedbuilder.internal.core.CommonBuilder.performPrebuildGeneration(CommonBuilder.java:873) [org.eclipse.cdt.managedbuilder.core_8.6.0.201802261533.jar:?]
	at org.eclipse.cdt.managedbuilder.internal.core.CommonBuilder.build(CommonBuilder.java:748) [org.eclipse.cdt.managedbuilder.core_8.6.0.201802261533.jar:?]
	at org.eclipse.cdt.managedbuilder.internal.core.CommonBuilder.build(CommonBuilder.java:510) [org.eclipse.cdt.managedbuilder.core_8.6.0.201802261533.jar:?]
	at org.eclipse.cdt.managedbuilder.internal.core.CommonBuilder.build(CommonBuilder.java:459) [org.eclipse.cdt.managedbuilder.core_8.6.0.201802261533.jar:?]
	at org.eclipse.core.internal.events.BuildManager$2.run(BuildManager.java:832) [org.eclipse.core.resources_3.13.700.v20200209-1624.jar:?]
	at org.eclipse.core.runtime.SafeRunner.run(SafeRunner.java:45) [org.eclipse.equinox.common_3.11.0.v20200206-0817.jar:?]
	at org.eclipse.core.internal.events.BuildManager.basicBuild(BuildManager.java:220) [org.eclipse.core.resources_3.13.700.v20200209-1624.jar:?]
	at org.eclipse.core.internal.events.BuildManager.basicBuild(BuildManager.java:263) [org.eclipse.core.resources_3.13.700.v20200209-1624.jar:?]
	at org.eclipse.core.internal.events.BuildManager$1.run(BuildManager.java:316) [org.eclipse.core.resources_3.13.700.v20200209-1624.jar:?]
	at org.eclipse.core.runtime.SafeRunner.run(SafeRunner.java:45) [org.eclipse.equinox.common_3.11.0.v20200206-0817.jar:?]
	at org.eclipse.core.internal.events.BuildManager.basicBuild(BuildManager.java:319) [org.eclipse.core.resources_3.13.700.v20200209-1624.jar:?]
	at org.eclipse.core.internal.events.BuildManager.basicBuildLoop(BuildManager.java:371) [org.eclipse.core.resources_3.13.700.v20200209-1624.jar:?]
	at org.eclipse.core.internal.events.BuildManager.build(BuildManager.java:392) [org.eclipse.core.resources_3.13.700.v20200209-1624.jar:?]
	at org.eclipse.core.internal.resources.Workspace.buildInternal(Workspace.java:515) [org.eclipse.core.resources_3.13.700.v20200209-1624.jar:?]
	at org.eclipse.core.internal.resources.Workspace.build(Workspace.java:412) [org.eclipse.core.resources_3.13.700.v20200209-1624.jar:?]
	at org.eclipse.ui.actions.BuildAction$1.runInWorkspace(BuildAction.java:291) [org.eclipse.ui.ide_3.17.0.v20200217-1511.jar:?]
	at org.eclipse.core.internal.resources.InternalWorkspaceJob.run(InternalWorkspaceJob.java:42) [org.eclipse.core.resources_3.13.700.v20200209-1624.jar:?]
	at org.eclipse.core.internal.jobs.Worker.run(Worker.java:63) [org.eclipse.core.jobs_3.10.700.v20200106-1020.jar:?]
23:11:39 INFO  : Connected to target on host '127.0.0.1' and port '3121'.
23:11:40 INFO  : Jtag cable 'RealDigital Boo 88710000000EA' is selected.
23:11:40 INFO  : 'jtag frequency' command is executed.
23:11:40 INFO  : 'targets -set -filter {jtag_cable_name =~ "RealDigital Boo 88710000000EA" && level==0 && jtag_device_ctx=="jsn1-0362f093-0"}' command is executed.
23:11:42 INFO  : Device configured successfully with "D:/School/UIUC_ECE385_SP25/Final_Project/sdk/final_project/_ide/bitstream/mb_lab7_1_wrapper.bit"
23:11:42 INFO  : Context for processor 'microblaze_0' is selected.
23:11:42 INFO  : Hardware design and registers information is loaded from 'D:/School/UIUC_ECE385_SP25/Final_Project/sdk/mb_lab7_1_wrapper/export/mb_lab7_1_wrapper/hw/mb_lab7_1_wrapper.xsa'.
23:11:42 INFO  : 'configparams mdm-detect-bscan-mask 2' command is executed.
23:11:42 INFO  : Context for processor 'microblaze_0' is selected.
23:11:42 INFO  : System reset is completed.
23:11:45 INFO  : 'after 3000' command is executed.
23:11:45 INFO  : Context for processor 'microblaze_0' is selected.
23:11:45 INFO  : The application 'D:/School/UIUC_ECE385_SP25/Final_Project/sdk/final_project/Debug/final_project.elf' is downloaded to processor 'microblaze_0'.
23:11:45 INFO  : ----------------XSDB Script----------------
connect -url tcp:127.0.0.1:3121
targets -set -filter {jtag_cable_name =~ "RealDigital Boo 88710000000EA" && level==0 && jtag_device_ctx=="jsn1-0362f093-0"}
fpga -file D:/School/UIUC_ECE385_SP25/Final_Project/sdk/final_project/_ide/bitstream/mb_lab7_1_wrapper.bit
targets -set -nocase -filter {name =~ "*microblaze*#0" && bscan=="USER2" }
loadhw -hw D:/School/UIUC_ECE385_SP25/Final_Project/sdk/mb_lab7_1_wrapper/export/mb_lab7_1_wrapper/hw/mb_lab7_1_wrapper.xsa -regs
configparams mdm-detect-bscan-mask 2
targets -set -nocase -filter {name =~ "*microblaze*#0" && bscan=="USER2" }
rst -system
after 3000
targets -set -nocase -filter {name =~ "*microblaze*#0" && bscan=="USER2" }
dow D:/School/UIUC_ECE385_SP25/Final_Project/sdk/final_project/Debug/final_project.elf
----------------End of Script----------------

23:11:45 INFO  : Context for processor 'microblaze_0' is selected.
23:11:45 INFO  : 'con' command is executed.
23:11:45 INFO  : ----------------XSDB Script (After Launch)----------------
targets -set -nocase -filter {name =~ "*microblaze*#0" && bscan=="USER2" }
con
----------------End of Script----------------

23:11:45 INFO  : Disconnected from the channel tcfchan#11.
23:17:41 INFO  : Checking for BSP changes to sync application flags for project 'final_project'...
23:17:41 INFO  : Updating application flags with new BSP settings...
23:17:41 ERROR : Failed to update application flags from BSP for 'final_project'. Reason: null
java.lang.NullPointerException: null
	at com.xilinx.sdk.sw.internal.SwDb.getComponentAppCompilerFlags(SwDb.java:761) ~[com.xilinx.sdk.sw_1.0.0.202210132147.jar:?]
	at com.xilinx.sdx.sw.internal.SDxSwPlatform.getSwPlatformCompilerFlags(SDxSwPlatform.java:1177) ~[com.xilinx.sdx.sw_1.0.0.202210132147.jar:?]
	at com.xilinx.sdx.sdk.core.build.AppSwBuildOptionsHelper.inferSwPlatformFlags(AppSwBuildOptionsHelper.java:54) ~[com.xilinx.sdx.sdk.core_1.0.0.202210132147.jar:?]
	at com.xilinx.sdx.sdk.core.build.AppSwBuildOptionsHelper.updateBuildOptions(AppSwBuildOptionsHelper.java:46) ~[com.xilinx.sdx.sdk.core_1.0.0.202210132147.jar:?]
	at com.xilinx.sdx.sdk.core.build.SdkMakefileGenerationListener.updateSwBuildOptions(SdkMakefileGenerationListener.java:215) ~[com.xilinx.sdx.sdk.core_1.0.0.202210132147.jar:?]
	at com.xilinx.sdx.sdk.core.build.SdkMakefileGenerationListener.syncAppFlags(SdkMakefileGenerationListener.java:99) [com.xilinx.sdx.sdk.core_1.0.0.202210132147.jar:?]
	at com.xilinx.sdx.sdk.core.build.SdkMakefileGenerationListener.preMakefileGeneration(SdkMakefileGenerationListener.java:48) [com.xilinx.sdx.sdk.core_1.0.0.202210132147.jar:?]
	at com.xilinx.sdk.managedbuilder.XilinxGnuMakefileGenerator.notifyPreMakefileGenerationListeners(XilinxGnuMakefileGenerator.java:91) [com.xilinx.sdk.managedbuilder_1.0.0.202210132147.jar:?]
	at com.xilinx.sdk.managedbuilder.XilinxGnuMakefileGenerator.generateMakefiles(XilinxGnuMakefileGenerator.java:40) [com.xilinx.sdk.managedbuilder_1.0.0.202210132147.jar:?]
	at org.eclipse.cdt.managedbuilder.internal.core.CommonBuilder.performMakefileGeneration(CommonBuilder.java:1008) [org.eclipse.cdt.managedbuilder.core_8.6.0.201802261533.jar:?]
	at org.eclipse.cdt.managedbuilder.internal.core.CommonBuilder.performPrebuildGeneration(CommonBuilder.java:873) [org.eclipse.cdt.managedbuilder.core_8.6.0.201802261533.jar:?]
	at org.eclipse.cdt.managedbuilder.internal.core.CommonBuilder.build(CommonBuilder.java:748) [org.eclipse.cdt.managedbuilder.core_8.6.0.201802261533.jar:?]
	at org.eclipse.cdt.managedbuilder.internal.core.CommonBuilder.build(CommonBuilder.java:510) [org.eclipse.cdt.managedbuilder.core_8.6.0.201802261533.jar:?]
	at org.eclipse.cdt.managedbuilder.internal.core.CommonBuilder.build(CommonBuilder.java:459) [org.eclipse.cdt.managedbuilder.core_8.6.0.201802261533.jar:?]
	at org.eclipse.core.internal.events.BuildManager$2.run(BuildManager.java:832) [org.eclipse.core.resources_3.13.700.v20200209-1624.jar:?]
	at org.eclipse.core.runtime.SafeRunner.run(SafeRunner.java:45) [org.eclipse.equinox.common_3.11.0.v20200206-0817.jar:?]
	at org.eclipse.core.internal.events.BuildManager.basicBuild(BuildManager.java:220) [org.eclipse.core.resources_3.13.700.v20200209-1624.jar:?]
	at org.eclipse.core.internal.events.BuildManager.basicBuild(BuildManager.java:263) [org.eclipse.core.resources_3.13.700.v20200209-1624.jar:?]
	at org.eclipse.core.internal.events.BuildManager$1.run(BuildManager.java:316) [org.eclipse.core.resources_3.13.700.v20200209-1624.jar:?]
	at org.eclipse.core.runtime.SafeRunner.run(SafeRunner.java:45) [org.eclipse.equinox.common_3.11.0.v20200206-0817.jar:?]
	at org.eclipse.core.internal.events.BuildManager.basicBuild(BuildManager.java:319) [org.eclipse.core.resources_3.13.700.v20200209-1624.jar:?]
	at org.eclipse.core.internal.events.BuildManager.basicBuildLoop(BuildManager.java:371) [org.eclipse.core.resources_3.13.700.v20200209-1624.jar:?]
	at org.eclipse.core.internal.events.BuildManager.build(BuildManager.java:392) [org.eclipse.core.resources_3.13.700.v20200209-1624.jar:?]
	at org.eclipse.core.internal.resources.Workspace.buildInternal(Workspace.java:515) [org.eclipse.core.resources_3.13.700.v20200209-1624.jar:?]
	at org.eclipse.core.internal.resources.Workspace.build(Workspace.java:412) [org.eclipse.core.resources_3.13.700.v20200209-1624.jar:?]
	at org.eclipse.ui.actions.BuildAction$1.runInWorkspace(BuildAction.java:291) [org.eclipse.ui.ide_3.17.0.v20200217-1511.jar:?]
	at org.eclipse.core.internal.resources.InternalWorkspaceJob.run(InternalWorkspaceJob.java:42) [org.eclipse.core.resources_3.13.700.v20200209-1624.jar:?]
	at org.eclipse.core.internal.jobs.Worker.run(Worker.java:63) [org.eclipse.core.jobs_3.10.700.v20200106-1020.jar:?]
23:17:53 INFO  : Connected to target on host '127.0.0.1' and port '3121'.
23:17:54 INFO  : Jtag cable 'RealDigital Boo 88710000000EA' is selected.
23:17:54 INFO  : 'jtag frequency' command is executed.
23:17:54 INFO  : 'targets -set -filter {jtag_cable_name =~ "RealDigital Boo 88710000000EA" && level==0 && jtag_device_ctx=="jsn1-0362f093-0"}' command is executed.
23:17:56 INFO  : Device configured successfully with "D:/School/UIUC_ECE385_SP25/Final_Project/sdk/final_project/_ide/bitstream/mb_lab7_1_wrapper.bit"
23:17:56 INFO  : Context for processor 'microblaze_0' is selected.
23:17:56 INFO  : Hardware design and registers information is loaded from 'D:/School/UIUC_ECE385_SP25/Final_Project/sdk/mb_lab7_1_wrapper/export/mb_lab7_1_wrapper/hw/mb_lab7_1_wrapper.xsa'.
23:17:56 INFO  : 'configparams mdm-detect-bscan-mask 2' command is executed.
23:17:56 INFO  : Context for processor 'microblaze_0' is selected.
23:17:56 INFO  : System reset is completed.
23:17:59 INFO  : 'after 3000' command is executed.
23:17:59 INFO  : Context for processor 'microblaze_0' is selected.
23:17:59 INFO  : The application 'D:/School/UIUC_ECE385_SP25/Final_Project/sdk/final_project/Debug/final_project.elf' is downloaded to processor 'microblaze_0'.
23:17:59 INFO  : ----------------XSDB Script----------------
connect -url tcp:127.0.0.1:3121
targets -set -filter {jtag_cable_name =~ "RealDigital Boo 88710000000EA" && level==0 && jtag_device_ctx=="jsn1-0362f093-0"}
fpga -file D:/School/UIUC_ECE385_SP25/Final_Project/sdk/final_project/_ide/bitstream/mb_lab7_1_wrapper.bit
targets -set -nocase -filter {name =~ "*microblaze*#0" && bscan=="USER2" }
loadhw -hw D:/School/UIUC_ECE385_SP25/Final_Project/sdk/mb_lab7_1_wrapper/export/mb_lab7_1_wrapper/hw/mb_lab7_1_wrapper.xsa -regs
configparams mdm-detect-bscan-mask 2
targets -set -nocase -filter {name =~ "*microblaze*#0" && bscan=="USER2" }
rst -system
after 3000
targets -set -nocase -filter {name =~ "*microblaze*#0" && bscan=="USER2" }
dow D:/School/UIUC_ECE385_SP25/Final_Project/sdk/final_project/Debug/final_project.elf
----------------End of Script----------------

23:17:59 INFO  : Context for processor 'microblaze_0' is selected.
23:17:59 INFO  : 'con' command is executed.
23:17:59 INFO  : ----------------XSDB Script (After Launch)----------------
targets -set -nocase -filter {name =~ "*microblaze*#0" && bscan=="USER2" }
con
----------------End of Script----------------

23:17:59 INFO  : Disconnected from the channel tcfchan#12.
23:18:18 INFO  : Result from executing command 'removePlatformRepo': 
23:18:25 INFO  : Result from executing command 'getProjects': mb_lab7_1_wrapper
23:18:25 INFO  : Result from executing command 'getPlatforms': 
23:18:25 INFO  : Checking for BSP changes to sync application flags for project 'final_project'...
23:18:25 INFO  : Updating application flags with new BSP settings...
23:18:25 ERROR : Failed to update application flags from BSP for 'final_project'. Reason: null
java.lang.NullPointerException: null
	at com.xilinx.sdk.sw.internal.SwDb.getComponentAppCompilerFlags(SwDb.java:761) ~[com.xilinx.sdk.sw_1.0.0.202210132147.jar:?]
	at com.xilinx.sdx.sw.internal.SDxSwPlatform.getSwPlatformCompilerFlags(SDxSwPlatform.java:1177) ~[com.xilinx.sdx.sw_1.0.0.202210132147.jar:?]
	at com.xilinx.sdx.sdk.core.build.AppSwBuildOptionsHelper.inferSwPlatformFlags(AppSwBuildOptionsHelper.java:54) ~[com.xilinx.sdx.sdk.core_1.0.0.202210132147.jar:?]
	at com.xilinx.sdx.sdk.core.build.AppSwBuildOptionsHelper.updateBuildOptions(AppSwBuildOptionsHelper.java:46) ~[com.xilinx.sdx.sdk.core_1.0.0.202210132147.jar:?]
	at com.xilinx.sdx.sdk.core.build.SdkMakefileGenerationListener.updateSwBuildOptions(SdkMakefileGenerationListener.java:215) ~[com.xilinx.sdx.sdk.core_1.0.0.202210132147.jar:?]
	at com.xilinx.sdx.sdk.core.build.SdkMakefileGenerationListener.syncAppFlags(SdkMakefileGenerationListener.java:99) [com.xilinx.sdx.sdk.core_1.0.0.202210132147.jar:?]
	at com.xilinx.sdx.sdk.core.build.SdkMakefileGenerationListener.preMakefileGeneration(SdkMakefileGenerationListener.java:48) [com.xilinx.sdx.sdk.core_1.0.0.202210132147.jar:?]
	at com.xilinx.sdk.managedbuilder.XilinxGnuMakefileGenerator.notifyPreMakefileGenerationListeners(XilinxGnuMakefileGenerator.java:91) [com.xilinx.sdk.managedbuilder_1.0.0.202210132147.jar:?]
	at com.xilinx.sdk.managedbuilder.XilinxGnuMakefileGenerator.regenerateMakefiles(XilinxGnuMakefileGenerator.java:75) [com.xilinx.sdk.managedbuilder_1.0.0.202210132147.jar:?]
	at org.eclipse.cdt.managedbuilder.internal.core.CommonBuilder.performMakefileGeneration(CommonBuilder.java:1006) [org.eclipse.cdt.managedbuilder.core_8.6.0.201802261533.jar:?]
	at org.eclipse.cdt.managedbuilder.internal.core.CommonBuilder.performPrebuildGeneration(CommonBuilder.java:873) [org.eclipse.cdt.managedbuilder.core_8.6.0.201802261533.jar:?]
	at org.eclipse.cdt.managedbuilder.internal.core.CommonBuilder.build(CommonBuilder.java:748) [org.eclipse.cdt.managedbuilder.core_8.6.0.201802261533.jar:?]
	at org.eclipse.cdt.managedbuilder.internal.core.CommonBuilder.build(CommonBuilder.java:513) [org.eclipse.cdt.managedbuilder.core_8.6.0.201802261533.jar:?]
	at org.eclipse.cdt.managedbuilder.internal.core.CommonBuilder.build(CommonBuilder.java:459) [org.eclipse.cdt.managedbuilder.core_8.6.0.201802261533.jar:?]
	at org.eclipse.core.internal.events.BuildManager$2.run(BuildManager.java:832) [org.eclipse.core.resources_3.13.700.v20200209-1624.jar:?]
	at org.eclipse.core.runtime.SafeRunner.run(SafeRunner.java:45) [org.eclipse.equinox.common_3.11.0.v20200206-0817.jar:?]
	at org.eclipse.core.internal.events.BuildManager.basicBuild(BuildManager.java:220) [org.eclipse.core.resources_3.13.700.v20200209-1624.jar:?]
	at org.eclipse.core.internal.events.BuildManager.basicBuild(BuildManager.java:263) [org.eclipse.core.resources_3.13.700.v20200209-1624.jar:?]
	at org.eclipse.core.internal.events.BuildManager$1.run(BuildManager.java:316) [org.eclipse.core.resources_3.13.700.v20200209-1624.jar:?]
	at org.eclipse.core.runtime.SafeRunner.run(SafeRunner.java:45) [org.eclipse.equinox.common_3.11.0.v20200206-0817.jar:?]
	at org.eclipse.core.internal.events.BuildManager.basicBuild(BuildManager.java:319) [org.eclipse.core.resources_3.13.700.v20200209-1624.jar:?]
	at org.eclipse.core.internal.events.BuildManager.basicBuildLoop(BuildManager.java:371) [org.eclipse.core.resources_3.13.700.v20200209-1624.jar:?]
	at org.eclipse.core.internal.events.BuildManager.build(BuildManager.java:392) [org.eclipse.core.resources_3.13.700.v20200209-1624.jar:?]
	at org.eclipse.core.internal.resources.Workspace.buildInternal(Workspace.java:515) [org.eclipse.core.resources_3.13.700.v20200209-1624.jar:?]
	at org.eclipse.core.internal.resources.Workspace.build(Workspace.java:405) [org.eclipse.core.resources_3.13.700.v20200209-1624.jar:?]
	at org.eclipse.ui.actions.GlobalBuildAction$1.run(GlobalBuildAction.java:180) [org.eclipse.ui.ide_3.17.0.v20200217-1511.jar:?]
	at org.eclipse.core.internal.jobs.Worker.run(Worker.java:63) [org.eclipse.core.jobs_3.10.700.v20200106-1020.jar:?]
23:18:33 INFO  : Connected to target on host '127.0.0.1' and port '3121'.
23:18:33 INFO  : Jtag cable 'RealDigital Boo 88710000000EA' is selected.
23:18:33 INFO  : 'jtag frequency' command is executed.
23:18:33 INFO  : 'targets -set -filter {jtag_cable_name =~ "RealDigital Boo 88710000000EA" && level==0 && jtag_device_ctx=="jsn1-0362f093-0"}' command is executed.
23:18:35 INFO  : Device configured successfully with "D:/School/UIUC_ECE385_SP25/Final_Project/sdk/final_project/_ide/bitstream/mb_lab7_1_wrapper.bit"
23:18:35 INFO  : Context for processor 'microblaze_0' is selected.
23:18:35 INFO  : Hardware design and registers information is loaded from 'D:/School/UIUC_ECE385_SP25/Final_Project/sdk/mb_lab7_1_wrapper/export/mb_lab7_1_wrapper/hw/mb_lab7_1_wrapper.xsa'.
23:18:35 INFO  : 'configparams mdm-detect-bscan-mask 2' command is executed.
23:18:35 INFO  : Context for processor 'microblaze_0' is selected.
23:18:35 INFO  : System reset is completed.
23:18:38 INFO  : 'after 3000' command is executed.
23:18:38 INFO  : Context for processor 'microblaze_0' is selected.
23:18:38 INFO  : The application 'D:/School/UIUC_ECE385_SP25/Final_Project/sdk/final_project/Debug/final_project.elf' is downloaded to processor 'microblaze_0'.
23:18:38 INFO  : ----------------XSDB Script----------------
connect -url tcp:127.0.0.1:3121
targets -set -filter {jtag_cable_name =~ "RealDigital Boo 88710000000EA" && level==0 && jtag_device_ctx=="jsn1-0362f093-0"}
fpga -file D:/School/UIUC_ECE385_SP25/Final_Project/sdk/final_project/_ide/bitstream/mb_lab7_1_wrapper.bit
targets -set -nocase -filter {name =~ "*microblaze*#0" && bscan=="USER2" }
loadhw -hw D:/School/UIUC_ECE385_SP25/Final_Project/sdk/mb_lab7_1_wrapper/export/mb_lab7_1_wrapper/hw/mb_lab7_1_wrapper.xsa -regs
configparams mdm-detect-bscan-mask 2
targets -set -nocase -filter {name =~ "*microblaze*#0" && bscan=="USER2" }
rst -system
after 3000
targets -set -nocase -filter {name =~ "*microblaze*#0" && bscan=="USER2" }
dow D:/School/UIUC_ECE385_SP25/Final_Project/sdk/final_project/Debug/final_project.elf
----------------End of Script----------------

23:18:38 INFO  : Context for processor 'microblaze_0' is selected.
23:18:38 INFO  : 'con' command is executed.
23:18:38 INFO  : ----------------XSDB Script (After Launch)----------------
targets -set -nocase -filter {name =~ "*microblaze*#0" && bscan=="USER2" }
con
----------------End of Script----------------

23:18:38 INFO  : Disconnected from the channel tcfchan#15.
23:19:51 INFO  : Checking for BSP changes to sync application flags for project 'final_project'...
23:19:51 INFO  : Updating application flags with new BSP settings...
23:19:51 ERROR : Failed to update application flags from BSP for 'final_project'. Reason: null
java.lang.NullPointerException: null
	at com.xilinx.sdk.sw.internal.SwDb.getComponentAppCompilerFlags(SwDb.java:761) ~[com.xilinx.sdk.sw_1.0.0.202210132147.jar:?]
	at com.xilinx.sdx.sw.internal.SDxSwPlatform.getSwPlatformCompilerFlags(SDxSwPlatform.java:1177) ~[com.xilinx.sdx.sw_1.0.0.202210132147.jar:?]
	at com.xilinx.sdx.sdk.core.build.AppSwBuildOptionsHelper.inferSwPlatformFlags(AppSwBuildOptionsHelper.java:54) ~[com.xilinx.sdx.sdk.core_1.0.0.202210132147.jar:?]
	at com.xilinx.sdx.sdk.core.build.AppSwBuildOptionsHelper.updateBuildOptions(AppSwBuildOptionsHelper.java:46) ~[com.xilinx.sdx.sdk.core_1.0.0.202210132147.jar:?]
	at com.xilinx.sdx.sdk.core.build.SdkMakefileGenerationListener.updateSwBuildOptions(SdkMakefileGenerationListener.java:215) ~[com.xilinx.sdx.sdk.core_1.0.0.202210132147.jar:?]
	at com.xilinx.sdx.sdk.core.build.SdkMakefileGenerationListener.syncAppFlags(SdkMakefileGenerationListener.java:99) [com.xilinx.sdx.sdk.core_1.0.0.202210132147.jar:?]
	at com.xilinx.sdx.sdk.core.build.SdkMakefileGenerationListener.preMakefileGeneration(SdkMakefileGenerationListener.java:48) [com.xilinx.sdx.sdk.core_1.0.0.202210132147.jar:?]
	at com.xilinx.sdk.managedbuilder.XilinxGnuMakefileGenerator.notifyPreMakefileGenerationListeners(XilinxGnuMakefileGenerator.java:91) [com.xilinx.sdk.managedbuilder_1.0.0.202210132147.jar:?]
	at com.xilinx.sdk.managedbuilder.XilinxGnuMakefileGenerator.generateMakefiles(XilinxGnuMakefileGenerator.java:40) [com.xilinx.sdk.managedbuilder_1.0.0.202210132147.jar:?]
	at org.eclipse.cdt.managedbuilder.internal.core.CommonBuilder.performMakefileGeneration(CommonBuilder.java:1008) [org.eclipse.cdt.managedbuilder.core_8.6.0.201802261533.jar:?]
	at org.eclipse.cdt.managedbuilder.internal.core.CommonBuilder.performPrebuildGeneration(CommonBuilder.java:873) [org.eclipse.cdt.managedbuilder.core_8.6.0.201802261533.jar:?]
	at org.eclipse.cdt.managedbuilder.internal.core.CommonBuilder.build(CommonBuilder.java:748) [org.eclipse.cdt.managedbuilder.core_8.6.0.201802261533.jar:?]
	at org.eclipse.cdt.managedbuilder.internal.core.CommonBuilder.build(CommonBuilder.java:510) [org.eclipse.cdt.managedbuilder.core_8.6.0.201802261533.jar:?]
	at org.eclipse.cdt.managedbuilder.internal.core.CommonBuilder.build(CommonBuilder.java:459) [org.eclipse.cdt.managedbuilder.core_8.6.0.201802261533.jar:?]
	at org.eclipse.core.internal.events.BuildManager$2.run(BuildManager.java:832) [org.eclipse.core.resources_3.13.700.v20200209-1624.jar:?]
	at org.eclipse.core.runtime.SafeRunner.run(SafeRunner.java:45) [org.eclipse.equinox.common_3.11.0.v20200206-0817.jar:?]
	at org.eclipse.core.internal.events.BuildManager.basicBuild(BuildManager.java:220) [org.eclipse.core.resources_3.13.700.v20200209-1624.jar:?]
	at org.eclipse.core.internal.events.BuildManager.basicBuild(BuildManager.java:263) [org.eclipse.core.resources_3.13.700.v20200209-1624.jar:?]
	at org.eclipse.core.internal.events.BuildManager$1.run(BuildManager.java:316) [org.eclipse.core.resources_3.13.700.v20200209-1624.jar:?]
	at org.eclipse.core.runtime.SafeRunner.run(SafeRunner.java:45) [org.eclipse.equinox.common_3.11.0.v20200206-0817.jar:?]
	at org.eclipse.core.internal.events.BuildManager.basicBuild(BuildManager.java:319) [org.eclipse.core.resources_3.13.700.v20200209-1624.jar:?]
	at org.eclipse.core.internal.events.BuildManager.basicBuildLoop(BuildManager.java:371) [org.eclipse.core.resources_3.13.700.v20200209-1624.jar:?]
	at org.eclipse.core.internal.events.BuildManager.build(BuildManager.java:392) [org.eclipse.core.resources_3.13.700.v20200209-1624.jar:?]
	at org.eclipse.core.internal.resources.Workspace.buildInternal(Workspace.java:515) [org.eclipse.core.resources_3.13.700.v20200209-1624.jar:?]
	at org.eclipse.core.internal.resources.Workspace.build(Workspace.java:412) [org.eclipse.core.resources_3.13.700.v20200209-1624.jar:?]
	at org.eclipse.ui.actions.BuildAction$1.runInWorkspace(BuildAction.java:291) [org.eclipse.ui.ide_3.17.0.v20200217-1511.jar:?]
	at org.eclipse.core.internal.resources.InternalWorkspaceJob.run(InternalWorkspaceJob.java:42) [org.eclipse.core.resources_3.13.700.v20200209-1624.jar:?]
	at org.eclipse.core.internal.jobs.Worker.run(Worker.java:63) [org.eclipse.core.jobs_3.10.700.v20200106-1020.jar:?]
23:20:01 INFO  : Connected to target on host '127.0.0.1' and port '3121'.
23:20:02 INFO  : Jtag cable 'RealDigital Boo 88710000000EA' is selected.
23:20:02 INFO  : 'jtag frequency' command is executed.
23:20:02 INFO  : 'targets -set -filter {jtag_cable_name =~ "RealDigital Boo 88710000000EA" && level==0 && jtag_device_ctx=="jsn1-0362f093-0"}' command is executed.
23:20:04 INFO  : Device configured successfully with "D:/School/UIUC_ECE385_SP25/Final_Project/sdk/final_project/_ide/bitstream/mb_lab7_1_wrapper.bit"
23:20:04 INFO  : Context for processor 'microblaze_0' is selected.
23:20:04 INFO  : Hardware design and registers information is loaded from 'D:/School/UIUC_ECE385_SP25/Final_Project/sdk/mb_lab7_1_wrapper/export/mb_lab7_1_wrapper/hw/mb_lab7_1_wrapper.xsa'.
23:20:04 INFO  : 'configparams mdm-detect-bscan-mask 2' command is executed.
23:20:04 INFO  : Context for processor 'microblaze_0' is selected.
23:20:04 INFO  : System reset is completed.
23:20:07 INFO  : 'after 3000' command is executed.
23:20:07 INFO  : Context for processor 'microblaze_0' is selected.
23:20:07 INFO  : The application 'D:/School/UIUC_ECE385_SP25/Final_Project/sdk/final_project/Debug/final_project.elf' is downloaded to processor 'microblaze_0'.
23:20:07 INFO  : ----------------XSDB Script----------------
connect -url tcp:127.0.0.1:3121
targets -set -filter {jtag_cable_name =~ "RealDigital Boo 88710000000EA" && level==0 && jtag_device_ctx=="jsn1-0362f093-0"}
fpga -file D:/School/UIUC_ECE385_SP25/Final_Project/sdk/final_project/_ide/bitstream/mb_lab7_1_wrapper.bit
targets -set -nocase -filter {name =~ "*microblaze*#0" && bscan=="USER2" }
loadhw -hw D:/School/UIUC_ECE385_SP25/Final_Project/sdk/mb_lab7_1_wrapper/export/mb_lab7_1_wrapper/hw/mb_lab7_1_wrapper.xsa -regs
configparams mdm-detect-bscan-mask 2
targets -set -nocase -filter {name =~ "*microblaze*#0" && bscan=="USER2" }
rst -system
after 3000
targets -set -nocase -filter {name =~ "*microblaze*#0" && bscan=="USER2" }
dow D:/School/UIUC_ECE385_SP25/Final_Project/sdk/final_project/Debug/final_project.elf
----------------End of Script----------------

23:20:07 INFO  : Context for processor 'microblaze_0' is selected.
23:20:07 INFO  : 'con' command is executed.
23:20:07 INFO  : ----------------XSDB Script (After Launch)----------------
targets -set -nocase -filter {name =~ "*microblaze*#0" && bscan=="USER2" }
con
----------------End of Script----------------

23:20:07 INFO  : Disconnected from the channel tcfchan#16.
23:21:34 INFO  : Checking for BSP changes to sync application flags for project 'final_project'...
23:21:34 INFO  : Updating application flags with new BSP settings...
23:21:34 ERROR : Failed to update application flags from BSP for 'final_project'. Reason: null
java.lang.NullPointerException: null
	at com.xilinx.sdk.sw.internal.SwDb.getComponentAppCompilerFlags(SwDb.java:761) ~[com.xilinx.sdk.sw_1.0.0.202210132147.jar:?]
	at com.xilinx.sdx.sw.internal.SDxSwPlatform.getSwPlatformCompilerFlags(SDxSwPlatform.java:1177) ~[com.xilinx.sdx.sw_1.0.0.202210132147.jar:?]
	at com.xilinx.sdx.sdk.core.build.AppSwBuildOptionsHelper.inferSwPlatformFlags(AppSwBuildOptionsHelper.java:54) ~[com.xilinx.sdx.sdk.core_1.0.0.202210132147.jar:?]
	at com.xilinx.sdx.sdk.core.build.AppSwBuildOptionsHelper.updateBuildOptions(AppSwBuildOptionsHelper.java:46) ~[com.xilinx.sdx.sdk.core_1.0.0.202210132147.jar:?]
	at com.xilinx.sdx.sdk.core.build.SdkMakefileGenerationListener.updateSwBuildOptions(SdkMakefileGenerationListener.java:215) ~[com.xilinx.sdx.sdk.core_1.0.0.202210132147.jar:?]
	at com.xilinx.sdx.sdk.core.build.SdkMakefileGenerationListener.syncAppFlags(SdkMakefileGenerationListener.java:99) [com.xilinx.sdx.sdk.core_1.0.0.202210132147.jar:?]
	at com.xilinx.sdx.sdk.core.build.SdkMakefileGenerationListener.preMakefileGeneration(SdkMakefileGenerationListener.java:48) [com.xilinx.sdx.sdk.core_1.0.0.202210132147.jar:?]
	at com.xilinx.sdk.managedbuilder.XilinxGnuMakefileGenerator.notifyPreMakefileGenerationListeners(XilinxGnuMakefileGenerator.java:91) [com.xilinx.sdk.managedbuilder_1.0.0.202210132147.jar:?]
	at com.xilinx.sdk.managedbuilder.XilinxGnuMakefileGenerator.generateMakefiles(XilinxGnuMakefileGenerator.java:40) [com.xilinx.sdk.managedbuilder_1.0.0.202210132147.jar:?]
	at org.eclipse.cdt.managedbuilder.internal.core.CommonBuilder.performMakefileGeneration(CommonBuilder.java:1008) [org.eclipse.cdt.managedbuilder.core_8.6.0.201802261533.jar:?]
	at org.eclipse.cdt.managedbuilder.internal.core.CommonBuilder.performPrebuildGeneration(CommonBuilder.java:873) [org.eclipse.cdt.managedbuilder.core_8.6.0.201802261533.jar:?]
	at org.eclipse.cdt.managedbuilder.internal.core.CommonBuilder.build(CommonBuilder.java:748) [org.eclipse.cdt.managedbuilder.core_8.6.0.201802261533.jar:?]
	at org.eclipse.cdt.managedbuilder.internal.core.CommonBuilder.build(CommonBuilder.java:510) [org.eclipse.cdt.managedbuilder.core_8.6.0.201802261533.jar:?]
	at org.eclipse.cdt.managedbuilder.internal.core.CommonBuilder.build(CommonBuilder.java:459) [org.eclipse.cdt.managedbuilder.core_8.6.0.201802261533.jar:?]
	at org.eclipse.core.internal.events.BuildManager$2.run(BuildManager.java:832) [org.eclipse.core.resources_3.13.700.v20200209-1624.jar:?]
	at org.eclipse.core.runtime.SafeRunner.run(SafeRunner.java:45) [org.eclipse.equinox.common_3.11.0.v20200206-0817.jar:?]
	at org.eclipse.core.internal.events.BuildManager.basicBuild(BuildManager.java:220) [org.eclipse.core.resources_3.13.700.v20200209-1624.jar:?]
	at org.eclipse.core.internal.events.BuildManager.basicBuild(BuildManager.java:263) [org.eclipse.core.resources_3.13.700.v20200209-1624.jar:?]
	at org.eclipse.core.internal.events.BuildManager$1.run(BuildManager.java:316) [org.eclipse.core.resources_3.13.700.v20200209-1624.jar:?]
	at org.eclipse.core.runtime.SafeRunner.run(SafeRunner.java:45) [org.eclipse.equinox.common_3.11.0.v20200206-0817.jar:?]
	at org.eclipse.core.internal.events.BuildManager.basicBuild(BuildManager.java:319) [org.eclipse.core.resources_3.13.700.v20200209-1624.jar:?]
	at org.eclipse.core.internal.events.BuildManager.basicBuildLoop(BuildManager.java:371) [org.eclipse.core.resources_3.13.700.v20200209-1624.jar:?]
	at org.eclipse.core.internal.events.BuildManager.build(BuildManager.java:392) [org.eclipse.core.resources_3.13.700.v20200209-1624.jar:?]
	at org.eclipse.core.internal.resources.Workspace.buildInternal(Workspace.java:515) [org.eclipse.core.resources_3.13.700.v20200209-1624.jar:?]
	at org.eclipse.core.internal.resources.Workspace.build(Workspace.java:412) [org.eclipse.core.resources_3.13.700.v20200209-1624.jar:?]
	at org.eclipse.ui.actions.BuildAction$1.runInWorkspace(BuildAction.java:291) [org.eclipse.ui.ide_3.17.0.v20200217-1511.jar:?]
	at org.eclipse.core.internal.resources.InternalWorkspaceJob.run(InternalWorkspaceJob.java:42) [org.eclipse.core.resources_3.13.700.v20200209-1624.jar:?]
	at org.eclipse.core.internal.jobs.Worker.run(Worker.java:63) [org.eclipse.core.jobs_3.10.700.v20200106-1020.jar:?]
23:21:46 INFO  : Connected to target on host '127.0.0.1' and port '3121'.
23:21:46 INFO  : Jtag cable 'RealDigital Boo 88710000000EA' is selected.
23:21:46 INFO  : 'jtag frequency' command is executed.
23:21:47 INFO  : 'targets -set -filter {jtag_cable_name =~ "RealDigital Boo 88710000000EA" && level==0 && jtag_device_ctx=="jsn1-0362f093-0"}' command is executed.
23:21:49 INFO  : Device configured successfully with "D:/School/UIUC_ECE385_SP25/Final_Project/sdk/final_project/_ide/bitstream/mb_lab7_1_wrapper.bit"
23:21:49 INFO  : Context for processor 'microblaze_0' is selected.
23:21:49 INFO  : Hardware design and registers information is loaded from 'D:/School/UIUC_ECE385_SP25/Final_Project/sdk/mb_lab7_1_wrapper/export/mb_lab7_1_wrapper/hw/mb_lab7_1_wrapper.xsa'.
23:21:49 INFO  : 'configparams mdm-detect-bscan-mask 2' command is executed.
23:21:49 INFO  : Context for processor 'microblaze_0' is selected.
23:21:49 INFO  : System reset is completed.
23:21:52 INFO  : 'after 3000' command is executed.
23:21:52 INFO  : Context for processor 'microblaze_0' is selected.
23:21:53 INFO  : The application 'D:/School/UIUC_ECE385_SP25/Final_Project/sdk/final_project/Debug/final_project.elf' is downloaded to processor 'microblaze_0'.
23:21:53 INFO  : ----------------XSDB Script----------------
connect -url tcp:127.0.0.1:3121
targets -set -filter {jtag_cable_name =~ "RealDigital Boo 88710000000EA" && level==0 && jtag_device_ctx=="jsn1-0362f093-0"}
fpga -file D:/School/UIUC_ECE385_SP25/Final_Project/sdk/final_project/_ide/bitstream/mb_lab7_1_wrapper.bit
targets -set -nocase -filter {name =~ "*microblaze*#0" && bscan=="USER2" }
loadhw -hw D:/School/UIUC_ECE385_SP25/Final_Project/sdk/mb_lab7_1_wrapper/export/mb_lab7_1_wrapper/hw/mb_lab7_1_wrapper.xsa -regs
configparams mdm-detect-bscan-mask 2
targets -set -nocase -filter {name =~ "*microblaze*#0" && bscan=="USER2" }
rst -system
after 3000
targets -set -nocase -filter {name =~ "*microblaze*#0" && bscan=="USER2" }
dow D:/School/UIUC_ECE385_SP25/Final_Project/sdk/final_project/Debug/final_project.elf
----------------End of Script----------------

23:21:53 INFO  : Context for processor 'microblaze_0' is selected.
23:21:53 INFO  : 'con' command is executed.
23:21:53 INFO  : ----------------XSDB Script (After Launch)----------------
targets -set -nocase -filter {name =~ "*microblaze*#0" && bscan=="USER2" }
con
----------------End of Script----------------

23:21:53 INFO  : Disconnected from the channel tcfchan#17.
23:21:58 INFO  : Connected to target on host '127.0.0.1' and port '3121'.
23:21:59 INFO  : Jtag cable 'RealDigital Boo 88710000000EA' is selected.
23:21:59 INFO  : 'jtag frequency' command is executed.
23:22:02 ERROR : no targets found with "jtag_cable_name =~ "RealDigital Boo 88710000000EA" && level==0 && jtag_device_ctx=="jsn1-0362f093-0"". available targets:
  1  xc7s50
     2  MicroBlaze Debug Module at USER2
        3  MicroBlaze #0 (Running)
23:22:02 ERROR : Exception occured while running Program Device.
java.lang.RuntimeException: no targets found with "jtag_cable_name =~ "RealDigital Boo 88710000000EA" && level==0 && jtag_device_ctx=="jsn1-0362f093-0"". available targets:
  1  xc7s50
     2  MicroBlaze Debug Module at USER2
        3  MicroBlaze #0 (Running)
23:22:02 INFO  : ----------------XSDB Script----------------
connect -url tcp:127.0.0.1:3121
----------------End of Script----------------

23:22:02 ERROR : no targets found with "jtag_cable_name =~ "RealDigital Boo 88710000000EA" && level==0 && jtag_device_ctx=="jsn1-0362f093-0"". available targets:
  1  xc7s50
     2  MicroBlaze Debug Module at USER2
        3  MicroBlaze #0 (Running)
23:22:09 INFO  : Connected to target on host '127.0.0.1' and port '3121'.
23:22:09 INFO  : Jtag cable 'RealDigital Boo 88710000000EA' is selected.
23:22:09 INFO  : 'jtag frequency' command is executed.
23:22:12 ERROR : no targets found with "jtag_cable_name =~ "RealDigital Boo 88710000000EA" && level==0 && jtag_device_ctx=="jsn1-0362f093-0"". available targets:
  1  xc7s50
     2  MicroBlaze Debug Module at USER2
        3  MicroBlaze #0 (Running)
23:22:12 ERROR : Exception occured while running Program Device.
java.lang.RuntimeException: no targets found with "jtag_cable_name =~ "RealDigital Boo 88710000000EA" && level==0 && jtag_device_ctx=="jsn1-0362f093-0"". available targets:
  1  xc7s50
     2  MicroBlaze Debug Module at USER2
        3  MicroBlaze #0 (Running)
23:22:12 INFO  : ----------------XSDB Script----------------
connect -url tcp:127.0.0.1:3121
----------------End of Script----------------

23:22:12 ERROR : no targets found with "jtag_cable_name =~ "RealDigital Boo 88710000000EA" && level==0 && jtag_device_ctx=="jsn1-0362f093-0"". available targets:
  1  xc7s50
     2  MicroBlaze Debug Module at USER2
        3  MicroBlaze #0 (Running)
23:22:31 INFO  : Connected to target on host '127.0.0.1' and port '3121'.
23:22:31 INFO  : Jtag cable 'RealDigital Boo 88710000000EA' is selected.
23:22:31 INFO  : 'jtag frequency' command is executed.
23:22:35 ERROR : no targets found with "jtag_cable_name =~ "RealDigital Boo 88710000000EA" && level==0 && jtag_device_ctx=="jsn1-0362f093-0"". available targets:
  1  xc7s50
     2  MicroBlaze Debug Module at USER2
        3  MicroBlaze #0 (Running)
23:22:35 ERROR : Exception occured while running Program Device.
java.lang.RuntimeException: no targets found with "jtag_cable_name =~ "RealDigital Boo 88710000000EA" && level==0 && jtag_device_ctx=="jsn1-0362f093-0"". available targets:
  1  xc7s50
     2  MicroBlaze Debug Module at USER2
        3  MicroBlaze #0 (Running)
23:22:35 INFO  : ----------------XSDB Script----------------
connect -url tcp:127.0.0.1:3121
----------------End of Script----------------

23:22:35 ERROR : no targets found with "jtag_cable_name =~ "RealDigital Boo 88710000000EA" && level==0 && jtag_device_ctx=="jsn1-0362f093-0"". available targets:
  1  xc7s50
     2  MicroBlaze Debug Module at USER2
        3  MicroBlaze #0 (Running)
23:22:59 INFO  : Connected to target on host '127.0.0.1' and port '3121'.
23:23:00 INFO  : Jtag cable 'RealDigital Boo 88710000000EA' is selected.
23:23:00 INFO  : 'jtag frequency' command is executed.
23:23:03 ERROR : no targets found with "jtag_cable_name =~ "RealDigital Boo 88710000000EA" && level==0 && jtag_device_ctx=="jsn1-0362f093-0"". available targets:
  1  xc7s50
     2  MicroBlaze Debug Module at USER2
        3  MicroBlaze #0 (Running)
23:23:03 ERROR : Exception occured while running Program Device.
java.lang.RuntimeException: no targets found with "jtag_cable_name =~ "RealDigital Boo 88710000000EA" && level==0 && jtag_device_ctx=="jsn1-0362f093-0"". available targets:
  1  xc7s50
     2  MicroBlaze Debug Module at USER2
        3  MicroBlaze #0 (Running)
23:23:03 INFO  : ----------------XSDB Script----------------
connect -url tcp:127.0.0.1:3121
----------------End of Script----------------

23:23:03 ERROR : no targets found with "jtag_cable_name =~ "RealDigital Boo 88710000000EA" && level==0 && jtag_device_ctx=="jsn1-0362f093-0"". available targets:
  1  xc7s50
     2  MicroBlaze Debug Module at USER2
        3  MicroBlaze #0 (Running)
23:23:13 INFO  : Checking for BSP changes to sync application flags for project 'final_project'...
23:23:13 INFO  : Updating application flags with new BSP settings...
23:23:13 ERROR : Failed to update application flags from BSP for 'final_project'. Reason: null
java.lang.NullPointerException: null
	at com.xilinx.sdk.sw.internal.SwDb.getComponentAppCompilerFlags(SwDb.java:761) ~[com.xilinx.sdk.sw_1.0.0.202210132147.jar:?]
	at com.xilinx.sdx.sw.internal.SDxSwPlatform.getSwPlatformCompilerFlags(SDxSwPlatform.java:1177) ~[com.xilinx.sdx.sw_1.0.0.202210132147.jar:?]
	at com.xilinx.sdx.sdk.core.build.AppSwBuildOptionsHelper.inferSwPlatformFlags(AppSwBuildOptionsHelper.java:54) ~[com.xilinx.sdx.sdk.core_1.0.0.202210132147.jar:?]
	at com.xilinx.sdx.sdk.core.build.AppSwBuildOptionsHelper.updateBuildOptions(AppSwBuildOptionsHelper.java:46) ~[com.xilinx.sdx.sdk.core_1.0.0.202210132147.jar:?]
	at com.xilinx.sdx.sdk.core.build.SdkMakefileGenerationListener.updateSwBuildOptions(SdkMakefileGenerationListener.java:215) ~[com.xilinx.sdx.sdk.core_1.0.0.202210132147.jar:?]
	at com.xilinx.sdx.sdk.core.build.SdkMakefileGenerationListener.syncAppFlags(SdkMakefileGenerationListener.java:99) [com.xilinx.sdx.sdk.core_1.0.0.202210132147.jar:?]
	at com.xilinx.sdx.sdk.core.build.SdkMakefileGenerationListener.preMakefileGeneration(SdkMakefileGenerationListener.java:48) [com.xilinx.sdx.sdk.core_1.0.0.202210132147.jar:?]
	at com.xilinx.sdk.managedbuilder.XilinxGnuMakefileGenerator.notifyPreMakefileGenerationListeners(XilinxGnuMakefileGenerator.java:91) [com.xilinx.sdk.managedbuilder_1.0.0.202210132147.jar:?]
	at com.xilinx.sdk.managedbuilder.XilinxGnuMakefileGenerator.generateMakefiles(XilinxGnuMakefileGenerator.java:40) [com.xilinx.sdk.managedbuilder_1.0.0.202210132147.jar:?]
	at org.eclipse.cdt.managedbuilder.internal.core.CommonBuilder.performMakefileGeneration(CommonBuilder.java:1008) [org.eclipse.cdt.managedbuilder.core_8.6.0.201802261533.jar:?]
	at org.eclipse.cdt.managedbuilder.internal.core.CommonBuilder.performPrebuildGeneration(CommonBuilder.java:873) [org.eclipse.cdt.managedbuilder.core_8.6.0.201802261533.jar:?]
	at org.eclipse.cdt.managedbuilder.internal.core.CommonBuilder.build(CommonBuilder.java:748) [org.eclipse.cdt.managedbuilder.core_8.6.0.201802261533.jar:?]
	at org.eclipse.cdt.managedbuilder.internal.core.CommonBuilder.build(CommonBuilder.java:510) [org.eclipse.cdt.managedbuilder.core_8.6.0.201802261533.jar:?]
	at org.eclipse.cdt.managedbuilder.internal.core.CommonBuilder.build(CommonBuilder.java:459) [org.eclipse.cdt.managedbuilder.core_8.6.0.201802261533.jar:?]
	at org.eclipse.core.internal.events.BuildManager$2.run(BuildManager.java:832) [org.eclipse.core.resources_3.13.700.v20200209-1624.jar:?]
	at org.eclipse.core.runtime.SafeRunner.run(SafeRunner.java:45) [org.eclipse.equinox.common_3.11.0.v20200206-0817.jar:?]
	at org.eclipse.core.internal.events.BuildManager.basicBuild(BuildManager.java:220) [org.eclipse.core.resources_3.13.700.v20200209-1624.jar:?]
	at org.eclipse.core.internal.events.BuildManager.basicBuild(BuildManager.java:263) [org.eclipse.core.resources_3.13.700.v20200209-1624.jar:?]
	at org.eclipse.core.internal.events.BuildManager$1.run(BuildManager.java:316) [org.eclipse.core.resources_3.13.700.v20200209-1624.jar:?]
	at org.eclipse.core.runtime.SafeRunner.run(SafeRunner.java:45) [org.eclipse.equinox.common_3.11.0.v20200206-0817.jar:?]
	at org.eclipse.core.internal.events.BuildManager.basicBuild(BuildManager.java:319) [org.eclipse.core.resources_3.13.700.v20200209-1624.jar:?]
	at org.eclipse.core.internal.events.BuildManager.basicBuildLoop(BuildManager.java:371) [org.eclipse.core.resources_3.13.700.v20200209-1624.jar:?]
	at org.eclipse.core.internal.events.BuildManager.build(BuildManager.java:392) [org.eclipse.core.resources_3.13.700.v20200209-1624.jar:?]
	at org.eclipse.core.internal.resources.Workspace.buildInternal(Workspace.java:515) [org.eclipse.core.resources_3.13.700.v20200209-1624.jar:?]
	at org.eclipse.core.internal.resources.Workspace.build(Workspace.java:412) [org.eclipse.core.resources_3.13.700.v20200209-1624.jar:?]
	at org.eclipse.ui.actions.BuildAction$1.runInWorkspace(BuildAction.java:291) [org.eclipse.ui.ide_3.17.0.v20200217-1511.jar:?]
	at org.eclipse.core.internal.resources.InternalWorkspaceJob.run(InternalWorkspaceJob.java:42) [org.eclipse.core.resources_3.13.700.v20200209-1624.jar:?]
	at org.eclipse.core.internal.jobs.Worker.run(Worker.java:63) [org.eclipse.core.jobs_3.10.700.v20200106-1020.jar:?]
23:23:47 INFO  : Connected to target on host '127.0.0.1' and port '3121'.
23:23:47 INFO  : Jtag cable 'RealDigital Boo 88710000000EA' is selected.
23:23:47 INFO  : 'jtag frequency' command is executed.
23:23:50 ERROR : no targets found with "jtag_cable_name =~ "RealDigital Boo 88710000000EA" && level==0 && jtag_device_ctx=="jsn1-0362f093-0"". available targets:
  1  xc7s50
     2  MicroBlaze Debug Module at USER2
        3  MicroBlaze #0 (Running)
23:23:50 ERROR : Exception occured while running Program Device.
java.lang.RuntimeException: no targets found with "jtag_cable_name =~ "RealDigital Boo 88710000000EA" && level==0 && jtag_device_ctx=="jsn1-0362f093-0"". available targets:
  1  xc7s50
     2  MicroBlaze Debug Module at USER2
        3  MicroBlaze #0 (Running)
23:23:50 INFO  : ----------------XSDB Script----------------
connect -url tcp:127.0.0.1:3121
----------------End of Script----------------

23:23:50 ERROR : no targets found with "jtag_cable_name =~ "RealDigital Boo 88710000000EA" && level==0 && jtag_device_ctx=="jsn1-0362f093-0"". available targets:
  1  xc7s50
     2  MicroBlaze Debug Module at USER2
        3  MicroBlaze #0 (Running)
23:24:45 INFO  : Connected to target on host '127.0.0.1' and port '3121'.
23:24:45 INFO  : Jtag cable 'RealDigital Boo 88710000000EA' is selected.
23:24:45 INFO  : 'jtag frequency' command is executed.
23:24:49 ERROR : no targets found with "jtag_cable_name =~ "RealDigital Boo 88710000000EA" && level==0 && jtag_device_ctx=="jsn1-0362f093-0"". available targets:
  1  xc7s50
     2  MicroBlaze Debug Module at USER2
        3  MicroBlaze #0 (Running)
23:24:49 ERROR : Exception occured while running Program Device.
java.lang.RuntimeException: no targets found with "jtag_cable_name =~ "RealDigital Boo 88710000000EA" && level==0 && jtag_device_ctx=="jsn1-0362f093-0"". available targets:
  1  xc7s50
     2  MicroBlaze Debug Module at USER2
        3  MicroBlaze #0 (Running)
23:24:49 INFO  : ----------------XSDB Script----------------
connect -url tcp:127.0.0.1:3121
----------------End of Script----------------

23:24:49 ERROR : no targets found with "jtag_cable_name =~ "RealDigital Boo 88710000000EA" && level==0 && jtag_device_ctx=="jsn1-0362f093-0"". available targets:
  1  xc7s50
     2  MicroBlaze Debug Module at USER2
        3  MicroBlaze #0 (Running)
23:25:00 INFO  : Result from executing command 'removePlatformRepo': 
23:25:05 INFO  : Result from executing command 'getProjects': mb_lab7_1_wrapper
23:25:05 INFO  : Result from executing command 'getPlatforms': 
23:25:05 INFO  : Checking for BSP changes to sync application flags for project 'final_project'...
23:25:05 INFO  : Updating application flags with new BSP settings...
23:25:05 ERROR : Failed to update application flags from BSP for 'final_project'. Reason: null
java.lang.NullPointerException: null
	at com.xilinx.sdk.sw.internal.SwDb.getComponentAppCompilerFlags(SwDb.java:761) ~[com.xilinx.sdk.sw_1.0.0.202210132147.jar:?]
	at com.xilinx.sdx.sw.internal.SDxSwPlatform.getSwPlatformCompilerFlags(SDxSwPlatform.java:1177) ~[com.xilinx.sdx.sw_1.0.0.202210132147.jar:?]
	at com.xilinx.sdx.sdk.core.build.AppSwBuildOptionsHelper.inferSwPlatformFlags(AppSwBuildOptionsHelper.java:54) ~[com.xilinx.sdx.sdk.core_1.0.0.202210132147.jar:?]
	at com.xilinx.sdx.sdk.core.build.AppSwBuildOptionsHelper.updateBuildOptions(AppSwBuildOptionsHelper.java:46) ~[com.xilinx.sdx.sdk.core_1.0.0.202210132147.jar:?]
	at com.xilinx.sdx.sdk.core.build.SdkMakefileGenerationListener.updateSwBuildOptions(SdkMakefileGenerationListener.java:215) ~[com.xilinx.sdx.sdk.core_1.0.0.202210132147.jar:?]
	at com.xilinx.sdx.sdk.core.build.SdkMakefileGenerationListener.syncAppFlags(SdkMakefileGenerationListener.java:99) [com.xilinx.sdx.sdk.core_1.0.0.202210132147.jar:?]
	at com.xilinx.sdx.sdk.core.build.SdkMakefileGenerationListener.preMakefileGeneration(SdkMakefileGenerationListener.java:48) [com.xilinx.sdx.sdk.core_1.0.0.202210132147.jar:?]
	at com.xilinx.sdk.managedbuilder.XilinxGnuMakefileGenerator.notifyPreMakefileGenerationListeners(XilinxGnuMakefileGenerator.java:91) [com.xilinx.sdk.managedbuilder_1.0.0.202210132147.jar:?]
	at com.xilinx.sdk.managedbuilder.XilinxGnuMakefileGenerator.regenerateMakefiles(XilinxGnuMakefileGenerator.java:75) [com.xilinx.sdk.managedbuilder_1.0.0.202210132147.jar:?]
	at org.eclipse.cdt.managedbuilder.internal.core.CommonBuilder.performMakefileGeneration(CommonBuilder.java:1006) [org.eclipse.cdt.managedbuilder.core_8.6.0.201802261533.jar:?]
	at org.eclipse.cdt.managedbuilder.internal.core.CommonBuilder.performPrebuildGeneration(CommonBuilder.java:873) [org.eclipse.cdt.managedbuilder.core_8.6.0.201802261533.jar:?]
	at org.eclipse.cdt.managedbuilder.internal.core.CommonBuilder.build(CommonBuilder.java:748) [org.eclipse.cdt.managedbuilder.core_8.6.0.201802261533.jar:?]
	at org.eclipse.cdt.managedbuilder.internal.core.CommonBuilder.build(CommonBuilder.java:513) [org.eclipse.cdt.managedbuilder.core_8.6.0.201802261533.jar:?]
	at org.eclipse.cdt.managedbuilder.internal.core.CommonBuilder.build(CommonBuilder.java:459) [org.eclipse.cdt.managedbuilder.core_8.6.0.201802261533.jar:?]
	at org.eclipse.core.internal.events.BuildManager$2.run(BuildManager.java:832) [org.eclipse.core.resources_3.13.700.v20200209-1624.jar:?]
	at org.eclipse.core.runtime.SafeRunner.run(SafeRunner.java:45) [org.eclipse.equinox.common_3.11.0.v20200206-0817.jar:?]
	at org.eclipse.core.internal.events.BuildManager.basicBuild(BuildManager.java:220) [org.eclipse.core.resources_3.13.700.v20200209-1624.jar:?]
	at org.eclipse.core.internal.events.BuildManager.basicBuild(BuildManager.java:263) [org.eclipse.core.resources_3.13.700.v20200209-1624.jar:?]
	at org.eclipse.core.internal.events.BuildManager$1.run(BuildManager.java:316) [org.eclipse.core.resources_3.13.700.v20200209-1624.jar:?]
	at org.eclipse.core.runtime.SafeRunner.run(SafeRunner.java:45) [org.eclipse.equinox.common_3.11.0.v20200206-0817.jar:?]
	at org.eclipse.core.internal.events.BuildManager.basicBuild(BuildManager.java:319) [org.eclipse.core.resources_3.13.700.v20200209-1624.jar:?]
	at org.eclipse.core.internal.events.BuildManager.basicBuildLoop(BuildManager.java:371) [org.eclipse.core.resources_3.13.700.v20200209-1624.jar:?]
	at org.eclipse.core.internal.events.BuildManager.build(BuildManager.java:392) [org.eclipse.core.resources_3.13.700.v20200209-1624.jar:?]
	at org.eclipse.core.internal.resources.Workspace.buildInternal(Workspace.java:515) [org.eclipse.core.resources_3.13.700.v20200209-1624.jar:?]
	at org.eclipse.core.internal.resources.Workspace.build(Workspace.java:405) [org.eclipse.core.resources_3.13.700.v20200209-1624.jar:?]
	at org.eclipse.ui.actions.GlobalBuildAction$1.run(GlobalBuildAction.java:180) [org.eclipse.ui.ide_3.17.0.v20200217-1511.jar:?]
	at org.eclipse.core.internal.jobs.Worker.run(Worker.java:63) [org.eclipse.core.jobs_3.10.700.v20200106-1020.jar:?]
23:25:36 INFO  : Connected to target on host '127.0.0.1' and port '3121'.
23:25:36 INFO  : Jtag cable 'RealDigital Boo 88710000000EA' is selected.
23:25:36 INFO  : 'jtag frequency' command is executed.
23:25:39 ERROR : no targets found with "jtag_cable_name =~ "RealDigital Boo 88710000000EA" && level==0 && jtag_device_ctx=="jsn1-0362f093-0"". available targets:
  1  xc7s50
     2  MicroBlaze Debug Module at USER2
        3  MicroBlaze #0 (Running)
23:25:39 ERROR : Exception occured while running Program Device.
java.lang.RuntimeException: no targets found with "jtag_cable_name =~ "RealDigital Boo 88710000000EA" && level==0 && jtag_device_ctx=="jsn1-0362f093-0"". available targets:
  1  xc7s50
     2  MicroBlaze Debug Module at USER2
        3  MicroBlaze #0 (Running)
23:25:39 INFO  : ----------------XSDB Script----------------
connect -url tcp:127.0.0.1:3121
----------------End of Script----------------

23:25:39 ERROR : no targets found with "jtag_cable_name =~ "RealDigital Boo 88710000000EA" && level==0 && jtag_device_ctx=="jsn1-0362f093-0"". available targets:
  1  xc7s50
     2  MicroBlaze Debug Module at USER2
        3  MicroBlaze #0 (Running)
23:26:24 DEBUG : Logs will be stored at 'D:/School/UIUC_ECE385_SP25/Final_Project/sdk/IDE.log'.
23:26:25 INFO  : Launching XSCT server: xsct.bat -n  -interactive D:\School\UIUC_ECE385_SP25\Final_Project\sdk\temp_xsdb_launch_script.tcl
23:26:27 INFO  : XSCT server has started successfully.
23:26:27 INFO  : plnx-install-location is set to ''
23:26:27 INFO  : Successfully done setting XSCT server connection channel  
23:26:27 INFO  : Successfully done setting workspace for the tool. 
23:26:28 INFO  : Platform repository initialization has completed.
23:26:29 INFO  : Registering command handlers for Vitis TCF services
23:26:33 INFO  : Successfully done query RDI_DATADIR 
23:26:53 INFO  : Connected to target on host '127.0.0.1' and port '3121'.
23:26:54 INFO  : Jtag cable 'RealDigital Boo 88710000000EA' is selected.
23:26:54 INFO  : 'jtag frequency' command is executed.
23:26:54 INFO  : 'targets -set -filter {jtag_cable_name =~ "RealDigital Boo 88710000000EA" && level==0 && jtag_device_ctx=="jsn1-0362f093-0"}' command is executed.
23:26:56 INFO  : Device configured successfully with "D:/School/UIUC_ECE385_SP25/Final_Project/sdk/final_project/_ide/bitstream/mb_lab7_1_wrapper.bit"
23:26:56 INFO  : Context for processor 'microblaze_0' is selected.
23:26:56 INFO  : Hardware design and registers information is loaded from 'D:/School/UIUC_ECE385_SP25/Final_Project/sdk/mb_lab7_1_wrapper/export/mb_lab7_1_wrapper/hw/mb_lab7_1_wrapper.xsa'.
23:26:56 INFO  : 'configparams mdm-detect-bscan-mask 2' command is executed.
23:26:56 INFO  : Context for processor 'microblaze_0' is selected.
23:26:56 INFO  : System reset is completed.
23:26:59 INFO  : 'after 3000' command is executed.
23:26:59 INFO  : Context for processor 'microblaze_0' is selected.
23:26:59 INFO  : The application 'D:/School/UIUC_ECE385_SP25/Final_Project/sdk/final_project/Debug/final_project.elf' is downloaded to processor 'microblaze_0'.
23:26:59 INFO  : ----------------XSDB Script----------------
connect -url tcp:127.0.0.1:3121
targets -set -filter {jtag_cable_name =~ "RealDigital Boo 88710000000EA" && level==0 && jtag_device_ctx=="jsn1-0362f093-0"}
fpga -file D:/School/UIUC_ECE385_SP25/Final_Project/sdk/final_project/_ide/bitstream/mb_lab7_1_wrapper.bit
targets -set -nocase -filter {name =~ "*microblaze*#0" && bscan=="USER2" }
loadhw -hw D:/School/UIUC_ECE385_SP25/Final_Project/sdk/mb_lab7_1_wrapper/export/mb_lab7_1_wrapper/hw/mb_lab7_1_wrapper.xsa -regs
configparams mdm-detect-bscan-mask 2
targets -set -nocase -filter {name =~ "*microblaze*#0" && bscan=="USER2" }
rst -system
after 3000
targets -set -nocase -filter {name =~ "*microblaze*#0" && bscan=="USER2" }
dow D:/School/UIUC_ECE385_SP25/Final_Project/sdk/final_project/Debug/final_project.elf
----------------End of Script----------------

23:26:59 INFO  : Context for processor 'microblaze_0' is selected.
23:26:59 INFO  : 'con' command is executed.
23:26:59 INFO  : ----------------XSDB Script (After Launch)----------------
targets -set -nocase -filter {name =~ "*microblaze*#0" && bscan=="USER2" }
con
----------------End of Script----------------

23:26:59 INFO  : Disconnected from the channel tcfchan#1.
23:29:06 INFO  : Checking for BSP changes to sync application flags for project 'final_project'...
23:29:06 INFO  : Updating application flags with new BSP settings...
23:29:06 INFO  : Successfully updated application flags for project final_project.
23:29:20 INFO  : Connected to target on host '127.0.0.1' and port '3121'.
23:29:21 INFO  : Jtag cable 'RealDigital Boo 88710000000EA' is selected.
23:29:21 INFO  : 'jtag frequency' command is executed.
23:29:21 INFO  : 'targets -set -filter {jtag_cable_name =~ "RealDigital Boo 88710000000EA" && level==0 && jtag_device_ctx=="jsn1-0362f093-0"}' command is executed.
23:29:23 INFO  : Device configured successfully with "D:/School/UIUC_ECE385_SP25/Final_Project/sdk/final_project/_ide/bitstream/mb_lab7_1_wrapper.bit"
23:29:23 INFO  : Context for processor 'microblaze_0' is selected.
23:29:23 INFO  : Hardware design and registers information is loaded from 'D:/School/UIUC_ECE385_SP25/Final_Project/sdk/mb_lab7_1_wrapper/export/mb_lab7_1_wrapper/hw/mb_lab7_1_wrapper.xsa'.
23:29:23 INFO  : 'configparams mdm-detect-bscan-mask 2' command is executed.
23:29:23 INFO  : Context for processor 'microblaze_0' is selected.
23:29:23 INFO  : System reset is completed.
23:29:26 INFO  : 'after 3000' command is executed.
23:29:26 INFO  : Context for processor 'microblaze_0' is selected.
23:29:27 INFO  : The application 'D:/School/UIUC_ECE385_SP25/Final_Project/sdk/final_project/Debug/final_project.elf' is downloaded to processor 'microblaze_0'.
23:29:27 INFO  : ----------------XSDB Script----------------
connect -url tcp:127.0.0.1:3121
targets -set -filter {jtag_cable_name =~ "RealDigital Boo 88710000000EA" && level==0 && jtag_device_ctx=="jsn1-0362f093-0"}
fpga -file D:/School/UIUC_ECE385_SP25/Final_Project/sdk/final_project/_ide/bitstream/mb_lab7_1_wrapper.bit
targets -set -nocase -filter {name =~ "*microblaze*#0" && bscan=="USER2" }
loadhw -hw D:/School/UIUC_ECE385_SP25/Final_Project/sdk/mb_lab7_1_wrapper/export/mb_lab7_1_wrapper/hw/mb_lab7_1_wrapper.xsa -regs
configparams mdm-detect-bscan-mask 2
targets -set -nocase -filter {name =~ "*microblaze*#0" && bscan=="USER2" }
rst -system
after 3000
targets -set -nocase -filter {name =~ "*microblaze*#0" && bscan=="USER2" }
dow D:/School/UIUC_ECE385_SP25/Final_Project/sdk/final_project/Debug/final_project.elf
----------------End of Script----------------

23:29:27 INFO  : Context for processor 'microblaze_0' is selected.
23:29:27 INFO  : 'con' command is executed.
23:29:27 INFO  : ----------------XSDB Script (After Launch)----------------
targets -set -nocase -filter {name =~ "*microblaze*#0" && bscan=="USER2" }
con
----------------End of Script----------------

23:29:27 INFO  : Disconnected from the channel tcfchan#2.
23:31:49 INFO  : Checking for BSP changes to sync application flags for project 'final_project'...
23:34:51 INFO  : Checking for BSP changes to sync application flags for project 'final_project'...
23:35:09 INFO  : Connected to target on host '127.0.0.1' and port '3121'.
23:35:10 INFO  : Jtag cable 'RealDigital Boo 88710000000EA' is selected.
23:35:10 INFO  : 'jtag frequency' command is executed.
23:35:11 INFO  : 'targets -set -filter {jtag_cable_name =~ "RealDigital Boo 88710000000EA" && level==0 && jtag_device_ctx=="jsn1-0362f093-0"}' command is executed.
23:35:12 INFO  : Device configured successfully with "D:/School/UIUC_ECE385_SP25/Final_Project/sdk/final_project/_ide/bitstream/mb_lab7_1_wrapper.bit"
23:35:12 INFO  : Context for processor 'microblaze_0' is selected.
23:35:12 INFO  : Hardware design and registers information is loaded from 'D:/School/UIUC_ECE385_SP25/Final_Project/sdk/mb_lab7_1_wrapper/export/mb_lab7_1_wrapper/hw/mb_lab7_1_wrapper.xsa'.
23:35:12 INFO  : 'configparams mdm-detect-bscan-mask 2' command is executed.
23:35:12 INFO  : Context for processor 'microblaze_0' is selected.
23:35:12 INFO  : System reset is completed.
23:35:15 INFO  : 'after 3000' command is executed.
23:35:15 INFO  : Context for processor 'microblaze_0' is selected.
23:35:16 INFO  : The application 'D:/School/UIUC_ECE385_SP25/Final_Project/sdk/final_project/Debug/final_project.elf' is downloaded to processor 'microblaze_0'.
23:35:16 INFO  : ----------------XSDB Script----------------
connect -url tcp:127.0.0.1:3121
targets -set -filter {jtag_cable_name =~ "RealDigital Boo 88710000000EA" && level==0 && jtag_device_ctx=="jsn1-0362f093-0"}
fpga -file D:/School/UIUC_ECE385_SP25/Final_Project/sdk/final_project/_ide/bitstream/mb_lab7_1_wrapper.bit
targets -set -nocase -filter {name =~ "*microblaze*#0" && bscan=="USER2" }
loadhw -hw D:/School/UIUC_ECE385_SP25/Final_Project/sdk/mb_lab7_1_wrapper/export/mb_lab7_1_wrapper/hw/mb_lab7_1_wrapper.xsa -regs
configparams mdm-detect-bscan-mask 2
targets -set -nocase -filter {name =~ "*microblaze*#0" && bscan=="USER2" }
rst -system
after 3000
targets -set -nocase -filter {name =~ "*microblaze*#0" && bscan=="USER2" }
dow D:/School/UIUC_ECE385_SP25/Final_Project/sdk/final_project/Debug/final_project.elf
----------------End of Script----------------

23:35:16 INFO  : Context for processor 'microblaze_0' is selected.
23:35:16 INFO  : 'con' command is executed.
23:35:16 INFO  : ----------------XSDB Script (After Launch)----------------
targets -set -nocase -filter {name =~ "*microblaze*#0" && bscan=="USER2" }
con
----------------End of Script----------------

23:35:16 INFO  : Disconnected from the channel tcfchan#3.
23:36:44 INFO  : Checking for BSP changes to sync application flags for project 'final_project'...
23:36:52 INFO  : Connected to target on host '127.0.0.1' and port '3121'.
23:36:53 INFO  : Jtag cable 'RealDigital Boo 88710000000EA' is selected.
23:36:53 INFO  : 'jtag frequency' command is executed.
23:36:53 INFO  : 'targets -set -filter {jtag_cable_name =~ "RealDigital Boo 88710000000EA" && level==0 && jtag_device_ctx=="jsn1-0362f093-0"}' command is executed.
23:36:55 INFO  : Device configured successfully with "D:/School/UIUC_ECE385_SP25/Final_Project/sdk/final_project/_ide/bitstream/mb_lab7_1_wrapper.bit"
23:36:55 INFO  : Context for processor 'microblaze_0' is selected.
23:36:55 INFO  : Hardware design and registers information is loaded from 'D:/School/UIUC_ECE385_SP25/Final_Project/sdk/mb_lab7_1_wrapper/export/mb_lab7_1_wrapper/hw/mb_lab7_1_wrapper.xsa'.
23:36:55 INFO  : 'configparams mdm-detect-bscan-mask 2' command is executed.
23:36:55 INFO  : Context for processor 'microblaze_0' is selected.
23:36:55 INFO  : System reset is completed.
23:36:58 INFO  : 'after 3000' command is executed.
23:36:58 INFO  : Context for processor 'microblaze_0' is selected.
23:36:59 INFO  : The application 'D:/School/UIUC_ECE385_SP25/Final_Project/sdk/final_project/Debug/final_project.elf' is downloaded to processor 'microblaze_0'.
23:36:59 INFO  : ----------------XSDB Script----------------
connect -url tcp:127.0.0.1:3121
targets -set -filter {jtag_cable_name =~ "RealDigital Boo 88710000000EA" && level==0 && jtag_device_ctx=="jsn1-0362f093-0"}
fpga -file D:/School/UIUC_ECE385_SP25/Final_Project/sdk/final_project/_ide/bitstream/mb_lab7_1_wrapper.bit
targets -set -nocase -filter {name =~ "*microblaze*#0" && bscan=="USER2" }
loadhw -hw D:/School/UIUC_ECE385_SP25/Final_Project/sdk/mb_lab7_1_wrapper/export/mb_lab7_1_wrapper/hw/mb_lab7_1_wrapper.xsa -regs
configparams mdm-detect-bscan-mask 2
targets -set -nocase -filter {name =~ "*microblaze*#0" && bscan=="USER2" }
rst -system
after 3000
targets -set -nocase -filter {name =~ "*microblaze*#0" && bscan=="USER2" }
dow D:/School/UIUC_ECE385_SP25/Final_Project/sdk/final_project/Debug/final_project.elf
----------------End of Script----------------

23:36:59 INFO  : Context for processor 'microblaze_0' is selected.
23:36:59 INFO  : 'con' command is executed.
23:36:59 INFO  : ----------------XSDB Script (After Launch)----------------
targets -set -nocase -filter {name =~ "*microblaze*#0" && bscan=="USER2" }
con
----------------End of Script----------------

23:36:59 INFO  : Disconnected from the channel tcfchan#4.
23:37:07 INFO  : Connected to target on host '127.0.0.1' and port '3121'.
23:37:07 INFO  : Jtag cable 'RealDigital Boo 88710000000EA' is selected.
23:37:07 INFO  : 'jtag frequency' command is executed.
23:37:10 ERROR : no targets found with "jtag_cable_name =~ "RealDigital Boo 88710000000EA" && level==0 && jtag_device_ctx=="jsn1-0362f093-0"". available targets:
  1  xc7s50
     2  MicroBlaze Debug Module at USER2
        3  MicroBlaze #0 (Running)
23:37:10 ERROR : Exception occured while running Program Device.
java.lang.RuntimeException: no targets found with "jtag_cable_name =~ "RealDigital Boo 88710000000EA" && level==0 && jtag_device_ctx=="jsn1-0362f093-0"". available targets:
  1  xc7s50
     2  MicroBlaze Debug Module at USER2
        3  MicroBlaze #0 (Running)
23:37:10 INFO  : ----------------XSDB Script----------------
connect -url tcp:127.0.0.1:3121
----------------End of Script----------------

23:37:10 ERROR : no targets found with "jtag_cable_name =~ "RealDigital Boo 88710000000EA" && level==0 && jtag_device_ctx=="jsn1-0362f093-0"". available targets:
  1  xc7s50
     2  MicroBlaze Debug Module at USER2
        3  MicroBlaze #0 (Running)
23:37:37 DEBUG : Logs will be stored at 'D:/School/UIUC_ECE385_SP25/Final_Project/sdk/IDE.log'.
23:37:38 INFO  : Launching XSCT server: xsct.bat -n  -interactive D:\School\UIUC_ECE385_SP25\Final_Project\sdk\temp_xsdb_launch_script.tcl
23:37:41 INFO  : XSCT server has started successfully.
23:37:41 INFO  : plnx-install-location is set to ''
23:37:41 INFO  : Successfully done setting XSCT server connection channel  
23:37:41 INFO  : Successfully done setting workspace for the tool. 
23:37:41 INFO  : Platform repository initialization has completed.
23:37:41 INFO  : Registering command handlers for Vitis TCF services
23:37:41 INFO  : Successfully done query RDI_DATADIR 
23:37:48 INFO  : Connected to target on host '127.0.0.1' and port '3121'.
23:37:49 INFO  : Jtag cable 'RealDigital Boo 88710000000EA' is selected.
23:37:49 INFO  : 'jtag frequency' command is executed.
23:37:50 INFO  : 'targets -set -filter {jtag_cable_name =~ "RealDigital Boo 88710000000EA" && level==0 && jtag_device_ctx=="jsn1-0362f093-0"}' command is executed.
23:37:51 INFO  : Device configured successfully with "D:/School/UIUC_ECE385_SP25/Final_Project/sdk/final_project/_ide/bitstream/mb_lab7_1_wrapper.bit"
23:37:51 INFO  : Context for processor 'microblaze_0' is selected.
23:37:51 INFO  : Hardware design and registers information is loaded from 'D:/School/UIUC_ECE385_SP25/Final_Project/sdk/mb_lab7_1_wrapper/export/mb_lab7_1_wrapper/hw/mb_lab7_1_wrapper.xsa'.
23:37:51 INFO  : 'configparams mdm-detect-bscan-mask 2' command is executed.
23:37:51 INFO  : Context for processor 'microblaze_0' is selected.
23:37:51 INFO  : System reset is completed.
23:37:54 INFO  : 'after 3000' command is executed.
23:37:55 INFO  : Context for processor 'microblaze_0' is selected.
23:37:55 INFO  : The application 'D:/School/UIUC_ECE385_SP25/Final_Project/sdk/final_project/Debug/final_project.elf' is downloaded to processor 'microblaze_0'.
23:37:55 INFO  : ----------------XSDB Script----------------
connect -url tcp:127.0.0.1:3121
targets -set -filter {jtag_cable_name =~ "RealDigital Boo 88710000000EA" && level==0 && jtag_device_ctx=="jsn1-0362f093-0"}
fpga -file D:/School/UIUC_ECE385_SP25/Final_Project/sdk/final_project/_ide/bitstream/mb_lab7_1_wrapper.bit
targets -set -nocase -filter {name =~ "*microblaze*#0" && bscan=="USER2" }
loadhw -hw D:/School/UIUC_ECE385_SP25/Final_Project/sdk/mb_lab7_1_wrapper/export/mb_lab7_1_wrapper/hw/mb_lab7_1_wrapper.xsa -regs
configparams mdm-detect-bscan-mask 2
targets -set -nocase -filter {name =~ "*microblaze*#0" && bscan=="USER2" }
rst -system
after 3000
targets -set -nocase -filter {name =~ "*microblaze*#0" && bscan=="USER2" }
dow D:/School/UIUC_ECE385_SP25/Final_Project/sdk/final_project/Debug/final_project.elf
----------------End of Script----------------

23:37:56 INFO  : Context for processor 'microblaze_0' is selected.
23:37:56 INFO  : 'con' command is executed.
23:37:56 INFO  : ----------------XSDB Script (After Launch)----------------
targets -set -nocase -filter {name =~ "*microblaze*#0" && bscan=="USER2" }
con
----------------End of Script----------------

23:37:56 INFO  : Disconnected from the channel tcfchan#1.
23:38:05 INFO  : Connected to target on host '127.0.0.1' and port '3121'.
23:38:05 INFO  : Jtag cable 'RealDigital Boo 88710000000EA' is selected.
23:38:05 INFO  : 'jtag frequency' command is executed.
23:38:08 ERROR : no targets found with "jtag_cable_name =~ "RealDigital Boo 88710000000EA" && level==0 && jtag_device_ctx=="jsn1-0362f093-0"". available targets:
  1  xc7s50
     2  MicroBlaze Debug Module at USER2
        3  MicroBlaze #0 (Running)
23:38:08 ERROR : Exception occured while running Program Device.
java.lang.RuntimeException: no targets found with "jtag_cable_name =~ "RealDigital Boo 88710000000EA" && level==0 && jtag_device_ctx=="jsn1-0362f093-0"". available targets:
  1  xc7s50
     2  MicroBlaze Debug Module at USER2
        3  MicroBlaze #0 (Running)
23:38:08 INFO  : ----------------XSDB Script----------------
connect -url tcp:127.0.0.1:3121
----------------End of Script----------------

23:38:08 ERROR : no targets found with "jtag_cable_name =~ "RealDigital Boo 88710000000EA" && level==0 && jtag_device_ctx=="jsn1-0362f093-0"". available targets:
  1  xc7s50
     2  MicroBlaze Debug Module at USER2
        3  MicroBlaze #0 (Running)
23:39:29 INFO  : Checking for BSP changes to sync application flags for project 'final_project'...
23:39:51 INFO  : Checking for BSP changes to sync application flags for project 'final_project'...
23:39:54 INFO  : Connected to target on host '127.0.0.1' and port '3121'.
23:39:54 INFO  : Jtag cable 'RealDigital Boo 88710000000EA' is selected.
23:39:54 INFO  : 'jtag frequency' command is executed.
23:39:57 ERROR : no targets found with "jtag_cable_name =~ "RealDigital Boo 88710000000EA" && level==0 && jtag_device_ctx=="jsn1-0362f093-0"". available targets:
  1  xc7s50
     2  MicroBlaze Debug Module at USER2
        3  MicroBlaze #0 (Running)
23:39:57 ERROR : Exception occured while running Program Device.
java.lang.RuntimeException: no targets found with "jtag_cable_name =~ "RealDigital Boo 88710000000EA" && level==0 && jtag_device_ctx=="jsn1-0362f093-0"". available targets:
  1  xc7s50
     2  MicroBlaze Debug Module at USER2
        3  MicroBlaze #0 (Running)
23:39:57 INFO  : ----------------XSDB Script----------------
connect -url tcp:127.0.0.1:3121
----------------End of Script----------------

23:39:57 ERROR : no targets found with "jtag_cable_name =~ "RealDigital Boo 88710000000EA" && level==0 && jtag_device_ctx=="jsn1-0362f093-0"". available targets:
  1  xc7s50
     2  MicroBlaze Debug Module at USER2
        3  MicroBlaze #0 (Running)
23:40:04 INFO  : Connected to target on host '127.0.0.1' and port '3121'.
23:40:04 INFO  : Jtag cable 'RealDigital Boo 88710000000EA' is selected.
23:40:04 INFO  : 'jtag frequency' command is executed.
23:40:07 ERROR : no targets found with "jtag_cable_name =~ "RealDigital Boo 88710000000EA" && level==0 && jtag_device_ctx=="jsn1-0362f093-0"". available targets:
  1  xc7s50
     2  MicroBlaze Debug Module at USER2
        3  MicroBlaze #0 (Running)
23:40:07 ERROR : Exception occured while running Program Device.
java.lang.RuntimeException: no targets found with "jtag_cable_name =~ "RealDigital Boo 88710000000EA" && level==0 && jtag_device_ctx=="jsn1-0362f093-0"". available targets:
  1  xc7s50
     2  MicroBlaze Debug Module at USER2
        3  MicroBlaze #0 (Running)
23:40:07 INFO  : ----------------XSDB Script----------------
connect -url tcp:127.0.0.1:3121
----------------End of Script----------------

23:40:07 ERROR : no targets found with "jtag_cable_name =~ "RealDigital Boo 88710000000EA" && level==0 && jtag_device_ctx=="jsn1-0362f093-0"". available targets:
  1  xc7s50
     2  MicroBlaze Debug Module at USER2
        3  MicroBlaze #0 (Running)
23:41:35 INFO  : Checking for BSP changes to sync application flags for project 'final_project'...
23:41:42 INFO  : Connected to target on host '127.0.0.1' and port '3121'.
23:41:42 INFO  : Jtag cable 'RealDigital Boo 88710000000EA' is selected.
23:41:42 INFO  : 'jtag frequency' command is executed.
23:41:45 ERROR : no targets found with "jtag_cable_name =~ "RealDigital Boo 88710000000EA" && level==0 && jtag_device_ctx=="jsn1-0362f093-0"". available targets:
  1  xc7s50
     2  MicroBlaze Debug Module at USER2
        3  MicroBlaze #0 (Running)
23:41:45 ERROR : Exception occured while running Program Device.
java.lang.RuntimeException: no targets found with "jtag_cable_name =~ "RealDigital Boo 88710000000EA" && level==0 && jtag_device_ctx=="jsn1-0362f093-0"". available targets:
  1  xc7s50
     2  MicroBlaze Debug Module at USER2
        3  MicroBlaze #0 (Running)
23:41:45 INFO  : ----------------XSDB Script----------------
connect -url tcp:127.0.0.1:3121
----------------End of Script----------------

23:41:45 ERROR : no targets found with "jtag_cable_name =~ "RealDigital Boo 88710000000EA" && level==0 && jtag_device_ctx=="jsn1-0362f093-0"". available targets:
  1  xc7s50
     2  MicroBlaze Debug Module at USER2
        3  MicroBlaze #0 (Running)
23:42:03 DEBUG : Logs will be stored at 'D:/School/UIUC_ECE385_SP25/Final_Project/sdk/IDE.log'.
23:42:04 INFO  : Launching XSCT server: xsct.bat -n  -interactive D:\School\UIUC_ECE385_SP25\Final_Project\sdk\temp_xsdb_launch_script.tcl
23:42:06 INFO  : XSCT server has started successfully.
23:42:06 INFO  : plnx-install-location is set to ''
23:42:06 INFO  : Successfully done setting XSCT server connection channel  
23:42:06 INFO  : Successfully done setting workspace for the tool. 
23:42:07 INFO  : Platform repository initialization has completed.
23:42:07 INFO  : Successfully done query RDI_DATADIR 
23:42:07 INFO  : Registering command handlers for Vitis TCF services
23:42:22 INFO  : Connected to target on host '127.0.0.1' and port '3121'.
23:42:23 INFO  : Jtag cable 'RealDigital Boo 88710000000EA' is selected.
23:42:23 INFO  : 'jtag frequency' command is executed.
23:42:23 INFO  : 'targets -set -filter {jtag_cable_name =~ "RealDigital Boo 88710000000EA" && level==0 && jtag_device_ctx=="jsn1-0362f093-0"}' command is executed.
23:42:25 INFO  : Device configured successfully with "D:/School/UIUC_ECE385_SP25/Final_Project/sdk/final_project/_ide/bitstream/mb_lab7_1_wrapper.bit"
23:42:25 INFO  : Context for processor 'microblaze_0' is selected.
23:42:25 INFO  : Hardware design and registers information is loaded from 'D:/School/UIUC_ECE385_SP25/Final_Project/sdk/mb_lab7_1_wrapper/export/mb_lab7_1_wrapper/hw/mb_lab7_1_wrapper.xsa'.
23:42:25 INFO  : 'configparams mdm-detect-bscan-mask 2' command is executed.
23:42:25 INFO  : Context for processor 'microblaze_0' is selected.
23:42:25 INFO  : System reset is completed.
23:42:28 INFO  : 'after 3000' command is executed.
23:42:28 INFO  : Context for processor 'microblaze_0' is selected.
23:42:28 INFO  : The application 'D:/School/UIUC_ECE385_SP25/Final_Project/sdk/final_project/Debug/final_project.elf' is downloaded to processor 'microblaze_0'.
23:42:28 INFO  : ----------------XSDB Script----------------
connect -url tcp:127.0.0.1:3121
targets -set -filter {jtag_cable_name =~ "RealDigital Boo 88710000000EA" && level==0 && jtag_device_ctx=="jsn1-0362f093-0"}
fpga -file D:/School/UIUC_ECE385_SP25/Final_Project/sdk/final_project/_ide/bitstream/mb_lab7_1_wrapper.bit
targets -set -nocase -filter {name =~ "*microblaze*#0" && bscan=="USER2" }
loadhw -hw D:/School/UIUC_ECE385_SP25/Final_Project/sdk/mb_lab7_1_wrapper/export/mb_lab7_1_wrapper/hw/mb_lab7_1_wrapper.xsa -regs
configparams mdm-detect-bscan-mask 2
targets -set -nocase -filter {name =~ "*microblaze*#0" && bscan=="USER2" }
rst -system
after 3000
targets -set -nocase -filter {name =~ "*microblaze*#0" && bscan=="USER2" }
dow D:/School/UIUC_ECE385_SP25/Final_Project/sdk/final_project/Debug/final_project.elf
----------------End of Script----------------

23:42:29 INFO  : Context for processor 'microblaze_0' is selected.
23:42:29 INFO  : 'con' command is executed.
23:42:29 INFO  : ----------------XSDB Script (After Launch)----------------
targets -set -nocase -filter {name =~ "*microblaze*#0" && bscan=="USER2" }
con
----------------End of Script----------------

23:42:29 INFO  : Disconnected from the channel tcfchan#1.
23:43:22 INFO  : Checking for BSP changes to sync application flags for project 'final_project'...
23:43:31 INFO  : Connected to target on host '127.0.0.1' and port '3121'.
23:43:32 INFO  : Jtag cable 'RealDigital Boo 88710000000EA' is selected.
23:43:32 INFO  : 'jtag frequency' command is executed.
23:43:32 INFO  : 'targets -set -filter {jtag_cable_name =~ "RealDigital Boo 88710000000EA" && level==0 && jtag_device_ctx=="jsn1-0362f093-0"}' command is executed.
23:43:34 INFO  : Device configured successfully with "D:/School/UIUC_ECE385_SP25/Final_Project/sdk/final_project/_ide/bitstream/mb_lab7_1_wrapper.bit"
23:43:34 INFO  : Context for processor 'microblaze_0' is selected.
23:43:34 INFO  : Hardware design and registers information is loaded from 'D:/School/UIUC_ECE385_SP25/Final_Project/sdk/mb_lab7_1_wrapper/export/mb_lab7_1_wrapper/hw/mb_lab7_1_wrapper.xsa'.
23:43:34 INFO  : 'configparams mdm-detect-bscan-mask 2' command is executed.
23:43:34 INFO  : Context for processor 'microblaze_0' is selected.
23:43:34 INFO  : System reset is completed.
23:43:37 INFO  : 'after 3000' command is executed.
23:43:37 INFO  : Context for processor 'microblaze_0' is selected.
23:43:38 INFO  : The application 'D:/School/UIUC_ECE385_SP25/Final_Project/sdk/final_project/Debug/final_project.elf' is downloaded to processor 'microblaze_0'.
23:43:38 INFO  : ----------------XSDB Script----------------
connect -url tcp:127.0.0.1:3121
targets -set -filter {jtag_cable_name =~ "RealDigital Boo 88710000000EA" && level==0 && jtag_device_ctx=="jsn1-0362f093-0"}
fpga -file D:/School/UIUC_ECE385_SP25/Final_Project/sdk/final_project/_ide/bitstream/mb_lab7_1_wrapper.bit
targets -set -nocase -filter {name =~ "*microblaze*#0" && bscan=="USER2" }
loadhw -hw D:/School/UIUC_ECE385_SP25/Final_Project/sdk/mb_lab7_1_wrapper/export/mb_lab7_1_wrapper/hw/mb_lab7_1_wrapper.xsa -regs
configparams mdm-detect-bscan-mask 2
targets -set -nocase -filter {name =~ "*microblaze*#0" && bscan=="USER2" }
rst -system
after 3000
targets -set -nocase -filter {name =~ "*microblaze*#0" && bscan=="USER2" }
dow D:/School/UIUC_ECE385_SP25/Final_Project/sdk/final_project/Debug/final_project.elf
----------------End of Script----------------

23:43:38 INFO  : Context for processor 'microblaze_0' is selected.
23:43:38 INFO  : 'con' command is executed.
23:43:38 INFO  : ----------------XSDB Script (After Launch)----------------
targets -set -nocase -filter {name =~ "*microblaze*#0" && bscan=="USER2" }
con
----------------End of Script----------------

23:43:38 INFO  : Disconnected from the channel tcfchan#2.
23:44:55 INFO  : Checking for BSP changes to sync application flags for project 'final_project'...
23:45:01 INFO  : Connected to target on host '127.0.0.1' and port '3121'.
23:45:02 INFO  : Jtag cable 'RealDigital Boo 88710000000EA' is selected.
23:45:02 INFO  : 'jtag frequency' command is executed.
23:45:02 INFO  : 'targets -set -filter {jtag_cable_name =~ "RealDigital Boo 88710000000EA" && level==0 && jtag_device_ctx=="jsn1-0362f093-0"}' command is executed.
23:45:04 INFO  : Device configured successfully with "D:/School/UIUC_ECE385_SP25/Final_Project/sdk/final_project/_ide/bitstream/mb_lab7_1_wrapper.bit"
23:45:04 INFO  : Context for processor 'microblaze_0' is selected.
23:45:04 INFO  : Hardware design and registers information is loaded from 'D:/School/UIUC_ECE385_SP25/Final_Project/sdk/mb_lab7_1_wrapper/export/mb_lab7_1_wrapper/hw/mb_lab7_1_wrapper.xsa'.
23:45:04 INFO  : 'configparams mdm-detect-bscan-mask 2' command is executed.
23:45:04 INFO  : Context for processor 'microblaze_0' is selected.
23:45:04 INFO  : System reset is completed.
23:45:07 INFO  : 'after 3000' command is executed.
23:45:08 INFO  : Context for processor 'microblaze_0' is selected.
23:45:08 INFO  : The application 'D:/School/UIUC_ECE385_SP25/Final_Project/sdk/final_project/Debug/final_project.elf' is downloaded to processor 'microblaze_0'.
23:45:08 INFO  : ----------------XSDB Script----------------
connect -url tcp:127.0.0.1:3121
targets -set -filter {jtag_cable_name =~ "RealDigital Boo 88710000000EA" && level==0 && jtag_device_ctx=="jsn1-0362f093-0"}
fpga -file D:/School/UIUC_ECE385_SP25/Final_Project/sdk/final_project/_ide/bitstream/mb_lab7_1_wrapper.bit
targets -set -nocase -filter {name =~ "*microblaze*#0" && bscan=="USER2" }
loadhw -hw D:/School/UIUC_ECE385_SP25/Final_Project/sdk/mb_lab7_1_wrapper/export/mb_lab7_1_wrapper/hw/mb_lab7_1_wrapper.xsa -regs
configparams mdm-detect-bscan-mask 2
targets -set -nocase -filter {name =~ "*microblaze*#0" && bscan=="USER2" }
rst -system
after 3000
targets -set -nocase -filter {name =~ "*microblaze*#0" && bscan=="USER2" }
dow D:/School/UIUC_ECE385_SP25/Final_Project/sdk/final_project/Debug/final_project.elf
----------------End of Script----------------

23:45:08 INFO  : Context for processor 'microblaze_0' is selected.
23:45:08 INFO  : 'con' command is executed.
23:45:08 INFO  : ----------------XSDB Script (After Launch)----------------
targets -set -nocase -filter {name =~ "*microblaze*#0" && bscan=="USER2" }
con
----------------End of Script----------------

23:45:08 INFO  : Disconnected from the channel tcfchan#3.
23:45:57 INFO  : Checking for BSP changes to sync application flags for project 'final_project'...
23:46:04 INFO  : Connected to target on host '127.0.0.1' and port '3121'.
23:46:05 INFO  : Jtag cable 'RealDigital Boo 88710000000EA' is selected.
23:46:05 INFO  : 'jtag frequency' command is executed.
23:46:05 INFO  : 'targets -set -filter {jtag_cable_name =~ "RealDigital Boo 88710000000EA" && level==0 && jtag_device_ctx=="jsn1-0362f093-0"}' command is executed.
23:46:07 INFO  : Device configured successfully with "D:/School/UIUC_ECE385_SP25/Final_Project/sdk/final_project/_ide/bitstream/mb_lab7_1_wrapper.bit"
23:46:07 INFO  : Context for processor 'microblaze_0' is selected.
23:46:07 INFO  : Hardware design and registers information is loaded from 'D:/School/UIUC_ECE385_SP25/Final_Project/sdk/mb_lab7_1_wrapper/export/mb_lab7_1_wrapper/hw/mb_lab7_1_wrapper.xsa'.
23:46:07 INFO  : 'configparams mdm-detect-bscan-mask 2' command is executed.
23:46:07 INFO  : Context for processor 'microblaze_0' is selected.
23:46:07 INFO  : System reset is completed.
23:46:10 INFO  : 'after 3000' command is executed.
23:46:11 INFO  : Context for processor 'microblaze_0' is selected.
23:46:11 INFO  : The application 'D:/School/UIUC_ECE385_SP25/Final_Project/sdk/final_project/Debug/final_project.elf' is downloaded to processor 'microblaze_0'.
23:46:11 INFO  : ----------------XSDB Script----------------
connect -url tcp:127.0.0.1:3121
targets -set -filter {jtag_cable_name =~ "RealDigital Boo 88710000000EA" && level==0 && jtag_device_ctx=="jsn1-0362f093-0"}
fpga -file D:/School/UIUC_ECE385_SP25/Final_Project/sdk/final_project/_ide/bitstream/mb_lab7_1_wrapper.bit
targets -set -nocase -filter {name =~ "*microblaze*#0" && bscan=="USER2" }
loadhw -hw D:/School/UIUC_ECE385_SP25/Final_Project/sdk/mb_lab7_1_wrapper/export/mb_lab7_1_wrapper/hw/mb_lab7_1_wrapper.xsa -regs
configparams mdm-detect-bscan-mask 2
targets -set -nocase -filter {name =~ "*microblaze*#0" && bscan=="USER2" }
rst -system
after 3000
targets -set -nocase -filter {name =~ "*microblaze*#0" && bscan=="USER2" }
dow D:/School/UIUC_ECE385_SP25/Final_Project/sdk/final_project/Debug/final_project.elf
----------------End of Script----------------

23:46:11 INFO  : Context for processor 'microblaze_0' is selected.
23:46:11 INFO  : 'con' command is executed.
23:46:11 INFO  : ----------------XSDB Script (After Launch)----------------
targets -set -nocase -filter {name =~ "*microblaze*#0" && bscan=="USER2" }
con
----------------End of Script----------------

23:46:11 INFO  : Disconnected from the channel tcfchan#4.
23:47:29 INFO  : Checking for BSP changes to sync application flags for project 'final_project'...
23:47:35 INFO  : Connected to target on host '127.0.0.1' and port '3121'.
23:47:36 INFO  : Jtag cable 'RealDigital Boo 88710000000EA' is selected.
23:47:36 INFO  : 'jtag frequency' command is executed.
23:47:36 INFO  : 'targets -set -filter {jtag_cable_name =~ "RealDigital Boo 88710000000EA" && level==0 && jtag_device_ctx=="jsn1-0362f093-0"}' command is executed.
23:47:38 INFO  : Device configured successfully with "D:/School/UIUC_ECE385_SP25/Final_Project/sdk/final_project/_ide/bitstream/mb_lab7_1_wrapper.bit"
23:47:38 INFO  : Context for processor 'microblaze_0' is selected.
23:47:38 INFO  : Hardware design and registers information is loaded from 'D:/School/UIUC_ECE385_SP25/Final_Project/sdk/mb_lab7_1_wrapper/export/mb_lab7_1_wrapper/hw/mb_lab7_1_wrapper.xsa'.
23:47:38 INFO  : 'configparams mdm-detect-bscan-mask 2' command is executed.
23:47:38 INFO  : Context for processor 'microblaze_0' is selected.
23:47:38 INFO  : System reset is completed.
23:47:41 INFO  : 'after 3000' command is executed.
23:47:41 INFO  : Context for processor 'microblaze_0' is selected.
23:47:42 INFO  : The application 'D:/School/UIUC_ECE385_SP25/Final_Project/sdk/final_project/Debug/final_project.elf' is downloaded to processor 'microblaze_0'.
23:47:42 INFO  : ----------------XSDB Script----------------
connect -url tcp:127.0.0.1:3121
targets -set -filter {jtag_cable_name =~ "RealDigital Boo 88710000000EA" && level==0 && jtag_device_ctx=="jsn1-0362f093-0"}
fpga -file D:/School/UIUC_ECE385_SP25/Final_Project/sdk/final_project/_ide/bitstream/mb_lab7_1_wrapper.bit
targets -set -nocase -filter {name =~ "*microblaze*#0" && bscan=="USER2" }
loadhw -hw D:/School/UIUC_ECE385_SP25/Final_Project/sdk/mb_lab7_1_wrapper/export/mb_lab7_1_wrapper/hw/mb_lab7_1_wrapper.xsa -regs
configparams mdm-detect-bscan-mask 2
targets -set -nocase -filter {name =~ "*microblaze*#0" && bscan=="USER2" }
rst -system
after 3000
targets -set -nocase -filter {name =~ "*microblaze*#0" && bscan=="USER2" }
dow D:/School/UIUC_ECE385_SP25/Final_Project/sdk/final_project/Debug/final_project.elf
----------------End of Script----------------

23:47:42 INFO  : Context for processor 'microblaze_0' is selected.
23:47:42 INFO  : 'con' command is executed.
23:47:42 INFO  : ----------------XSDB Script (After Launch)----------------
targets -set -nocase -filter {name =~ "*microblaze*#0" && bscan=="USER2" }
con
----------------End of Script----------------

23:47:42 INFO  : Disconnected from the channel tcfchan#5.
23:54:32 INFO  : Connected to target on host '127.0.0.1' and port '3121'.
23:54:32 INFO  : Jtag cable 'RealDigital Boo 88710000000EA' is selected.
23:54:32 INFO  : 'jtag frequency' command is executed.
23:54:32 INFO  : 'targets -set -filter {jtag_cable_name =~ "RealDigital Boo 88710000000EA" && level==0 && jtag_device_ctx=="jsn1-0362f093-0"}' command is executed.
23:54:33 INFO  : Device configured successfully with "D:/School/UIUC_ECE385_SP25/Final_Project/sdk/final_project/_ide/bitstream/mb_lab7_1_wrapper.bit"
23:54:33 INFO  : Context for processor 'microblaze_0' is selected.
23:54:33 INFO  : Hardware design and registers information is loaded from 'D:/School/UIUC_ECE385_SP25/Final_Project/sdk/mb_lab7_1_wrapper/export/mb_lab7_1_wrapper/hw/mb_lab7_1_wrapper.xsa'.
23:54:33 INFO  : 'configparams mdm-detect-bscan-mask 2' command is executed.
23:54:33 INFO  : Context for processor 'microblaze_0' is selected.
23:54:34 INFO  : System reset is completed.
23:54:37 INFO  : 'after 3000' command is executed.
23:54:37 INFO  : Context for processor 'microblaze_0' is selected.
23:54:37 INFO  : The application 'D:/School/UIUC_ECE385_SP25/Final_Project/sdk/final_project/Debug/final_project.elf' is downloaded to processor 'microblaze_0'.
23:54:37 INFO  : ----------------XSDB Script----------------
connect -url tcp:127.0.0.1:3121
targets -set -filter {jtag_cable_name =~ "RealDigital Boo 88710000000EA" && level==0 && jtag_device_ctx=="jsn1-0362f093-0"}
fpga -file D:/School/UIUC_ECE385_SP25/Final_Project/sdk/final_project/_ide/bitstream/mb_lab7_1_wrapper.bit
targets -set -nocase -filter {name =~ "*microblaze*#0" && bscan=="USER2" }
loadhw -hw D:/School/UIUC_ECE385_SP25/Final_Project/sdk/mb_lab7_1_wrapper/export/mb_lab7_1_wrapper/hw/mb_lab7_1_wrapper.xsa -regs
configparams mdm-detect-bscan-mask 2
targets -set -nocase -filter {name =~ "*microblaze*#0" && bscan=="USER2" }
rst -system
after 3000
targets -set -nocase -filter {name =~ "*microblaze*#0" && bscan=="USER2" }
dow D:/School/UIUC_ECE385_SP25/Final_Project/sdk/final_project/Debug/final_project.elf
----------------End of Script----------------

23:54:37 INFO  : Context for processor 'microblaze_0' is selected.
23:54:37 INFO  : 'con' command is executed.
23:54:37 INFO  : ----------------XSDB Script (After Launch)----------------
targets -set -nocase -filter {name =~ "*microblaze*#0" && bscan=="USER2" }
con
----------------End of Script----------------

23:54:37 INFO  : Disconnected from the channel tcfchan#6.
16:49:28 INFO  : Checking for BSP changes to sync application flags for project 'final_project'...
16:49:35 INFO  : Checking for BSP changes to sync application flags for project 'final_project'...
16:49:39 INFO  : Checking for BSP changes to sync application flags for project 'final_project'...
16:51:25 INFO  : Checking for BSP changes to sync application flags for project 'final_project'...
16:51:33 INFO  : Checking for BSP changes to sync application flags for project 'final_project'...
16:51:39 INFO  : Checking for BSP changes to sync application flags for project 'final_project'...
16:51:46 INFO  : Checking for BSP changes to sync application flags for project 'final_project'...
16:51:54 INFO  : Checking for BSP changes to sync application flags for project 'final_project'...
16:51:57 INFO  : Checking for BSP changes to sync application flags for project 'final_project'...
16:53:24 INFO  : Checking for BSP changes to sync application flags for project 'final_project'...
16:54:42 INFO  : Checking for BSP changes to sync application flags for project 'final_project'...
17:14:28 INFO  : Checking for BSP changes to sync application flags for project 'final_project'...
17:15:03 INFO  : Checking for BSP changes to sync application flags for project 'final_project'...
17:15:28 INFO  : Result from executing command 'removePlatformRepo': 
17:15:33 INFO  : Result from executing command 'getProjects': mb_lab7_1_wrapper
17:15:33 INFO  : Result from executing command 'getPlatforms': 
17:15:33 INFO  : Checking for BSP changes to sync application flags for project 'final_project'...
17:20:00 INFO  : Checking for BSP changes to sync application flags for project 'final_project'...
17:24:46 INFO  : Checking for BSP changes to sync application flags for project 'final_project'...
17:35:18 INFO  : Checking for BSP changes to sync application flags for project 'final_project'...
17:36:51 INFO  : Checking for BSP changes to sync application flags for project 'final_project'...
17:46:01 INFO  : Checking for BSP changes to sync application flags for project 'final_project'...
17:46:12 INFO  : Checking for BSP changes to sync application flags for project 'final_project'...
17:46:15 INFO  : Checking for BSP changes to sync application flags for project 'final_project'...
17:46:18 INFO  : Checking for BSP changes to sync application flags for project 'final_project'...
17:48:19 INFO  : Checking for BSP changes to sync application flags for project 'final_project'...
17:57:38 INFO  : Checking for BSP changes to sync application flags for project 'final_project'...
17:57:42 INFO  : Checking for BSP changes to sync application flags for project 'final_project'...
17:58:06 INFO  : Checking for BSP changes to sync application flags for project 'final_project'...
18:01:31 INFO  : Checking for BSP changes to sync application flags for project 'final_project'...
22:20:55 INFO  : Checking for BSP changes to sync application flags for project 'final_project'...
22:23:16 INFO  : Checking for BSP changes to sync application flags for project 'final_project'...
22:23:21 INFO  : Connected to target on host '127.0.0.1' and port '3121'.
22:23:22 INFO  : Jtag cable 'RealDigital Boo 88710000000EA' is selected.
22:23:22 INFO  : 'jtag frequency' command is executed.
22:23:22 INFO  : 'targets -set -filter {jtag_cable_name =~ "RealDigital Boo 88710000000EA" && level==0 && jtag_device_ctx=="jsn1-0362f093-0"}' command is executed.
22:23:24 INFO  : Device configured successfully with "D:/School/UIUC_ECE385_SP25/Final_Project/sdk/final_project/_ide/bitstream/mb_lab7_1_wrapper.bit"
22:23:24 INFO  : Context for processor 'microblaze_0' is selected.
22:23:24 INFO  : Hardware design and registers information is loaded from 'D:/School/UIUC_ECE385_SP25/Final_Project/sdk/mb_lab7_1_wrapper/export/mb_lab7_1_wrapper/hw/mb_lab7_1_wrapper.xsa'.
22:23:24 INFO  : 'configparams mdm-detect-bscan-mask 2' command is executed.
22:23:24 INFO  : Context for processor 'microblaze_0' is selected.
22:23:24 INFO  : System reset is completed.
22:23:27 INFO  : 'after 3000' command is executed.
22:23:28 INFO  : Context for processor 'microblaze_0' is selected.
22:23:28 INFO  : The application 'D:/School/UIUC_ECE385_SP25/Final_Project/sdk/final_project/Debug/final_project.elf' is downloaded to processor 'microblaze_0'.
22:23:28 INFO  : ----------------XSDB Script----------------
connect -url tcp:127.0.0.1:3121
targets -set -filter {jtag_cable_name =~ "RealDigital Boo 88710000000EA" && level==0 && jtag_device_ctx=="jsn1-0362f093-0"}
fpga -file D:/School/UIUC_ECE385_SP25/Final_Project/sdk/final_project/_ide/bitstream/mb_lab7_1_wrapper.bit
targets -set -nocase -filter {name =~ "*microblaze*#0" && bscan=="USER2" }
loadhw -hw D:/School/UIUC_ECE385_SP25/Final_Project/sdk/mb_lab7_1_wrapper/export/mb_lab7_1_wrapper/hw/mb_lab7_1_wrapper.xsa -regs
configparams mdm-detect-bscan-mask 2
targets -set -nocase -filter {name =~ "*microblaze*#0" && bscan=="USER2" }
rst -system
after 3000
targets -set -nocase -filter {name =~ "*microblaze*#0" && bscan=="USER2" }
dow D:/School/UIUC_ECE385_SP25/Final_Project/sdk/final_project/Debug/final_project.elf
----------------End of Script----------------

22:23:28 INFO  : Context for processor 'microblaze_0' is selected.
22:23:28 INFO  : 'con' command is executed.
22:23:28 INFO  : ----------------XSDB Script (After Launch)----------------
targets -set -nocase -filter {name =~ "*microblaze*#0" && bscan=="USER2" }
con
----------------End of Script----------------

22:23:28 INFO  : Disconnected from the channel tcfchan#9.
22:23:38 INFO  : Connected to target on host '127.0.0.1' and port '3121'.
22:23:38 INFO  : Jtag cable 'RealDigital Boo 88710000000EA' is selected.
22:23:38 INFO  : 'jtag frequency' command is executed.
22:23:41 ERROR : no targets found with "jtag_cable_name =~ "RealDigital Boo 88710000000EA" && level==0 && jtag_device_ctx=="jsn1-0362f093-0"". available targets:
  1  xc7s50
     2  MicroBlaze Debug Module at USER2
        3  MicroBlaze #0 (Running)
22:23:41 ERROR : Exception occured while running Program Device.
java.lang.RuntimeException: no targets found with "jtag_cable_name =~ "RealDigital Boo 88710000000EA" && level==0 && jtag_device_ctx=="jsn1-0362f093-0"". available targets:
  1  xc7s50
     2  MicroBlaze Debug Module at USER2
        3  MicroBlaze #0 (Running)
22:23:41 INFO  : ----------------XSDB Script----------------
connect -url tcp:127.0.0.1:3121
----------------End of Script----------------

22:23:41 ERROR : no targets found with "jtag_cable_name =~ "RealDigital Boo 88710000000EA" && level==0 && jtag_device_ctx=="jsn1-0362f093-0"". available targets:
  1  xc7s50
     2  MicroBlaze Debug Module at USER2
        3  MicroBlaze #0 (Running)
22:24:27 DEBUG : Logs will be stored at 'D:/School/UIUC_ECE385_SP25/Final_Project/sdk/IDE.log'.
22:24:27 INFO  : Launching XSCT server: xsct.bat -n  -interactive D:\School\UIUC_ECE385_SP25\Final_Project\sdk\temp_xsdb_launch_script.tcl
22:24:31 INFO  : Platform repository initialization has completed.
22:24:31 INFO  : Registering command handlers for Vitis TCF services
22:24:31 INFO  : XSCT server has started successfully.
22:24:35 INFO  : Successfully done setting XSCT server connection channel  
22:24:35 INFO  : plnx-install-location is set to ''
22:24:35 INFO  : Successfully done query RDI_DATADIR 
22:24:35 INFO  : Successfully done setting workspace for the tool. 
22:24:50 INFO  : Checking for BSP changes to sync application flags for project 'final_project'...
22:24:57 INFO  : Connected to target on host '127.0.0.1' and port '3121'.
22:24:58 INFO  : Jtag cable 'RealDigital Boo 88710000000EA' is selected.
22:24:58 INFO  : 'jtag frequency' command is executed.
22:24:58 INFO  : 'targets -set -filter {jtag_cable_name =~ "RealDigital Boo 88710000000EA" && level==0 && jtag_device_ctx=="jsn1-0362f093-0"}' command is executed.
22:25:00 INFO  : Device configured successfully with "D:/School/UIUC_ECE385_SP25/Final_Project/sdk/final_project/_ide/bitstream/mb_lab7_1_wrapper.bit"
22:25:00 INFO  : Context for processor 'microblaze_0' is selected.
22:25:00 INFO  : Hardware design and registers information is loaded from 'D:/School/UIUC_ECE385_SP25/Final_Project/sdk/mb_lab7_1_wrapper/export/mb_lab7_1_wrapper/hw/mb_lab7_1_wrapper.xsa'.
22:25:00 INFO  : 'configparams mdm-detect-bscan-mask 2' command is executed.
22:25:00 INFO  : Context for processor 'microblaze_0' is selected.
22:25:00 INFO  : System reset is completed.
22:25:03 INFO  : 'after 3000' command is executed.
22:25:04 INFO  : Context for processor 'microblaze_0' is selected.
22:25:04 INFO  : The application 'D:/School/UIUC_ECE385_SP25/Final_Project/sdk/final_project/Debug/final_project.elf' is downloaded to processor 'microblaze_0'.
22:25:04 INFO  : ----------------XSDB Script----------------
connect -url tcp:127.0.0.1:3121
targets -set -filter {jtag_cable_name =~ "RealDigital Boo 88710000000EA" && level==0 && jtag_device_ctx=="jsn1-0362f093-0"}
fpga -file D:/School/UIUC_ECE385_SP25/Final_Project/sdk/final_project/_ide/bitstream/mb_lab7_1_wrapper.bit
targets -set -nocase -filter {name =~ "*microblaze*#0" && bscan=="USER2" }
loadhw -hw D:/School/UIUC_ECE385_SP25/Final_Project/sdk/mb_lab7_1_wrapper/export/mb_lab7_1_wrapper/hw/mb_lab7_1_wrapper.xsa -regs
configparams mdm-detect-bscan-mask 2
targets -set -nocase -filter {name =~ "*microblaze*#0" && bscan=="USER2" }
rst -system
after 3000
targets -set -nocase -filter {name =~ "*microblaze*#0" && bscan=="USER2" }
dow D:/School/UIUC_ECE385_SP25/Final_Project/sdk/final_project/Debug/final_project.elf
----------------End of Script----------------

22:25:04 INFO  : Context for processor 'microblaze_0' is selected.
22:25:04 INFO  : 'con' command is executed.
22:25:04 INFO  : ----------------XSDB Script (After Launch)----------------
targets -set -nocase -filter {name =~ "*microblaze*#0" && bscan=="USER2" }
con
----------------End of Script----------------

22:25:04 INFO  : Disconnected from the channel tcfchan#1.
22:25:51 INFO  : Checking for BSP changes to sync application flags for project 'final_project'...
22:25:57 INFO  : Connected to target on host '127.0.0.1' and port '3121'.
22:25:57 INFO  : Jtag cable 'RealDigital Boo 88710000000EA' is selected.
22:25:57 INFO  : 'jtag frequency' command is executed.
22:25:57 INFO  : 'targets -set -filter {jtag_cable_name =~ "RealDigital Boo 88710000000EA" && level==0 && jtag_device_ctx=="jsn1-0362f093-0"}' command is executed.
22:25:58 INFO  : Device configured successfully with "D:/School/UIUC_ECE385_SP25/Final_Project/sdk/final_project/_ide/bitstream/mb_lab7_1_wrapper.bit"
22:25:58 INFO  : Context for processor 'microblaze_0' is selected.
22:25:58 INFO  : Hardware design and registers information is loaded from 'D:/School/UIUC_ECE385_SP25/Final_Project/sdk/mb_lab7_1_wrapper/export/mb_lab7_1_wrapper/hw/mb_lab7_1_wrapper.xsa'.
22:25:58 INFO  : 'configparams mdm-detect-bscan-mask 2' command is executed.
22:25:58 INFO  : Context for processor 'microblaze_0' is selected.
22:25:58 INFO  : System reset is completed.
22:26:01 INFO  : 'after 3000' command is executed.
22:26:01 INFO  : Context for processor 'microblaze_0' is selected.
22:26:01 INFO  : The application 'D:/School/UIUC_ECE385_SP25/Final_Project/sdk/final_project/Debug/final_project.elf' is downloaded to processor 'microblaze_0'.
22:26:01 INFO  : ----------------XSDB Script----------------
connect -url tcp:127.0.0.1:3121
targets -set -filter {jtag_cable_name =~ "RealDigital Boo 88710000000EA" && level==0 && jtag_device_ctx=="jsn1-0362f093-0"}
fpga -file D:/School/UIUC_ECE385_SP25/Final_Project/sdk/final_project/_ide/bitstream/mb_lab7_1_wrapper.bit
targets -set -nocase -filter {name =~ "*microblaze*#0" && bscan=="USER2" }
loadhw -hw D:/School/UIUC_ECE385_SP25/Final_Project/sdk/mb_lab7_1_wrapper/export/mb_lab7_1_wrapper/hw/mb_lab7_1_wrapper.xsa -regs
configparams mdm-detect-bscan-mask 2
targets -set -nocase -filter {name =~ "*microblaze*#0" && bscan=="USER2" }
rst -system
after 3000
targets -set -nocase -filter {name =~ "*microblaze*#0" && bscan=="USER2" }
dow D:/School/UIUC_ECE385_SP25/Final_Project/sdk/final_project/Debug/final_project.elf
----------------End of Script----------------

22:26:02 INFO  : Context for processor 'microblaze_0' is selected.
22:26:02 INFO  : 'con' command is executed.
22:26:02 INFO  : ----------------XSDB Script (After Launch)----------------
targets -set -nocase -filter {name =~ "*microblaze*#0" && bscan=="USER2" }
con
----------------End of Script----------------

22:26:02 INFO  : Disconnected from the channel tcfchan#2.
22:30:24 INFO  : Checking for BSP changes to sync application flags for project 'final_project'...
22:30:35 INFO  : Connected to target on host '127.0.0.1' and port '3121'.
22:30:35 INFO  : Jtag cable 'RealDigital Boo 88710000000EA' is selected.
22:30:35 INFO  : 'jtag frequency' command is executed.
22:30:36 INFO  : 'targets -set -filter {jtag_cable_name =~ "RealDigital Boo 88710000000EA" && level==0 && jtag_device_ctx=="jsn1-0362f093-0"}' command is executed.
22:30:37 INFO  : Device configured successfully with "D:/School/UIUC_ECE385_SP25/Final_Project/sdk/final_project/_ide/bitstream/mb_lab7_1_wrapper.bit"
22:30:37 INFO  : Context for processor 'microblaze_0' is selected.
22:30:37 INFO  : Hardware design and registers information is loaded from 'D:/School/UIUC_ECE385_SP25/Final_Project/sdk/mb_lab7_1_wrapper/export/mb_lab7_1_wrapper/hw/mb_lab7_1_wrapper.xsa'.
22:30:37 INFO  : 'configparams mdm-detect-bscan-mask 2' command is executed.
22:30:37 INFO  : Context for processor 'microblaze_0' is selected.
22:30:37 INFO  : System reset is completed.
22:30:40 INFO  : 'after 3000' command is executed.
22:30:40 INFO  : Context for processor 'microblaze_0' is selected.
22:30:40 INFO  : The application 'D:/School/UIUC_ECE385_SP25/Final_Project/sdk/final_project/Debug/final_project.elf' is downloaded to processor 'microblaze_0'.
22:30:40 INFO  : ----------------XSDB Script----------------
connect -url tcp:127.0.0.1:3121
targets -set -filter {jtag_cable_name =~ "RealDigital Boo 88710000000EA" && level==0 && jtag_device_ctx=="jsn1-0362f093-0"}
fpga -file D:/School/UIUC_ECE385_SP25/Final_Project/sdk/final_project/_ide/bitstream/mb_lab7_1_wrapper.bit
targets -set -nocase -filter {name =~ "*microblaze*#0" && bscan=="USER2" }
loadhw -hw D:/School/UIUC_ECE385_SP25/Final_Project/sdk/mb_lab7_1_wrapper/export/mb_lab7_1_wrapper/hw/mb_lab7_1_wrapper.xsa -regs
configparams mdm-detect-bscan-mask 2
targets -set -nocase -filter {name =~ "*microblaze*#0" && bscan=="USER2" }
rst -system
after 3000
targets -set -nocase -filter {name =~ "*microblaze*#0" && bscan=="USER2" }
dow D:/School/UIUC_ECE385_SP25/Final_Project/sdk/final_project/Debug/final_project.elf
----------------End of Script----------------

22:30:40 INFO  : Context for processor 'microblaze_0' is selected.
22:30:40 INFO  : 'con' command is executed.
22:30:40 INFO  : ----------------XSDB Script (After Launch)----------------
targets -set -nocase -filter {name =~ "*microblaze*#0" && bscan=="USER2" }
con
----------------End of Script----------------

22:30:40 INFO  : Disconnected from the channel tcfchan#3.
22:34:54 INFO  : Checking for BSP changes to sync application flags for project 'final_project'...
22:35:04 INFO  : Connected to target on host '127.0.0.1' and port '3121'.
22:35:04 INFO  : Jtag cable 'RealDigital Boo 88710000000EA' is selected.
22:35:04 INFO  : 'jtag frequency' command is executed.
22:35:04 INFO  : 'targets -set -filter {jtag_cable_name =~ "RealDigital Boo 88710000000EA" && level==0 && jtag_device_ctx=="jsn1-0362f093-0"}' command is executed.
22:35:06 INFO  : Device configured successfully with "D:/School/UIUC_ECE385_SP25/Final_Project/sdk/final_project/_ide/bitstream/mb_lab7_1_wrapper.bit"
22:35:06 INFO  : Context for processor 'microblaze_0' is selected.
22:35:06 INFO  : Hardware design and registers information is loaded from 'D:/School/UIUC_ECE385_SP25/Final_Project/sdk/mb_lab7_1_wrapper/export/mb_lab7_1_wrapper/hw/mb_lab7_1_wrapper.xsa'.
22:35:06 INFO  : 'configparams mdm-detect-bscan-mask 2' command is executed.
22:35:06 INFO  : Context for processor 'microblaze_0' is selected.
22:35:06 INFO  : System reset is completed.
22:35:09 INFO  : 'after 3000' command is executed.
22:35:09 INFO  : Context for processor 'microblaze_0' is selected.
22:35:09 INFO  : The application 'D:/School/UIUC_ECE385_SP25/Final_Project/sdk/final_project/Debug/final_project.elf' is downloaded to processor 'microblaze_0'.
22:35:09 INFO  : ----------------XSDB Script----------------
connect -url tcp:127.0.0.1:3121
targets -set -filter {jtag_cable_name =~ "RealDigital Boo 88710000000EA" && level==0 && jtag_device_ctx=="jsn1-0362f093-0"}
fpga -file D:/School/UIUC_ECE385_SP25/Final_Project/sdk/final_project/_ide/bitstream/mb_lab7_1_wrapper.bit
targets -set -nocase -filter {name =~ "*microblaze*#0" && bscan=="USER2" }
loadhw -hw D:/School/UIUC_ECE385_SP25/Final_Project/sdk/mb_lab7_1_wrapper/export/mb_lab7_1_wrapper/hw/mb_lab7_1_wrapper.xsa -regs
configparams mdm-detect-bscan-mask 2
targets -set -nocase -filter {name =~ "*microblaze*#0" && bscan=="USER2" }
rst -system
after 3000
targets -set -nocase -filter {name =~ "*microblaze*#0" && bscan=="USER2" }
dow D:/School/UIUC_ECE385_SP25/Final_Project/sdk/final_project/Debug/final_project.elf
----------------End of Script----------------

22:35:09 INFO  : Context for processor 'microblaze_0' is selected.
22:35:09 INFO  : 'con' command is executed.
22:35:09 INFO  : ----------------XSDB Script (After Launch)----------------
targets -set -nocase -filter {name =~ "*microblaze*#0" && bscan=="USER2" }
con
----------------End of Script----------------

22:35:09 INFO  : Disconnected from the channel tcfchan#4.
22:37:06 INFO  : Checking for BSP changes to sync application flags for project 'final_project'...
22:37:17 INFO  : Connected to target on host '127.0.0.1' and port '3121'.
22:37:17 INFO  : Jtag cable 'RealDigital Boo 88710000000EA' is selected.
22:37:17 INFO  : 'jtag frequency' command is executed.
22:37:17 INFO  : 'targets -set -filter {jtag_cable_name =~ "RealDigital Boo 88710000000EA" && level==0 && jtag_device_ctx=="jsn1-0362f093-0"}' command is executed.
22:37:19 INFO  : Device configured successfully with "D:/School/UIUC_ECE385_SP25/Final_Project/sdk/final_project/_ide/bitstream/mb_lab7_1_wrapper.bit"
22:37:19 INFO  : Context for processor 'microblaze_0' is selected.
22:37:19 INFO  : Hardware design and registers information is loaded from 'D:/School/UIUC_ECE385_SP25/Final_Project/sdk/mb_lab7_1_wrapper/export/mb_lab7_1_wrapper/hw/mb_lab7_1_wrapper.xsa'.
22:37:19 INFO  : 'configparams mdm-detect-bscan-mask 2' command is executed.
22:37:19 INFO  : Context for processor 'microblaze_0' is selected.
22:37:19 INFO  : System reset is completed.
22:37:22 INFO  : 'after 3000' command is executed.
22:37:22 INFO  : Context for processor 'microblaze_0' is selected.
22:37:22 INFO  : The application 'D:/School/UIUC_ECE385_SP25/Final_Project/sdk/final_project/Debug/final_project.elf' is downloaded to processor 'microblaze_0'.
22:37:22 INFO  : ----------------XSDB Script----------------
connect -url tcp:127.0.0.1:3121
targets -set -filter {jtag_cable_name =~ "RealDigital Boo 88710000000EA" && level==0 && jtag_device_ctx=="jsn1-0362f093-0"}
fpga -file D:/School/UIUC_ECE385_SP25/Final_Project/sdk/final_project/_ide/bitstream/mb_lab7_1_wrapper.bit
targets -set -nocase -filter {name =~ "*microblaze*#0" && bscan=="USER2" }
loadhw -hw D:/School/UIUC_ECE385_SP25/Final_Project/sdk/mb_lab7_1_wrapper/export/mb_lab7_1_wrapper/hw/mb_lab7_1_wrapper.xsa -regs
configparams mdm-detect-bscan-mask 2
targets -set -nocase -filter {name =~ "*microblaze*#0" && bscan=="USER2" }
rst -system
after 3000
targets -set -nocase -filter {name =~ "*microblaze*#0" && bscan=="USER2" }
dow D:/School/UIUC_ECE385_SP25/Final_Project/sdk/final_project/Debug/final_project.elf
----------------End of Script----------------

22:37:22 INFO  : Context for processor 'microblaze_0' is selected.
22:37:22 INFO  : 'con' command is executed.
22:37:22 INFO  : ----------------XSDB Script (After Launch)----------------
targets -set -nocase -filter {name =~ "*microblaze*#0" && bscan=="USER2" }
con
----------------End of Script----------------

22:37:22 INFO  : Disconnected from the channel tcfchan#5.
22:38:57 INFO  : Checking for BSP changes to sync application flags for project 'final_project'...
22:39:20 INFO  : Checking for BSP changes to sync application flags for project 'final_project'...
22:39:28 INFO  : Connected to target on host '127.0.0.1' and port '3121'.
22:39:29 INFO  : Jtag cable 'RealDigital Boo 88710000000EA' is selected.
22:39:29 INFO  : 'jtag frequency' command is executed.
22:39:29 INFO  : 'targets -set -filter {jtag_cable_name =~ "RealDigital Boo 88710000000EA" && level==0 && jtag_device_ctx=="jsn1-0362f093-0"}' command is executed.
22:39:31 INFO  : Device configured successfully with "D:/School/UIUC_ECE385_SP25/Final_Project/sdk/final_project/_ide/bitstream/mb_lab7_1_wrapper.bit"
22:39:31 INFO  : Context for processor 'microblaze_0' is selected.
22:39:31 INFO  : Hardware design and registers information is loaded from 'D:/School/UIUC_ECE385_SP25/Final_Project/sdk/mb_lab7_1_wrapper/export/mb_lab7_1_wrapper/hw/mb_lab7_1_wrapper.xsa'.
22:39:31 INFO  : 'configparams mdm-detect-bscan-mask 2' command is executed.
22:39:31 INFO  : Context for processor 'microblaze_0' is selected.
22:39:31 INFO  : System reset is completed.
22:39:34 INFO  : 'after 3000' command is executed.
22:39:35 INFO  : Context for processor 'microblaze_0' is selected.
22:39:35 INFO  : The application 'D:/School/UIUC_ECE385_SP25/Final_Project/sdk/final_project/Debug/final_project.elf' is downloaded to processor 'microblaze_0'.
22:39:35 INFO  : ----------------XSDB Script----------------
connect -url tcp:127.0.0.1:3121
targets -set -filter {jtag_cable_name =~ "RealDigital Boo 88710000000EA" && level==0 && jtag_device_ctx=="jsn1-0362f093-0"}
fpga -file D:/School/UIUC_ECE385_SP25/Final_Project/sdk/final_project/_ide/bitstream/mb_lab7_1_wrapper.bit
targets -set -nocase -filter {name =~ "*microblaze*#0" && bscan=="USER2" }
loadhw -hw D:/School/UIUC_ECE385_SP25/Final_Project/sdk/mb_lab7_1_wrapper/export/mb_lab7_1_wrapper/hw/mb_lab7_1_wrapper.xsa -regs
configparams mdm-detect-bscan-mask 2
targets -set -nocase -filter {name =~ "*microblaze*#0" && bscan=="USER2" }
rst -system
after 3000
targets -set -nocase -filter {name =~ "*microblaze*#0" && bscan=="USER2" }
dow D:/School/UIUC_ECE385_SP25/Final_Project/sdk/final_project/Debug/final_project.elf
----------------End of Script----------------

22:39:35 INFO  : Context for processor 'microblaze_0' is selected.
22:39:35 INFO  : 'con' command is executed.
22:39:35 INFO  : ----------------XSDB Script (After Launch)----------------
targets -set -nocase -filter {name =~ "*microblaze*#0" && bscan=="USER2" }
con
----------------End of Script----------------

22:39:35 INFO  : Disconnected from the channel tcfchan#6.
22:40:38 INFO  : Checking for BSP changes to sync application flags for project 'final_project'...
22:40:49 INFO  : Connected to target on host '127.0.0.1' and port '3121'.
22:40:50 INFO  : Jtag cable 'RealDigital Boo 88710000000EA' is selected.
22:40:50 INFO  : 'jtag frequency' command is executed.
22:40:50 INFO  : 'targets -set -filter {jtag_cable_name =~ "RealDigital Boo 88710000000EA" && level==0 && jtag_device_ctx=="jsn1-0362f093-0"}' command is executed.
22:40:52 INFO  : Device configured successfully with "D:/School/UIUC_ECE385_SP25/Final_Project/sdk/final_project/_ide/bitstream/mb_lab7_1_wrapper.bit"
22:40:52 INFO  : Context for processor 'microblaze_0' is selected.
22:40:52 INFO  : Hardware design and registers information is loaded from 'D:/School/UIUC_ECE385_SP25/Final_Project/sdk/mb_lab7_1_wrapper/export/mb_lab7_1_wrapper/hw/mb_lab7_1_wrapper.xsa'.
22:40:52 INFO  : 'configparams mdm-detect-bscan-mask 2' command is executed.
22:40:52 INFO  : Context for processor 'microblaze_0' is selected.
22:40:52 INFO  : System reset is completed.
22:40:55 INFO  : 'after 3000' command is executed.
22:40:55 INFO  : Context for processor 'microblaze_0' is selected.
22:40:56 INFO  : The application 'D:/School/UIUC_ECE385_SP25/Final_Project/sdk/final_project/Debug/final_project.elf' is downloaded to processor 'microblaze_0'.
22:40:56 INFO  : ----------------XSDB Script----------------
connect -url tcp:127.0.0.1:3121
targets -set -filter {jtag_cable_name =~ "RealDigital Boo 88710000000EA" && level==0 && jtag_device_ctx=="jsn1-0362f093-0"}
fpga -file D:/School/UIUC_ECE385_SP25/Final_Project/sdk/final_project/_ide/bitstream/mb_lab7_1_wrapper.bit
targets -set -nocase -filter {name =~ "*microblaze*#0" && bscan=="USER2" }
loadhw -hw D:/School/UIUC_ECE385_SP25/Final_Project/sdk/mb_lab7_1_wrapper/export/mb_lab7_1_wrapper/hw/mb_lab7_1_wrapper.xsa -regs
configparams mdm-detect-bscan-mask 2
targets -set -nocase -filter {name =~ "*microblaze*#0" && bscan=="USER2" }
rst -system
after 3000
targets -set -nocase -filter {name =~ "*microblaze*#0" && bscan=="USER2" }
dow D:/School/UIUC_ECE385_SP25/Final_Project/sdk/final_project/Debug/final_project.elf
----------------End of Script----------------

22:40:56 INFO  : Context for processor 'microblaze_0' is selected.
22:40:56 INFO  : 'con' command is executed.
22:40:56 INFO  : ----------------XSDB Script (After Launch)----------------
targets -set -nocase -filter {name =~ "*microblaze*#0" && bscan=="USER2" }
con
----------------End of Script----------------

22:40:56 INFO  : Disconnected from the channel tcfchan#7.
22:52:51 INFO  : Checking for BSP changes to sync application flags for project 'final_project'...
22:53:01 INFO  : Connected to target on host '127.0.0.1' and port '3121'.
22:53:02 INFO  : Jtag cable 'RealDigital Boo 88710000000EA' is selected.
22:53:02 INFO  : 'jtag frequency' command is executed.
22:53:03 INFO  : 'targets -set -filter {jtag_cable_name =~ "RealDigital Boo 88710000000EA" && level==0 && jtag_device_ctx=="jsn1-0362f093-0"}' command is executed.
22:53:04 INFO  : Device configured successfully with "D:/School/UIUC_ECE385_SP25/Final_Project/sdk/final_project/_ide/bitstream/mb_lab7_1_wrapper.bit"
22:53:04 INFO  : Context for processor 'microblaze_0' is selected.
22:53:04 INFO  : Hardware design and registers information is loaded from 'D:/School/UIUC_ECE385_SP25/Final_Project/sdk/mb_lab7_1_wrapper/export/mb_lab7_1_wrapper/hw/mb_lab7_1_wrapper.xsa'.
22:53:04 INFO  : 'configparams mdm-detect-bscan-mask 2' command is executed.
22:53:04 INFO  : Context for processor 'microblaze_0' is selected.
22:53:04 INFO  : System reset is completed.
22:53:07 INFO  : 'after 3000' command is executed.
22:53:08 INFO  : Context for processor 'microblaze_0' is selected.
22:53:08 INFO  : The application 'D:/School/UIUC_ECE385_SP25/Final_Project/sdk/final_project/Debug/final_project.elf' is downloaded to processor 'microblaze_0'.
22:53:08 INFO  : ----------------XSDB Script----------------
connect -url tcp:127.0.0.1:3121
targets -set -filter {jtag_cable_name =~ "RealDigital Boo 88710000000EA" && level==0 && jtag_device_ctx=="jsn1-0362f093-0"}
fpga -file D:/School/UIUC_ECE385_SP25/Final_Project/sdk/final_project/_ide/bitstream/mb_lab7_1_wrapper.bit
targets -set -nocase -filter {name =~ "*microblaze*#0" && bscan=="USER2" }
loadhw -hw D:/School/UIUC_ECE385_SP25/Final_Project/sdk/mb_lab7_1_wrapper/export/mb_lab7_1_wrapper/hw/mb_lab7_1_wrapper.xsa -regs
configparams mdm-detect-bscan-mask 2
targets -set -nocase -filter {name =~ "*microblaze*#0" && bscan=="USER2" }
rst -system
after 3000
targets -set -nocase -filter {name =~ "*microblaze*#0" && bscan=="USER2" }
dow D:/School/UIUC_ECE385_SP25/Final_Project/sdk/final_project/Debug/final_project.elf
----------------End of Script----------------

22:53:08 INFO  : Context for processor 'microblaze_0' is selected.
22:53:08 INFO  : 'con' command is executed.
22:53:08 INFO  : ----------------XSDB Script (After Launch)----------------
targets -set -nocase -filter {name =~ "*microblaze*#0" && bscan=="USER2" }
con
----------------End of Script----------------

22:53:08 INFO  : Disconnected from the channel tcfchan#8.
22:54:03 INFO  : Checking for BSP changes to sync application flags for project 'final_project'...
22:54:10 INFO  : Connected to target on host '127.0.0.1' and port '3121'.
22:54:11 INFO  : Jtag cable 'RealDigital Boo 88710000000EA' is selected.
22:54:11 INFO  : 'jtag frequency' command is executed.
22:54:11 INFO  : 'targets -set -filter {jtag_cable_name =~ "RealDigital Boo 88710000000EA" && level==0 && jtag_device_ctx=="jsn1-0362f093-0"}' command is executed.
22:54:13 INFO  : Device configured successfully with "D:/School/UIUC_ECE385_SP25/Final_Project/sdk/final_project/_ide/bitstream/mb_lab7_1_wrapper.bit"
22:54:13 INFO  : Context for processor 'microblaze_0' is selected.
22:54:13 INFO  : Hardware design and registers information is loaded from 'D:/School/UIUC_ECE385_SP25/Final_Project/sdk/mb_lab7_1_wrapper/export/mb_lab7_1_wrapper/hw/mb_lab7_1_wrapper.xsa'.
22:54:13 INFO  : 'configparams mdm-detect-bscan-mask 2' command is executed.
22:54:13 INFO  : Context for processor 'microblaze_0' is selected.
22:54:13 INFO  : System reset is completed.
22:54:16 INFO  : 'after 3000' command is executed.
22:54:17 INFO  : Context for processor 'microblaze_0' is selected.
22:54:17 INFO  : The application 'D:/School/UIUC_ECE385_SP25/Final_Project/sdk/final_project/Debug/final_project.elf' is downloaded to processor 'microblaze_0'.
22:54:17 INFO  : ----------------XSDB Script----------------
connect -url tcp:127.0.0.1:3121
targets -set -filter {jtag_cable_name =~ "RealDigital Boo 88710000000EA" && level==0 && jtag_device_ctx=="jsn1-0362f093-0"}
fpga -file D:/School/UIUC_ECE385_SP25/Final_Project/sdk/final_project/_ide/bitstream/mb_lab7_1_wrapper.bit
targets -set -nocase -filter {name =~ "*microblaze*#0" && bscan=="USER2" }
loadhw -hw D:/School/UIUC_ECE385_SP25/Final_Project/sdk/mb_lab7_1_wrapper/export/mb_lab7_1_wrapper/hw/mb_lab7_1_wrapper.xsa -regs
configparams mdm-detect-bscan-mask 2
targets -set -nocase -filter {name =~ "*microblaze*#0" && bscan=="USER2" }
rst -system
after 3000
targets -set -nocase -filter {name =~ "*microblaze*#0" && bscan=="USER2" }
dow D:/School/UIUC_ECE385_SP25/Final_Project/sdk/final_project/Debug/final_project.elf
----------------End of Script----------------

22:54:17 INFO  : Context for processor 'microblaze_0' is selected.
22:54:17 INFO  : 'con' command is executed.
22:54:17 INFO  : ----------------XSDB Script (After Launch)----------------
targets -set -nocase -filter {name =~ "*microblaze*#0" && bscan=="USER2" }
con
----------------End of Script----------------

22:54:17 INFO  : Disconnected from the channel tcfchan#9.
23:07:08 INFO  : Hardware specification for platform project 'mb_lab7_1_wrapper' is updated.
23:07:49 INFO  : Hardware specification for platform project 'mb_lab7_1_wrapper' is updated.
23:08:05 INFO  : Result from executing command 'removePlatformRepo': 
23:08:17 INFO  : Result from executing command 'getProjects': mb_lab7_1_wrapper
23:08:17 INFO  : Result from executing command 'getPlatforms': 
23:08:17 INFO  : Checking for BSP changes to sync application flags for project 'final_project'...
23:08:20 INFO  : The hardware specification used by project 'final_project' is out of sync with the platform. Resource files extracted from the hardware specification will be updated.
23:08:20 INFO  : The file 'D:\School\UIUC_ECE385_SP25\Final_Project\sdk\final_project\_ide\bitstream\mb_lab7_1_wrapper.bit' stored in project is removed.
23:08:20 INFO  : The file 'D:\School\UIUC_ECE385_SP25\Final_Project\sdk\final_project\_ide\bitstream\mb_lab7_1_wrapper.mmi' stored in project is removed.
23:08:20 INFO  : The updated bitstream files are copied from platform to folder 'D:\School\UIUC_ECE385_SP25\Final_Project\sdk\final_project\_ide\bitstream' in project 'final_project'.
23:08:35 INFO  : Connected to target on host '127.0.0.1' and port '3121'.
23:08:35 INFO  : Jtag cable 'RealDigital Boo 88710000000EA' is selected.
23:08:35 INFO  : 'jtag frequency' command is executed.
23:08:35 INFO  : 'targets -set -filter {jtag_cable_name =~ "RealDigital Boo 88710000000EA" && level==0 && jtag_device_ctx=="jsn1-0362f093-0"}' command is executed.
23:08:35 ERROR : couldn't open "D:/School/UIUC_ECE385_SP25/Final_Project/sdk/final_project/_ide/bitstream/mb_lab7_1_wrapper.bit": no such file or directory
23:08:35 ERROR : Exception occured while running Program Device.
java.lang.RuntimeException: couldn't open "D:/School/UIUC_ECE385_SP25/Final_Project/sdk/final_project/_ide/bitstream/mb_lab7_1_wrapper.bit": no such file or directory
23:08:35 INFO  : ----------------XSDB Script----------------
connect -url tcp:127.0.0.1:3121
----------------End of Script----------------

23:08:35 ERROR : couldn't open "D:/School/UIUC_ECE385_SP25/Final_Project/sdk/final_project/_ide/bitstream/mb_lab7_1_wrapper.bit": no such file or directory
23:09:47 INFO  : Hardware specification for platform project 'mb_lab7_1_wrapper' is updated.
23:10:06 INFO  : Result from executing command 'removePlatformRepo': 
23:10:13 INFO  : Result from executing command 'getProjects': mb_lab7_1_wrapper
23:10:13 INFO  : Result from executing command 'getPlatforms': 
23:10:13 INFO  : Checking for BSP changes to sync application flags for project 'final_project'...
23:10:13 WARN  : Failed to closehw "D:/School/UIUC_ECE385_SP25/Final_Project/sdk/mb_lab7_1_wrapper/export/mb_lab7_1_wrapper/hw/mb_lab7_1_wrapper.xsa"
Reason: Cannot close hw design 'D:/School/UIUC_ECE385_SP25/Final_Project/sdk/mb_lab7_1_wrapper/export/mb_lab7_1_wrapper/hw/mb_lab7_1_wrapper.xsa'.
Design is not opened in the current session.

23:10:15 INFO  : The hardware specification used by project 'final_project' is out of sync with the platform. Resource files extracted from the hardware specification will be updated.
23:10:15 INFO  : The file 'D:\School\UIUC_ECE385_SP25\Final_Project\sdk\final_project\_ide\bitstream\gpu_top.bit' stored in project is removed.
23:10:15 INFO  : The file 'D:\School\UIUC_ECE385_SP25\Final_Project\sdk\final_project\_ide\bitstream\gpu_top.mmi' stored in project is removed.
23:10:15 INFO  : The updated bitstream files are copied from platform to folder 'D:\School\UIUC_ECE385_SP25\Final_Project\sdk\final_project\_ide\bitstream' in project 'final_project'.
23:10:44 INFO  : Connected to target on host '127.0.0.1' and port '3121'.
23:10:44 INFO  : Jtag cable 'RealDigital Boo 88710000000EA' is selected.
23:10:44 INFO  : 'jtag frequency' command is executed.
23:10:44 INFO  : 'targets -set -filter {jtag_cable_name =~ "RealDigital Boo 88710000000EA" && level==0 && jtag_device_ctx=="jsn1-0362f093-0"}' command is executed.
23:10:45 INFO  : Device configured successfully with "D:/School/UIUC_ECE385_SP25/Final_Project/sdk/final_project/_ide/bitstream/mb_lab7_1_wrapper.bit"
23:10:45 INFO  : Context for processor 'microblaze_0' is selected.
23:10:45 INFO  : Hardware design and registers information is loaded from 'D:/School/UIUC_ECE385_SP25/Final_Project/sdk/mb_lab7_1_wrapper/export/mb_lab7_1_wrapper/hw/mb_lab7_1_wrapper.xsa'.
23:10:45 INFO  : 'configparams mdm-detect-bscan-mask 2' command is executed.
23:10:45 INFO  : Context for processor 'microblaze_0' is selected.
23:10:45 INFO  : System reset is completed.
23:10:48 INFO  : 'after 3000' command is executed.
23:10:48 INFO  : Context for processor 'microblaze_0' is selected.
23:10:48 INFO  : The application 'D:/School/UIUC_ECE385_SP25/Final_Project/sdk/final_project/Debug/final_project.elf' is downloaded to processor 'microblaze_0'.
23:10:48 INFO  : ----------------XSDB Script----------------
connect -url tcp:127.0.0.1:3121
targets -set -filter {jtag_cable_name =~ "RealDigital Boo 88710000000EA" && level==0 && jtag_device_ctx=="jsn1-0362f093-0"}
fpga -file D:/School/UIUC_ECE385_SP25/Final_Project/sdk/final_project/_ide/bitstream/mb_lab7_1_wrapper.bit
targets -set -nocase -filter {name =~ "*microblaze*#0" && bscan=="USER2" }
loadhw -hw D:/School/UIUC_ECE385_SP25/Final_Project/sdk/mb_lab7_1_wrapper/export/mb_lab7_1_wrapper/hw/mb_lab7_1_wrapper.xsa -regs
configparams mdm-detect-bscan-mask 2
targets -set -nocase -filter {name =~ "*microblaze*#0" && bscan=="USER2" }
rst -system
after 3000
targets -set -nocase -filter {name =~ "*microblaze*#0" && bscan=="USER2" }
dow D:/School/UIUC_ECE385_SP25/Final_Project/sdk/final_project/Debug/final_project.elf
----------------End of Script----------------

23:10:48 INFO  : Context for processor 'microblaze_0' is selected.
23:10:48 INFO  : 'con' command is executed.
23:10:48 INFO  : ----------------XSDB Script (After Launch)----------------
targets -set -nocase -filter {name =~ "*microblaze*#0" && bscan=="USER2" }
con
----------------End of Script----------------

23:10:48 INFO  : Disconnected from the channel tcfchan#12.
01:34:05 INFO  : Checking for BSP changes to sync application flags for project 'final_project'...
01:34:17 INFO  : Connected to target on host '127.0.0.1' and port '3121'.
01:34:19 INFO  : Jtag cable 'RealDigital Boo 88710000000EA' is selected.
01:34:19 INFO  : 'jtag frequency' command is executed.
01:34:19 INFO  : 'targets -set -filter {jtag_cable_name =~ "RealDigital Boo 88710000000EA" && level==0 && jtag_device_ctx=="jsn1-0362f093-0"}' command is executed.
01:34:21 INFO  : Device configured successfully with "D:/School/UIUC_ECE385_SP25/Final_Project/sdk/final_project/_ide/bitstream/mb_lab7_1_wrapper.bit"
01:34:21 INFO  : Context for processor 'microblaze_0' is selected.
01:34:21 INFO  : Hardware design and registers information is loaded from 'D:/School/UIUC_ECE385_SP25/Final_Project/sdk/mb_lab7_1_wrapper/export/mb_lab7_1_wrapper/hw/mb_lab7_1_wrapper.xsa'.
01:34:21 INFO  : 'configparams mdm-detect-bscan-mask 2' command is executed.
01:34:21 INFO  : Context for processor 'microblaze_0' is selected.
01:34:21 INFO  : System reset is completed.
01:34:24 INFO  : 'after 3000' command is executed.
01:34:24 INFO  : Context for processor 'microblaze_0' is selected.
01:34:25 INFO  : The application 'D:/School/UIUC_ECE385_SP25/Final_Project/sdk/final_project/Debug/final_project.elf' is downloaded to processor 'microblaze_0'.
01:34:25 INFO  : ----------------XSDB Script----------------
connect -url tcp:127.0.0.1:3121
targets -set -filter {jtag_cable_name =~ "RealDigital Boo 88710000000EA" && level==0 && jtag_device_ctx=="jsn1-0362f093-0"}
fpga -file D:/School/UIUC_ECE385_SP25/Final_Project/sdk/final_project/_ide/bitstream/mb_lab7_1_wrapper.bit
targets -set -nocase -filter {name =~ "*microblaze*#0" && bscan=="USER2" }
loadhw -hw D:/School/UIUC_ECE385_SP25/Final_Project/sdk/mb_lab7_1_wrapper/export/mb_lab7_1_wrapper/hw/mb_lab7_1_wrapper.xsa -regs
configparams mdm-detect-bscan-mask 2
targets -set -nocase -filter {name =~ "*microblaze*#0" && bscan=="USER2" }
rst -system
after 3000
targets -set -nocase -filter {name =~ "*microblaze*#0" && bscan=="USER2" }
dow D:/School/UIUC_ECE385_SP25/Final_Project/sdk/final_project/Debug/final_project.elf
----------------End of Script----------------

01:34:25 INFO  : Context for processor 'microblaze_0' is selected.
01:34:25 INFO  : 'con' command is executed.
01:34:25 INFO  : ----------------XSDB Script (After Launch)----------------
targets -set -nocase -filter {name =~ "*microblaze*#0" && bscan=="USER2" }
con
----------------End of Script----------------

01:34:25 INFO  : Disconnected from the channel tcfchan#15.
01:34:55 INFO  : Checking for BSP changes to sync application flags for project 'final_project'...
01:35:10 INFO  : Connected to target on host '127.0.0.1' and port '3121'.
01:35:10 INFO  : Jtag cable 'RealDigital Boo 88710000000EA' is selected.
01:35:10 INFO  : 'jtag frequency' command is executed.
01:35:10 INFO  : 'targets -set -filter {jtag_cable_name =~ "RealDigital Boo 88710000000EA" && level==0 && jtag_device_ctx=="jsn1-0362f093-0"}' command is executed.
01:35:12 INFO  : Device configured successfully with "D:/School/UIUC_ECE385_SP25/Final_Project/sdk/final_project/_ide/bitstream/mb_lab7_1_wrapper.bit"
01:35:12 INFO  : Context for processor 'microblaze_0' is selected.
01:35:12 INFO  : Hardware design and registers information is loaded from 'D:/School/UIUC_ECE385_SP25/Final_Project/sdk/mb_lab7_1_wrapper/export/mb_lab7_1_wrapper/hw/mb_lab7_1_wrapper.xsa'.
01:35:12 INFO  : 'configparams mdm-detect-bscan-mask 2' command is executed.
01:35:12 INFO  : Context for processor 'microblaze_0' is selected.
01:35:12 INFO  : System reset is completed.
01:35:15 INFO  : 'after 3000' command is executed.
01:35:15 INFO  : Context for processor 'microblaze_0' is selected.
01:35:15 INFO  : The application 'D:/School/UIUC_ECE385_SP25/Final_Project/sdk/final_project/Debug/final_project.elf' is downloaded to processor 'microblaze_0'.
01:35:15 INFO  : ----------------XSDB Script----------------
connect -url tcp:127.0.0.1:3121
targets -set -filter {jtag_cable_name =~ "RealDigital Boo 88710000000EA" && level==0 && jtag_device_ctx=="jsn1-0362f093-0"}
fpga -file D:/School/UIUC_ECE385_SP25/Final_Project/sdk/final_project/_ide/bitstream/mb_lab7_1_wrapper.bit
targets -set -nocase -filter {name =~ "*microblaze*#0" && bscan=="USER2" }
loadhw -hw D:/School/UIUC_ECE385_SP25/Final_Project/sdk/mb_lab7_1_wrapper/export/mb_lab7_1_wrapper/hw/mb_lab7_1_wrapper.xsa -regs
configparams mdm-detect-bscan-mask 2
targets -set -nocase -filter {name =~ "*microblaze*#0" && bscan=="USER2" }
rst -system
after 3000
targets -set -nocase -filter {name =~ "*microblaze*#0" && bscan=="USER2" }
dow D:/School/UIUC_ECE385_SP25/Final_Project/sdk/final_project/Debug/final_project.elf
----------------End of Script----------------

01:35:15 INFO  : Context for processor 'microblaze_0' is selected.
01:35:15 INFO  : 'con' command is executed.
01:35:15 INFO  : ----------------XSDB Script (After Launch)----------------
targets -set -nocase -filter {name =~ "*microblaze*#0" && bscan=="USER2" }
con
----------------End of Script----------------

01:35:15 INFO  : Disconnected from the channel tcfchan#16.
01:36:39 INFO  : Checking for BSP changes to sync application flags for project 'final_project'...
01:36:53 INFO  : Connected to target on host '127.0.0.1' and port '3121'.
01:37:03 INFO  : Jtag cable 'RealDigital Boo 88710000000EA' is selected.
01:37:03 INFO  : 'jtag frequency' command is executed.
01:37:03 INFO  : 'targets -set -filter {jtag_cable_name =~ "RealDigital Boo 88710000000EA" && level==0 && jtag_device_ctx=="jsn1-0362f093-0"}' command is executed.
01:37:05 INFO  : Device configured successfully with "D:/School/UIUC_ECE385_SP25/Final_Project/sdk/final_project/_ide/bitstream/mb_lab7_1_wrapper.bit"
01:37:05 INFO  : Context for processor 'microblaze_0' is selected.
01:37:05 INFO  : Hardware design and registers information is loaded from 'D:/School/UIUC_ECE385_SP25/Final_Project/sdk/mb_lab7_1_wrapper/export/mb_lab7_1_wrapper/hw/mb_lab7_1_wrapper.xsa'.
01:37:05 INFO  : 'configparams mdm-detect-bscan-mask 2' command is executed.
01:37:05 INFO  : Context for processor 'microblaze_0' is selected.
01:37:05 INFO  : System reset is completed.
01:37:08 INFO  : 'after 3000' command is executed.
01:37:08 INFO  : Context for processor 'microblaze_0' is selected.
01:37:08 INFO  : The application 'D:/School/UIUC_ECE385_SP25/Final_Project/sdk/final_project/Debug/final_project.elf' is downloaded to processor 'microblaze_0'.
01:37:08 INFO  : ----------------XSDB Script----------------
connect -url tcp:127.0.0.1:3121
targets -set -filter {jtag_cable_name =~ "RealDigital Boo 88710000000EA" && level==0 && jtag_device_ctx=="jsn1-0362f093-0"}
fpga -file D:/School/UIUC_ECE385_SP25/Final_Project/sdk/final_project/_ide/bitstream/mb_lab7_1_wrapper.bit
targets -set -nocase -filter {name =~ "*microblaze*#0" && bscan=="USER2" }
loadhw -hw D:/School/UIUC_ECE385_SP25/Final_Project/sdk/mb_lab7_1_wrapper/export/mb_lab7_1_wrapper/hw/mb_lab7_1_wrapper.xsa -regs
configparams mdm-detect-bscan-mask 2
targets -set -nocase -filter {name =~ "*microblaze*#0" && bscan=="USER2" }
rst -system
after 3000
targets -set -nocase -filter {name =~ "*microblaze*#0" && bscan=="USER2" }
dow D:/School/UIUC_ECE385_SP25/Final_Project/sdk/final_project/Debug/final_project.elf
----------------End of Script----------------

01:37:08 INFO  : Context for processor 'microblaze_0' is selected.
01:37:08 INFO  : 'con' command is executed.
01:37:08 INFO  : ----------------XSDB Script (After Launch)----------------
targets -set -nocase -filter {name =~ "*microblaze*#0" && bscan=="USER2" }
con
----------------End of Script----------------

01:37:08 INFO  : Disconnected from the channel tcfchan#17.
01:45:01 INFO  : Checking for BSP changes to sync application flags for project 'final_project'...
01:45:16 INFO  : Checking for BSP changes to sync application flags for project 'final_project'...
01:45:34 INFO  : Checking for BSP changes to sync application flags for project 'final_project'...
01:45:43 INFO  : Checking for BSP changes to sync application flags for project 'final_project'...
01:46:02 INFO  : Checking for BSP changes to sync application flags for project 'final_project'...
01:46:35 INFO  : Checking for BSP changes to sync application flags for project 'final_project'...
01:47:47 INFO  : Connected to target on host '127.0.0.1' and port '3121'.
01:47:53 INFO  : Jtag cable 'RealDigital Boo 88710000000EA' is selected.
01:47:53 INFO  : 'jtag frequency' command is executed.
01:47:53 INFO  : 'targets -set -filter {jtag_cable_name =~ "RealDigital Boo 88710000000EA" && level==0 && jtag_device_ctx=="jsn1-0362f093-0"}' command is executed.
01:47:55 INFO  : Device configured successfully with "D:/School/UIUC_ECE385_SP25/Final_Project/sdk/final_project/_ide/bitstream/mb_lab7_1_wrapper.bit"
01:47:55 INFO  : Context for processor 'microblaze_0' is selected.
01:47:55 INFO  : Hardware design and registers information is loaded from 'D:/School/UIUC_ECE385_SP25/Final_Project/sdk/mb_lab7_1_wrapper/export/mb_lab7_1_wrapper/hw/mb_lab7_1_wrapper.xsa'.
01:47:55 INFO  : 'configparams mdm-detect-bscan-mask 2' command is executed.
01:47:55 INFO  : Context for processor 'microblaze_0' is selected.
01:47:55 INFO  : System reset is completed.
01:47:58 INFO  : 'after 3000' command is executed.
01:47:58 INFO  : Context for processor 'microblaze_0' is selected.
01:47:58 INFO  : The application 'D:/School/UIUC_ECE385_SP25/Final_Project/sdk/final_project/Debug/final_project.elf' is downloaded to processor 'microblaze_0'.
01:47:58 INFO  : ----------------XSDB Script----------------
connect -url tcp:127.0.0.1:3121
targets -set -filter {jtag_cable_name =~ "RealDigital Boo 88710000000EA" && level==0 && jtag_device_ctx=="jsn1-0362f093-0"}
fpga -file D:/School/UIUC_ECE385_SP25/Final_Project/sdk/final_project/_ide/bitstream/mb_lab7_1_wrapper.bit
targets -set -nocase -filter {name =~ "*microblaze*#0" && bscan=="USER2" }
loadhw -hw D:/School/UIUC_ECE385_SP25/Final_Project/sdk/mb_lab7_1_wrapper/export/mb_lab7_1_wrapper/hw/mb_lab7_1_wrapper.xsa -regs
configparams mdm-detect-bscan-mask 2
targets -set -nocase -filter {name =~ "*microblaze*#0" && bscan=="USER2" }
rst -system
after 3000
targets -set -nocase -filter {name =~ "*microblaze*#0" && bscan=="USER2" }
dow D:/School/UIUC_ECE385_SP25/Final_Project/sdk/final_project/Debug/final_project.elf
----------------End of Script----------------

01:47:58 INFO  : Context for processor 'microblaze_0' is selected.
01:47:58 INFO  : 'con' command is executed.
01:47:58 INFO  : ----------------XSDB Script (After Launch)----------------
targets -set -nocase -filter {name =~ "*microblaze*#0" && bscan=="USER2" }
con
----------------End of Script----------------

01:47:58 INFO  : Disconnected from the channel tcfchan#18.
01:49:43 INFO  : Checking for BSP changes to sync application flags for project 'final_project'...
01:49:52 INFO  : Connected to target on host '127.0.0.1' and port '3121'.
01:49:53 INFO  : Jtag cable 'RealDigital Boo 88710000000EA' is selected.
01:49:53 INFO  : 'jtag frequency' command is executed.
01:49:53 INFO  : 'targets -set -filter {jtag_cable_name =~ "RealDigital Boo 88710000000EA" && level==0 && jtag_device_ctx=="jsn1-0362f093-0"}' command is executed.
01:49:55 INFO  : Device configured successfully with "D:/School/UIUC_ECE385_SP25/Final_Project/sdk/final_project/_ide/bitstream/mb_lab7_1_wrapper.bit"
01:49:55 INFO  : Context for processor 'microblaze_0' is selected.
01:49:55 INFO  : Hardware design and registers information is loaded from 'D:/School/UIUC_ECE385_SP25/Final_Project/sdk/mb_lab7_1_wrapper/export/mb_lab7_1_wrapper/hw/mb_lab7_1_wrapper.xsa'.
01:49:55 INFO  : 'configparams mdm-detect-bscan-mask 2' command is executed.
01:49:55 INFO  : Context for processor 'microblaze_0' is selected.
01:49:55 INFO  : System reset is completed.
01:49:58 INFO  : 'after 3000' command is executed.
01:49:59 INFO  : Context for processor 'microblaze_0' is selected.
01:49:59 INFO  : The application 'D:/School/UIUC_ECE385_SP25/Final_Project/sdk/final_project/Debug/final_project.elf' is downloaded to processor 'microblaze_0'.
01:49:59 INFO  : ----------------XSDB Script----------------
connect -url tcp:127.0.0.1:3121
targets -set -filter {jtag_cable_name =~ "RealDigital Boo 88710000000EA" && level==0 && jtag_device_ctx=="jsn1-0362f093-0"}
fpga -file D:/School/UIUC_ECE385_SP25/Final_Project/sdk/final_project/_ide/bitstream/mb_lab7_1_wrapper.bit
targets -set -nocase -filter {name =~ "*microblaze*#0" && bscan=="USER2" }
loadhw -hw D:/School/UIUC_ECE385_SP25/Final_Project/sdk/mb_lab7_1_wrapper/export/mb_lab7_1_wrapper/hw/mb_lab7_1_wrapper.xsa -regs
configparams mdm-detect-bscan-mask 2
targets -set -nocase -filter {name =~ "*microblaze*#0" && bscan=="USER2" }
rst -system
after 3000
targets -set -nocase -filter {name =~ "*microblaze*#0" && bscan=="USER2" }
dow D:/School/UIUC_ECE385_SP25/Final_Project/sdk/final_project/Debug/final_project.elf
----------------End of Script----------------

01:49:59 INFO  : Context for processor 'microblaze_0' is selected.
01:49:59 INFO  : 'con' command is executed.
01:49:59 INFO  : ----------------XSDB Script (After Launch)----------------
targets -set -nocase -filter {name =~ "*microblaze*#0" && bscan=="USER2" }
con
----------------End of Script----------------

01:49:59 INFO  : Disconnected from the channel tcfchan#19.
02:24:29 INFO  : Checking for BSP changes to sync application flags for project 'final_project'...
02:24:36 INFO  : Connected to target on host '127.0.0.1' and port '3121'.
02:24:42 INFO  : Jtag cable 'RealDigital Boo 88710000000EA' is selected.
02:24:42 INFO  : 'jtag frequency' command is executed.
02:24:42 INFO  : 'targets -set -filter {jtag_cable_name =~ "RealDigital Boo 88710000000EA" && level==0 && jtag_device_ctx=="jsn1-0362f093-0"}' command is executed.
02:24:43 INFO  : Device configured successfully with "D:/School/UIUC_ECE385_SP25/Final_Project/sdk/final_project/_ide/bitstream/mb_lab7_1_wrapper.bit"
02:24:43 INFO  : Context for processor 'microblaze_0' is selected.
02:24:43 INFO  : Hardware design and registers information is loaded from 'D:/School/UIUC_ECE385_SP25/Final_Project/sdk/mb_lab7_1_wrapper/export/mb_lab7_1_wrapper/hw/mb_lab7_1_wrapper.xsa'.
02:24:43 INFO  : 'configparams mdm-detect-bscan-mask 2' command is executed.
02:24:43 INFO  : Context for processor 'microblaze_0' is selected.
02:24:43 INFO  : System reset is completed.
02:24:46 INFO  : 'after 3000' command is executed.
02:24:46 INFO  : Context for processor 'microblaze_0' is selected.
02:24:46 INFO  : The application 'D:/School/UIUC_ECE385_SP25/Final_Project/sdk/final_project/Debug/final_project.elf' is downloaded to processor 'microblaze_0'.
02:24:46 INFO  : ----------------XSDB Script----------------
connect -url tcp:127.0.0.1:3121
targets -set -filter {jtag_cable_name =~ "RealDigital Boo 88710000000EA" && level==0 && jtag_device_ctx=="jsn1-0362f093-0"}
fpga -file D:/School/UIUC_ECE385_SP25/Final_Project/sdk/final_project/_ide/bitstream/mb_lab7_1_wrapper.bit
targets -set -nocase -filter {name =~ "*microblaze*#0" && bscan=="USER2" }
loadhw -hw D:/School/UIUC_ECE385_SP25/Final_Project/sdk/mb_lab7_1_wrapper/export/mb_lab7_1_wrapper/hw/mb_lab7_1_wrapper.xsa -regs
configparams mdm-detect-bscan-mask 2
targets -set -nocase -filter {name =~ "*microblaze*#0" && bscan=="USER2" }
rst -system
after 3000
targets -set -nocase -filter {name =~ "*microblaze*#0" && bscan=="USER2" }
dow D:/School/UIUC_ECE385_SP25/Final_Project/sdk/final_project/Debug/final_project.elf
----------------End of Script----------------

02:24:46 INFO  : Context for processor 'microblaze_0' is selected.
02:24:46 INFO  : 'con' command is executed.
02:24:46 INFO  : ----------------XSDB Script (After Launch)----------------
targets -set -nocase -filter {name =~ "*microblaze*#0" && bscan=="USER2" }
con
----------------End of Script----------------

02:24:46 INFO  : Disconnected from the channel tcfchan#20.
02:26:25 INFO  : Hardware specification for platform project 'mb_lab7_1_wrapper' is updated.
02:26:36 INFO  : Result from executing command 'removePlatformRepo': 
02:26:43 INFO  : Result from executing command 'getProjects': mb_lab7_1_wrapper
02:26:43 INFO  : Result from executing command 'getPlatforms': 
02:26:43 INFO  : Checking for BSP changes to sync application flags for project 'final_project'...
02:26:46 INFO  : The hardware specification used by project 'final_project' is out of sync with the platform. Resource files extracted from the hardware specification will be updated.
02:26:46 INFO  : The file 'D:\School\UIUC_ECE385_SP25\Final_Project\sdk\final_project\_ide\bitstream\mb_lab7_1_wrapper.bit' stored in project is removed.
02:26:46 INFO  : The file 'D:\School\UIUC_ECE385_SP25\Final_Project\sdk\final_project\_ide\bitstream\mb_lab7_1_wrapper.mmi' stored in project is removed.
02:26:46 INFO  : The updated bitstream files are copied from platform to folder 'D:\School\UIUC_ECE385_SP25\Final_Project\sdk\final_project\_ide\bitstream' in project 'final_project'.
02:26:56 INFO  : Connected to target on host '127.0.0.1' and port '3121'.
02:26:56 INFO  : Jtag cable 'RealDigital Boo 88710000000EA' is selected.
02:26:56 INFO  : 'jtag frequency' command is executed.
02:26:56 INFO  : 'targets -set -filter {jtag_cable_name =~ "RealDigital Boo 88710000000EA" && level==0 && jtag_device_ctx=="jsn1-0362f093-0"}' command is executed.
02:26:57 INFO  : Device configured successfully with "D:/School/UIUC_ECE385_SP25/Final_Project/sdk/final_project/_ide/bitstream/mb_lab7_1_wrapper.bit"
02:26:57 INFO  : Context for processor 'microblaze_0' is selected.
02:26:57 INFO  : Hardware design and registers information is loaded from 'D:/School/UIUC_ECE385_SP25/Final_Project/sdk/mb_lab7_1_wrapper/export/mb_lab7_1_wrapper/hw/mb_lab7_1_wrapper.xsa'.
02:26:57 INFO  : 'configparams mdm-detect-bscan-mask 2' command is executed.
02:26:58 INFO  : Context for processor 'microblaze_0' is selected.
02:26:58 INFO  : System reset is completed.
02:27:01 INFO  : 'after 3000' command is executed.
02:27:01 INFO  : Context for processor 'microblaze_0' is selected.
02:27:01 INFO  : The application 'D:/School/UIUC_ECE385_SP25/Final_Project/sdk/final_project/Debug/final_project.elf' is downloaded to processor 'microblaze_0'.
02:27:01 INFO  : ----------------XSDB Script----------------
connect -url tcp:127.0.0.1:3121
targets -set -filter {jtag_cable_name =~ "RealDigital Boo 88710000000EA" && level==0 && jtag_device_ctx=="jsn1-0362f093-0"}
fpga -file D:/School/UIUC_ECE385_SP25/Final_Project/sdk/final_project/_ide/bitstream/mb_lab7_1_wrapper.bit
targets -set -nocase -filter {name =~ "*microblaze*#0" && bscan=="USER2" }
loadhw -hw D:/School/UIUC_ECE385_SP25/Final_Project/sdk/mb_lab7_1_wrapper/export/mb_lab7_1_wrapper/hw/mb_lab7_1_wrapper.xsa -regs
configparams mdm-detect-bscan-mask 2
targets -set -nocase -filter {name =~ "*microblaze*#0" && bscan=="USER2" }
rst -system
after 3000
targets -set -nocase -filter {name =~ "*microblaze*#0" && bscan=="USER2" }
dow D:/School/UIUC_ECE385_SP25/Final_Project/sdk/final_project/Debug/final_project.elf
----------------End of Script----------------

02:27:01 INFO  : Context for processor 'microblaze_0' is selected.
02:27:01 INFO  : 'con' command is executed.
02:27:01 INFO  : ----------------XSDB Script (After Launch)----------------
targets -set -nocase -filter {name =~ "*microblaze*#0" && bscan=="USER2" }
con
----------------End of Script----------------

02:27:01 INFO  : Disconnected from the channel tcfchan#23.
02:27:15 INFO  : Checking for BSP changes to sync application flags for project 'final_project'...
02:27:25 INFO  : Connected to target on host '127.0.0.1' and port '3121'.
02:27:25 INFO  : Jtag cable 'RealDigital Boo 88710000000EA' is selected.
02:27:25 INFO  : 'jtag frequency' command is executed.
02:27:25 INFO  : 'targets -set -filter {jtag_cable_name =~ "RealDigital Boo 88710000000EA" && level==0 && jtag_device_ctx=="jsn1-0362f093-0"}' command is executed.
02:27:26 INFO  : Device configured successfully with "D:/School/UIUC_ECE385_SP25/Final_Project/sdk/final_project/_ide/bitstream/mb_lab7_1_wrapper.bit"
02:27:26 INFO  : Context for processor 'microblaze_0' is selected.
02:27:26 INFO  : Hardware design and registers information is loaded from 'D:/School/UIUC_ECE385_SP25/Final_Project/sdk/mb_lab7_1_wrapper/export/mb_lab7_1_wrapper/hw/mb_lab7_1_wrapper.xsa'.
02:27:26 INFO  : 'configparams mdm-detect-bscan-mask 2' command is executed.
02:27:26 INFO  : Context for processor 'microblaze_0' is selected.
02:27:26 INFO  : System reset is completed.
02:27:29 INFO  : 'after 3000' command is executed.
02:27:29 INFO  : Context for processor 'microblaze_0' is selected.
02:27:29 INFO  : The application 'D:/School/UIUC_ECE385_SP25/Final_Project/sdk/final_project/Debug/final_project.elf' is downloaded to processor 'microblaze_0'.
02:27:29 INFO  : ----------------XSDB Script----------------
connect -url tcp:127.0.0.1:3121
targets -set -filter {jtag_cable_name =~ "RealDigital Boo 88710000000EA" && level==0 && jtag_device_ctx=="jsn1-0362f093-0"}
fpga -file D:/School/UIUC_ECE385_SP25/Final_Project/sdk/final_project/_ide/bitstream/mb_lab7_1_wrapper.bit
targets -set -nocase -filter {name =~ "*microblaze*#0" && bscan=="USER2" }
loadhw -hw D:/School/UIUC_ECE385_SP25/Final_Project/sdk/mb_lab7_1_wrapper/export/mb_lab7_1_wrapper/hw/mb_lab7_1_wrapper.xsa -regs
configparams mdm-detect-bscan-mask 2
targets -set -nocase -filter {name =~ "*microblaze*#0" && bscan=="USER2" }
rst -system
after 3000
targets -set -nocase -filter {name =~ "*microblaze*#0" && bscan=="USER2" }
dow D:/School/UIUC_ECE385_SP25/Final_Project/sdk/final_project/Debug/final_project.elf
----------------End of Script----------------

02:27:29 INFO  : Context for processor 'microblaze_0' is selected.
02:27:30 INFO  : 'con' command is executed.
02:27:30 INFO  : ----------------XSDB Script (After Launch)----------------
targets -set -nocase -filter {name =~ "*microblaze*#0" && bscan=="USER2" }
con
----------------End of Script----------------

02:27:30 INFO  : Disconnected from the channel tcfchan#24.
02:29:08 INFO  : Checking for BSP changes to sync application flags for project 'final_project'...
02:29:19 INFO  : Connected to target on host '127.0.0.1' and port '3121'.
02:29:20 INFO  : Jtag cable 'RealDigital Boo 88710000000EA' is selected.
02:29:20 INFO  : 'jtag frequency' command is executed.
02:29:20 INFO  : 'targets -set -filter {jtag_cable_name =~ "RealDigital Boo 88710000000EA" && level==0 && jtag_device_ctx=="jsn1-0362f093-0"}' command is executed.
02:29:22 INFO  : Device configured successfully with "D:/School/UIUC_ECE385_SP25/Final_Project/sdk/final_project/_ide/bitstream/mb_lab7_1_wrapper.bit"
02:29:22 INFO  : Context for processor 'microblaze_0' is selected.
02:29:22 INFO  : Hardware design and registers information is loaded from 'D:/School/UIUC_ECE385_SP25/Final_Project/sdk/mb_lab7_1_wrapper/export/mb_lab7_1_wrapper/hw/mb_lab7_1_wrapper.xsa'.
02:29:22 INFO  : 'configparams mdm-detect-bscan-mask 2' command is executed.
02:29:22 INFO  : Context for processor 'microblaze_0' is selected.
02:29:22 INFO  : System reset is completed.
02:29:25 INFO  : 'after 3000' command is executed.
02:29:26 INFO  : Context for processor 'microblaze_0' is selected.
02:29:26 INFO  : The application 'D:/School/UIUC_ECE385_SP25/Final_Project/sdk/final_project/Debug/final_project.elf' is downloaded to processor 'microblaze_0'.
02:29:26 INFO  : ----------------XSDB Script----------------
connect -url tcp:127.0.0.1:3121
targets -set -filter {jtag_cable_name =~ "RealDigital Boo 88710000000EA" && level==0 && jtag_device_ctx=="jsn1-0362f093-0"}
fpga -file D:/School/UIUC_ECE385_SP25/Final_Project/sdk/final_project/_ide/bitstream/mb_lab7_1_wrapper.bit
targets -set -nocase -filter {name =~ "*microblaze*#0" && bscan=="USER2" }
loadhw -hw D:/School/UIUC_ECE385_SP25/Final_Project/sdk/mb_lab7_1_wrapper/export/mb_lab7_1_wrapper/hw/mb_lab7_1_wrapper.xsa -regs
configparams mdm-detect-bscan-mask 2
targets -set -nocase -filter {name =~ "*microblaze*#0" && bscan=="USER2" }
rst -system
after 3000
targets -set -nocase -filter {name =~ "*microblaze*#0" && bscan=="USER2" }
dow D:/School/UIUC_ECE385_SP25/Final_Project/sdk/final_project/Debug/final_project.elf
----------------End of Script----------------

02:29:26 INFO  : Context for processor 'microblaze_0' is selected.
02:29:26 INFO  : 'con' command is executed.
02:29:26 INFO  : ----------------XSDB Script (After Launch)----------------
targets -set -nocase -filter {name =~ "*microblaze*#0" && bscan=="USER2" }
con
----------------End of Script----------------

02:29:26 INFO  : Disconnected from the channel tcfchan#25.
02:40:28 INFO  : Connected to target on host '127.0.0.1' and port '3121'.
02:40:29 INFO  : Jtag cable 'RealDigital Boo 88710000000EA' is selected.
02:40:29 INFO  : 'jtag frequency' command is executed.
02:40:29 INFO  : 'targets -set -filter {jtag_cable_name =~ "RealDigital Boo 88710000000EA" && level==0 && jtag_device_ctx=="jsn1-0362f093-0"}' command is executed.
02:40:31 INFO  : Device configured successfully with "D:/School/UIUC_ECE385_SP25/Final_Project/sdk/final_project/_ide/bitstream/mb_lab7_1_wrapper.bit"
02:40:31 INFO  : Context for processor 'microblaze_0' is selected.
02:40:31 INFO  : Hardware design and registers information is loaded from 'D:/School/UIUC_ECE385_SP25/Final_Project/sdk/mb_lab7_1_wrapper/export/mb_lab7_1_wrapper/hw/mb_lab7_1_wrapper.xsa'.
02:40:31 INFO  : 'configparams mdm-detect-bscan-mask 2' command is executed.
02:40:31 INFO  : Context for processor 'microblaze_0' is selected.
02:40:31 INFO  : System reset is completed.
02:40:34 INFO  : 'after 3000' command is executed.
02:40:35 INFO  : Context for processor 'microblaze_0' is selected.
02:40:35 INFO  : The application 'D:/School/UIUC_ECE385_SP25/Final_Project/sdk/final_project/Debug/final_project.elf' is downloaded to processor 'microblaze_0'.
02:40:35 INFO  : ----------------XSDB Script----------------
connect -url tcp:127.0.0.1:3121
targets -set -filter {jtag_cable_name =~ "RealDigital Boo 88710000000EA" && level==0 && jtag_device_ctx=="jsn1-0362f093-0"}
fpga -file D:/School/UIUC_ECE385_SP25/Final_Project/sdk/final_project/_ide/bitstream/mb_lab7_1_wrapper.bit
targets -set -nocase -filter {name =~ "*microblaze*#0" && bscan=="USER2" }
loadhw -hw D:/School/UIUC_ECE385_SP25/Final_Project/sdk/mb_lab7_1_wrapper/export/mb_lab7_1_wrapper/hw/mb_lab7_1_wrapper.xsa -regs
configparams mdm-detect-bscan-mask 2
targets -set -nocase -filter {name =~ "*microblaze*#0" && bscan=="USER2" }
rst -system
after 3000
targets -set -nocase -filter {name =~ "*microblaze*#0" && bscan=="USER2" }
dow D:/School/UIUC_ECE385_SP25/Final_Project/sdk/final_project/Debug/final_project.elf
----------------End of Script----------------

02:40:35 INFO  : Context for processor 'microblaze_0' is selected.
02:40:35 INFO  : 'con' command is executed.
02:40:35 INFO  : ----------------XSDB Script (After Launch)----------------
targets -set -nocase -filter {name =~ "*microblaze*#0" && bscan=="USER2" }
con
----------------End of Script----------------

02:40:35 INFO  : Disconnected from the channel tcfchan#26.
12:41:45 INFO  : Hardware specification for platform project 'mb_lab7_1_wrapper' is updated.
12:41:59 INFO  : Result from executing command 'removePlatformRepo': 
12:42:10 INFO  : Result from executing command 'getProjects': mb_lab7_1_wrapper
12:42:10 INFO  : Result from executing command 'getPlatforms': 
12:42:10 INFO  : Checking for BSP changes to sync application flags for project 'final_project'...
12:42:13 INFO  : The hardware specification used by project 'final_project' is out of sync with the platform. Resource files extracted from the hardware specification will be updated.
12:42:13 INFO  : The file 'D:\School\UIUC_ECE385_SP25\Final_Project\sdk\final_project\_ide\bitstream\mb_lab7_1_wrapper.bit' stored in project is removed.
12:42:13 INFO  : The file 'D:\School\UIUC_ECE385_SP25\Final_Project\sdk\final_project\_ide\bitstream\mb_lab7_1_wrapper.mmi' stored in project is removed.
12:42:13 INFO  : The updated bitstream files are copied from platform to folder 'D:\School\UIUC_ECE385_SP25\Final_Project\sdk\final_project\_ide\bitstream' in project 'final_project'.
12:42:18 INFO  : Connected to target on host '127.0.0.1' and port '3121'.
12:42:19 INFO  : Jtag cable 'RealDigital Boo 88710000000EA' is selected.
12:42:19 INFO  : 'jtag frequency' command is executed.
12:42:20 INFO  : 'targets -set -filter {jtag_cable_name =~ "RealDigital Boo 88710000000EA" && level==0 && jtag_device_ctx=="jsn1-0362f093-0"}' command is executed.
12:42:21 INFO  : Device configured successfully with "D:/School/UIUC_ECE385_SP25/Final_Project/sdk/final_project/_ide/bitstream/mb_lab7_1_wrapper.bit"
12:42:21 INFO  : Context for processor 'microblaze_0' is selected.
12:42:21 INFO  : Hardware design and registers information is loaded from 'D:/School/UIUC_ECE385_SP25/Final_Project/sdk/mb_lab7_1_wrapper/export/mb_lab7_1_wrapper/hw/mb_lab7_1_wrapper.xsa'.
12:42:21 INFO  : 'configparams mdm-detect-bscan-mask 2' command is executed.
12:42:21 INFO  : Context for processor 'microblaze_0' is selected.
12:42:21 INFO  : System reset is completed.
12:42:24 INFO  : 'after 3000' command is executed.
12:42:25 INFO  : Context for processor 'microblaze_0' is selected.
12:42:25 INFO  : The application 'D:/School/UIUC_ECE385_SP25/Final_Project/sdk/final_project/Debug/final_project.elf' is downloaded to processor 'microblaze_0'.
12:42:25 INFO  : ----------------XSDB Script----------------
connect -url tcp:127.0.0.1:3121
targets -set -filter {jtag_cable_name =~ "RealDigital Boo 88710000000EA" && level==0 && jtag_device_ctx=="jsn1-0362f093-0"}
fpga -file D:/School/UIUC_ECE385_SP25/Final_Project/sdk/final_project/_ide/bitstream/mb_lab7_1_wrapper.bit
targets -set -nocase -filter {name =~ "*microblaze*#0" && bscan=="USER2" }
loadhw -hw D:/School/UIUC_ECE385_SP25/Final_Project/sdk/mb_lab7_1_wrapper/export/mb_lab7_1_wrapper/hw/mb_lab7_1_wrapper.xsa -regs
configparams mdm-detect-bscan-mask 2
targets -set -nocase -filter {name =~ "*microblaze*#0" && bscan=="USER2" }
rst -system
after 3000
targets -set -nocase -filter {name =~ "*microblaze*#0" && bscan=="USER2" }
dow D:/School/UIUC_ECE385_SP25/Final_Project/sdk/final_project/Debug/final_project.elf
----------------End of Script----------------

12:42:25 INFO  : Context for processor 'microblaze_0' is selected.
12:42:25 INFO  : 'con' command is executed.
12:42:25 INFO  : ----------------XSDB Script (After Launch)----------------
targets -set -nocase -filter {name =~ "*microblaze*#0" && bscan=="USER2" }
con
----------------End of Script----------------

12:42:25 INFO  : Disconnected from the channel tcfchan#29.
12:48:59 INFO  : Checking for BSP changes to sync application flags for project 'final_project'...
12:49:06 INFO  : Connected to target on host '127.0.0.1' and port '3121'.
12:49:07 INFO  : Jtag cable 'RealDigital Boo 88710000000EA' is selected.
12:49:07 INFO  : 'jtag frequency' command is executed.
12:49:07 INFO  : 'targets -set -filter {jtag_cable_name =~ "RealDigital Boo 88710000000EA" && level==0 && jtag_device_ctx=="jsn1-0362f093-0"}' command is executed.
12:49:09 INFO  : Device configured successfully with "D:/School/UIUC_ECE385_SP25/Final_Project/sdk/final_project/_ide/bitstream/mb_lab7_1_wrapper.bit"
12:49:09 INFO  : Context for processor 'microblaze_0' is selected.
12:49:09 INFO  : Hardware design and registers information is loaded from 'D:/School/UIUC_ECE385_SP25/Final_Project/sdk/mb_lab7_1_wrapper/export/mb_lab7_1_wrapper/hw/mb_lab7_1_wrapper.xsa'.
12:49:09 INFO  : 'configparams mdm-detect-bscan-mask 2' command is executed.
12:49:09 INFO  : Context for processor 'microblaze_0' is selected.
12:49:09 INFO  : System reset is completed.
12:49:12 INFO  : 'after 3000' command is executed.
12:49:12 INFO  : Context for processor 'microblaze_0' is selected.
12:49:13 INFO  : The application 'D:/School/UIUC_ECE385_SP25/Final_Project/sdk/final_project/Debug/final_project.elf' is downloaded to processor 'microblaze_0'.
12:49:13 INFO  : ----------------XSDB Script----------------
connect -url tcp:127.0.0.1:3121
targets -set -filter {jtag_cable_name =~ "RealDigital Boo 88710000000EA" && level==0 && jtag_device_ctx=="jsn1-0362f093-0"}
fpga -file D:/School/UIUC_ECE385_SP25/Final_Project/sdk/final_project/_ide/bitstream/mb_lab7_1_wrapper.bit
targets -set -nocase -filter {name =~ "*microblaze*#0" && bscan=="USER2" }
loadhw -hw D:/School/UIUC_ECE385_SP25/Final_Project/sdk/mb_lab7_1_wrapper/export/mb_lab7_1_wrapper/hw/mb_lab7_1_wrapper.xsa -regs
configparams mdm-detect-bscan-mask 2
targets -set -nocase -filter {name =~ "*microblaze*#0" && bscan=="USER2" }
rst -system
after 3000
targets -set -nocase -filter {name =~ "*microblaze*#0" && bscan=="USER2" }
dow D:/School/UIUC_ECE385_SP25/Final_Project/sdk/final_project/Debug/final_project.elf
----------------End of Script----------------

12:49:13 INFO  : Context for processor 'microblaze_0' is selected.
12:49:13 INFO  : 'con' command is executed.
12:49:13 INFO  : ----------------XSDB Script (After Launch)----------------
targets -set -nocase -filter {name =~ "*microblaze*#0" && bscan=="USER2" }
con
----------------End of Script----------------

12:49:13 INFO  : Disconnected from the channel tcfchan#30.
13:24:45 INFO  : Hardware specification for platform project 'mb_lab7_1_wrapper' is updated.
13:24:59 INFO  : Result from executing command 'getProjects': mb_lab7_1_wrapper
13:24:59 INFO  : Result from executing command 'getPlatforms': mb_lab7_1_wrapper|D:/School/UIUC_ECE385_SP25/Final_Project/sdk/mb_lab7_1_wrapper/export/mb_lab7_1_wrapper/mb_lab7_1_wrapper.xpfm
13:24:59 INFO  : Checking for BSP changes to sync application flags for project 'final_project'...
13:25:01 INFO  : The hardware specification used by project 'final_project' is out of sync with the platform. Resource files extracted from the hardware specification will be updated.
13:25:01 INFO  : The file 'D:\School\UIUC_ECE385_SP25\Final_Project\sdk\final_project\_ide\bitstream\mb_lab7_1_wrapper.bit' stored in project is removed.
13:25:01 INFO  : The file 'D:\School\UIUC_ECE385_SP25\Final_Project\sdk\final_project\_ide\bitstream\mb_lab7_1_wrapper.mmi' stored in project is removed.
13:25:01 INFO  : The updated bitstream files are copied from platform to folder 'D:\School\UIUC_ECE385_SP25\Final_Project\sdk\final_project\_ide\bitstream' in project 'final_project'.
13:25:08 INFO  : Connected to target on host '127.0.0.1' and port '3121'.
13:25:11 INFO  : Jtag cable 'RealDigital Boo 88710000000EA' is selected.
13:25:11 INFO  : 'jtag frequency' command is executed.
13:25:11 INFO  : 'targets -set -filter {jtag_cable_name =~ "RealDigital Boo 88710000000EA" && level==0 && jtag_device_ctx=="jsn1-0362f093-0"}' command is executed.
13:25:12 INFO  : Device configured successfully with "D:/School/UIUC_ECE385_SP25/Final_Project/sdk/final_project/_ide/bitstream/mb_lab7_1_wrapper.bit"
13:25:12 INFO  : Context for processor 'microblaze_0' is selected.
13:25:12 INFO  : Hardware design and registers information is loaded from 'D:/School/UIUC_ECE385_SP25/Final_Project/sdk/mb_lab7_1_wrapper/export/mb_lab7_1_wrapper/hw/mb_lab7_1_wrapper.xsa'.
13:25:12 INFO  : 'configparams mdm-detect-bscan-mask 2' command is executed.
13:25:12 INFO  : Context for processor 'microblaze_0' is selected.
13:25:12 INFO  : System reset is completed.
13:25:15 INFO  : 'after 3000' command is executed.
13:25:16 INFO  : Context for processor 'microblaze_0' is selected.
13:25:16 INFO  : The application 'D:/School/UIUC_ECE385_SP25/Final_Project/sdk/final_project/Debug/final_project.elf' is downloaded to processor 'microblaze_0'.
13:25:16 INFO  : ----------------XSDB Script----------------
connect -url tcp:127.0.0.1:3121
targets -set -filter {jtag_cable_name =~ "RealDigital Boo 88710000000EA" && level==0 && jtag_device_ctx=="jsn1-0362f093-0"}
fpga -file D:/School/UIUC_ECE385_SP25/Final_Project/sdk/final_project/_ide/bitstream/mb_lab7_1_wrapper.bit
targets -set -nocase -filter {name =~ "*microblaze*#0" && bscan=="USER2" }
loadhw -hw D:/School/UIUC_ECE385_SP25/Final_Project/sdk/mb_lab7_1_wrapper/export/mb_lab7_1_wrapper/hw/mb_lab7_1_wrapper.xsa -regs
configparams mdm-detect-bscan-mask 2
targets -set -nocase -filter {name =~ "*microblaze*#0" && bscan=="USER2" }
rst -system
after 3000
targets -set -nocase -filter {name =~ "*microblaze*#0" && bscan=="USER2" }
dow D:/School/UIUC_ECE385_SP25/Final_Project/sdk/final_project/Debug/final_project.elf
----------------End of Script----------------

13:25:16 INFO  : Context for processor 'microblaze_0' is selected.
13:25:16 INFO  : 'con' command is executed.
13:25:16 INFO  : ----------------XSDB Script (After Launch)----------------
targets -set -nocase -filter {name =~ "*microblaze*#0" && bscan=="USER2" }
con
----------------End of Script----------------

13:25:16 INFO  : Disconnected from the channel tcfchan#32.
13:36:21 INFO  : Hardware specification for platform project 'mb_lab7_1_wrapper' is updated.
13:36:32 INFO  : Result from executing command 'getProjects': mb_lab7_1_wrapper
13:36:32 INFO  : Result from executing command 'getPlatforms': mb_lab7_1_wrapper|D:/School/UIUC_ECE385_SP25/Final_Project/sdk/mb_lab7_1_wrapper/export/mb_lab7_1_wrapper/mb_lab7_1_wrapper.xpfm
13:36:32 INFO  : Checking for BSP changes to sync application flags for project 'final_project'...
13:36:34 INFO  : The hardware specification used by project 'final_project' is out of sync with the platform. Resource files extracted from the hardware specification will be updated.
13:36:34 INFO  : The file 'D:\School\UIUC_ECE385_SP25\Final_Project\sdk\final_project\_ide\bitstream\mb_lab7_1_wrapper.bit' stored in project is removed.
13:36:34 INFO  : The file 'D:\School\UIUC_ECE385_SP25\Final_Project\sdk\final_project\_ide\bitstream\mb_lab7_1_wrapper.mmi' stored in project is removed.
13:36:34 INFO  : The updated bitstream files are copied from platform to folder 'D:\School\UIUC_ECE385_SP25\Final_Project\sdk\final_project\_ide\bitstream' in project 'final_project'.
13:36:39 INFO  : Connected to target on host '127.0.0.1' and port '3121'.
13:36:40 INFO  : Jtag cable 'RealDigital Boo 88710000000EA' is selected.
13:36:40 INFO  : 'jtag frequency' command is executed.
13:36:40 INFO  : 'targets -set -filter {jtag_cable_name =~ "RealDigital Boo 88710000000EA" && level==0 && jtag_device_ctx=="jsn1-0362f093-0"}' command is executed.
13:36:42 INFO  : Device configured successfully with "D:/School/UIUC_ECE385_SP25/Final_Project/sdk/final_project/_ide/bitstream/mb_lab7_1_wrapper.bit"
13:36:42 INFO  : Context for processor 'microblaze_0' is selected.
13:36:42 INFO  : Hardware design and registers information is loaded from 'D:/School/UIUC_ECE385_SP25/Final_Project/sdk/mb_lab7_1_wrapper/export/mb_lab7_1_wrapper/hw/mb_lab7_1_wrapper.xsa'.
13:36:42 INFO  : 'configparams mdm-detect-bscan-mask 2' command is executed.
13:36:42 INFO  : Context for processor 'microblaze_0' is selected.
13:36:42 INFO  : System reset is completed.
13:36:45 INFO  : 'after 3000' command is executed.
13:36:46 INFO  : Context for processor 'microblaze_0' is selected.
13:36:46 INFO  : The application 'D:/School/UIUC_ECE385_SP25/Final_Project/sdk/final_project/Debug/final_project.elf' is downloaded to processor 'microblaze_0'.
13:36:46 INFO  : ----------------XSDB Script----------------
connect -url tcp:127.0.0.1:3121
targets -set -filter {jtag_cable_name =~ "RealDigital Boo 88710000000EA" && level==0 && jtag_device_ctx=="jsn1-0362f093-0"}
fpga -file D:/School/UIUC_ECE385_SP25/Final_Project/sdk/final_project/_ide/bitstream/mb_lab7_1_wrapper.bit
targets -set -nocase -filter {name =~ "*microblaze*#0" && bscan=="USER2" }
loadhw -hw D:/School/UIUC_ECE385_SP25/Final_Project/sdk/mb_lab7_1_wrapper/export/mb_lab7_1_wrapper/hw/mb_lab7_1_wrapper.xsa -regs
configparams mdm-detect-bscan-mask 2
targets -set -nocase -filter {name =~ "*microblaze*#0" && bscan=="USER2" }
rst -system
after 3000
targets -set -nocase -filter {name =~ "*microblaze*#0" && bscan=="USER2" }
dow D:/School/UIUC_ECE385_SP25/Final_Project/sdk/final_project/Debug/final_project.elf
----------------End of Script----------------

13:36:46 INFO  : Context for processor 'microblaze_0' is selected.
13:36:46 INFO  : 'con' command is executed.
13:36:46 INFO  : ----------------XSDB Script (After Launch)----------------
targets -set -nocase -filter {name =~ "*microblaze*#0" && bscan=="USER2" }
con
----------------End of Script----------------

13:36:46 INFO  : Disconnected from the channel tcfchan#34.
13:44:19 INFO  : Hardware specification for platform project 'mb_lab7_1_wrapper' is updated.
13:44:29 INFO  : Result from executing command 'getProjects': mb_lab7_1_wrapper
13:44:29 INFO  : Result from executing command 'getPlatforms': mb_lab7_1_wrapper|D:/School/UIUC_ECE385_SP25/Final_Project/sdk/mb_lab7_1_wrapper/export/mb_lab7_1_wrapper/mb_lab7_1_wrapper.xpfm
13:44:29 INFO  : Checking for BSP changes to sync application flags for project 'final_project'...
13:44:31 INFO  : The hardware specification used by project 'final_project' is out of sync with the platform. Resource files extracted from the hardware specification will be updated.
13:44:31 INFO  : The file 'D:\School\UIUC_ECE385_SP25\Final_Project\sdk\final_project\_ide\bitstream\mb_lab7_1_wrapper.bit' stored in project is removed.
13:44:31 INFO  : The file 'D:\School\UIUC_ECE385_SP25\Final_Project\sdk\final_project\_ide\bitstream\mb_lab7_1_wrapper.mmi' stored in project is removed.
13:44:31 INFO  : The updated bitstream files are copied from platform to folder 'D:\School\UIUC_ECE385_SP25\Final_Project\sdk\final_project\_ide\bitstream' in project 'final_project'.
13:45:06 INFO  : Connected to target on host '127.0.0.1' and port '3121'.
13:45:07 INFO  : Jtag cable 'RealDigital Boo 88710000000EA' is selected.
13:45:07 INFO  : 'jtag frequency' command is executed.
13:45:07 INFO  : 'targets -set -filter {jtag_cable_name =~ "RealDigital Boo 88710000000EA" && level==0 && jtag_device_ctx=="jsn1-0362f093-0"}' command is executed.
13:45:09 INFO  : Device configured successfully with "D:/School/UIUC_ECE385_SP25/Final_Project/sdk/final_project/_ide/bitstream/mb_lab7_1_wrapper.bit"
13:45:09 INFO  : Context for processor 'microblaze_0' is selected.
13:45:09 INFO  : Hardware design and registers information is loaded from 'D:/School/UIUC_ECE385_SP25/Final_Project/sdk/mb_lab7_1_wrapper/export/mb_lab7_1_wrapper/hw/mb_lab7_1_wrapper.xsa'.
13:45:09 INFO  : 'configparams mdm-detect-bscan-mask 2' command is executed.
13:45:09 INFO  : Context for processor 'microblaze_0' is selected.
13:45:09 INFO  : System reset is completed.
13:45:12 INFO  : 'after 3000' command is executed.
13:45:13 INFO  : Context for processor 'microblaze_0' is selected.
13:45:13 INFO  : The application 'D:/School/UIUC_ECE385_SP25/Final_Project/sdk/final_project/Debug/final_project.elf' is downloaded to processor 'microblaze_0'.
13:45:13 INFO  : ----------------XSDB Script----------------
connect -url tcp:127.0.0.1:3121
targets -set -filter {jtag_cable_name =~ "RealDigital Boo 88710000000EA" && level==0 && jtag_device_ctx=="jsn1-0362f093-0"}
fpga -file D:/School/UIUC_ECE385_SP25/Final_Project/sdk/final_project/_ide/bitstream/mb_lab7_1_wrapper.bit
targets -set -nocase -filter {name =~ "*microblaze*#0" && bscan=="USER2" }
loadhw -hw D:/School/UIUC_ECE385_SP25/Final_Project/sdk/mb_lab7_1_wrapper/export/mb_lab7_1_wrapper/hw/mb_lab7_1_wrapper.xsa -regs
configparams mdm-detect-bscan-mask 2
targets -set -nocase -filter {name =~ "*microblaze*#0" && bscan=="USER2" }
rst -system
after 3000
targets -set -nocase -filter {name =~ "*microblaze*#0" && bscan=="USER2" }
dow D:/School/UIUC_ECE385_SP25/Final_Project/sdk/final_project/Debug/final_project.elf
----------------End of Script----------------

13:45:13 INFO  : Context for processor 'microblaze_0' is selected.
13:45:13 INFO  : 'con' command is executed.
13:45:13 INFO  : ----------------XSDB Script (After Launch)----------------
targets -set -nocase -filter {name =~ "*microblaze*#0" && bscan=="USER2" }
con
----------------End of Script----------------

13:45:13 INFO  : Disconnected from the channel tcfchan#36.
15:42:35 INFO  : Hardware specification for platform project 'mb_lab7_1_wrapper' is updated.
15:42:45 INFO  : Result from executing command 'getProjects': mb_lab7_1_wrapper
15:42:45 INFO  : Result from executing command 'getPlatforms': mb_lab7_1_wrapper|D:/School/UIUC_ECE385_SP25/Final_Project/sdk/mb_lab7_1_wrapper/export/mb_lab7_1_wrapper/mb_lab7_1_wrapper.xpfm
15:42:45 INFO  : Checking for BSP changes to sync application flags for project 'final_project'...
15:42:47 INFO  : The hardware specification used by project 'final_project' is out of sync with the platform. Resource files extracted from the hardware specification will be updated.
15:42:47 INFO  : The file 'D:\School\UIUC_ECE385_SP25\Final_Project\sdk\final_project\_ide\bitstream\mb_lab7_1_wrapper.bit' stored in project is removed.
15:42:47 INFO  : The file 'D:\School\UIUC_ECE385_SP25\Final_Project\sdk\final_project\_ide\bitstream\mb_lab7_1_wrapper.mmi' stored in project is removed.
15:42:47 INFO  : The updated bitstream files are copied from platform to folder 'D:\School\UIUC_ECE385_SP25\Final_Project\sdk\final_project\_ide\bitstream' in project 'final_project'.
15:42:53 INFO  : Connected to target on host '127.0.0.1' and port '3121'.
15:42:54 INFO  : Jtag cable 'RealDigital Boo 88710000000EA' is selected.
15:42:54 INFO  : 'jtag frequency' command is executed.
15:42:55 INFO  : 'targets -set -filter {jtag_cable_name =~ "RealDigital Boo 88710000000EA" && level==0 && jtag_device_ctx=="jsn1-0362f093-0"}' command is executed.
15:42:57 INFO  : Device configured successfully with "D:/School/UIUC_ECE385_SP25/Final_Project/sdk/final_project/_ide/bitstream/mb_lab7_1_wrapper.bit"
15:42:57 INFO  : Context for processor 'microblaze_0' is selected.
15:42:57 INFO  : Hardware design and registers information is loaded from 'D:/School/UIUC_ECE385_SP25/Final_Project/sdk/mb_lab7_1_wrapper/export/mb_lab7_1_wrapper/hw/mb_lab7_1_wrapper.xsa'.
15:42:57 INFO  : 'configparams mdm-detect-bscan-mask 2' command is executed.
15:42:57 INFO  : Context for processor 'microblaze_0' is selected.
15:42:57 INFO  : System reset is completed.
15:43:00 INFO  : 'after 3000' command is executed.
15:43:00 INFO  : Context for processor 'microblaze_0' is selected.
15:43:01 INFO  : The application 'D:/School/UIUC_ECE385_SP25/Final_Project/sdk/final_project/Debug/final_project.elf' is downloaded to processor 'microblaze_0'.
15:43:01 INFO  : ----------------XSDB Script----------------
connect -url tcp:127.0.0.1:3121
targets -set -filter {jtag_cable_name =~ "RealDigital Boo 88710000000EA" && level==0 && jtag_device_ctx=="jsn1-0362f093-0"}
fpga -file D:/School/UIUC_ECE385_SP25/Final_Project/sdk/final_project/_ide/bitstream/mb_lab7_1_wrapper.bit
targets -set -nocase -filter {name =~ "*microblaze*#0" && bscan=="USER2" }
loadhw -hw D:/School/UIUC_ECE385_SP25/Final_Project/sdk/mb_lab7_1_wrapper/export/mb_lab7_1_wrapper/hw/mb_lab7_1_wrapper.xsa -regs
configparams mdm-detect-bscan-mask 2
targets -set -nocase -filter {name =~ "*microblaze*#0" && bscan=="USER2" }
rst -system
after 3000
targets -set -nocase -filter {name =~ "*microblaze*#0" && bscan=="USER2" }
dow D:/School/UIUC_ECE385_SP25/Final_Project/sdk/final_project/Debug/final_project.elf
----------------End of Script----------------

15:43:01 INFO  : Context for processor 'microblaze_0' is selected.
15:43:01 INFO  : 'con' command is executed.
15:43:01 INFO  : ----------------XSDB Script (After Launch)----------------
targets -set -nocase -filter {name =~ "*microblaze*#0" && bscan=="USER2" }
con
----------------End of Script----------------

15:43:01 INFO  : Disconnected from the channel tcfchan#38.
16:39:28 INFO  : Hardware specification for platform project 'mb_lab7_1_wrapper' is updated.
16:39:39 INFO  : Result from executing command 'getProjects': mb_lab7_1_wrapper
16:39:39 INFO  : Result from executing command 'getPlatforms': mb_lab7_1_wrapper|D:/School/UIUC_ECE385_SP25/Final_Project/sdk/mb_lab7_1_wrapper/export/mb_lab7_1_wrapper/mb_lab7_1_wrapper.xpfm
16:39:39 INFO  : Checking for BSP changes to sync application flags for project 'final_project'...
16:39:41 INFO  : The hardware specification used by project 'final_project' is out of sync with the platform. Resource files extracted from the hardware specification will be updated.
16:39:41 INFO  : The file 'D:\School\UIUC_ECE385_SP25\Final_Project\sdk\final_project\_ide\bitstream\mb_lab7_1_wrapper.bit' stored in project is removed.
16:39:41 INFO  : The file 'D:\School\UIUC_ECE385_SP25\Final_Project\sdk\final_project\_ide\bitstream\mb_lab7_1_wrapper.mmi' stored in project is removed.
16:39:41 INFO  : The updated bitstream files are copied from platform to folder 'D:\School\UIUC_ECE385_SP25\Final_Project\sdk\final_project\_ide\bitstream' in project 'final_project'.
16:39:50 INFO  : Connected to target on host '127.0.0.1' and port '3121'.
16:39:53 INFO  : Jtag cable 'RealDigital Boo 88710000000EA' is selected.
16:39:53 INFO  : 'jtag frequency' command is executed.
16:39:53 INFO  : 'targets -set -filter {jtag_cable_name =~ "RealDigital Boo 88710000000EA" && level==0 && jtag_device_ctx=="jsn1-0362f093-0"}' command is executed.
16:39:54 INFO  : Device configured successfully with "D:/School/UIUC_ECE385_SP25/Final_Project/sdk/final_project/_ide/bitstream/mb_lab7_1_wrapper.bit"
16:39:54 INFO  : Context for processor 'microblaze_0' is selected.
16:39:54 INFO  : Hardware design and registers information is loaded from 'D:/School/UIUC_ECE385_SP25/Final_Project/sdk/mb_lab7_1_wrapper/export/mb_lab7_1_wrapper/hw/mb_lab7_1_wrapper.xsa'.
16:39:54 INFO  : 'configparams mdm-detect-bscan-mask 2' command is executed.
16:39:54 INFO  : Context for processor 'microblaze_0' is selected.
16:39:54 INFO  : System reset is completed.
16:39:57 INFO  : 'after 3000' command is executed.
16:39:57 INFO  : Context for processor 'microblaze_0' is selected.
16:39:58 INFO  : The application 'D:/School/UIUC_ECE385_SP25/Final_Project/sdk/final_project/Debug/final_project.elf' is downloaded to processor 'microblaze_0'.
16:39:58 INFO  : ----------------XSDB Script----------------
connect -url tcp:127.0.0.1:3121
targets -set -filter {jtag_cable_name =~ "RealDigital Boo 88710000000EA" && level==0 && jtag_device_ctx=="jsn1-0362f093-0"}
fpga -file D:/School/UIUC_ECE385_SP25/Final_Project/sdk/final_project/_ide/bitstream/mb_lab7_1_wrapper.bit
targets -set -nocase -filter {name =~ "*microblaze*#0" && bscan=="USER2" }
loadhw -hw D:/School/UIUC_ECE385_SP25/Final_Project/sdk/mb_lab7_1_wrapper/export/mb_lab7_1_wrapper/hw/mb_lab7_1_wrapper.xsa -regs
configparams mdm-detect-bscan-mask 2
targets -set -nocase -filter {name =~ "*microblaze*#0" && bscan=="USER2" }
rst -system
after 3000
targets -set -nocase -filter {name =~ "*microblaze*#0" && bscan=="USER2" }
dow D:/School/UIUC_ECE385_SP25/Final_Project/sdk/final_project/Debug/final_project.elf
----------------End of Script----------------

16:39:58 INFO  : Context for processor 'microblaze_0' is selected.
16:39:58 INFO  : 'con' command is executed.
16:39:58 INFO  : ----------------XSDB Script (After Launch)----------------
targets -set -nocase -filter {name =~ "*microblaze*#0" && bscan=="USER2" }
con
----------------End of Script----------------

16:39:58 INFO  : Disconnected from the channel tcfchan#40.
16:49:03 INFO  : Hardware specification for platform project 'mb_lab7_1_wrapper' is updated.
16:49:14 INFO  : Result from executing command 'getProjects': mb_lab7_1_wrapper
16:49:14 INFO  : Result from executing command 'getPlatforms': mb_lab7_1_wrapper|D:/School/UIUC_ECE385_SP25/Final_Project/sdk/mb_lab7_1_wrapper/export/mb_lab7_1_wrapper/mb_lab7_1_wrapper.xpfm
16:49:14 INFO  : Checking for BSP changes to sync application flags for project 'final_project'...
16:49:16 INFO  : The hardware specification used by project 'final_project' is out of sync with the platform. Resource files extracted from the hardware specification will be updated.
16:49:16 INFO  : The file 'D:\School\UIUC_ECE385_SP25\Final_Project\sdk\final_project\_ide\bitstream\mb_lab7_1_wrapper.bit' stored in project is removed.
16:49:16 INFO  : The file 'D:\School\UIUC_ECE385_SP25\Final_Project\sdk\final_project\_ide\bitstream\mb_lab7_1_wrapper.mmi' stored in project is removed.
16:49:16 INFO  : The updated bitstream files are copied from platform to folder 'D:\School\UIUC_ECE385_SP25\Final_Project\sdk\final_project\_ide\bitstream' in project 'final_project'.
16:49:54 INFO  : Connected to target on host '127.0.0.1' and port '3121'.
16:49:55 INFO  : Jtag cable 'RealDigital Boo 88710000000EA' is selected.
16:49:55 INFO  : 'jtag frequency' command is executed.
16:49:55 INFO  : 'targets -set -filter {jtag_cable_name =~ "RealDigital Boo 88710000000EA" && level==0 && jtag_device_ctx=="jsn1-0362f093-0"}' command is executed.
16:49:57 INFO  : Device configured successfully with "D:/School/UIUC_ECE385_SP25/Final_Project/sdk/final_project/_ide/bitstream/mb_lab7_1_wrapper.bit"
16:49:57 INFO  : Context for processor 'microblaze_0' is selected.
16:49:57 INFO  : Hardware design and registers information is loaded from 'D:/School/UIUC_ECE385_SP25/Final_Project/sdk/mb_lab7_1_wrapper/export/mb_lab7_1_wrapper/hw/mb_lab7_1_wrapper.xsa'.
16:49:57 INFO  : 'configparams mdm-detect-bscan-mask 2' command is executed.
16:49:57 INFO  : Context for processor 'microblaze_0' is selected.
16:49:57 INFO  : System reset is completed.
16:50:00 INFO  : 'after 3000' command is executed.
16:50:01 INFO  : Context for processor 'microblaze_0' is selected.
16:50:01 INFO  : The application 'D:/School/UIUC_ECE385_SP25/Final_Project/sdk/final_project/Debug/final_project.elf' is downloaded to processor 'microblaze_0'.
16:50:01 INFO  : ----------------XSDB Script----------------
connect -url tcp:127.0.0.1:3121
targets -set -filter {jtag_cable_name =~ "RealDigital Boo 88710000000EA" && level==0 && jtag_device_ctx=="jsn1-0362f093-0"}
fpga -file D:/School/UIUC_ECE385_SP25/Final_Project/sdk/final_project/_ide/bitstream/mb_lab7_1_wrapper.bit
targets -set -nocase -filter {name =~ "*microblaze*#0" && bscan=="USER2" }
loadhw -hw D:/School/UIUC_ECE385_SP25/Final_Project/sdk/mb_lab7_1_wrapper/export/mb_lab7_1_wrapper/hw/mb_lab7_1_wrapper.xsa -regs
configparams mdm-detect-bscan-mask 2
targets -set -nocase -filter {name =~ "*microblaze*#0" && bscan=="USER2" }
rst -system
after 3000
targets -set -nocase -filter {name =~ "*microblaze*#0" && bscan=="USER2" }
dow D:/School/UIUC_ECE385_SP25/Final_Project/sdk/final_project/Debug/final_project.elf
----------------End of Script----------------

16:50:01 INFO  : Context for processor 'microblaze_0' is selected.
16:50:01 INFO  : 'con' command is executed.
16:50:01 INFO  : ----------------XSDB Script (After Launch)----------------
targets -set -nocase -filter {name =~ "*microblaze*#0" && bscan=="USER2" }
con
----------------End of Script----------------

16:50:01 INFO  : Disconnected from the channel tcfchan#42.
17:00:40 INFO  : Hardware specification for platform project 'mb_lab7_1_wrapper' is updated.
17:00:50 INFO  : Result from executing command 'getProjects': mb_lab7_1_wrapper
17:00:50 INFO  : Result from executing command 'getPlatforms': mb_lab7_1_wrapper|D:/School/UIUC_ECE385_SP25/Final_Project/sdk/mb_lab7_1_wrapper/export/mb_lab7_1_wrapper/mb_lab7_1_wrapper.xpfm
17:00:50 INFO  : Checking for BSP changes to sync application flags for project 'final_project'...
17:00:52 INFO  : The hardware specification used by project 'final_project' is out of sync with the platform. Resource files extracted from the hardware specification will be updated.
17:00:52 INFO  : The file 'D:\School\UIUC_ECE385_SP25\Final_Project\sdk\final_project\_ide\bitstream\mb_lab7_1_wrapper.bit' stored in project is removed.
17:00:52 INFO  : The file 'D:\School\UIUC_ECE385_SP25\Final_Project\sdk\final_project\_ide\bitstream\mb_lab7_1_wrapper.mmi' stored in project is removed.
17:00:52 INFO  : The updated bitstream files are copied from platform to folder 'D:\School\UIUC_ECE385_SP25\Final_Project\sdk\final_project\_ide\bitstream' in project 'final_project'.
17:01:20 INFO  : Connected to target on host '127.0.0.1' and port '3121'.
17:01:21 INFO  : Jtag cable 'RealDigital Boo 88710000000EA' is selected.
17:01:21 INFO  : 'jtag frequency' command is executed.
17:01:21 INFO  : 'targets -set -filter {jtag_cable_name =~ "RealDigital Boo 88710000000EA" && level==0 && jtag_device_ctx=="jsn1-0362f093-0"}' command is executed.
17:01:23 INFO  : Device configured successfully with "D:/School/UIUC_ECE385_SP25/Final_Project/sdk/final_project/_ide/bitstream/mb_lab7_1_wrapper.bit"
17:01:23 INFO  : Context for processor 'microblaze_0' is selected.
17:01:23 INFO  : Hardware design and registers information is loaded from 'D:/School/UIUC_ECE385_SP25/Final_Project/sdk/mb_lab7_1_wrapper/export/mb_lab7_1_wrapper/hw/mb_lab7_1_wrapper.xsa'.
17:01:23 INFO  : 'configparams mdm-detect-bscan-mask 2' command is executed.
17:01:23 INFO  : Context for processor 'microblaze_0' is selected.
17:01:23 INFO  : System reset is completed.
17:01:26 INFO  : 'after 3000' command is executed.
17:01:27 INFO  : Context for processor 'microblaze_0' is selected.
17:01:27 INFO  : The application 'D:/School/UIUC_ECE385_SP25/Final_Project/sdk/final_project/Debug/final_project.elf' is downloaded to processor 'microblaze_0'.
17:01:27 INFO  : ----------------XSDB Script----------------
connect -url tcp:127.0.0.1:3121
targets -set -filter {jtag_cable_name =~ "RealDigital Boo 88710000000EA" && level==0 && jtag_device_ctx=="jsn1-0362f093-0"}
fpga -file D:/School/UIUC_ECE385_SP25/Final_Project/sdk/final_project/_ide/bitstream/mb_lab7_1_wrapper.bit
targets -set -nocase -filter {name =~ "*microblaze*#0" && bscan=="USER2" }
loadhw -hw D:/School/UIUC_ECE385_SP25/Final_Project/sdk/mb_lab7_1_wrapper/export/mb_lab7_1_wrapper/hw/mb_lab7_1_wrapper.xsa -regs
configparams mdm-detect-bscan-mask 2
targets -set -nocase -filter {name =~ "*microblaze*#0" && bscan=="USER2" }
rst -system
after 3000
targets -set -nocase -filter {name =~ "*microblaze*#0" && bscan=="USER2" }
dow D:/School/UIUC_ECE385_SP25/Final_Project/sdk/final_project/Debug/final_project.elf
----------------End of Script----------------

17:01:27 INFO  : Context for processor 'microblaze_0' is selected.
17:01:27 INFO  : 'con' command is executed.
17:01:27 INFO  : ----------------XSDB Script (After Launch)----------------
targets -set -nocase -filter {name =~ "*microblaze*#0" && bscan=="USER2" }
con
----------------End of Script----------------

17:01:27 INFO  : Disconnected from the channel tcfchan#44.
20:53:00 INFO  : Hardware specification for platform project 'mb_lab7_1_wrapper' is updated.
20:53:16 INFO  : Result from executing command 'getProjects': mb_lab7_1_wrapper
20:53:16 INFO  : Result from executing command 'getPlatforms': mb_lab7_1_wrapper|D:/School/UIUC_ECE385_SP25/Final_Project/sdk/mb_lab7_1_wrapper/export/mb_lab7_1_wrapper/mb_lab7_1_wrapper.xpfm
20:53:17 INFO  : Checking for BSP changes to sync application flags for project 'final_project'...
20:53:19 INFO  : The hardware specification used by project 'final_project' is out of sync with the platform. Resource files extracted from the hardware specification will be updated.
20:53:19 INFO  : The file 'D:\School\UIUC_ECE385_SP25\Final_Project\sdk\final_project\_ide\bitstream\mb_lab7_1_wrapper.bit' stored in project is removed.
20:53:19 INFO  : The file 'D:\School\UIUC_ECE385_SP25\Final_Project\sdk\final_project\_ide\bitstream\mb_lab7_1_wrapper.mmi' stored in project is removed.
20:53:19 INFO  : The updated bitstream files are copied from platform to folder 'D:\School\UIUC_ECE385_SP25\Final_Project\sdk\final_project\_ide\bitstream' in project 'final_project'.
20:54:30 INFO  : Connected to target on host '127.0.0.1' and port '3121'.
20:54:45 INFO  : Jtag cable 'RealDigital Boo 88710000000EA' is selected.
20:54:45 INFO  : 'jtag frequency' command is executed.
20:54:45 INFO  : 'targets -set -filter {jtag_cable_name =~ "RealDigital Boo 88710000000EA" && level==0 && jtag_device_ctx=="jsn1-0362f093-0"}' command is executed.
20:54:47 INFO  : Device configured successfully with "D:/School/UIUC_ECE385_SP25/Final_Project/sdk/final_project/_ide/bitstream/mb_lab7_1_wrapper.bit"
20:54:47 INFO  : Context for processor 'microblaze_0' is selected.
20:54:47 INFO  : Hardware design and registers information is loaded from 'D:/School/UIUC_ECE385_SP25/Final_Project/sdk/mb_lab7_1_wrapper/export/mb_lab7_1_wrapper/hw/mb_lab7_1_wrapper.xsa'.
20:54:47 INFO  : 'configparams mdm-detect-bscan-mask 2' command is executed.
20:54:47 INFO  : Context for processor 'microblaze_0' is selected.
20:54:47 INFO  : System reset is completed.
20:54:50 INFO  : 'after 3000' command is executed.
20:54:50 INFO  : Context for processor 'microblaze_0' is selected.
20:54:50 INFO  : The application 'D:/School/UIUC_ECE385_SP25/Final_Project/sdk/final_project/Debug/final_project.elf' is downloaded to processor 'microblaze_0'.
20:54:50 INFO  : ----------------XSDB Script----------------
connect -url tcp:127.0.0.1:3121
targets -set -filter {jtag_cable_name =~ "RealDigital Boo 88710000000EA" && level==0 && jtag_device_ctx=="jsn1-0362f093-0"}
fpga -file D:/School/UIUC_ECE385_SP25/Final_Project/sdk/final_project/_ide/bitstream/mb_lab7_1_wrapper.bit
targets -set -nocase -filter {name =~ "*microblaze*#0" && bscan=="USER2" }
loadhw -hw D:/School/UIUC_ECE385_SP25/Final_Project/sdk/mb_lab7_1_wrapper/export/mb_lab7_1_wrapper/hw/mb_lab7_1_wrapper.xsa -regs
configparams mdm-detect-bscan-mask 2
targets -set -nocase -filter {name =~ "*microblaze*#0" && bscan=="USER2" }
rst -system
after 3000
targets -set -nocase -filter {name =~ "*microblaze*#0" && bscan=="USER2" }
dow D:/School/UIUC_ECE385_SP25/Final_Project/sdk/final_project/Debug/final_project.elf
----------------End of Script----------------

20:54:50 INFO  : Context for processor 'microblaze_0' is selected.
20:54:50 INFO  : 'con' command is executed.
20:54:50 INFO  : ----------------XSDB Script (After Launch)----------------
targets -set -nocase -filter {name =~ "*microblaze*#0" && bscan=="USER2" }
con
----------------End of Script----------------

20:54:50 INFO  : Disconnected from the channel tcfchan#46.
21:14:42 INFO  : Hardware specification for platform project 'mb_lab7_1_wrapper' is updated.
21:14:51 INFO  : Result from executing command 'getProjects': mb_lab7_1_wrapper
21:14:51 INFO  : Result from executing command 'getPlatforms': mb_lab7_1_wrapper|D:/School/UIUC_ECE385_SP25/Final_Project/sdk/mb_lab7_1_wrapper/export/mb_lab7_1_wrapper/mb_lab7_1_wrapper.xpfm
21:14:51 INFO  : Checking for BSP changes to sync application flags for project 'final_project'...
21:14:53 INFO  : The hardware specification used by project 'final_project' is out of sync with the platform. Resource files extracted from the hardware specification will be updated.
21:14:53 INFO  : The file 'D:\School\UIUC_ECE385_SP25\Final_Project\sdk\final_project\_ide\bitstream\mb_lab7_1_wrapper.bit' stored in project is removed.
21:14:53 INFO  : The file 'D:\School\UIUC_ECE385_SP25\Final_Project\sdk\final_project\_ide\bitstream\mb_lab7_1_wrapper.mmi' stored in project is removed.
21:14:53 INFO  : The updated bitstream files are copied from platform to folder 'D:\School\UIUC_ECE385_SP25\Final_Project\sdk\final_project\_ide\bitstream' in project 'final_project'.
21:14:58 INFO  : Connected to target on host '127.0.0.1' and port '3121'.
21:14:59 INFO  : Jtag cable 'RealDigital Boo 88710000000EA' is selected.
21:14:59 INFO  : 'jtag frequency' command is executed.
21:14:59 INFO  : 'targets -set -filter {jtag_cable_name =~ "RealDigital Boo 88710000000EA" && level==0 && jtag_device_ctx=="jsn1-0362f093-0"}' command is executed.
21:15:01 INFO  : Device configured successfully with "D:/School/UIUC_ECE385_SP25/Final_Project/sdk/final_project/_ide/bitstream/mb_lab7_1_wrapper.bit"
21:15:01 INFO  : Context for processor 'microblaze_0' is selected.
21:15:01 INFO  : Hardware design and registers information is loaded from 'D:/School/UIUC_ECE385_SP25/Final_Project/sdk/mb_lab7_1_wrapper/export/mb_lab7_1_wrapper/hw/mb_lab7_1_wrapper.xsa'.
21:15:01 INFO  : 'configparams mdm-detect-bscan-mask 2' command is executed.
21:15:01 INFO  : Context for processor 'microblaze_0' is selected.
21:15:01 INFO  : System reset is completed.
21:15:04 INFO  : 'after 3000' command is executed.
21:15:04 INFO  : Context for processor 'microblaze_0' is selected.
21:15:05 INFO  : The application 'D:/School/UIUC_ECE385_SP25/Final_Project/sdk/final_project/Debug/final_project.elf' is downloaded to processor 'microblaze_0'.
21:15:05 INFO  : ----------------XSDB Script----------------
connect -url tcp:127.0.0.1:3121
targets -set -filter {jtag_cable_name =~ "RealDigital Boo 88710000000EA" && level==0 && jtag_device_ctx=="jsn1-0362f093-0"}
fpga -file D:/School/UIUC_ECE385_SP25/Final_Project/sdk/final_project/_ide/bitstream/mb_lab7_1_wrapper.bit
targets -set -nocase -filter {name =~ "*microblaze*#0" && bscan=="USER2" }
loadhw -hw D:/School/UIUC_ECE385_SP25/Final_Project/sdk/mb_lab7_1_wrapper/export/mb_lab7_1_wrapper/hw/mb_lab7_1_wrapper.xsa -regs
configparams mdm-detect-bscan-mask 2
targets -set -nocase -filter {name =~ "*microblaze*#0" && bscan=="USER2" }
rst -system
after 3000
targets -set -nocase -filter {name =~ "*microblaze*#0" && bscan=="USER2" }
dow D:/School/UIUC_ECE385_SP25/Final_Project/sdk/final_project/Debug/final_project.elf
----------------End of Script----------------

21:15:05 INFO  : Context for processor 'microblaze_0' is selected.
21:15:05 INFO  : 'con' command is executed.
21:15:05 INFO  : ----------------XSDB Script (After Launch)----------------
targets -set -nocase -filter {name =~ "*microblaze*#0" && bscan=="USER2" }
con
----------------End of Script----------------

21:15:05 INFO  : Disconnected from the channel tcfchan#48.
21:36:51 INFO  : Hardware specification for platform project 'mb_lab7_1_wrapper' is updated.
21:37:11 INFO  : Result from executing command 'getProjects': mb_lab7_1_wrapper
21:37:11 INFO  : Result from executing command 'getPlatforms': mb_lab7_1_wrapper|D:/School/UIUC_ECE385_SP25/Final_Project/sdk/mb_lab7_1_wrapper/export/mb_lab7_1_wrapper/mb_lab7_1_wrapper.xpfm
21:37:11 INFO  : Checking for BSP changes to sync application flags for project 'final_project'...
21:37:13 INFO  : The hardware specification used by project 'final_project' is out of sync with the platform. Resource files extracted from the hardware specification will be updated.
21:37:13 INFO  : The file 'D:\School\UIUC_ECE385_SP25\Final_Project\sdk\final_project\_ide\bitstream\mb_lab7_1_wrapper.bit' stored in project is removed.
21:37:13 INFO  : The file 'D:\School\UIUC_ECE385_SP25\Final_Project\sdk\final_project\_ide\bitstream\mb_lab7_1_wrapper.mmi' stored in project is removed.
21:37:13 INFO  : The updated bitstream files are copied from platform to folder 'D:\School\UIUC_ECE385_SP25\Final_Project\sdk\final_project\_ide\bitstream' in project 'final_project'.
21:39:33 INFO  : Connected to target on host '127.0.0.1' and port '3121'.
21:39:34 INFO  : Jtag cable 'RealDigital Boo 88710000000EA' is selected.
21:39:34 INFO  : 'jtag frequency' command is executed.
21:39:35 INFO  : 'targets -set -filter {jtag_cable_name =~ "RealDigital Boo 88710000000EA" && level==0 && jtag_device_ctx=="jsn1-0362f093-0"}' command is executed.
21:39:36 INFO  : Device configured successfully with "D:/School/UIUC_ECE385_SP25/Final_Project/sdk/final_project/_ide/bitstream/mb_lab7_1_wrapper.bit"
21:39:36 INFO  : Context for processor 'microblaze_0' is selected.
21:39:36 INFO  : Hardware design and registers information is loaded from 'D:/School/UIUC_ECE385_SP25/Final_Project/sdk/mb_lab7_1_wrapper/export/mb_lab7_1_wrapper/hw/mb_lab7_1_wrapper.xsa'.
21:39:36 INFO  : 'configparams mdm-detect-bscan-mask 2' command is executed.
21:39:36 INFO  : Context for processor 'microblaze_0' is selected.
21:39:36 INFO  : System reset is completed.
21:39:39 INFO  : 'after 3000' command is executed.
21:39:40 INFO  : Context for processor 'microblaze_0' is selected.
21:39:40 INFO  : The application 'D:/School/UIUC_ECE385_SP25/Final_Project/sdk/final_project/Debug/final_project.elf' is downloaded to processor 'microblaze_0'.
21:39:40 INFO  : ----------------XSDB Script----------------
connect -url tcp:127.0.0.1:3121
targets -set -filter {jtag_cable_name =~ "RealDigital Boo 88710000000EA" && level==0 && jtag_device_ctx=="jsn1-0362f093-0"}
fpga -file D:/School/UIUC_ECE385_SP25/Final_Project/sdk/final_project/_ide/bitstream/mb_lab7_1_wrapper.bit
targets -set -nocase -filter {name =~ "*microblaze*#0" && bscan=="USER2" }
loadhw -hw D:/School/UIUC_ECE385_SP25/Final_Project/sdk/mb_lab7_1_wrapper/export/mb_lab7_1_wrapper/hw/mb_lab7_1_wrapper.xsa -regs
configparams mdm-detect-bscan-mask 2
targets -set -nocase -filter {name =~ "*microblaze*#0" && bscan=="USER2" }
rst -system
after 3000
targets -set -nocase -filter {name =~ "*microblaze*#0" && bscan=="USER2" }
dow D:/School/UIUC_ECE385_SP25/Final_Project/sdk/final_project/Debug/final_project.elf
----------------End of Script----------------

21:39:40 INFO  : Context for processor 'microblaze_0' is selected.
21:39:40 INFO  : 'con' command is executed.
21:39:40 INFO  : ----------------XSDB Script (After Launch)----------------
targets -set -nocase -filter {name =~ "*microblaze*#0" && bscan=="USER2" }
con
----------------End of Script----------------

21:39:40 INFO  : Disconnected from the channel tcfchan#50.
21:57:08 INFO  : Hardware specification for platform project 'mb_lab7_1_wrapper' is updated.
21:57:30 INFO  : Result from executing command 'getProjects': mb_lab7_1_wrapper
21:57:30 INFO  : Result from executing command 'getPlatforms': mb_lab7_1_wrapper|D:/School/UIUC_ECE385_SP25/Final_Project/sdk/mb_lab7_1_wrapper/export/mb_lab7_1_wrapper/mb_lab7_1_wrapper.xpfm
21:57:30 INFO  : Checking for BSP changes to sync application flags for project 'final_project'...
21:57:32 INFO  : The hardware specification used by project 'final_project' is out of sync with the platform. Resource files extracted from the hardware specification will be updated.
21:57:32 INFO  : The file 'D:\School\UIUC_ECE385_SP25\Final_Project\sdk\final_project\_ide\bitstream\mb_lab7_1_wrapper.bit' stored in project is removed.
21:57:32 INFO  : The file 'D:\School\UIUC_ECE385_SP25\Final_Project\sdk\final_project\_ide\bitstream\mb_lab7_1_wrapper.mmi' stored in project is removed.
21:57:32 INFO  : The updated bitstream files are copied from platform to folder 'D:\School\UIUC_ECE385_SP25\Final_Project\sdk\final_project\_ide\bitstream' in project 'final_project'.
21:57:40 INFO  : Connected to target on host '127.0.0.1' and port '3121'.
21:57:41 INFO  : Jtag cable 'RealDigital Boo 88710000000EA' is selected.
21:57:41 INFO  : 'jtag frequency' command is executed.
21:57:41 INFO  : 'targets -set -filter {jtag_cable_name =~ "RealDigital Boo 88710000000EA" && level==0 && jtag_device_ctx=="jsn1-0362f093-0"}' command is executed.
21:57:43 INFO  : Device configured successfully with "D:/School/UIUC_ECE385_SP25/Final_Project/sdk/final_project/_ide/bitstream/mb_lab7_1_wrapper.bit"
21:57:43 INFO  : Context for processor 'microblaze_0' is selected.
21:57:43 INFO  : Hardware design and registers information is loaded from 'D:/School/UIUC_ECE385_SP25/Final_Project/sdk/mb_lab7_1_wrapper/export/mb_lab7_1_wrapper/hw/mb_lab7_1_wrapper.xsa'.
21:57:43 INFO  : 'configparams mdm-detect-bscan-mask 2' command is executed.
21:57:43 INFO  : Context for processor 'microblaze_0' is selected.
21:57:43 INFO  : System reset is completed.
21:57:46 INFO  : 'after 3000' command is executed.
21:57:47 INFO  : Context for processor 'microblaze_0' is selected.
21:57:47 INFO  : The application 'D:/School/UIUC_ECE385_SP25/Final_Project/sdk/final_project/Debug/final_project.elf' is downloaded to processor 'microblaze_0'.
21:57:47 INFO  : ----------------XSDB Script----------------
connect -url tcp:127.0.0.1:3121
targets -set -filter {jtag_cable_name =~ "RealDigital Boo 88710000000EA" && level==0 && jtag_device_ctx=="jsn1-0362f093-0"}
fpga -file D:/School/UIUC_ECE385_SP25/Final_Project/sdk/final_project/_ide/bitstream/mb_lab7_1_wrapper.bit
targets -set -nocase -filter {name =~ "*microblaze*#0" && bscan=="USER2" }
loadhw -hw D:/School/UIUC_ECE385_SP25/Final_Project/sdk/mb_lab7_1_wrapper/export/mb_lab7_1_wrapper/hw/mb_lab7_1_wrapper.xsa -regs
configparams mdm-detect-bscan-mask 2
targets -set -nocase -filter {name =~ "*microblaze*#0" && bscan=="USER2" }
rst -system
after 3000
targets -set -nocase -filter {name =~ "*microblaze*#0" && bscan=="USER2" }
dow D:/School/UIUC_ECE385_SP25/Final_Project/sdk/final_project/Debug/final_project.elf
----------------End of Script----------------

21:57:47 INFO  : Context for processor 'microblaze_0' is selected.
21:57:47 INFO  : 'con' command is executed.
21:57:47 INFO  : ----------------XSDB Script (After Launch)----------------
targets -set -nocase -filter {name =~ "*microblaze*#0" && bscan=="USER2" }
con
----------------End of Script----------------

21:57:47 INFO  : Disconnected from the channel tcfchan#52.
22:40:08 INFO  : Hardware specification for platform project 'mb_lab7_1_wrapper' is updated.
22:40:23 INFO  : Result from executing command 'getProjects': mb_lab7_1_wrapper
22:40:23 INFO  : Result from executing command 'getPlatforms': mb_lab7_1_wrapper|D:/School/UIUC_ECE385_SP25/Final_Project/sdk/mb_lab7_1_wrapper/export/mb_lab7_1_wrapper/mb_lab7_1_wrapper.xpfm
22:40:24 INFO  : Checking for BSP changes to sync application flags for project 'final_project'...
22:40:25 INFO  : The hardware specification used by project 'final_project' is out of sync with the platform. Resource files extracted from the hardware specification will be updated.
22:40:25 INFO  : The file 'D:\School\UIUC_ECE385_SP25\Final_Project\sdk\final_project\_ide\bitstream\mb_lab7_1_wrapper.bit' stored in project is removed.
22:40:25 INFO  : The file 'D:\School\UIUC_ECE385_SP25\Final_Project\sdk\final_project\_ide\bitstream\mb_lab7_1_wrapper.mmi' stored in project is removed.
22:40:25 INFO  : The updated bitstream files are copied from platform to folder 'D:\School\UIUC_ECE385_SP25\Final_Project\sdk\final_project\_ide\bitstream' in project 'final_project'.
22:40:54 INFO  : Connected to target on host '127.0.0.1' and port '3121'.
22:40:55 INFO  : Jtag cable 'RealDigital Boo 88710000000EA' is selected.
22:40:55 INFO  : 'jtag frequency' command is executed.
22:40:55 INFO  : 'targets -set -filter {jtag_cable_name =~ "RealDigital Boo 88710000000EA" && level==0 && jtag_device_ctx=="jsn1-0362f093-0"}' command is executed.
22:40:57 INFO  : Device configured successfully with "D:/School/UIUC_ECE385_SP25/Final_Project/sdk/final_project/_ide/bitstream/mb_lab7_1_wrapper.bit"
22:40:57 INFO  : Context for processor 'microblaze_0' is selected.
22:40:57 INFO  : Hardware design and registers information is loaded from 'D:/School/UIUC_ECE385_SP25/Final_Project/sdk/mb_lab7_1_wrapper/export/mb_lab7_1_wrapper/hw/mb_lab7_1_wrapper.xsa'.
22:40:57 INFO  : 'configparams mdm-detect-bscan-mask 2' command is executed.
22:40:57 INFO  : Context for processor 'microblaze_0' is selected.
22:40:57 INFO  : System reset is completed.
22:41:00 INFO  : 'after 3000' command is executed.
22:41:01 INFO  : Context for processor 'microblaze_0' is selected.
22:41:01 INFO  : The application 'D:/School/UIUC_ECE385_SP25/Final_Project/sdk/final_project/Debug/final_project.elf' is downloaded to processor 'microblaze_0'.
22:41:01 INFO  : ----------------XSDB Script----------------
connect -url tcp:127.0.0.1:3121
targets -set -filter {jtag_cable_name =~ "RealDigital Boo 88710000000EA" && level==0 && jtag_device_ctx=="jsn1-0362f093-0"}
fpga -file D:/School/UIUC_ECE385_SP25/Final_Project/sdk/final_project/_ide/bitstream/mb_lab7_1_wrapper.bit
targets -set -nocase -filter {name =~ "*microblaze*#0" && bscan=="USER2" }
loadhw -hw D:/School/UIUC_ECE385_SP25/Final_Project/sdk/mb_lab7_1_wrapper/export/mb_lab7_1_wrapper/hw/mb_lab7_1_wrapper.xsa -regs
configparams mdm-detect-bscan-mask 2
targets -set -nocase -filter {name =~ "*microblaze*#0" && bscan=="USER2" }
rst -system
after 3000
targets -set -nocase -filter {name =~ "*microblaze*#0" && bscan=="USER2" }
dow D:/School/UIUC_ECE385_SP25/Final_Project/sdk/final_project/Debug/final_project.elf
----------------End of Script----------------

22:41:01 INFO  : Context for processor 'microblaze_0' is selected.
22:41:01 INFO  : 'con' command is executed.
22:41:01 INFO  : ----------------XSDB Script (After Launch)----------------
targets -set -nocase -filter {name =~ "*microblaze*#0" && bscan=="USER2" }
con
----------------End of Script----------------

22:41:01 INFO  : Disconnected from the channel tcfchan#54.
23:10:49 DEBUG : Logs will be stored at 'D:/School/UIUC_ECE385_SP25/Final_Project/sdk/IDE.log'.
23:10:49 INFO  : Launching XSCT server: xsct.bat -n  -interactive D:\School\UIUC_ECE385_SP25\Final_Project\sdk\temp_xsdb_launch_script.tcl
23:10:53 INFO  : Platform repository initialization has completed.
23:10:53 INFO  : XSCT server has started successfully.
23:10:53 INFO  : Registering command handlers for Vitis TCF services
23:10:56 INFO  : Successfully done setting XSCT server connection channel  
23:10:56 INFO  : plnx-install-location is set to ''
23:10:56 INFO  : Successfully done query RDI_DATADIR 
23:10:56 INFO  : Successfully done setting workspace for the tool. 
23:11:22 INFO  : Hardware specification for platform project 'mb_lab7_1_wrapper' is updated.
23:11:50 INFO  : Result from executing command 'getProjects': mb_lab7_1_wrapper
23:11:50 INFO  : Result from executing command 'getPlatforms': mb_lab7_1_wrapper|D:/School/UIUC_ECE385_SP25/Final_Project/sdk/mb_lab7_1_wrapper/export/mb_lab7_1_wrapper/mb_lab7_1_wrapper.xpfm
23:11:50 INFO  : Checking for BSP changes to sync application flags for project 'final_project'...
23:11:52 INFO  : The hardware specification used by project 'final_project' is out of sync with the platform. Resource files extracted from the hardware specification will be updated.
23:11:52 INFO  : The file 'D:\School\UIUC_ECE385_SP25\Final_Project\sdk\final_project\_ide\bitstream\mb_lab7_1_wrapper.bit' stored in project is removed.
23:11:52 INFO  : The file 'D:\School\UIUC_ECE385_SP25\Final_Project\sdk\final_project\_ide\bitstream\mb_lab7_1_wrapper.mmi' stored in project is removed.
23:11:52 INFO  : The updated bitstream files are copied from platform to folder 'D:\School\UIUC_ECE385_SP25\Final_Project\sdk\final_project\_ide\bitstream' in project 'final_project'.
23:12:00 INFO  : Connected to target on host '127.0.0.1' and port '3121'.
23:12:01 INFO  : Jtag cable 'RealDigital Boo 88710000000EA' is selected.
23:12:01 INFO  : 'jtag frequency' command is executed.
23:12:02 INFO  : 'targets -set -filter {jtag_cable_name =~ "RealDigital Boo 88710000000EA" && level==0 && jtag_device_ctx=="jsn1-0362f093-0"}' command is executed.
23:12:03 INFO  : Device configured successfully with "D:/School/UIUC_ECE385_SP25/Final_Project/sdk/final_project/_ide/bitstream/mb_lab7_1_wrapper.bit"
23:12:03 INFO  : Context for processor 'microblaze_0' is selected.
23:12:03 INFO  : Hardware design and registers information is loaded from 'D:/School/UIUC_ECE385_SP25/Final_Project/sdk/mb_lab7_1_wrapper/export/mb_lab7_1_wrapper/hw/mb_lab7_1_wrapper.xsa'.
23:12:03 INFO  : 'configparams mdm-detect-bscan-mask 2' command is executed.
23:12:03 INFO  : Context for processor 'microblaze_0' is selected.
23:12:03 INFO  : System reset is completed.
23:12:06 INFO  : 'after 3000' command is executed.
23:12:07 INFO  : Context for processor 'microblaze_0' is selected.
23:12:07 INFO  : The application 'D:/School/UIUC_ECE385_SP25/Final_Project/sdk/final_project/Debug/final_project.elf' is downloaded to processor 'microblaze_0'.
23:12:07 INFO  : ----------------XSDB Script----------------
connect -url tcp:127.0.0.1:3121
targets -set -filter {jtag_cable_name =~ "RealDigital Boo 88710000000EA" && level==0 && jtag_device_ctx=="jsn1-0362f093-0"}
fpga -file D:/School/UIUC_ECE385_SP25/Final_Project/sdk/final_project/_ide/bitstream/mb_lab7_1_wrapper.bit
targets -set -nocase -filter {name =~ "*microblaze*#0" && bscan=="USER2" }
loadhw -hw D:/School/UIUC_ECE385_SP25/Final_Project/sdk/mb_lab7_1_wrapper/export/mb_lab7_1_wrapper/hw/mb_lab7_1_wrapper.xsa -regs
configparams mdm-detect-bscan-mask 2
targets -set -nocase -filter {name =~ "*microblaze*#0" && bscan=="USER2" }
rst -system
after 3000
targets -set -nocase -filter {name =~ "*microblaze*#0" && bscan=="USER2" }
dow D:/School/UIUC_ECE385_SP25/Final_Project/sdk/final_project/Debug/final_project.elf
----------------End of Script----------------

23:12:07 INFO  : Context for processor 'microblaze_0' is selected.
23:12:07 INFO  : 'con' command is executed.
23:12:07 INFO  : ----------------XSDB Script (After Launch)----------------
targets -set -nocase -filter {name =~ "*microblaze*#0" && bscan=="USER2" }
con
----------------End of Script----------------

23:12:07 INFO  : Disconnected from the channel tcfchan#2.
23:19:38 INFO  : Hardware specification for platform project 'mb_lab7_1_wrapper' is updated.
23:19:49 INFO  : Result from executing command 'getProjects': mb_lab7_1_wrapper
23:19:49 INFO  : Result from executing command 'getPlatforms': mb_lab7_1_wrapper|D:/School/UIUC_ECE385_SP25/Final_Project/sdk/mb_lab7_1_wrapper/export/mb_lab7_1_wrapper/mb_lab7_1_wrapper.xpfm
23:19:49 INFO  : Checking for BSP changes to sync application flags for project 'final_project'...
23:19:51 INFO  : The hardware specification used by project 'final_project' is out of sync with the platform. Resource files extracted from the hardware specification will be updated.
23:19:51 INFO  : The file 'D:\School\UIUC_ECE385_SP25\Final_Project\sdk\final_project\_ide\bitstream\mb_lab7_1_wrapper.bit' stored in project is removed.
23:19:51 INFO  : The file 'D:\School\UIUC_ECE385_SP25\Final_Project\sdk\final_project\_ide\bitstream\mb_lab7_1_wrapper.mmi' stored in project is removed.
23:19:51 INFO  : The updated bitstream files are copied from platform to folder 'D:\School\UIUC_ECE385_SP25\Final_Project\sdk\final_project\_ide\bitstream' in project 'final_project'.
23:20:29 INFO  : Connected to target on host '127.0.0.1' and port '3121'.
23:20:30 INFO  : Jtag cable 'RealDigital Boo 88710000000EA' is selected.
23:20:30 INFO  : 'jtag frequency' command is executed.
23:20:30 INFO  : 'targets -set -filter {jtag_cable_name =~ "RealDigital Boo 88710000000EA" && level==0 && jtag_device_ctx=="jsn1-0362f093-0"}' command is executed.
23:20:32 INFO  : Device configured successfully with "D:/School/UIUC_ECE385_SP25/Final_Project/sdk/final_project/_ide/bitstream/mb_lab7_1_wrapper.bit"
23:20:32 INFO  : Context for processor 'microblaze_0' is selected.
23:20:32 INFO  : Hardware design and registers information is loaded from 'D:/School/UIUC_ECE385_SP25/Final_Project/sdk/mb_lab7_1_wrapper/export/mb_lab7_1_wrapper/hw/mb_lab7_1_wrapper.xsa'.
23:20:32 INFO  : 'configparams mdm-detect-bscan-mask 2' command is executed.
23:20:32 INFO  : Context for processor 'microblaze_0' is selected.
23:20:32 INFO  : System reset is completed.
23:20:35 INFO  : 'after 3000' command is executed.
23:20:36 INFO  : Context for processor 'microblaze_0' is selected.
23:20:36 INFO  : The application 'D:/School/UIUC_ECE385_SP25/Final_Project/sdk/final_project/Debug/final_project.elf' is downloaded to processor 'microblaze_0'.
23:20:36 INFO  : ----------------XSDB Script----------------
connect -url tcp:127.0.0.1:3121
targets -set -filter {jtag_cable_name =~ "RealDigital Boo 88710000000EA" && level==0 && jtag_device_ctx=="jsn1-0362f093-0"}
fpga -file D:/School/UIUC_ECE385_SP25/Final_Project/sdk/final_project/_ide/bitstream/mb_lab7_1_wrapper.bit
targets -set -nocase -filter {name =~ "*microblaze*#0" && bscan=="USER2" }
loadhw -hw D:/School/UIUC_ECE385_SP25/Final_Project/sdk/mb_lab7_1_wrapper/export/mb_lab7_1_wrapper/hw/mb_lab7_1_wrapper.xsa -regs
configparams mdm-detect-bscan-mask 2
targets -set -nocase -filter {name =~ "*microblaze*#0" && bscan=="USER2" }
rst -system
after 3000
targets -set -nocase -filter {name =~ "*microblaze*#0" && bscan=="USER2" }
dow D:/School/UIUC_ECE385_SP25/Final_Project/sdk/final_project/Debug/final_project.elf
----------------End of Script----------------

23:20:36 INFO  : Context for processor 'microblaze_0' is selected.
23:20:36 INFO  : 'con' command is executed.
23:20:36 INFO  : ----------------XSDB Script (After Launch)----------------
targets -set -nocase -filter {name =~ "*microblaze*#0" && bscan=="USER2" }
con
----------------End of Script----------------

23:20:36 INFO  : Disconnected from the channel tcfchan#4.
23:26:30 INFO  : Hardware specification for platform project 'mb_lab7_1_wrapper' is updated.
23:26:49 INFO  : Result from executing command 'getProjects': mb_lab7_1_wrapper
23:26:49 INFO  : Result from executing command 'getPlatforms': mb_lab7_1_wrapper|D:/School/UIUC_ECE385_SP25/Final_Project/sdk/mb_lab7_1_wrapper/export/mb_lab7_1_wrapper/mb_lab7_1_wrapper.xpfm
23:26:49 INFO  : Checking for BSP changes to sync application flags for project 'final_project'...
23:26:51 INFO  : The hardware specification used by project 'final_project' is out of sync with the platform. Resource files extracted from the hardware specification will be updated.
23:26:51 INFO  : The file 'D:\School\UIUC_ECE385_SP25\Final_Project\sdk\final_project\_ide\bitstream\mb_lab7_1_wrapper.bit' stored in project is removed.
23:26:51 INFO  : The file 'D:\School\UIUC_ECE385_SP25\Final_Project\sdk\final_project\_ide\bitstream\mb_lab7_1_wrapper.mmi' stored in project is removed.
23:26:51 INFO  : The updated bitstream files are copied from platform to folder 'D:\School\UIUC_ECE385_SP25\Final_Project\sdk\final_project\_ide\bitstream' in project 'final_project'.
23:27:13 INFO  : Connected to target on host '127.0.0.1' and port '3121'.
23:27:14 INFO  : Jtag cable 'RealDigital Boo 88710000000EA' is selected.
23:27:14 INFO  : 'jtag frequency' command is executed.
23:27:14 INFO  : 'targets -set -filter {jtag_cable_name =~ "RealDigital Boo 88710000000EA" && level==0 && jtag_device_ctx=="jsn1-0362f093-0"}' command is executed.
23:27:16 INFO  : Device configured successfully with "D:/School/UIUC_ECE385_SP25/Final_Project/sdk/final_project/_ide/bitstream/mb_lab7_1_wrapper.bit"
23:27:16 INFO  : Context for processor 'microblaze_0' is selected.
23:27:16 INFO  : Hardware design and registers information is loaded from 'D:/School/UIUC_ECE385_SP25/Final_Project/sdk/mb_lab7_1_wrapper/export/mb_lab7_1_wrapper/hw/mb_lab7_1_wrapper.xsa'.
23:27:16 INFO  : 'configparams mdm-detect-bscan-mask 2' command is executed.
23:27:16 INFO  : Context for processor 'microblaze_0' is selected.
23:27:16 INFO  : System reset is completed.
23:27:19 INFO  : 'after 3000' command is executed.
23:27:19 INFO  : Context for processor 'microblaze_0' is selected.
23:27:20 INFO  : The application 'D:/School/UIUC_ECE385_SP25/Final_Project/sdk/final_project/Debug/final_project.elf' is downloaded to processor 'microblaze_0'.
23:27:20 INFO  : ----------------XSDB Script----------------
connect -url tcp:127.0.0.1:3121
targets -set -filter {jtag_cable_name =~ "RealDigital Boo 88710000000EA" && level==0 && jtag_device_ctx=="jsn1-0362f093-0"}
fpga -file D:/School/UIUC_ECE385_SP25/Final_Project/sdk/final_project/_ide/bitstream/mb_lab7_1_wrapper.bit
targets -set -nocase -filter {name =~ "*microblaze*#0" && bscan=="USER2" }
loadhw -hw D:/School/UIUC_ECE385_SP25/Final_Project/sdk/mb_lab7_1_wrapper/export/mb_lab7_1_wrapper/hw/mb_lab7_1_wrapper.xsa -regs
configparams mdm-detect-bscan-mask 2
targets -set -nocase -filter {name =~ "*microblaze*#0" && bscan=="USER2" }
rst -system
after 3000
targets -set -nocase -filter {name =~ "*microblaze*#0" && bscan=="USER2" }
dow D:/School/UIUC_ECE385_SP25/Final_Project/sdk/final_project/Debug/final_project.elf
----------------End of Script----------------

23:27:20 INFO  : Context for processor 'microblaze_0' is selected.
23:27:20 INFO  : 'con' command is executed.
23:27:20 INFO  : ----------------XSDB Script (After Launch)----------------
targets -set -nocase -filter {name =~ "*microblaze*#0" && bscan=="USER2" }
con
----------------End of Script----------------

23:27:20 INFO  : Disconnected from the channel tcfchan#6.
00:08:26 INFO  : Hardware specification for platform project 'mb_lab7_1_wrapper' is updated.
00:08:36 INFO  : Result from executing command 'getProjects': mb_lab7_1_wrapper
00:08:36 INFO  : Result from executing command 'getPlatforms': mb_lab7_1_wrapper|D:/School/UIUC_ECE385_SP25/Final_Project/sdk/mb_lab7_1_wrapper/export/mb_lab7_1_wrapper/mb_lab7_1_wrapper.xpfm
00:08:37 INFO  : Checking for BSP changes to sync application flags for project 'final_project'...
00:08:38 INFO  : The hardware specification used by project 'final_project' is out of sync with the platform. Resource files extracted from the hardware specification will be updated.
00:08:38 INFO  : The file 'D:\School\UIUC_ECE385_SP25\Final_Project\sdk\final_project\_ide\bitstream\mb_lab7_1_wrapper.bit' stored in project is removed.
00:08:38 INFO  : The file 'D:\School\UIUC_ECE385_SP25\Final_Project\sdk\final_project\_ide\bitstream\mb_lab7_1_wrapper.mmi' stored in project is removed.
00:08:38 INFO  : The updated bitstream files are copied from platform to folder 'D:\School\UIUC_ECE385_SP25\Final_Project\sdk\final_project\_ide\bitstream' in project 'final_project'.
00:08:42 INFO  : Connected to target on host '127.0.0.1' and port '3121'.
00:08:43 INFO  : Jtag cable 'RealDigital Boo 88710000000EA' is selected.
00:08:43 INFO  : 'jtag frequency' command is executed.
00:08:43 INFO  : 'targets -set -filter {jtag_cable_name =~ "RealDigital Boo 88710000000EA" && level==0 && jtag_device_ctx=="jsn1-0362f093-0"}' command is executed.
00:08:45 INFO  : Device configured successfully with "D:/School/UIUC_ECE385_SP25/Final_Project/sdk/final_project/_ide/bitstream/mb_lab7_1_wrapper.bit"
00:08:45 INFO  : Context for processor 'microblaze_0' is selected.
00:08:45 INFO  : Hardware design and registers information is loaded from 'D:/School/UIUC_ECE385_SP25/Final_Project/sdk/mb_lab7_1_wrapper/export/mb_lab7_1_wrapper/hw/mb_lab7_1_wrapper.xsa'.
00:08:45 INFO  : 'configparams mdm-detect-bscan-mask 2' command is executed.
00:08:45 INFO  : Context for processor 'microblaze_0' is selected.
00:08:45 INFO  : System reset is completed.
00:08:48 INFO  : 'after 3000' command is executed.
00:08:49 INFO  : Context for processor 'microblaze_0' is selected.
00:08:49 INFO  : The application 'D:/School/UIUC_ECE385_SP25/Final_Project/sdk/final_project/Debug/final_project.elf' is downloaded to processor 'microblaze_0'.
00:08:49 INFO  : ----------------XSDB Script----------------
connect -url tcp:127.0.0.1:3121
targets -set -filter {jtag_cable_name =~ "RealDigital Boo 88710000000EA" && level==0 && jtag_device_ctx=="jsn1-0362f093-0"}
fpga -file D:/School/UIUC_ECE385_SP25/Final_Project/sdk/final_project/_ide/bitstream/mb_lab7_1_wrapper.bit
targets -set -nocase -filter {name =~ "*microblaze*#0" && bscan=="USER2" }
loadhw -hw D:/School/UIUC_ECE385_SP25/Final_Project/sdk/mb_lab7_1_wrapper/export/mb_lab7_1_wrapper/hw/mb_lab7_1_wrapper.xsa -regs
configparams mdm-detect-bscan-mask 2
targets -set -nocase -filter {name =~ "*microblaze*#0" && bscan=="USER2" }
rst -system
after 3000
targets -set -nocase -filter {name =~ "*microblaze*#0" && bscan=="USER2" }
dow D:/School/UIUC_ECE385_SP25/Final_Project/sdk/final_project/Debug/final_project.elf
----------------End of Script----------------

00:08:49 INFO  : Context for processor 'microblaze_0' is selected.
00:08:49 INFO  : 'con' command is executed.
00:08:49 INFO  : ----------------XSDB Script (After Launch)----------------
targets -set -nocase -filter {name =~ "*microblaze*#0" && bscan=="USER2" }
con
----------------End of Script----------------

00:08:49 INFO  : Disconnected from the channel tcfchan#8.
10:48:35 INFO  : Hardware specification for platform project 'mb_lab7_1_wrapper' is updated.
10:48:46 INFO  : Result from executing command 'getProjects': mb_lab7_1_wrapper
10:48:46 INFO  : Result from executing command 'getPlatforms': mb_lab7_1_wrapper|D:/School/UIUC_ECE385_SP25/Final_Project/sdk/mb_lab7_1_wrapper/export/mb_lab7_1_wrapper/mb_lab7_1_wrapper.xpfm
10:48:46 INFO  : Checking for BSP changes to sync application flags for project 'final_project'...
10:48:48 INFO  : The hardware specification used by project 'final_project' is out of sync with the platform. Resource files extracted from the hardware specification will be updated.
10:48:48 INFO  : The file 'D:\School\UIUC_ECE385_SP25\Final_Project\sdk\final_project\_ide\bitstream\mb_lab7_1_wrapper.bit' stored in project is removed.
10:48:48 INFO  : The file 'D:\School\UIUC_ECE385_SP25\Final_Project\sdk\final_project\_ide\bitstream\mb_lab7_1_wrapper.mmi' stored in project is removed.
10:48:48 INFO  : The updated bitstream files are copied from platform to folder 'D:\School\UIUC_ECE385_SP25\Final_Project\sdk\final_project\_ide\bitstream' in project 'final_project'.
10:48:53 INFO  : Connected to target on host '127.0.0.1' and port '3121'.
10:48:55 INFO  : Jtag cable 'RealDigital Boo 88710000000EA' is selected.
10:48:55 INFO  : 'jtag frequency' command is executed.
10:48:55 INFO  : 'targets -set -filter {jtag_cable_name =~ "RealDigital Boo 88710000000EA" && level==0 && jtag_device_ctx=="jsn1-0362f093-0"}' command is executed.
10:48:57 INFO  : Device configured successfully with "D:/School/UIUC_ECE385_SP25/Final_Project/sdk/final_project/_ide/bitstream/mb_lab7_1_wrapper.bit"
10:48:57 INFO  : Context for processor 'microblaze_0' is selected.
10:48:57 INFO  : Hardware design and registers information is loaded from 'D:/School/UIUC_ECE385_SP25/Final_Project/sdk/mb_lab7_1_wrapper/export/mb_lab7_1_wrapper/hw/mb_lab7_1_wrapper.xsa'.
10:48:57 INFO  : 'configparams mdm-detect-bscan-mask 2' command is executed.
10:48:57 INFO  : Context for processor 'microblaze_0' is selected.
10:48:57 INFO  : System reset is completed.
10:49:00 INFO  : 'after 3000' command is executed.
10:49:01 INFO  : Context for processor 'microblaze_0' is selected.
10:49:01 INFO  : The application 'D:/School/UIUC_ECE385_SP25/Final_Project/sdk/final_project/Debug/final_project.elf' is downloaded to processor 'microblaze_0'.
10:49:01 INFO  : ----------------XSDB Script----------------
connect -url tcp:127.0.0.1:3121
targets -set -filter {jtag_cable_name =~ "RealDigital Boo 88710000000EA" && level==0 && jtag_device_ctx=="jsn1-0362f093-0"}
fpga -file D:/School/UIUC_ECE385_SP25/Final_Project/sdk/final_project/_ide/bitstream/mb_lab7_1_wrapper.bit
targets -set -nocase -filter {name =~ "*microblaze*#0" && bscan=="USER2" }
loadhw -hw D:/School/UIUC_ECE385_SP25/Final_Project/sdk/mb_lab7_1_wrapper/export/mb_lab7_1_wrapper/hw/mb_lab7_1_wrapper.xsa -regs
configparams mdm-detect-bscan-mask 2
targets -set -nocase -filter {name =~ "*microblaze*#0" && bscan=="USER2" }
rst -system
after 3000
targets -set -nocase -filter {name =~ "*microblaze*#0" && bscan=="USER2" }
dow D:/School/UIUC_ECE385_SP25/Final_Project/sdk/final_project/Debug/final_project.elf
----------------End of Script----------------

10:49:01 INFO  : Context for processor 'microblaze_0' is selected.
10:49:01 INFO  : 'con' command is executed.
10:49:01 INFO  : ----------------XSDB Script (After Launch)----------------
targets -set -nocase -filter {name =~ "*microblaze*#0" && bscan=="USER2" }
con
----------------End of Script----------------

10:49:01 INFO  : Disconnected from the channel tcfchan#10.
11:28:32 INFO  : Hardware specification for platform project 'mb_lab7_1_wrapper' is updated.
11:28:41 INFO  : Result from executing command 'getProjects': mb_lab7_1_wrapper
11:28:41 INFO  : Result from executing command 'getPlatforms': mb_lab7_1_wrapper|D:/School/UIUC_ECE385_SP25/Final_Project/sdk/mb_lab7_1_wrapper/export/mb_lab7_1_wrapper/mb_lab7_1_wrapper.xpfm
11:28:41 INFO  : Checking for BSP changes to sync application flags for project 'final_project'...
11:28:43 INFO  : The hardware specification used by project 'final_project' is out of sync with the platform. Resource files extracted from the hardware specification will be updated.
11:28:43 INFO  : The file 'D:\School\UIUC_ECE385_SP25\Final_Project\sdk\final_project\_ide\bitstream\mb_lab7_1_wrapper.bit' stored in project is removed.
11:28:43 INFO  : The file 'D:\School\UIUC_ECE385_SP25\Final_Project\sdk\final_project\_ide\bitstream\mb_lab7_1_wrapper.mmi' stored in project is removed.
11:28:43 INFO  : The updated bitstream files are copied from platform to folder 'D:\School\UIUC_ECE385_SP25\Final_Project\sdk\final_project\_ide\bitstream' in project 'final_project'.
11:28:53 INFO  : Connected to target on host '127.0.0.1' and port '3121'.
11:28:53 INFO  : Jtag cable 'RealDigital Boo 88710000000EA' is selected.
11:28:53 INFO  : 'jtag frequency' command is executed.
11:28:53 INFO  : 'targets -set -filter {jtag_cable_name =~ "RealDigital Boo 88710000000EA" && level==0 && jtag_device_ctx=="jsn1-0362f093-0"}' command is executed.
11:28:55 INFO  : Device configured successfully with "D:/School/UIUC_ECE385_SP25/Final_Project/sdk/final_project/_ide/bitstream/mb_lab7_1_wrapper.bit"
11:28:55 INFO  : Context for processor 'microblaze_0' is selected.
11:28:55 INFO  : Hardware design and registers information is loaded from 'D:/School/UIUC_ECE385_SP25/Final_Project/sdk/mb_lab7_1_wrapper/export/mb_lab7_1_wrapper/hw/mb_lab7_1_wrapper.xsa'.
11:28:55 INFO  : 'configparams mdm-detect-bscan-mask 2' command is executed.
11:28:55 INFO  : Context for processor 'microblaze_0' is selected.
11:28:55 INFO  : System reset is completed.
11:28:58 INFO  : 'after 3000' command is executed.
11:28:59 INFO  : Context for processor 'microblaze_0' is selected.
11:28:59 INFO  : The application 'D:/School/UIUC_ECE385_SP25/Final_Project/sdk/final_project/Debug/final_project.elf' is downloaded to processor 'microblaze_0'.
11:28:59 INFO  : ----------------XSDB Script----------------
connect -url tcp:127.0.0.1:3121
targets -set -filter {jtag_cable_name =~ "RealDigital Boo 88710000000EA" && level==0 && jtag_device_ctx=="jsn1-0362f093-0"}
fpga -file D:/School/UIUC_ECE385_SP25/Final_Project/sdk/final_project/_ide/bitstream/mb_lab7_1_wrapper.bit
targets -set -nocase -filter {name =~ "*microblaze*#0" && bscan=="USER2" }
loadhw -hw D:/School/UIUC_ECE385_SP25/Final_Project/sdk/mb_lab7_1_wrapper/export/mb_lab7_1_wrapper/hw/mb_lab7_1_wrapper.xsa -regs
configparams mdm-detect-bscan-mask 2
targets -set -nocase -filter {name =~ "*microblaze*#0" && bscan=="USER2" }
rst -system
after 3000
targets -set -nocase -filter {name =~ "*microblaze*#0" && bscan=="USER2" }
dow D:/School/UIUC_ECE385_SP25/Final_Project/sdk/final_project/Debug/final_project.elf
----------------End of Script----------------

11:28:59 INFO  : Context for processor 'microblaze_0' is selected.
11:28:59 INFO  : 'con' command is executed.
11:28:59 INFO  : ----------------XSDB Script (After Launch)----------------
targets -set -nocase -filter {name =~ "*microblaze*#0" && bscan=="USER2" }
con
----------------End of Script----------------

11:28:59 INFO  : Disconnected from the channel tcfchan#12.
11:43:11 INFO  : Hardware specification for platform project 'mb_lab7_1_wrapper' is updated.
11:43:21 INFO  : Result from executing command 'getProjects': mb_lab7_1_wrapper
11:43:21 INFO  : Result from executing command 'getPlatforms': mb_lab7_1_wrapper|D:/School/UIUC_ECE385_SP25/Final_Project/sdk/mb_lab7_1_wrapper/export/mb_lab7_1_wrapper/mb_lab7_1_wrapper.xpfm
11:43:22 INFO  : Checking for BSP changes to sync application flags for project 'final_project'...
11:43:24 INFO  : The hardware specification used by project 'final_project' is out of sync with the platform. Resource files extracted from the hardware specification will be updated.
11:43:24 INFO  : The file 'D:\School\UIUC_ECE385_SP25\Final_Project\sdk\final_project\_ide\bitstream\mb_lab7_1_wrapper.bit' stored in project is removed.
11:43:24 INFO  : The file 'D:\School\UIUC_ECE385_SP25\Final_Project\sdk\final_project\_ide\bitstream\mb_lab7_1_wrapper.mmi' stored in project is removed.
11:43:24 INFO  : The updated bitstream files are copied from platform to folder 'D:\School\UIUC_ECE385_SP25\Final_Project\sdk\final_project\_ide\bitstream' in project 'final_project'.
11:43:29 INFO  : Connected to target on host '127.0.0.1' and port '3121'.
11:43:30 INFO  : Jtag cable 'RealDigital Boo 88710000000EA' is selected.
11:43:30 INFO  : 'jtag frequency' command is executed.
11:43:31 INFO  : 'targets -set -filter {jtag_cable_name =~ "RealDigital Boo 88710000000EA" && level==0 && jtag_device_ctx=="jsn1-0362f093-0"}' command is executed.
11:43:32 INFO  : Device configured successfully with "D:/School/UIUC_ECE385_SP25/Final_Project/sdk/final_project/_ide/bitstream/mb_lab7_1_wrapper.bit"
11:43:32 INFO  : Context for processor 'microblaze_0' is selected.
11:43:32 INFO  : Hardware design and registers information is loaded from 'D:/School/UIUC_ECE385_SP25/Final_Project/sdk/mb_lab7_1_wrapper/export/mb_lab7_1_wrapper/hw/mb_lab7_1_wrapper.xsa'.
11:43:32 INFO  : 'configparams mdm-detect-bscan-mask 2' command is executed.
11:43:32 INFO  : Context for processor 'microblaze_0' is selected.
11:43:32 INFO  : System reset is completed.
11:43:35 INFO  : 'after 3000' command is executed.
11:43:36 INFO  : Context for processor 'microblaze_0' is selected.
11:43:36 INFO  : The application 'D:/School/UIUC_ECE385_SP25/Final_Project/sdk/final_project/Debug/final_project.elf' is downloaded to processor 'microblaze_0'.
11:43:36 INFO  : ----------------XSDB Script----------------
connect -url tcp:127.0.0.1:3121
targets -set -filter {jtag_cable_name =~ "RealDigital Boo 88710000000EA" && level==0 && jtag_device_ctx=="jsn1-0362f093-0"}
fpga -file D:/School/UIUC_ECE385_SP25/Final_Project/sdk/final_project/_ide/bitstream/mb_lab7_1_wrapper.bit
targets -set -nocase -filter {name =~ "*microblaze*#0" && bscan=="USER2" }
loadhw -hw D:/School/UIUC_ECE385_SP25/Final_Project/sdk/mb_lab7_1_wrapper/export/mb_lab7_1_wrapper/hw/mb_lab7_1_wrapper.xsa -regs
configparams mdm-detect-bscan-mask 2
targets -set -nocase -filter {name =~ "*microblaze*#0" && bscan=="USER2" }
rst -system
after 3000
targets -set -nocase -filter {name =~ "*microblaze*#0" && bscan=="USER2" }
dow D:/School/UIUC_ECE385_SP25/Final_Project/sdk/final_project/Debug/final_project.elf
----------------End of Script----------------

11:43:36 INFO  : Context for processor 'microblaze_0' is selected.
11:43:36 INFO  : 'con' command is executed.
11:43:36 INFO  : ----------------XSDB Script (After Launch)----------------
targets -set -nocase -filter {name =~ "*microblaze*#0" && bscan=="USER2" }
con
----------------End of Script----------------

11:43:36 INFO  : Disconnected from the channel tcfchan#14.
11:44:21 INFO  : Connected to target on host '127.0.0.1' and port '3121'.
11:44:21 INFO  : Jtag cable 'RealDigital Boo 88710000000EA' is selected.
11:44:21 INFO  : 'jtag frequency' command is executed.
11:44:22 INFO  : 'targets -set -filter {jtag_cable_name =~ "RealDigital Boo 88710000000EA" && level==0 && jtag_device_ctx=="jsn1-0362f093-0"}' command is executed.
11:44:24 INFO  : Device configured successfully with "D:/School/UIUC_ECE385_SP25/Final_Project/sdk/final_project/_ide/bitstream/mb_lab7_1_wrapper.bit"
11:44:24 INFO  : Context for processor 'microblaze_0' is selected.
11:44:24 INFO  : Hardware design and registers information is loaded from 'D:/School/UIUC_ECE385_SP25/Final_Project/sdk/mb_lab7_1_wrapper/export/mb_lab7_1_wrapper/hw/mb_lab7_1_wrapper.xsa'.
11:44:24 INFO  : 'configparams mdm-detect-bscan-mask 2' command is executed.
11:44:24 INFO  : Context for processor 'microblaze_0' is selected.
11:44:24 INFO  : System reset is completed.
11:44:27 INFO  : 'after 3000' command is executed.
11:44:27 INFO  : Context for processor 'microblaze_0' is selected.
11:44:28 INFO  : The application 'D:/School/UIUC_ECE385_SP25/Final_Project/sdk/final_project/Debug/final_project.elf' is downloaded to processor 'microblaze_0'.
11:44:28 INFO  : ----------------XSDB Script----------------
connect -url tcp:127.0.0.1:3121
targets -set -filter {jtag_cable_name =~ "RealDigital Boo 88710000000EA" && level==0 && jtag_device_ctx=="jsn1-0362f093-0"}
fpga -file D:/School/UIUC_ECE385_SP25/Final_Project/sdk/final_project/_ide/bitstream/mb_lab7_1_wrapper.bit
targets -set -nocase -filter {name =~ "*microblaze*#0" && bscan=="USER2" }
loadhw -hw D:/School/UIUC_ECE385_SP25/Final_Project/sdk/mb_lab7_1_wrapper/export/mb_lab7_1_wrapper/hw/mb_lab7_1_wrapper.xsa -regs
configparams mdm-detect-bscan-mask 2
targets -set -nocase -filter {name =~ "*microblaze*#0" && bscan=="USER2" }
rst -system
after 3000
targets -set -nocase -filter {name =~ "*microblaze*#0" && bscan=="USER2" }
dow D:/School/UIUC_ECE385_SP25/Final_Project/sdk/final_project/Debug/final_project.elf
----------------End of Script----------------

11:44:28 INFO  : Context for processor 'microblaze_0' is selected.
11:44:28 INFO  : 'con' command is executed.
11:44:28 INFO  : ----------------XSDB Script (After Launch)----------------
targets -set -nocase -filter {name =~ "*microblaze*#0" && bscan=="USER2" }
con
----------------End of Script----------------

11:44:28 INFO  : Disconnected from the channel tcfchan#15.
11:45:28 INFO  : Checking for BSP changes to sync application flags for project 'final_project'...
11:45:33 INFO  : Connected to target on host '127.0.0.1' and port '3121'.
11:45:34 INFO  : Jtag cable 'RealDigital Boo 88710000000EA' is selected.
11:45:34 INFO  : 'jtag frequency' command is executed.
11:45:34 INFO  : 'targets -set -filter {jtag_cable_name =~ "RealDigital Boo 88710000000EA" && level==0 && jtag_device_ctx=="jsn1-0362f093-0"}' command is executed.
11:45:36 INFO  : Device configured successfully with "D:/School/UIUC_ECE385_SP25/Final_Project/sdk/final_project/_ide/bitstream/mb_lab7_1_wrapper.bit"
11:45:36 INFO  : Context for processor 'microblaze_0' is selected.
11:45:36 INFO  : Hardware design and registers information is loaded from 'D:/School/UIUC_ECE385_SP25/Final_Project/sdk/mb_lab7_1_wrapper/export/mb_lab7_1_wrapper/hw/mb_lab7_1_wrapper.xsa'.
11:45:36 INFO  : 'configparams mdm-detect-bscan-mask 2' command is executed.
11:45:36 INFO  : Context for processor 'microblaze_0' is selected.
11:45:36 INFO  : System reset is completed.
11:45:39 INFO  : 'after 3000' command is executed.
11:45:40 INFO  : Context for processor 'microblaze_0' is selected.
11:45:40 INFO  : The application 'D:/School/UIUC_ECE385_SP25/Final_Project/sdk/final_project/Debug/final_project.elf' is downloaded to processor 'microblaze_0'.
11:45:40 INFO  : ----------------XSDB Script----------------
connect -url tcp:127.0.0.1:3121
targets -set -filter {jtag_cable_name =~ "RealDigital Boo 88710000000EA" && level==0 && jtag_device_ctx=="jsn1-0362f093-0"}
fpga -file D:/School/UIUC_ECE385_SP25/Final_Project/sdk/final_project/_ide/bitstream/mb_lab7_1_wrapper.bit
targets -set -nocase -filter {name =~ "*microblaze*#0" && bscan=="USER2" }
loadhw -hw D:/School/UIUC_ECE385_SP25/Final_Project/sdk/mb_lab7_1_wrapper/export/mb_lab7_1_wrapper/hw/mb_lab7_1_wrapper.xsa -regs
configparams mdm-detect-bscan-mask 2
targets -set -nocase -filter {name =~ "*microblaze*#0" && bscan=="USER2" }
rst -system
after 3000
targets -set -nocase -filter {name =~ "*microblaze*#0" && bscan=="USER2" }
dow D:/School/UIUC_ECE385_SP25/Final_Project/sdk/final_project/Debug/final_project.elf
----------------End of Script----------------

11:45:40 INFO  : Context for processor 'microblaze_0' is selected.
11:45:40 INFO  : 'con' command is executed.
11:45:40 INFO  : ----------------XSDB Script (After Launch)----------------
targets -set -nocase -filter {name =~ "*microblaze*#0" && bscan=="USER2" }
con
----------------End of Script----------------

11:45:40 INFO  : Disconnected from the channel tcfchan#16.
11:56:04 INFO  : Hardware specification for platform project 'mb_lab7_1_wrapper' is updated.
11:56:15 INFO  : Result from executing command 'getProjects': mb_lab7_1_wrapper
11:56:15 INFO  : Result from executing command 'getPlatforms': mb_lab7_1_wrapper|D:/School/UIUC_ECE385_SP25/Final_Project/sdk/mb_lab7_1_wrapper/export/mb_lab7_1_wrapper/mb_lab7_1_wrapper.xpfm
11:56:15 INFO  : Checking for BSP changes to sync application flags for project 'final_project'...
11:56:17 INFO  : The hardware specification used by project 'final_project' is out of sync with the platform. Resource files extracted from the hardware specification will be updated.
11:56:17 INFO  : The file 'D:\School\UIUC_ECE385_SP25\Final_Project\sdk\final_project\_ide\bitstream\mb_lab7_1_wrapper.bit' stored in project is removed.
11:56:17 INFO  : The file 'D:\School\UIUC_ECE385_SP25\Final_Project\sdk\final_project\_ide\bitstream\mb_lab7_1_wrapper.mmi' stored in project is removed.
11:56:17 INFO  : The updated bitstream files are copied from platform to folder 'D:\School\UIUC_ECE385_SP25\Final_Project\sdk\final_project\_ide\bitstream' in project 'final_project'.
11:56:34 INFO  : Connected to target on host '127.0.0.1' and port '3121'.
11:56:35 INFO  : Jtag cable 'RealDigital Boo 88710000000EA' is selected.
11:56:35 INFO  : 'jtag frequency' command is executed.
11:56:35 INFO  : 'targets -set -filter {jtag_cable_name =~ "RealDigital Boo 88710000000EA" && level==0 && jtag_device_ctx=="jsn1-0362f093-0"}' command is executed.
11:56:37 INFO  : Device configured successfully with "D:/School/UIUC_ECE385_SP25/Final_Project/sdk/final_project/_ide/bitstream/mb_lab7_1_wrapper.bit"
11:56:37 INFO  : Context for processor 'microblaze_0' is selected.
11:56:37 INFO  : Hardware design and registers information is loaded from 'D:/School/UIUC_ECE385_SP25/Final_Project/sdk/mb_lab7_1_wrapper/export/mb_lab7_1_wrapper/hw/mb_lab7_1_wrapper.xsa'.
11:56:37 INFO  : 'configparams mdm-detect-bscan-mask 2' command is executed.
11:56:37 INFO  : Context for processor 'microblaze_0' is selected.
11:56:37 INFO  : System reset is completed.
11:56:40 INFO  : 'after 3000' command is executed.
11:56:41 INFO  : Context for processor 'microblaze_0' is selected.
11:56:41 INFO  : The application 'D:/School/UIUC_ECE385_SP25/Final_Project/sdk/final_project/Debug/final_project.elf' is downloaded to processor 'microblaze_0'.
11:56:41 INFO  : ----------------XSDB Script----------------
connect -url tcp:127.0.0.1:3121
targets -set -filter {jtag_cable_name =~ "RealDigital Boo 88710000000EA" && level==0 && jtag_device_ctx=="jsn1-0362f093-0"}
fpga -file D:/School/UIUC_ECE385_SP25/Final_Project/sdk/final_project/_ide/bitstream/mb_lab7_1_wrapper.bit
targets -set -nocase -filter {name =~ "*microblaze*#0" && bscan=="USER2" }
loadhw -hw D:/School/UIUC_ECE385_SP25/Final_Project/sdk/mb_lab7_1_wrapper/export/mb_lab7_1_wrapper/hw/mb_lab7_1_wrapper.xsa -regs
configparams mdm-detect-bscan-mask 2
targets -set -nocase -filter {name =~ "*microblaze*#0" && bscan=="USER2" }
rst -system
after 3000
targets -set -nocase -filter {name =~ "*microblaze*#0" && bscan=="USER2" }
dow D:/School/UIUC_ECE385_SP25/Final_Project/sdk/final_project/Debug/final_project.elf
----------------End of Script----------------

11:56:41 INFO  : Context for processor 'microblaze_0' is selected.
11:56:41 INFO  : 'con' command is executed.
11:56:41 INFO  : ----------------XSDB Script (After Launch)----------------
targets -set -nocase -filter {name =~ "*microblaze*#0" && bscan=="USER2" }
con
----------------End of Script----------------

11:56:41 INFO  : Disconnected from the channel tcfchan#18.
11:57:16 INFO  : Checking for BSP changes to sync application flags for project 'final_project'...
11:57:35 INFO  : Connected to target on host '127.0.0.1' and port '3121'.
11:57:35 INFO  : Jtag cable 'RealDigital Boo 88710000000EA' is selected.
11:57:35 INFO  : 'jtag frequency' command is executed.
11:57:35 INFO  : 'targets -set -filter {jtag_cable_name =~ "RealDigital Boo 88710000000EA" && level==0 && jtag_device_ctx=="jsn1-0362f093-0"}' command is executed.
11:57:36 INFO  : Device configured successfully with "D:/School/UIUC_ECE385_SP25/Final_Project/sdk/final_project/_ide/bitstream/mb_lab7_1_wrapper.bit"
11:57:36 INFO  : Context for processor 'microblaze_0' is selected.
11:57:36 INFO  : Hardware design and registers information is loaded from 'D:/School/UIUC_ECE385_SP25/Final_Project/sdk/mb_lab7_1_wrapper/export/mb_lab7_1_wrapper/hw/mb_lab7_1_wrapper.xsa'.
11:57:36 INFO  : 'configparams mdm-detect-bscan-mask 2' command is executed.
11:57:36 INFO  : Context for processor 'microblaze_0' is selected.
11:57:36 INFO  : System reset is completed.
11:57:39 INFO  : 'after 3000' command is executed.
11:57:39 INFO  : Context for processor 'microblaze_0' is selected.
11:57:39 INFO  : The application 'D:/School/UIUC_ECE385_SP25/Final_Project/sdk/final_project/Debug/final_project.elf' is downloaded to processor 'microblaze_0'.
11:57:39 INFO  : ----------------XSDB Script----------------
connect -url tcp:127.0.0.1:3121
targets -set -filter {jtag_cable_name =~ "RealDigital Boo 88710000000EA" && level==0 && jtag_device_ctx=="jsn1-0362f093-0"}
fpga -file D:/School/UIUC_ECE385_SP25/Final_Project/sdk/final_project/_ide/bitstream/mb_lab7_1_wrapper.bit
targets -set -nocase -filter {name =~ "*microblaze*#0" && bscan=="USER2" }
loadhw -hw D:/School/UIUC_ECE385_SP25/Final_Project/sdk/mb_lab7_1_wrapper/export/mb_lab7_1_wrapper/hw/mb_lab7_1_wrapper.xsa -regs
configparams mdm-detect-bscan-mask 2
targets -set -nocase -filter {name =~ "*microblaze*#0" && bscan=="USER2" }
rst -system
after 3000
targets -set -nocase -filter {name =~ "*microblaze*#0" && bscan=="USER2" }
dow D:/School/UIUC_ECE385_SP25/Final_Project/sdk/final_project/Debug/final_project.elf
----------------End of Script----------------

11:57:39 INFO  : Context for processor 'microblaze_0' is selected.
11:57:39 INFO  : 'con' command is executed.
11:57:39 INFO  : ----------------XSDB Script (After Launch)----------------
targets -set -nocase -filter {name =~ "*microblaze*#0" && bscan=="USER2" }
con
----------------End of Script----------------

11:57:39 INFO  : Disconnected from the channel tcfchan#19.
12:17:39 INFO  : Hardware specification for platform project 'mb_lab7_1_wrapper' is updated.
12:17:49 INFO  : Result from executing command 'getProjects': mb_lab7_1_wrapper
12:17:49 INFO  : Result from executing command 'getPlatforms': mb_lab7_1_wrapper|D:/School/UIUC_ECE385_SP25/Final_Project/sdk/mb_lab7_1_wrapper/export/mb_lab7_1_wrapper/mb_lab7_1_wrapper.xpfm
12:17:49 INFO  : Checking for BSP changes to sync application flags for project 'final_project'...
12:17:51 INFO  : The hardware specification used by project 'final_project' is out of sync with the platform. Resource files extracted from the hardware specification will be updated.
12:17:51 INFO  : The file 'D:\School\UIUC_ECE385_SP25\Final_Project\sdk\final_project\_ide\bitstream\mb_lab7_1_wrapper.bit' stored in project is removed.
12:17:51 INFO  : The file 'D:\School\UIUC_ECE385_SP25\Final_Project\sdk\final_project\_ide\bitstream\mb_lab7_1_wrapper.mmi' stored in project is removed.
12:17:51 INFO  : The updated bitstream files are copied from platform to folder 'D:\School\UIUC_ECE385_SP25\Final_Project\sdk\final_project\_ide\bitstream' in project 'final_project'.
12:17:56 INFO  : Connected to target on host '127.0.0.1' and port '3121'.
12:17:56 INFO  : Jtag cable 'RealDigital Boo 88710000000EA' is selected.
12:17:56 INFO  : 'jtag frequency' command is executed.
12:17:56 INFO  : 'targets -set -filter {jtag_cable_name =~ "RealDigital Boo 88710000000EA" && level==0 && jtag_device_ctx=="jsn1-0362f093-0"}' command is executed.
12:17:58 INFO  : Device configured successfully with "D:/School/UIUC_ECE385_SP25/Final_Project/sdk/final_project/_ide/bitstream/mb_lab7_1_wrapper.bit"
12:17:58 INFO  : Context for processor 'microblaze_0' is selected.
12:17:58 INFO  : Hardware design and registers information is loaded from 'D:/School/UIUC_ECE385_SP25/Final_Project/sdk/mb_lab7_1_wrapper/export/mb_lab7_1_wrapper/hw/mb_lab7_1_wrapper.xsa'.
12:17:58 INFO  : 'configparams mdm-detect-bscan-mask 2' command is executed.
12:17:58 INFO  : Context for processor 'microblaze_0' is selected.
12:17:58 INFO  : System reset is completed.
12:18:01 INFO  : 'after 3000' command is executed.
12:18:01 INFO  : Context for processor 'microblaze_0' is selected.
12:18:01 INFO  : The application 'D:/School/UIUC_ECE385_SP25/Final_Project/sdk/final_project/Debug/final_project.elf' is downloaded to processor 'microblaze_0'.
12:18:01 INFO  : ----------------XSDB Script----------------
connect -url tcp:127.0.0.1:3121
targets -set -filter {jtag_cable_name =~ "RealDigital Boo 88710000000EA" && level==0 && jtag_device_ctx=="jsn1-0362f093-0"}
fpga -file D:/School/UIUC_ECE385_SP25/Final_Project/sdk/final_project/_ide/bitstream/mb_lab7_1_wrapper.bit
targets -set -nocase -filter {name =~ "*microblaze*#0" && bscan=="USER2" }
loadhw -hw D:/School/UIUC_ECE385_SP25/Final_Project/sdk/mb_lab7_1_wrapper/export/mb_lab7_1_wrapper/hw/mb_lab7_1_wrapper.xsa -regs
configparams mdm-detect-bscan-mask 2
targets -set -nocase -filter {name =~ "*microblaze*#0" && bscan=="USER2" }
rst -system
after 3000
targets -set -nocase -filter {name =~ "*microblaze*#0" && bscan=="USER2" }
dow D:/School/UIUC_ECE385_SP25/Final_Project/sdk/final_project/Debug/final_project.elf
----------------End of Script----------------

12:18:01 INFO  : Context for processor 'microblaze_0' is selected.
12:18:01 INFO  : 'con' command is executed.
12:18:01 INFO  : ----------------XSDB Script (After Launch)----------------
targets -set -nocase -filter {name =~ "*microblaze*#0" && bscan=="USER2" }
con
----------------End of Script----------------

12:18:01 INFO  : Disconnected from the channel tcfchan#21.
12:33:58 INFO  : Checking for BSP changes to sync application flags for project 'final_project'...
12:34:04 INFO  : Connected to target on host '127.0.0.1' and port '3121'.
12:34:04 INFO  : Jtag cable 'RealDigital Boo 88710000000EA' is selected.
12:34:04 INFO  : 'jtag frequency' command is executed.
12:34:04 INFO  : 'targets -set -filter {jtag_cable_name =~ "RealDigital Boo 88710000000EA" && level==0 && jtag_device_ctx=="jsn1-0362f093-0"}' command is executed.
12:34:05 INFO  : Device configured successfully with "D:/School/UIUC_ECE385_SP25/Final_Project/sdk/final_project/_ide/bitstream/mb_lab7_1_wrapper.bit"
12:34:05 INFO  : Context for processor 'microblaze_0' is selected.
12:34:05 INFO  : Hardware design and registers information is loaded from 'D:/School/UIUC_ECE385_SP25/Final_Project/sdk/mb_lab7_1_wrapper/export/mb_lab7_1_wrapper/hw/mb_lab7_1_wrapper.xsa'.
12:34:05 INFO  : 'configparams mdm-detect-bscan-mask 2' command is executed.
12:34:05 INFO  : Context for processor 'microblaze_0' is selected.
12:34:05 INFO  : System reset is completed.
12:34:08 INFO  : 'after 3000' command is executed.
12:34:08 INFO  : Context for processor 'microblaze_0' is selected.
12:34:09 INFO  : The application 'D:/School/UIUC_ECE385_SP25/Final_Project/sdk/final_project/Debug/final_project.elf' is downloaded to processor 'microblaze_0'.
12:34:09 INFO  : ----------------XSDB Script----------------
connect -url tcp:127.0.0.1:3121
targets -set -filter {jtag_cable_name =~ "RealDigital Boo 88710000000EA" && level==0 && jtag_device_ctx=="jsn1-0362f093-0"}
fpga -file D:/School/UIUC_ECE385_SP25/Final_Project/sdk/final_project/_ide/bitstream/mb_lab7_1_wrapper.bit
targets -set -nocase -filter {name =~ "*microblaze*#0" && bscan=="USER2" }
loadhw -hw D:/School/UIUC_ECE385_SP25/Final_Project/sdk/mb_lab7_1_wrapper/export/mb_lab7_1_wrapper/hw/mb_lab7_1_wrapper.xsa -regs
configparams mdm-detect-bscan-mask 2
targets -set -nocase -filter {name =~ "*microblaze*#0" && bscan=="USER2" }
rst -system
after 3000
targets -set -nocase -filter {name =~ "*microblaze*#0" && bscan=="USER2" }
dow D:/School/UIUC_ECE385_SP25/Final_Project/sdk/final_project/Debug/final_project.elf
----------------End of Script----------------

12:34:09 INFO  : Context for processor 'microblaze_0' is selected.
12:34:09 INFO  : 'con' command is executed.
12:34:09 INFO  : ----------------XSDB Script (After Launch)----------------
targets -set -nocase -filter {name =~ "*microblaze*#0" && bscan=="USER2" }
con
----------------End of Script----------------

12:34:09 INFO  : Disconnected from the channel tcfchan#22.
12:36:16 INFO  : Checking for BSP changes to sync application flags for project 'final_project'...
12:36:20 INFO  : Connected to target on host '127.0.0.1' and port '3121'.
12:36:21 INFO  : Jtag cable 'RealDigital Boo 88710000000EA' is selected.
12:36:21 INFO  : 'jtag frequency' command is executed.
12:36:21 INFO  : 'targets -set -filter {jtag_cable_name =~ "RealDigital Boo 88710000000EA" && level==0 && jtag_device_ctx=="jsn1-0362f093-0"}' command is executed.
12:36:22 INFO  : Device configured successfully with "D:/School/UIUC_ECE385_SP25/Final_Project/sdk/final_project/_ide/bitstream/mb_lab7_1_wrapper.bit"
12:36:22 INFO  : Context for processor 'microblaze_0' is selected.
12:36:22 INFO  : Hardware design and registers information is loaded from 'D:/School/UIUC_ECE385_SP25/Final_Project/sdk/mb_lab7_1_wrapper/export/mb_lab7_1_wrapper/hw/mb_lab7_1_wrapper.xsa'.
12:36:22 INFO  : 'configparams mdm-detect-bscan-mask 2' command is executed.
12:36:22 INFO  : Context for processor 'microblaze_0' is selected.
12:36:22 INFO  : System reset is completed.
12:36:25 INFO  : 'after 3000' command is executed.
12:36:25 INFO  : Context for processor 'microblaze_0' is selected.
12:36:25 INFO  : The application 'D:/School/UIUC_ECE385_SP25/Final_Project/sdk/final_project/Debug/final_project.elf' is downloaded to processor 'microblaze_0'.
12:36:25 INFO  : ----------------XSDB Script----------------
connect -url tcp:127.0.0.1:3121
targets -set -filter {jtag_cable_name =~ "RealDigital Boo 88710000000EA" && level==0 && jtag_device_ctx=="jsn1-0362f093-0"}
fpga -file D:/School/UIUC_ECE385_SP25/Final_Project/sdk/final_project/_ide/bitstream/mb_lab7_1_wrapper.bit
targets -set -nocase -filter {name =~ "*microblaze*#0" && bscan=="USER2" }
loadhw -hw D:/School/UIUC_ECE385_SP25/Final_Project/sdk/mb_lab7_1_wrapper/export/mb_lab7_1_wrapper/hw/mb_lab7_1_wrapper.xsa -regs
configparams mdm-detect-bscan-mask 2
targets -set -nocase -filter {name =~ "*microblaze*#0" && bscan=="USER2" }
rst -system
after 3000
targets -set -nocase -filter {name =~ "*microblaze*#0" && bscan=="USER2" }
dow D:/School/UIUC_ECE385_SP25/Final_Project/sdk/final_project/Debug/final_project.elf
----------------End of Script----------------

12:36:25 INFO  : Context for processor 'microblaze_0' is selected.
12:36:25 INFO  : 'con' command is executed.
12:36:25 INFO  : ----------------XSDB Script (After Launch)----------------
targets -set -nocase -filter {name =~ "*microblaze*#0" && bscan=="USER2" }
con
----------------End of Script----------------

12:36:25 INFO  : Disconnected from the channel tcfchan#23.
12:37:07 INFO  : Checking for BSP changes to sync application flags for project 'final_project'...
12:37:12 INFO  : Connected to target on host '127.0.0.1' and port '3121'.
12:37:12 INFO  : Jtag cable 'RealDigital Boo 88710000000EA' is selected.
12:37:12 INFO  : 'jtag frequency' command is executed.
12:37:12 INFO  : 'targets -set -filter {jtag_cable_name =~ "RealDigital Boo 88710000000EA" && level==0 && jtag_device_ctx=="jsn1-0362f093-0"}' command is executed.
12:37:14 INFO  : Device configured successfully with "D:/School/UIUC_ECE385_SP25/Final_Project/sdk/final_project/_ide/bitstream/mb_lab7_1_wrapper.bit"
12:37:14 INFO  : Context for processor 'microblaze_0' is selected.
12:37:14 INFO  : Hardware design and registers information is loaded from 'D:/School/UIUC_ECE385_SP25/Final_Project/sdk/mb_lab7_1_wrapper/export/mb_lab7_1_wrapper/hw/mb_lab7_1_wrapper.xsa'.
12:37:14 INFO  : 'configparams mdm-detect-bscan-mask 2' command is executed.
12:37:14 INFO  : Context for processor 'microblaze_0' is selected.
12:37:14 INFO  : System reset is completed.
12:37:17 INFO  : 'after 3000' command is executed.
12:37:17 INFO  : Context for processor 'microblaze_0' is selected.
12:37:17 INFO  : The application 'D:/School/UIUC_ECE385_SP25/Final_Project/sdk/final_project/Debug/final_project.elf' is downloaded to processor 'microblaze_0'.
12:37:17 INFO  : ----------------XSDB Script----------------
connect -url tcp:127.0.0.1:3121
targets -set -filter {jtag_cable_name =~ "RealDigital Boo 88710000000EA" && level==0 && jtag_device_ctx=="jsn1-0362f093-0"}
fpga -file D:/School/UIUC_ECE385_SP25/Final_Project/sdk/final_project/_ide/bitstream/mb_lab7_1_wrapper.bit
targets -set -nocase -filter {name =~ "*microblaze*#0" && bscan=="USER2" }
loadhw -hw D:/School/UIUC_ECE385_SP25/Final_Project/sdk/mb_lab7_1_wrapper/export/mb_lab7_1_wrapper/hw/mb_lab7_1_wrapper.xsa -regs
configparams mdm-detect-bscan-mask 2
targets -set -nocase -filter {name =~ "*microblaze*#0" && bscan=="USER2" }
rst -system
after 3000
targets -set -nocase -filter {name =~ "*microblaze*#0" && bscan=="USER2" }
dow D:/School/UIUC_ECE385_SP25/Final_Project/sdk/final_project/Debug/final_project.elf
----------------End of Script----------------

12:37:17 INFO  : Context for processor 'microblaze_0' is selected.
12:37:17 INFO  : 'con' command is executed.
12:37:17 INFO  : ----------------XSDB Script (After Launch)----------------
targets -set -nocase -filter {name =~ "*microblaze*#0" && bscan=="USER2" }
con
----------------End of Script----------------

12:37:17 INFO  : Disconnected from the channel tcfchan#24.
12:38:36 INFO  : Checking for BSP changes to sync application flags for project 'final_project'...
12:38:41 INFO  : Connected to target on host '127.0.0.1' and port '3121'.
12:38:42 INFO  : Jtag cable 'RealDigital Boo 88710000000EA' is selected.
12:38:42 INFO  : 'jtag frequency' command is executed.
12:38:42 INFO  : 'targets -set -filter {jtag_cable_name =~ "RealDigital Boo 88710000000EA" && level==0 && jtag_device_ctx=="jsn1-0362f093-0"}' command is executed.
12:38:43 INFO  : Device configured successfully with "D:/School/UIUC_ECE385_SP25/Final_Project/sdk/final_project/_ide/bitstream/mb_lab7_1_wrapper.bit"
12:38:43 INFO  : Context for processor 'microblaze_0' is selected.
12:38:43 INFO  : Hardware design and registers information is loaded from 'D:/School/UIUC_ECE385_SP25/Final_Project/sdk/mb_lab7_1_wrapper/export/mb_lab7_1_wrapper/hw/mb_lab7_1_wrapper.xsa'.
12:38:43 INFO  : 'configparams mdm-detect-bscan-mask 2' command is executed.
12:38:43 INFO  : Context for processor 'microblaze_0' is selected.
12:38:43 INFO  : System reset is completed.
12:38:46 INFO  : 'after 3000' command is executed.
12:38:46 INFO  : Context for processor 'microblaze_0' is selected.
12:38:46 INFO  : The application 'D:/School/UIUC_ECE385_SP25/Final_Project/sdk/final_project/Debug/final_project.elf' is downloaded to processor 'microblaze_0'.
12:38:46 INFO  : ----------------XSDB Script----------------
connect -url tcp:127.0.0.1:3121
targets -set -filter {jtag_cable_name =~ "RealDigital Boo 88710000000EA" && level==0 && jtag_device_ctx=="jsn1-0362f093-0"}
fpga -file D:/School/UIUC_ECE385_SP25/Final_Project/sdk/final_project/_ide/bitstream/mb_lab7_1_wrapper.bit
targets -set -nocase -filter {name =~ "*microblaze*#0" && bscan=="USER2" }
loadhw -hw D:/School/UIUC_ECE385_SP25/Final_Project/sdk/mb_lab7_1_wrapper/export/mb_lab7_1_wrapper/hw/mb_lab7_1_wrapper.xsa -regs
configparams mdm-detect-bscan-mask 2
targets -set -nocase -filter {name =~ "*microblaze*#0" && bscan=="USER2" }
rst -system
after 3000
targets -set -nocase -filter {name =~ "*microblaze*#0" && bscan=="USER2" }
dow D:/School/UIUC_ECE385_SP25/Final_Project/sdk/final_project/Debug/final_project.elf
----------------End of Script----------------

12:38:46 INFO  : Context for processor 'microblaze_0' is selected.
12:38:46 INFO  : 'con' command is executed.
12:38:46 INFO  : ----------------XSDB Script (After Launch)----------------
targets -set -nocase -filter {name =~ "*microblaze*#0" && bscan=="USER2" }
con
----------------End of Script----------------

12:38:46 INFO  : Disconnected from the channel tcfchan#25.
12:41:34 INFO  : Checking for BSP changes to sync application flags for project 'final_project'...
12:41:40 INFO  : Connected to target on host '127.0.0.1' and port '3121'.
12:41:40 INFO  : Jtag cable 'RealDigital Boo 88710000000EA' is selected.
12:41:40 INFO  : 'jtag frequency' command is executed.
12:41:40 INFO  : 'targets -set -filter {jtag_cable_name =~ "RealDigital Boo 88710000000EA" && level==0 && jtag_device_ctx=="jsn1-0362f093-0"}' command is executed.
12:41:41 INFO  : Device configured successfully with "D:/School/UIUC_ECE385_SP25/Final_Project/sdk/final_project/_ide/bitstream/mb_lab7_1_wrapper.bit"
12:41:42 INFO  : Context for processor 'microblaze_0' is selected.
12:41:42 INFO  : Hardware design and registers information is loaded from 'D:/School/UIUC_ECE385_SP25/Final_Project/sdk/mb_lab7_1_wrapper/export/mb_lab7_1_wrapper/hw/mb_lab7_1_wrapper.xsa'.
12:41:42 INFO  : 'configparams mdm-detect-bscan-mask 2' command is executed.
12:41:42 INFO  : Context for processor 'microblaze_0' is selected.
12:41:42 INFO  : System reset is completed.
12:41:45 INFO  : 'after 3000' command is executed.
12:41:45 INFO  : Context for processor 'microblaze_0' is selected.
12:41:45 INFO  : The application 'D:/School/UIUC_ECE385_SP25/Final_Project/sdk/final_project/Debug/final_project.elf' is downloaded to processor 'microblaze_0'.
12:41:45 INFO  : ----------------XSDB Script----------------
connect -url tcp:127.0.0.1:3121
targets -set -filter {jtag_cable_name =~ "RealDigital Boo 88710000000EA" && level==0 && jtag_device_ctx=="jsn1-0362f093-0"}
fpga -file D:/School/UIUC_ECE385_SP25/Final_Project/sdk/final_project/_ide/bitstream/mb_lab7_1_wrapper.bit
targets -set -nocase -filter {name =~ "*microblaze*#0" && bscan=="USER2" }
loadhw -hw D:/School/UIUC_ECE385_SP25/Final_Project/sdk/mb_lab7_1_wrapper/export/mb_lab7_1_wrapper/hw/mb_lab7_1_wrapper.xsa -regs
configparams mdm-detect-bscan-mask 2
targets -set -nocase -filter {name =~ "*microblaze*#0" && bscan=="USER2" }
rst -system
after 3000
targets -set -nocase -filter {name =~ "*microblaze*#0" && bscan=="USER2" }
dow D:/School/UIUC_ECE385_SP25/Final_Project/sdk/final_project/Debug/final_project.elf
----------------End of Script----------------

12:41:45 INFO  : Context for processor 'microblaze_0' is selected.
12:41:45 INFO  : 'con' command is executed.
12:41:45 INFO  : ----------------XSDB Script (After Launch)----------------
targets -set -nocase -filter {name =~ "*microblaze*#0" && bscan=="USER2" }
con
----------------End of Script----------------

12:41:45 INFO  : Disconnected from the channel tcfchan#26.
12:42:07 INFO  : Checking for BSP changes to sync application flags for project 'final_project'...
12:42:13 INFO  : Connected to target on host '127.0.0.1' and port '3121'.
12:42:14 INFO  : Jtag cable 'RealDigital Boo 88710000000EA' is selected.
12:42:14 INFO  : 'jtag frequency' command is executed.
12:42:14 INFO  : 'targets -set -filter {jtag_cable_name =~ "RealDigital Boo 88710000000EA" && level==0 && jtag_device_ctx=="jsn1-0362f093-0"}' command is executed.
12:42:15 INFO  : Device configured successfully with "D:/School/UIUC_ECE385_SP25/Final_Project/sdk/final_project/_ide/bitstream/mb_lab7_1_wrapper.bit"
12:42:15 INFO  : Context for processor 'microblaze_0' is selected.
12:42:15 INFO  : Hardware design and registers information is loaded from 'D:/School/UIUC_ECE385_SP25/Final_Project/sdk/mb_lab7_1_wrapper/export/mb_lab7_1_wrapper/hw/mb_lab7_1_wrapper.xsa'.
12:42:15 INFO  : 'configparams mdm-detect-bscan-mask 2' command is executed.
12:42:15 INFO  : Context for processor 'microblaze_0' is selected.
12:42:15 INFO  : System reset is completed.
12:42:18 INFO  : 'after 3000' command is executed.
12:42:18 INFO  : Context for processor 'microblaze_0' is selected.
12:42:18 INFO  : The application 'D:/School/UIUC_ECE385_SP25/Final_Project/sdk/final_project/Debug/final_project.elf' is downloaded to processor 'microblaze_0'.
12:42:18 INFO  : ----------------XSDB Script----------------
connect -url tcp:127.0.0.1:3121
targets -set -filter {jtag_cable_name =~ "RealDigital Boo 88710000000EA" && level==0 && jtag_device_ctx=="jsn1-0362f093-0"}
fpga -file D:/School/UIUC_ECE385_SP25/Final_Project/sdk/final_project/_ide/bitstream/mb_lab7_1_wrapper.bit
targets -set -nocase -filter {name =~ "*microblaze*#0" && bscan=="USER2" }
loadhw -hw D:/School/UIUC_ECE385_SP25/Final_Project/sdk/mb_lab7_1_wrapper/export/mb_lab7_1_wrapper/hw/mb_lab7_1_wrapper.xsa -regs
configparams mdm-detect-bscan-mask 2
targets -set -nocase -filter {name =~ "*microblaze*#0" && bscan=="USER2" }
rst -system
after 3000
targets -set -nocase -filter {name =~ "*microblaze*#0" && bscan=="USER2" }
dow D:/School/UIUC_ECE385_SP25/Final_Project/sdk/final_project/Debug/final_project.elf
----------------End of Script----------------

12:42:18 INFO  : Context for processor 'microblaze_0' is selected.
12:42:18 INFO  : 'con' command is executed.
12:42:18 INFO  : ----------------XSDB Script (After Launch)----------------
targets -set -nocase -filter {name =~ "*microblaze*#0" && bscan=="USER2" }
con
----------------End of Script----------------

12:42:18 INFO  : Disconnected from the channel tcfchan#27.
12:44:56 INFO  : Result from executing command 'removePlatformRepo': 
12:45:01 INFO  : Result from executing command 'getProjects': mb_lab7_1_wrapper
12:45:01 INFO  : Result from executing command 'getPlatforms': 
12:45:01 INFO  : Checking for BSP changes to sync application flags for project 'final_project'...
12:48:44 DEBUG : Logs will be stored at 'D:/School/UIUC_ECE385_SP25/Final_Project/sdk/IDE.log'.
12:48:44 INFO  : Launching XSCT server: xsct.bat -n  -interactive D:\School\UIUC_ECE385_SP25\Final_Project\sdk\temp_xsdb_launch_script.tcl
12:48:46 INFO  : XSCT server has started successfully.
12:48:46 INFO  : Successfully done setting XSCT server connection channel  
12:48:46 INFO  : plnx-install-location is set to ''
12:48:46 INFO  : Successfully done setting workspace for the tool. 
12:48:48 INFO  : Platform repository initialization has completed.
12:48:48 INFO  : Successfully done query RDI_DATADIR 
12:48:48 INFO  : Registering command handlers for Vitis TCF services
12:51:46 INFO  : Connected to target on host '127.0.0.1' and port '3121'.
12:51:47 INFO  : Jtag cable 'RealDigital Boo 88710000000EA' is selected.
12:51:47 INFO  : 'jtag frequency' command is executed.
12:51:47 INFO  : 'targets -set -filter {jtag_cable_name =~ "RealDigital Boo 88710000000EA" && level==0 && jtag_device_ctx=="jsn1-0362f093-0"}' command is executed.
12:51:49 INFO  : Device configured successfully with "D:/School/UIUC_ECE385_SP25/Final_Project/sdk/final_project/_ide/bitstream/mb_lab7_1_wrapper.bit"
12:51:49 INFO  : Context for processor 'microblaze_0' is selected.
12:51:49 INFO  : Hardware design and registers information is loaded from 'D:/School/UIUC_ECE385_SP25/Final_Project/sdk/mb_lab7_1_wrapper/export/mb_lab7_1_wrapper/hw/mb_lab7_1_wrapper.xsa'.
12:51:49 INFO  : 'configparams mdm-detect-bscan-mask 2' command is executed.
12:51:49 INFO  : Context for processor 'microblaze_0' is selected.
12:51:49 INFO  : System reset is completed.
12:51:52 INFO  : 'after 3000' command is executed.
12:51:53 INFO  : Context for processor 'microblaze_0' is selected.
12:51:53 INFO  : The application 'D:/School/UIUC_ECE385_SP25/Final_Project/sdk/final_project/Debug/final_project.elf' is downloaded to processor 'microblaze_0'.
12:51:53 INFO  : ----------------XSDB Script----------------
connect -url tcp:127.0.0.1:3121
targets -set -filter {jtag_cable_name =~ "RealDigital Boo 88710000000EA" && level==0 && jtag_device_ctx=="jsn1-0362f093-0"}
fpga -file D:/School/UIUC_ECE385_SP25/Final_Project/sdk/final_project/_ide/bitstream/mb_lab7_1_wrapper.bit
targets -set -nocase -filter {name =~ "*microblaze*#0" && bscan=="USER2" }
loadhw -hw D:/School/UIUC_ECE385_SP25/Final_Project/sdk/mb_lab7_1_wrapper/export/mb_lab7_1_wrapper/hw/mb_lab7_1_wrapper.xsa -regs
configparams mdm-detect-bscan-mask 2
targets -set -nocase -filter {name =~ "*microblaze*#0" && bscan=="USER2" }
rst -system
after 3000
targets -set -nocase -filter {name =~ "*microblaze*#0" && bscan=="USER2" }
dow D:/School/UIUC_ECE385_SP25/Final_Project/sdk/final_project/Debug/final_project.elf
----------------End of Script----------------

12:51:53 INFO  : Context for processor 'microblaze_0' is selected.
12:51:53 INFO  : 'con' command is executed.
12:51:53 INFO  : ----------------XSDB Script (After Launch)----------------
targets -set -nocase -filter {name =~ "*microblaze*#0" && bscan=="USER2" }
con
----------------End of Script----------------

12:51:53 INFO  : Disconnected from the channel tcfchan#1.
12:57:36 INFO  : Checking for BSP changes to sync application flags for project 'final_project'...
12:59:15 INFO  : Checking for BSP changes to sync application flags for project 'final_project'...
13:00:18 INFO  : Checking for BSP changes to sync application flags for project 'final_project'...
13:00:23 INFO  : Connected to target on host '127.0.0.1' and port '3121'.
13:00:23 INFO  : Jtag cable 'RealDigital Boo 88710000000EA' is selected.
13:00:23 INFO  : 'jtag frequency' command is executed.
13:00:23 INFO  : 'targets -set -filter {jtag_cable_name =~ "RealDigital Boo 88710000000EA" && level==0 && jtag_device_ctx=="jsn1-0362f093-0"}' command is executed.
13:00:25 INFO  : Device configured successfully with "D:/School/UIUC_ECE385_SP25/Final_Project/sdk/final_project/_ide/bitstream/mb_lab7_1_wrapper.bit"
13:00:25 INFO  : Context for processor 'microblaze_0' is selected.
13:00:25 INFO  : Hardware design and registers information is loaded from 'D:/School/UIUC_ECE385_SP25/Final_Project/sdk/mb_lab7_1_wrapper/export/mb_lab7_1_wrapper/hw/mb_lab7_1_wrapper.xsa'.
13:00:25 INFO  : 'configparams mdm-detect-bscan-mask 2' command is executed.
13:00:25 INFO  : Context for processor 'microblaze_0' is selected.
13:00:25 INFO  : System reset is completed.
13:00:28 INFO  : 'after 3000' command is executed.
13:00:29 INFO  : Context for processor 'microblaze_0' is selected.
13:00:29 INFO  : The application 'D:/School/UIUC_ECE385_SP25/Final_Project/sdk/final_project/Debug/final_project.elf' is downloaded to processor 'microblaze_0'.
13:00:29 INFO  : ----------------XSDB Script----------------
connect -url tcp:127.0.0.1:3121
targets -set -filter {jtag_cable_name =~ "RealDigital Boo 88710000000EA" && level==0 && jtag_device_ctx=="jsn1-0362f093-0"}
fpga -file D:/School/UIUC_ECE385_SP25/Final_Project/sdk/final_project/_ide/bitstream/mb_lab7_1_wrapper.bit
targets -set -nocase -filter {name =~ "*microblaze*#0" && bscan=="USER2" }
loadhw -hw D:/School/UIUC_ECE385_SP25/Final_Project/sdk/mb_lab7_1_wrapper/export/mb_lab7_1_wrapper/hw/mb_lab7_1_wrapper.xsa -regs
configparams mdm-detect-bscan-mask 2
targets -set -nocase -filter {name =~ "*microblaze*#0" && bscan=="USER2" }
rst -system
after 3000
targets -set -nocase -filter {name =~ "*microblaze*#0" && bscan=="USER2" }
dow D:/School/UIUC_ECE385_SP25/Final_Project/sdk/final_project/Debug/final_project.elf
----------------End of Script----------------

13:00:29 INFO  : Context for processor 'microblaze_0' is selected.
13:00:29 INFO  : 'con' command is executed.
13:00:29 INFO  : ----------------XSDB Script (After Launch)----------------
targets -set -nocase -filter {name =~ "*microblaze*#0" && bscan=="USER2" }
con
----------------End of Script----------------

13:00:29 INFO  : Disconnected from the channel tcfchan#2.
13:10:44 INFO  : Checking for BSP changes to sync application flags for project 'final_project'...
13:10:49 INFO  : Checking for BSP changes to sync application flags for project 'final_project'...
13:10:54 INFO  : Connected to target on host '127.0.0.1' and port '3121'.
13:10:55 INFO  : Jtag cable 'RealDigital Boo 88710000000EA' is selected.
13:10:55 INFO  : 'jtag frequency' command is executed.
13:10:56 INFO  : 'targets -set -filter {jtag_cable_name =~ "RealDigital Boo 88710000000EA" && level==0 && jtag_device_ctx=="jsn1-0362f093-0"}' command is executed.
13:10:57 INFO  : Device configured successfully with "D:/School/UIUC_ECE385_SP25/Final_Project/sdk/final_project/_ide/bitstream/mb_lab7_1_wrapper.bit"
13:10:57 INFO  : Context for processor 'microblaze_0' is selected.
13:10:57 INFO  : Hardware design and registers information is loaded from 'D:/School/UIUC_ECE385_SP25/Final_Project/sdk/mb_lab7_1_wrapper/export/mb_lab7_1_wrapper/hw/mb_lab7_1_wrapper.xsa'.
13:10:57 INFO  : 'configparams mdm-detect-bscan-mask 2' command is executed.
13:10:57 INFO  : Context for processor 'microblaze_0' is selected.
13:10:57 INFO  : System reset is completed.
13:11:00 INFO  : 'after 3000' command is executed.
13:11:01 INFO  : Context for processor 'microblaze_0' is selected.
13:11:01 INFO  : The application 'D:/School/UIUC_ECE385_SP25/Final_Project/sdk/final_project/Debug/final_project.elf' is downloaded to processor 'microblaze_0'.
13:11:01 INFO  : ----------------XSDB Script----------------
connect -url tcp:127.0.0.1:3121
targets -set -filter {jtag_cable_name =~ "RealDigital Boo 88710000000EA" && level==0 && jtag_device_ctx=="jsn1-0362f093-0"}
fpga -file D:/School/UIUC_ECE385_SP25/Final_Project/sdk/final_project/_ide/bitstream/mb_lab7_1_wrapper.bit
targets -set -nocase -filter {name =~ "*microblaze*#0" && bscan=="USER2" }
loadhw -hw D:/School/UIUC_ECE385_SP25/Final_Project/sdk/mb_lab7_1_wrapper/export/mb_lab7_1_wrapper/hw/mb_lab7_1_wrapper.xsa -regs
configparams mdm-detect-bscan-mask 2
targets -set -nocase -filter {name =~ "*microblaze*#0" && bscan=="USER2" }
rst -system
after 3000
targets -set -nocase -filter {name =~ "*microblaze*#0" && bscan=="USER2" }
dow D:/School/UIUC_ECE385_SP25/Final_Project/sdk/final_project/Debug/final_project.elf
----------------End of Script----------------

13:11:01 INFO  : Context for processor 'microblaze_0' is selected.
13:11:01 INFO  : 'con' command is executed.
13:11:01 INFO  : ----------------XSDB Script (After Launch)----------------
targets -set -nocase -filter {name =~ "*microblaze*#0" && bscan=="USER2" }
con
----------------End of Script----------------

13:11:01 INFO  : Disconnected from the channel tcfchan#3.
13:15:53 INFO  : Checking for BSP changes to sync application flags for project 'final_project'...
13:16:02 INFO  : Connected to target on host '127.0.0.1' and port '3121'.
13:16:03 INFO  : Jtag cable 'RealDigital Boo 88710000000EA' is selected.
13:16:03 INFO  : 'jtag frequency' command is executed.
13:16:03 INFO  : 'targets -set -filter {jtag_cable_name =~ "RealDigital Boo 88710000000EA" && level==0 && jtag_device_ctx=="jsn1-0362f093-0"}' command is executed.
13:16:05 INFO  : Device configured successfully with "D:/School/UIUC_ECE385_SP25/Final_Project/sdk/final_project/_ide/bitstream/mb_lab7_1_wrapper.bit"
13:16:05 INFO  : Context for processor 'microblaze_0' is selected.
13:16:05 INFO  : Hardware design and registers information is loaded from 'D:/School/UIUC_ECE385_SP25/Final_Project/sdk/mb_lab7_1_wrapper/export/mb_lab7_1_wrapper/hw/mb_lab7_1_wrapper.xsa'.
13:16:05 INFO  : 'configparams mdm-detect-bscan-mask 2' command is executed.
13:16:05 INFO  : Context for processor 'microblaze_0' is selected.
13:16:05 INFO  : System reset is completed.
13:16:08 INFO  : 'after 3000' command is executed.
13:16:09 INFO  : Context for processor 'microblaze_0' is selected.
13:16:09 INFO  : The application 'D:/School/UIUC_ECE385_SP25/Final_Project/sdk/final_project/Debug/final_project.elf' is downloaded to processor 'microblaze_0'.
13:16:09 INFO  : ----------------XSDB Script----------------
connect -url tcp:127.0.0.1:3121
targets -set -filter {jtag_cable_name =~ "RealDigital Boo 88710000000EA" && level==0 && jtag_device_ctx=="jsn1-0362f093-0"}
fpga -file D:/School/UIUC_ECE385_SP25/Final_Project/sdk/final_project/_ide/bitstream/mb_lab7_1_wrapper.bit
targets -set -nocase -filter {name =~ "*microblaze*#0" && bscan=="USER2" }
loadhw -hw D:/School/UIUC_ECE385_SP25/Final_Project/sdk/mb_lab7_1_wrapper/export/mb_lab7_1_wrapper/hw/mb_lab7_1_wrapper.xsa -regs
configparams mdm-detect-bscan-mask 2
targets -set -nocase -filter {name =~ "*microblaze*#0" && bscan=="USER2" }
rst -system
after 3000
targets -set -nocase -filter {name =~ "*microblaze*#0" && bscan=="USER2" }
dow D:/School/UIUC_ECE385_SP25/Final_Project/sdk/final_project/Debug/final_project.elf
----------------End of Script----------------

13:16:09 INFO  : Context for processor 'microblaze_0' is selected.
13:16:09 INFO  : 'con' command is executed.
13:16:09 INFO  : ----------------XSDB Script (After Launch)----------------
targets -set -nocase -filter {name =~ "*microblaze*#0" && bscan=="USER2" }
con
----------------End of Script----------------

13:16:09 INFO  : Disconnected from the channel tcfchan#4.
13:21:58 INFO  : Checking for BSP changes to sync application flags for project 'final_project'...
13:22:07 INFO  : Connected to target on host '127.0.0.1' and port '3121'.
13:22:17 INFO  : ----------------XSDB Script----------------
connect -url tcp:127.0.0.1:3121
----------------End of Script----------------

13:22:17 ERROR : Could not find FPGA device on the board for connection 'Local'.


Troubleshooting hints:
1. Check whether board is connected to system properly.
2. In case of zynq board, check whether Digilent/Xilinx cable switch settings are correct.
3. If you are using Xilinx Platform Cable USB, ensure that status LED is green.
13:22:42 INFO  : Connected to target on host '127.0.0.1' and port '3121'.
13:22:42 INFO  : Jtag cable 'RealDigital Boo 88710000000EA' is selected.
13:22:42 INFO  : 'jtag frequency' command is executed.
13:22:42 INFO  : 'targets -set -filter {jtag_cable_name =~ "RealDigital Boo 88710000000EA" && level==0 && jtag_device_ctx=="jsn1-0362f093-0"}' command is executed.
13:22:43 INFO  : Device configured successfully with "D:/School/UIUC_ECE385_SP25/Final_Project/sdk/final_project/_ide/bitstream/mb_lab7_1_wrapper.bit"
13:22:43 INFO  : Context for processor 'microblaze_0' is selected.
13:22:43 INFO  : Hardware design and registers information is loaded from 'D:/School/UIUC_ECE385_SP25/Final_Project/sdk/mb_lab7_1_wrapper/export/mb_lab7_1_wrapper/hw/mb_lab7_1_wrapper.xsa'.
13:22:43 INFO  : 'configparams mdm-detect-bscan-mask 2' command is executed.
13:22:43 INFO  : Context for processor 'microblaze_0' is selected.
13:22:43 INFO  : System reset is completed.
13:22:46 INFO  : 'after 3000' command is executed.
13:22:46 INFO  : Context for processor 'microblaze_0' is selected.
13:22:47 INFO  : The application 'D:/School/UIUC_ECE385_SP25/Final_Project/sdk/final_project/Debug/final_project.elf' is downloaded to processor 'microblaze_0'.
13:22:47 INFO  : ----------------XSDB Script----------------
connect -url tcp:127.0.0.1:3121
targets -set -filter {jtag_cable_name =~ "RealDigital Boo 88710000000EA" && level==0 && jtag_device_ctx=="jsn1-0362f093-0"}
fpga -file D:/School/UIUC_ECE385_SP25/Final_Project/sdk/final_project/_ide/bitstream/mb_lab7_1_wrapper.bit
targets -set -nocase -filter {name =~ "*microblaze*#0" && bscan=="USER2" }
loadhw -hw D:/School/UIUC_ECE385_SP25/Final_Project/sdk/mb_lab7_1_wrapper/export/mb_lab7_1_wrapper/hw/mb_lab7_1_wrapper.xsa -regs
configparams mdm-detect-bscan-mask 2
targets -set -nocase -filter {name =~ "*microblaze*#0" && bscan=="USER2" }
rst -system
after 3000
targets -set -nocase -filter {name =~ "*microblaze*#0" && bscan=="USER2" }
dow D:/School/UIUC_ECE385_SP25/Final_Project/sdk/final_project/Debug/final_project.elf
----------------End of Script----------------

13:22:47 INFO  : Context for processor 'microblaze_0' is selected.
13:22:47 INFO  : 'con' command is executed.
13:22:47 INFO  : ----------------XSDB Script (After Launch)----------------
targets -set -nocase -filter {name =~ "*microblaze*#0" && bscan=="USER2" }
con
----------------End of Script----------------

13:22:47 INFO  : Disconnected from the channel tcfchan#5.
14:04:48 INFO  : Checking for BSP changes to sync application flags for project 'final_project'...
14:04:57 INFO  : Connected to target on host '127.0.0.1' and port '3121'.
14:04:58 INFO  : Jtag cable 'RealDigital Boo 88710000000EA' is selected.
14:04:58 INFO  : 'jtag frequency' command is executed.
14:04:58 INFO  : 'targets -set -filter {jtag_cable_name =~ "RealDigital Boo 88710000000EA" && level==0 && jtag_device_ctx=="jsn1-0362f093-0"}' command is executed.
14:05:00 INFO  : Device configured successfully with "D:/School/UIUC_ECE385_SP25/Final_Project/sdk/final_project/_ide/bitstream/mb_lab7_1_wrapper.bit"
14:05:00 INFO  : Context for processor 'microblaze_0' is selected.
14:05:00 INFO  : Hardware design and registers information is loaded from 'D:/School/UIUC_ECE385_SP25/Final_Project/sdk/mb_lab7_1_wrapper/export/mb_lab7_1_wrapper/hw/mb_lab7_1_wrapper.xsa'.
14:05:00 INFO  : 'configparams mdm-detect-bscan-mask 2' command is executed.
14:05:00 INFO  : Context for processor 'microblaze_0' is selected.
14:05:00 INFO  : System reset is completed.
14:05:03 INFO  : 'after 3000' command is executed.
14:05:04 INFO  : Context for processor 'microblaze_0' is selected.
14:05:04 INFO  : The application 'D:/School/UIUC_ECE385_SP25/Final_Project/sdk/final_project/Debug/final_project.elf' is downloaded to processor 'microblaze_0'.
14:05:04 INFO  : ----------------XSDB Script----------------
connect -url tcp:127.0.0.1:3121
targets -set -filter {jtag_cable_name =~ "RealDigital Boo 88710000000EA" && level==0 && jtag_device_ctx=="jsn1-0362f093-0"}
fpga -file D:/School/UIUC_ECE385_SP25/Final_Project/sdk/final_project/_ide/bitstream/mb_lab7_1_wrapper.bit
targets -set -nocase -filter {name =~ "*microblaze*#0" && bscan=="USER2" }
loadhw -hw D:/School/UIUC_ECE385_SP25/Final_Project/sdk/mb_lab7_1_wrapper/export/mb_lab7_1_wrapper/hw/mb_lab7_1_wrapper.xsa -regs
configparams mdm-detect-bscan-mask 2
targets -set -nocase -filter {name =~ "*microblaze*#0" && bscan=="USER2" }
rst -system
after 3000
targets -set -nocase -filter {name =~ "*microblaze*#0" && bscan=="USER2" }
dow D:/School/UIUC_ECE385_SP25/Final_Project/sdk/final_project/Debug/final_project.elf
----------------End of Script----------------

14:05:04 INFO  : Context for processor 'microblaze_0' is selected.
14:05:04 INFO  : 'con' command is executed.
14:05:04 INFO  : ----------------XSDB Script (After Launch)----------------
targets -set -nocase -filter {name =~ "*microblaze*#0" && bscan=="USER2" }
con
----------------End of Script----------------

14:05:04 INFO  : Disconnected from the channel tcfchan#6.
14:12:44 INFO  : Checking for BSP changes to sync application flags for project 'final_project'...
14:12:50 INFO  : Connected to target on host '127.0.0.1' and port '3121'.
14:12:51 INFO  : Jtag cable 'RealDigital Boo 88710000000EA' is selected.
14:12:51 INFO  : 'jtag frequency' command is executed.
14:12:51 INFO  : 'targets -set -filter {jtag_cable_name =~ "RealDigital Boo 88710000000EA" && level==0 && jtag_device_ctx=="jsn1-0362f093-0"}' command is executed.
14:12:53 INFO  : Device configured successfully with "D:/School/UIUC_ECE385_SP25/Final_Project/sdk/final_project/_ide/bitstream/mb_lab7_1_wrapper.bit"
14:12:53 INFO  : Context for processor 'microblaze_0' is selected.
14:12:53 INFO  : Hardware design and registers information is loaded from 'D:/School/UIUC_ECE385_SP25/Final_Project/sdk/mb_lab7_1_wrapper/export/mb_lab7_1_wrapper/hw/mb_lab7_1_wrapper.xsa'.
14:12:53 INFO  : 'configparams mdm-detect-bscan-mask 2' command is executed.
14:12:53 INFO  : Context for processor 'microblaze_0' is selected.
14:12:53 INFO  : System reset is completed.
14:12:56 INFO  : 'after 3000' command is executed.
14:12:57 INFO  : Context for processor 'microblaze_0' is selected.
14:12:57 INFO  : The application 'D:/School/UIUC_ECE385_SP25/Final_Project/sdk/final_project/Debug/final_project.elf' is downloaded to processor 'microblaze_0'.
14:12:57 INFO  : ----------------XSDB Script----------------
connect -url tcp:127.0.0.1:3121
targets -set -filter {jtag_cable_name =~ "RealDigital Boo 88710000000EA" && level==0 && jtag_device_ctx=="jsn1-0362f093-0"}
fpga -file D:/School/UIUC_ECE385_SP25/Final_Project/sdk/final_project/_ide/bitstream/mb_lab7_1_wrapper.bit
targets -set -nocase -filter {name =~ "*microblaze*#0" && bscan=="USER2" }
loadhw -hw D:/School/UIUC_ECE385_SP25/Final_Project/sdk/mb_lab7_1_wrapper/export/mb_lab7_1_wrapper/hw/mb_lab7_1_wrapper.xsa -regs
configparams mdm-detect-bscan-mask 2
targets -set -nocase -filter {name =~ "*microblaze*#0" && bscan=="USER2" }
rst -system
after 3000
targets -set -nocase -filter {name =~ "*microblaze*#0" && bscan=="USER2" }
dow D:/School/UIUC_ECE385_SP25/Final_Project/sdk/final_project/Debug/final_project.elf
----------------End of Script----------------

14:12:57 INFO  : Context for processor 'microblaze_0' is selected.
14:12:57 INFO  : 'con' command is executed.
14:12:57 INFO  : ----------------XSDB Script (After Launch)----------------
targets -set -nocase -filter {name =~ "*microblaze*#0" && bscan=="USER2" }
con
----------------End of Script----------------

14:12:57 INFO  : Disconnected from the channel tcfchan#7.
14:36:48 INFO  : Checking for BSP changes to sync application flags for project 'final_project'...
14:39:33 INFO  : Checking for BSP changes to sync application flags for project 'final_project'...
14:39:40 INFO  : Connected to target on host '127.0.0.1' and port '3121'.
14:39:40 INFO  : Jtag cable 'RealDigital Boo 88710000000EA' is selected.
14:39:40 INFO  : 'jtag frequency' command is executed.
14:39:40 INFO  : 'targets -set -filter {jtag_cable_name =~ "RealDigital Boo 88710000000EA" && level==0 && jtag_device_ctx=="jsn1-0362f093-0"}' command is executed.
14:39:42 INFO  : Device configured successfully with "D:/School/UIUC_ECE385_SP25/Final_Project/sdk/final_project/_ide/bitstream/mb_lab7_1_wrapper.bit"
14:39:42 INFO  : Context for processor 'microblaze_0' is selected.
14:39:42 INFO  : Hardware design and registers information is loaded from 'D:/School/UIUC_ECE385_SP25/Final_Project/sdk/mb_lab7_1_wrapper/export/mb_lab7_1_wrapper/hw/mb_lab7_1_wrapper.xsa'.
14:39:42 INFO  : 'configparams mdm-detect-bscan-mask 2' command is executed.
14:39:42 INFO  : Context for processor 'microblaze_0' is selected.
14:39:42 INFO  : System reset is completed.
14:39:45 INFO  : 'after 3000' command is executed.
14:39:46 INFO  : Context for processor 'microblaze_0' is selected.
14:39:46 INFO  : The application 'D:/School/UIUC_ECE385_SP25/Final_Project/sdk/final_project/Debug/final_project.elf' is downloaded to processor 'microblaze_0'.
14:39:46 INFO  : ----------------XSDB Script----------------
connect -url tcp:127.0.0.1:3121
targets -set -filter {jtag_cable_name =~ "RealDigital Boo 88710000000EA" && level==0 && jtag_device_ctx=="jsn1-0362f093-0"}
fpga -file D:/School/UIUC_ECE385_SP25/Final_Project/sdk/final_project/_ide/bitstream/mb_lab7_1_wrapper.bit
targets -set -nocase -filter {name =~ "*microblaze*#0" && bscan=="USER2" }
loadhw -hw D:/School/UIUC_ECE385_SP25/Final_Project/sdk/mb_lab7_1_wrapper/export/mb_lab7_1_wrapper/hw/mb_lab7_1_wrapper.xsa -regs
configparams mdm-detect-bscan-mask 2
targets -set -nocase -filter {name =~ "*microblaze*#0" && bscan=="USER2" }
rst -system
after 3000
targets -set -nocase -filter {name =~ "*microblaze*#0" && bscan=="USER2" }
dow D:/School/UIUC_ECE385_SP25/Final_Project/sdk/final_project/Debug/final_project.elf
----------------End of Script----------------

14:39:46 INFO  : Context for processor 'microblaze_0' is selected.
14:39:46 INFO  : 'con' command is executed.
14:39:46 INFO  : ----------------XSDB Script (After Launch)----------------
targets -set -nocase -filter {name =~ "*microblaze*#0" && bscan=="USER2" }
con
----------------End of Script----------------

14:39:46 INFO  : Disconnected from the channel tcfchan#8.
14:54:09 INFO  : Hardware specification for platform project 'mb_lab7_1_wrapper' is updated.
14:54:19 INFO  : Result from executing command 'getProjects': mb_lab7_1_wrapper
14:54:19 INFO  : Result from executing command 'getPlatforms': mb_lab7_1_wrapper|D:/School/UIUC_ECE385_SP25/Final_Project/sdk/mb_lab7_1_wrapper/export/mb_lab7_1_wrapper/mb_lab7_1_wrapper.xpfm
14:54:19 INFO  : Checking for BSP changes to sync application flags for project 'final_project'...
14:54:19 WARN  : Failed to closehw "D:/School/UIUC_ECE385_SP25/Final_Project/sdk/mb_lab7_1_wrapper/export/mb_lab7_1_wrapper/hw/mb_lab7_1_wrapper.xsa"
Reason: Cannot close hw design 'D:/School/UIUC_ECE385_SP25/Final_Project/sdk/mb_lab7_1_wrapper/export/mb_lab7_1_wrapper/hw/mb_lab7_1_wrapper.xsa'.
Design is not opened in the current session.

14:54:21 INFO  : The hardware specification used by project 'final_project' is out of sync with the platform. Resource files extracted from the hardware specification will be updated.
14:54:21 INFO  : The file 'D:\School\UIUC_ECE385_SP25\Final_Project\sdk\final_project\_ide\bitstream\mb_lab7_1_wrapper.bit' stored in project is removed.
14:54:21 INFO  : The file 'D:\School\UIUC_ECE385_SP25\Final_Project\sdk\final_project\_ide\bitstream\mb_lab7_1_wrapper.mmi' stored in project is removed.
14:54:21 INFO  : The updated bitstream files are copied from platform to folder 'D:\School\UIUC_ECE385_SP25\Final_Project\sdk\final_project\_ide\bitstream' in project 'final_project'.
14:54:33 INFO  : Connected to target on host '127.0.0.1' and port '3121'.
14:54:34 INFO  : Jtag cable 'RealDigital Boo 88710000000EA' is selected.
14:54:34 INFO  : 'jtag frequency' command is executed.
14:54:34 INFO  : 'targets -set -filter {jtag_cable_name =~ "RealDigital Boo 88710000000EA" && level==0 && jtag_device_ctx=="jsn1-0362f093-0"}' command is executed.
14:54:36 INFO  : Device configured successfully with "D:/School/UIUC_ECE385_SP25/Final_Project/sdk/final_project/_ide/bitstream/mb_lab7_1_wrapper.bit"
14:54:36 INFO  : Context for processor 'microblaze_0' is selected.
14:54:36 INFO  : Hardware design and registers information is loaded from 'D:/School/UIUC_ECE385_SP25/Final_Project/sdk/mb_lab7_1_wrapper/export/mb_lab7_1_wrapper/hw/mb_lab7_1_wrapper.xsa'.
14:54:36 INFO  : 'configparams mdm-detect-bscan-mask 2' command is executed.
14:54:36 INFO  : Context for processor 'microblaze_0' is selected.
14:54:36 INFO  : System reset is completed.
14:54:39 INFO  : 'after 3000' command is executed.
14:54:40 INFO  : Context for processor 'microblaze_0' is selected.
14:54:40 INFO  : The application 'D:/School/UIUC_ECE385_SP25/Final_Project/sdk/final_project/Debug/final_project.elf' is downloaded to processor 'microblaze_0'.
14:54:40 INFO  : ----------------XSDB Script----------------
connect -url tcp:127.0.0.1:3121
targets -set -filter {jtag_cable_name =~ "RealDigital Boo 88710000000EA" && level==0 && jtag_device_ctx=="jsn1-0362f093-0"}
fpga -file D:/School/UIUC_ECE385_SP25/Final_Project/sdk/final_project/_ide/bitstream/mb_lab7_1_wrapper.bit
targets -set -nocase -filter {name =~ "*microblaze*#0" && bscan=="USER2" }
loadhw -hw D:/School/UIUC_ECE385_SP25/Final_Project/sdk/mb_lab7_1_wrapper/export/mb_lab7_1_wrapper/hw/mb_lab7_1_wrapper.xsa -regs
configparams mdm-detect-bscan-mask 2
targets -set -nocase -filter {name =~ "*microblaze*#0" && bscan=="USER2" }
rst -system
after 3000
targets -set -nocase -filter {name =~ "*microblaze*#0" && bscan=="USER2" }
dow D:/School/UIUC_ECE385_SP25/Final_Project/sdk/final_project/Debug/final_project.elf
----------------End of Script----------------

14:54:40 INFO  : Context for processor 'microblaze_0' is selected.
14:54:40 INFO  : 'con' command is executed.
14:54:40 INFO  : ----------------XSDB Script (After Launch)----------------
targets -set -nocase -filter {name =~ "*microblaze*#0" && bscan=="USER2" }
con
----------------End of Script----------------

14:54:40 INFO  : Disconnected from the channel tcfchan#10.
15:02:38 INFO  : Hardware specification for platform project 'mb_lab7_1_wrapper' is updated.
15:02:50 INFO  : Result from executing command 'getProjects': mb_lab7_1_wrapper
15:02:50 INFO  : Result from executing command 'getPlatforms': mb_lab7_1_wrapper|D:/School/UIUC_ECE385_SP25/Final_Project/sdk/mb_lab7_1_wrapper/export/mb_lab7_1_wrapper/mb_lab7_1_wrapper.xpfm
15:02:50 INFO  : Checking for BSP changes to sync application flags for project 'final_project'...
15:02:52 INFO  : The hardware specification used by project 'final_project' is out of sync with the platform. Resource files extracted from the hardware specification will be updated.
15:02:52 INFO  : The file 'D:\School\UIUC_ECE385_SP25\Final_Project\sdk\final_project\_ide\bitstream\mb_lab7_1_wrapper.bit' stored in project is removed.
15:02:52 INFO  : The file 'D:\School\UIUC_ECE385_SP25\Final_Project\sdk\final_project\_ide\bitstream\mb_lab7_1_wrapper.mmi' stored in project is removed.
15:02:52 INFO  : The updated bitstream files are copied from platform to folder 'D:\School\UIUC_ECE385_SP25\Final_Project\sdk\final_project\_ide\bitstream' in project 'final_project'.
15:03:38 INFO  : Connected to target on host '127.0.0.1' and port '3121'.
15:03:39 INFO  : Jtag cable 'RealDigital Boo 88710000000EA' is selected.
15:03:39 INFO  : 'jtag frequency' command is executed.
15:03:39 INFO  : 'targets -set -filter {jtag_cable_name =~ "RealDigital Boo 88710000000EA" && level==0 && jtag_device_ctx=="jsn1-0362f093-0"}' command is executed.
15:03:41 INFO  : Device configured successfully with "D:/School/UIUC_ECE385_SP25/Final_Project/sdk/final_project/_ide/bitstream/mb_lab7_1_wrapper.bit"
15:03:41 INFO  : Context for processor 'microblaze_0' is selected.
15:03:41 INFO  : Hardware design and registers information is loaded from 'D:/School/UIUC_ECE385_SP25/Final_Project/sdk/mb_lab7_1_wrapper/export/mb_lab7_1_wrapper/hw/mb_lab7_1_wrapper.xsa'.
15:03:41 INFO  : 'configparams mdm-detect-bscan-mask 2' command is executed.
15:03:41 INFO  : Context for processor 'microblaze_0' is selected.
15:03:41 INFO  : System reset is completed.
15:03:44 INFO  : 'after 3000' command is executed.
15:03:45 INFO  : Context for processor 'microblaze_0' is selected.
15:03:45 INFO  : The application 'D:/School/UIUC_ECE385_SP25/Final_Project/sdk/final_project/Debug/final_project.elf' is downloaded to processor 'microblaze_0'.
15:03:45 INFO  : ----------------XSDB Script----------------
connect -url tcp:127.0.0.1:3121
targets -set -filter {jtag_cable_name =~ "RealDigital Boo 88710000000EA" && level==0 && jtag_device_ctx=="jsn1-0362f093-0"}
fpga -file D:/School/UIUC_ECE385_SP25/Final_Project/sdk/final_project/_ide/bitstream/mb_lab7_1_wrapper.bit
targets -set -nocase -filter {name =~ "*microblaze*#0" && bscan=="USER2" }
loadhw -hw D:/School/UIUC_ECE385_SP25/Final_Project/sdk/mb_lab7_1_wrapper/export/mb_lab7_1_wrapper/hw/mb_lab7_1_wrapper.xsa -regs
configparams mdm-detect-bscan-mask 2
targets -set -nocase -filter {name =~ "*microblaze*#0" && bscan=="USER2" }
rst -system
after 3000
targets -set -nocase -filter {name =~ "*microblaze*#0" && bscan=="USER2" }
dow D:/School/UIUC_ECE385_SP25/Final_Project/sdk/final_project/Debug/final_project.elf
----------------End of Script----------------

15:03:45 INFO  : Context for processor 'microblaze_0' is selected.
15:03:45 INFO  : 'con' command is executed.
15:03:45 INFO  : ----------------XSDB Script (After Launch)----------------
targets -set -nocase -filter {name =~ "*microblaze*#0" && bscan=="USER2" }
con
----------------End of Script----------------

15:03:45 INFO  : Disconnected from the channel tcfchan#12.
15:35:29 INFO  : Hardware specification for platform project 'mb_lab7_1_wrapper' is updated.
15:35:39 INFO  : Result from executing command 'getProjects': mb_lab7_1_wrapper
15:35:39 INFO  : Result from executing command 'getPlatforms': mb_lab7_1_wrapper|D:/School/UIUC_ECE385_SP25/Final_Project/sdk/mb_lab7_1_wrapper/export/mb_lab7_1_wrapper/mb_lab7_1_wrapper.xpfm
15:35:39 INFO  : Checking for BSP changes to sync application flags for project 'final_project'...
15:35:40 INFO  : The hardware specification used by project 'final_project' is out of sync with the platform. Resource files extracted from the hardware specification will be updated.
15:35:40 INFO  : The file 'D:\School\UIUC_ECE385_SP25\Final_Project\sdk\final_project\_ide\bitstream\mb_lab7_1_wrapper.bit' stored in project is removed.
15:35:40 INFO  : The file 'D:\School\UIUC_ECE385_SP25\Final_Project\sdk\final_project\_ide\bitstream\mb_lab7_1_wrapper.mmi' stored in project is removed.
15:35:40 INFO  : The updated bitstream files are copied from platform to folder 'D:\School\UIUC_ECE385_SP25\Final_Project\sdk\final_project\_ide\bitstream' in project 'final_project'.
15:35:55 INFO  : Connected to target on host '127.0.0.1' and port '3121'.
15:35:56 INFO  : Jtag cable 'RealDigital Boo 88710000000EA' is selected.
15:35:56 INFO  : 'jtag frequency' command is executed.
15:35:56 INFO  : 'targets -set -filter {jtag_cable_name =~ "RealDigital Boo 88710000000EA" && level==0 && jtag_device_ctx=="jsn1-0362f093-0"}' command is executed.
15:35:58 INFO  : Device configured successfully with "D:/School/UIUC_ECE385_SP25/Final_Project/sdk/final_project/_ide/bitstream/mb_lab7_1_wrapper.bit"
15:35:58 INFO  : Context for processor 'microblaze_0' is selected.
15:35:58 INFO  : Hardware design and registers information is loaded from 'D:/School/UIUC_ECE385_SP25/Final_Project/sdk/mb_lab7_1_wrapper/export/mb_lab7_1_wrapper/hw/mb_lab7_1_wrapper.xsa'.
15:35:58 INFO  : 'configparams mdm-detect-bscan-mask 2' command is executed.
15:35:58 INFO  : Context for processor 'microblaze_0' is selected.
15:35:58 INFO  : System reset is completed.
15:36:01 INFO  : 'after 3000' command is executed.
15:36:02 INFO  : Context for processor 'microblaze_0' is selected.
15:36:02 INFO  : The application 'D:/School/UIUC_ECE385_SP25/Final_Project/sdk/final_project/Debug/final_project.elf' is downloaded to processor 'microblaze_0'.
15:36:02 INFO  : ----------------XSDB Script----------------
connect -url tcp:127.0.0.1:3121
targets -set -filter {jtag_cable_name =~ "RealDigital Boo 88710000000EA" && level==0 && jtag_device_ctx=="jsn1-0362f093-0"}
fpga -file D:/School/UIUC_ECE385_SP25/Final_Project/sdk/final_project/_ide/bitstream/mb_lab7_1_wrapper.bit
targets -set -nocase -filter {name =~ "*microblaze*#0" && bscan=="USER2" }
loadhw -hw D:/School/UIUC_ECE385_SP25/Final_Project/sdk/mb_lab7_1_wrapper/export/mb_lab7_1_wrapper/hw/mb_lab7_1_wrapper.xsa -regs
configparams mdm-detect-bscan-mask 2
targets -set -nocase -filter {name =~ "*microblaze*#0" && bscan=="USER2" }
rst -system
after 3000
targets -set -nocase -filter {name =~ "*microblaze*#0" && bscan=="USER2" }
dow D:/School/UIUC_ECE385_SP25/Final_Project/sdk/final_project/Debug/final_project.elf
----------------End of Script----------------

15:36:02 INFO  : Context for processor 'microblaze_0' is selected.
15:36:02 INFO  : 'con' command is executed.
15:36:02 INFO  : ----------------XSDB Script (After Launch)----------------
targets -set -nocase -filter {name =~ "*microblaze*#0" && bscan=="USER2" }
con
----------------End of Script----------------

15:36:02 INFO  : Disconnected from the channel tcfchan#14.
15:36:44 INFO  : Checking for BSP changes to sync application flags for project 'final_project'...
15:36:50 INFO  : Connected to target on host '127.0.0.1' and port '3121'.
15:36:51 INFO  : Jtag cable 'RealDigital Boo 88710000000EA' is selected.
15:36:51 INFO  : 'jtag frequency' command is executed.
15:36:51 INFO  : 'targets -set -filter {jtag_cable_name =~ "RealDigital Boo 88710000000EA" && level==0 && jtag_device_ctx=="jsn1-0362f093-0"}' command is executed.
15:36:52 INFO  : Device configured successfully with "D:/School/UIUC_ECE385_SP25/Final_Project/sdk/final_project/_ide/bitstream/mb_lab7_1_wrapper.bit"
15:36:52 INFO  : Context for processor 'microblaze_0' is selected.
15:36:52 INFO  : Hardware design and registers information is loaded from 'D:/School/UIUC_ECE385_SP25/Final_Project/sdk/mb_lab7_1_wrapper/export/mb_lab7_1_wrapper/hw/mb_lab7_1_wrapper.xsa'.
15:36:52 INFO  : 'configparams mdm-detect-bscan-mask 2' command is executed.
15:36:52 INFO  : Context for processor 'microblaze_0' is selected.
15:36:52 INFO  : System reset is completed.
15:36:55 INFO  : 'after 3000' command is executed.
15:36:55 INFO  : Context for processor 'microblaze_0' is selected.
15:36:55 INFO  : The application 'D:/School/UIUC_ECE385_SP25/Final_Project/sdk/final_project/Debug/final_project.elf' is downloaded to processor 'microblaze_0'.
15:36:55 INFO  : ----------------XSDB Script----------------
connect -url tcp:127.0.0.1:3121
targets -set -filter {jtag_cable_name =~ "RealDigital Boo 88710000000EA" && level==0 && jtag_device_ctx=="jsn1-0362f093-0"}
fpga -file D:/School/UIUC_ECE385_SP25/Final_Project/sdk/final_project/_ide/bitstream/mb_lab7_1_wrapper.bit
targets -set -nocase -filter {name =~ "*microblaze*#0" && bscan=="USER2" }
loadhw -hw D:/School/UIUC_ECE385_SP25/Final_Project/sdk/mb_lab7_1_wrapper/export/mb_lab7_1_wrapper/hw/mb_lab7_1_wrapper.xsa -regs
configparams mdm-detect-bscan-mask 2
targets -set -nocase -filter {name =~ "*microblaze*#0" && bscan=="USER2" }
rst -system
after 3000
targets -set -nocase -filter {name =~ "*microblaze*#0" && bscan=="USER2" }
dow D:/School/UIUC_ECE385_SP25/Final_Project/sdk/final_project/Debug/final_project.elf
----------------End of Script----------------

15:36:55 INFO  : Context for processor 'microblaze_0' is selected.
15:36:55 INFO  : 'con' command is executed.
15:36:55 INFO  : ----------------XSDB Script (After Launch)----------------
targets -set -nocase -filter {name =~ "*microblaze*#0" && bscan=="USER2" }
con
----------------End of Script----------------

15:36:55 INFO  : Disconnected from the channel tcfchan#15.
15:48:31 INFO  : Hardware specification for platform project 'mb_lab7_1_wrapper' is updated.
15:48:41 INFO  : Result from executing command 'getProjects': mb_lab7_1_wrapper
15:48:41 INFO  : Result from executing command 'getPlatforms': mb_lab7_1_wrapper|D:/School/UIUC_ECE385_SP25/Final_Project/sdk/mb_lab7_1_wrapper/export/mb_lab7_1_wrapper/mb_lab7_1_wrapper.xpfm
15:48:41 INFO  : Checking for BSP changes to sync application flags for project 'final_project'...
15:48:43 INFO  : The hardware specification used by project 'final_project' is out of sync with the platform. Resource files extracted from the hardware specification will be updated.
15:48:43 INFO  : The file 'D:\School\UIUC_ECE385_SP25\Final_Project\sdk\final_project\_ide\bitstream\mb_lab7_1_wrapper.bit' stored in project is removed.
15:48:43 INFO  : The file 'D:\School\UIUC_ECE385_SP25\Final_Project\sdk\final_project\_ide\bitstream\mb_lab7_1_wrapper.mmi' stored in project is removed.
15:48:43 INFO  : The updated bitstream files are copied from platform to folder 'D:\School\UIUC_ECE385_SP25\Final_Project\sdk\final_project\_ide\bitstream' in project 'final_project'.
15:48:57 INFO  : Connected to target on host '127.0.0.1' and port '3121'.
15:48:57 INFO  : Jtag cable 'RealDigital Boo 88710000000EA' is selected.
15:48:57 INFO  : 'jtag frequency' command is executed.
15:48:57 INFO  : 'targets -set -filter {jtag_cable_name =~ "RealDigital Boo 88710000000EA" && level==0 && jtag_device_ctx=="jsn1-0362f093-0"}' command is executed.
15:48:58 INFO  : Device configured successfully with "D:/School/UIUC_ECE385_SP25/Final_Project/sdk/final_project/_ide/bitstream/mb_lab7_1_wrapper.bit"
15:48:58 INFO  : Context for processor 'microblaze_0' is selected.
15:48:58 INFO  : Hardware design and registers information is loaded from 'D:/School/UIUC_ECE385_SP25/Final_Project/sdk/mb_lab7_1_wrapper/export/mb_lab7_1_wrapper/hw/mb_lab7_1_wrapper.xsa'.
15:48:58 INFO  : 'configparams mdm-detect-bscan-mask 2' command is executed.
15:48:58 INFO  : Context for processor 'microblaze_0' is selected.
15:48:58 INFO  : System reset is completed.
15:49:01 INFO  : 'after 3000' command is executed.
15:49:01 INFO  : Context for processor 'microblaze_0' is selected.
15:49:01 INFO  : The application 'D:/School/UIUC_ECE385_SP25/Final_Project/sdk/final_project/Debug/final_project.elf' is downloaded to processor 'microblaze_0'.
15:49:01 INFO  : ----------------XSDB Script----------------
connect -url tcp:127.0.0.1:3121
targets -set -filter {jtag_cable_name =~ "RealDigital Boo 88710000000EA" && level==0 && jtag_device_ctx=="jsn1-0362f093-0"}
fpga -file D:/School/UIUC_ECE385_SP25/Final_Project/sdk/final_project/_ide/bitstream/mb_lab7_1_wrapper.bit
targets -set -nocase -filter {name =~ "*microblaze*#0" && bscan=="USER2" }
loadhw -hw D:/School/UIUC_ECE385_SP25/Final_Project/sdk/mb_lab7_1_wrapper/export/mb_lab7_1_wrapper/hw/mb_lab7_1_wrapper.xsa -regs
configparams mdm-detect-bscan-mask 2
targets -set -nocase -filter {name =~ "*microblaze*#0" && bscan=="USER2" }
rst -system
after 3000
targets -set -nocase -filter {name =~ "*microblaze*#0" && bscan=="USER2" }
dow D:/School/UIUC_ECE385_SP25/Final_Project/sdk/final_project/Debug/final_project.elf
----------------End of Script----------------

15:49:01 INFO  : Context for processor 'microblaze_0' is selected.
15:49:01 INFO  : 'con' command is executed.
15:49:01 INFO  : ----------------XSDB Script (After Launch)----------------
targets -set -nocase -filter {name =~ "*microblaze*#0" && bscan=="USER2" }
con
----------------End of Script----------------

15:49:01 INFO  : Disconnected from the channel tcfchan#17.
15:49:36 INFO  : Connected to target on host '127.0.0.1' and port '3121'.
15:49:36 INFO  : Jtag cable 'RealDigital Boo 88710000000EA' is selected.
15:49:36 INFO  : 'jtag frequency' command is executed.
15:49:36 INFO  : 'targets -set -filter {jtag_cable_name =~ "RealDigital Boo 88710000000EA" && level==0 && jtag_device_ctx=="jsn1-0362f093-0"}' command is executed.
15:49:37 INFO  : Device configured successfully with "D:/School/UIUC_ECE385_SP25/Final_Project/sdk/final_project/_ide/bitstream/mb_lab7_1_wrapper.bit"
15:49:37 INFO  : Context for processor 'microblaze_0' is selected.
15:49:37 INFO  : Hardware design and registers information is loaded from 'D:/School/UIUC_ECE385_SP25/Final_Project/sdk/mb_lab7_1_wrapper/export/mb_lab7_1_wrapper/hw/mb_lab7_1_wrapper.xsa'.
15:49:37 INFO  : 'configparams mdm-detect-bscan-mask 2' command is executed.
15:49:37 INFO  : Context for processor 'microblaze_0' is selected.
15:49:37 INFO  : System reset is completed.
15:49:40 INFO  : 'after 3000' command is executed.
15:49:40 INFO  : Context for processor 'microblaze_0' is selected.
15:49:41 INFO  : The application 'D:/School/UIUC_ECE385_SP25/Final_Project/sdk/final_project/Debug/final_project.elf' is downloaded to processor 'microblaze_0'.
15:49:41 INFO  : ----------------XSDB Script----------------
connect -url tcp:127.0.0.1:3121
targets -set -filter {jtag_cable_name =~ "RealDigital Boo 88710000000EA" && level==0 && jtag_device_ctx=="jsn1-0362f093-0"}
fpga -file D:/School/UIUC_ECE385_SP25/Final_Project/sdk/final_project/_ide/bitstream/mb_lab7_1_wrapper.bit
targets -set -nocase -filter {name =~ "*microblaze*#0" && bscan=="USER2" }
loadhw -hw D:/School/UIUC_ECE385_SP25/Final_Project/sdk/mb_lab7_1_wrapper/export/mb_lab7_1_wrapper/hw/mb_lab7_1_wrapper.xsa -regs
configparams mdm-detect-bscan-mask 2
targets -set -nocase -filter {name =~ "*microblaze*#0" && bscan=="USER2" }
rst -system
after 3000
targets -set -nocase -filter {name =~ "*microblaze*#0" && bscan=="USER2" }
dow D:/School/UIUC_ECE385_SP25/Final_Project/sdk/final_project/Debug/final_project.elf
----------------End of Script----------------

15:49:41 INFO  : Context for processor 'microblaze_0' is selected.
15:49:41 INFO  : 'con' command is executed.
15:49:41 INFO  : ----------------XSDB Script (After Launch)----------------
targets -set -nocase -filter {name =~ "*microblaze*#0" && bscan=="USER2" }
con
----------------End of Script----------------

15:49:41 INFO  : Disconnected from the channel tcfchan#18.
15:52:21 INFO  : Checking for BSP changes to sync application flags for project 'final_project'...
15:52:26 INFO  : Connected to target on host '127.0.0.1' and port '3121'.
15:52:26 INFO  : Jtag cable 'RealDigital Boo 88710000000EA' is selected.
15:52:26 INFO  : 'jtag frequency' command is executed.
15:52:26 INFO  : 'targets -set -filter {jtag_cable_name =~ "RealDigital Boo 88710000000EA" && level==0 && jtag_device_ctx=="jsn1-0362f093-0"}' command is executed.
15:52:28 INFO  : Device configured successfully with "D:/School/UIUC_ECE385_SP25/Final_Project/sdk/final_project/_ide/bitstream/mb_lab7_1_wrapper.bit"
15:52:28 INFO  : Context for processor 'microblaze_0' is selected.
15:52:28 INFO  : Hardware design and registers information is loaded from 'D:/School/UIUC_ECE385_SP25/Final_Project/sdk/mb_lab7_1_wrapper/export/mb_lab7_1_wrapper/hw/mb_lab7_1_wrapper.xsa'.
15:52:28 INFO  : 'configparams mdm-detect-bscan-mask 2' command is executed.
15:52:28 INFO  : Context for processor 'microblaze_0' is selected.
15:52:28 INFO  : System reset is completed.
15:52:31 INFO  : 'after 3000' command is executed.
15:52:31 INFO  : Context for processor 'microblaze_0' is selected.
15:52:31 INFO  : The application 'D:/School/UIUC_ECE385_SP25/Final_Project/sdk/final_project/Debug/final_project.elf' is downloaded to processor 'microblaze_0'.
15:52:31 INFO  : ----------------XSDB Script----------------
connect -url tcp:127.0.0.1:3121
targets -set -filter {jtag_cable_name =~ "RealDigital Boo 88710000000EA" && level==0 && jtag_device_ctx=="jsn1-0362f093-0"}
fpga -file D:/School/UIUC_ECE385_SP25/Final_Project/sdk/final_project/_ide/bitstream/mb_lab7_1_wrapper.bit
targets -set -nocase -filter {name =~ "*microblaze*#0" && bscan=="USER2" }
loadhw -hw D:/School/UIUC_ECE385_SP25/Final_Project/sdk/mb_lab7_1_wrapper/export/mb_lab7_1_wrapper/hw/mb_lab7_1_wrapper.xsa -regs
configparams mdm-detect-bscan-mask 2
targets -set -nocase -filter {name =~ "*microblaze*#0" && bscan=="USER2" }
rst -system
after 3000
targets -set -nocase -filter {name =~ "*microblaze*#0" && bscan=="USER2" }
dow D:/School/UIUC_ECE385_SP25/Final_Project/sdk/final_project/Debug/final_project.elf
----------------End of Script----------------

15:52:31 INFO  : Context for processor 'microblaze_0' is selected.
15:52:31 INFO  : 'con' command is executed.
15:52:31 INFO  : ----------------XSDB Script (After Launch)----------------
targets -set -nocase -filter {name =~ "*microblaze*#0" && bscan=="USER2" }
con
----------------End of Script----------------

15:52:31 INFO  : Disconnected from the channel tcfchan#19.
15:52:34 INFO  : Connected to target on host '127.0.0.1' and port '3121'.
15:52:35 INFO  : Jtag cable 'RealDigital Boo 88710000000EA' is selected.
15:52:35 INFO  : 'jtag frequency' command is executed.
15:52:38 ERROR : no targets found with "jtag_cable_name =~ "RealDigital Boo 88710000000EA" && level==0 && jtag_device_ctx=="jsn1-0362f093-0"". available targets:
  1  xc7s50
     2  MicroBlaze Debug Module at USER2
        3  MicroBlaze #0 (Running)
15:52:38 ERROR : Exception occured while running Program Device.
java.lang.RuntimeException: no targets found with "jtag_cable_name =~ "RealDigital Boo 88710000000EA" && level==0 && jtag_device_ctx=="jsn1-0362f093-0"". available targets:
  1  xc7s50
     2  MicroBlaze Debug Module at USER2
        3  MicroBlaze #0 (Running)
15:52:38 INFO  : ----------------XSDB Script----------------
connect -url tcp:127.0.0.1:3121
----------------End of Script----------------

15:52:38 ERROR : no targets found with "jtag_cable_name =~ "RealDigital Boo 88710000000EA" && level==0 && jtag_device_ctx=="jsn1-0362f093-0"". available targets:
  1  xc7s50
     2  MicroBlaze Debug Module at USER2
        3  MicroBlaze #0 (Running)
15:52:45 INFO  : Connected to target on host '127.0.0.1' and port '3121'.
15:52:45 INFO  : Jtag cable 'RealDigital Boo 88710000000EA' is selected.
15:52:45 INFO  : 'jtag frequency' command is executed.
15:52:48 ERROR : no targets found with "jtag_cable_name =~ "RealDigital Boo 88710000000EA" && level==0 && jtag_device_ctx=="jsn1-0362f093-0"". available targets:
  1  xc7s50
     2  MicroBlaze Debug Module at USER2
        3  MicroBlaze #0 (Running)
15:52:48 ERROR : Exception occured while running Program Device.
java.lang.RuntimeException: no targets found with "jtag_cable_name =~ "RealDigital Boo 88710000000EA" && level==0 && jtag_device_ctx=="jsn1-0362f093-0"". available targets:
  1  xc7s50
     2  MicroBlaze Debug Module at USER2
        3  MicroBlaze #0 (Running)
15:52:48 INFO  : ----------------XSDB Script----------------
connect -url tcp:127.0.0.1:3121
----------------End of Script----------------

15:52:48 ERROR : no targets found with "jtag_cable_name =~ "RealDigital Boo 88710000000EA" && level==0 && jtag_device_ctx=="jsn1-0362f093-0"". available targets:
  1  xc7s50
     2  MicroBlaze Debug Module at USER2
        3  MicroBlaze #0 (Running)
15:53:04 DEBUG : Logs will be stored at 'D:/School/UIUC_ECE385_SP25/Final_Project/sdk/IDE.log'.
15:53:05 INFO  : Launching XSCT server: xsct.bat -n  -interactive D:\School\UIUC_ECE385_SP25\Final_Project\sdk\temp_xsdb_launch_script.tcl
15:53:08 INFO  : XSCT server has started successfully.
15:53:08 INFO  : Successfully done setting XSCT server connection channel  
15:53:08 INFO  : plnx-install-location is set to ''
15:53:08 INFO  : Successfully done setting workspace for the tool. 
15:53:08 INFO  : Platform repository initialization has completed.
15:53:08 INFO  : Successfully done query RDI_DATADIR 
15:53:09 INFO  : Registering command handlers for Vitis TCF services
15:53:16 INFO  : Connected to target on host '127.0.0.1' and port '3121'.
15:53:17 INFO  : Jtag cable 'RealDigital Boo 88710000000EA' is selected.
15:53:17 INFO  : 'jtag frequency' command is executed.
15:53:18 INFO  : 'targets -set -filter {jtag_cable_name =~ "RealDigital Boo 88710000000EA" && level==0 && jtag_device_ctx=="jsn1-0362f093-0"}' command is executed.
15:53:19 INFO  : Device configured successfully with "D:/School/UIUC_ECE385_SP25/Final_Project/sdk/final_project/_ide/bitstream/mb_lab7_1_wrapper.bit"
15:53:19 INFO  : Context for processor 'microblaze_0' is selected.
15:53:19 INFO  : Hardware design and registers information is loaded from 'D:/School/UIUC_ECE385_SP25/Final_Project/sdk/mb_lab7_1_wrapper/export/mb_lab7_1_wrapper/hw/mb_lab7_1_wrapper.xsa'.
15:53:19 INFO  : 'configparams mdm-detect-bscan-mask 2' command is executed.
15:53:19 INFO  : Context for processor 'microblaze_0' is selected.
15:53:19 INFO  : System reset is completed.
15:53:22 INFO  : 'after 3000' command is executed.
15:53:23 INFO  : Context for processor 'microblaze_0' is selected.
15:53:23 INFO  : The application 'D:/School/UIUC_ECE385_SP25/Final_Project/sdk/final_project/Debug/final_project.elf' is downloaded to processor 'microblaze_0'.
15:53:23 INFO  : ----------------XSDB Script----------------
connect -url tcp:127.0.0.1:3121
targets -set -filter {jtag_cable_name =~ "RealDigital Boo 88710000000EA" && level==0 && jtag_device_ctx=="jsn1-0362f093-0"}
fpga -file D:/School/UIUC_ECE385_SP25/Final_Project/sdk/final_project/_ide/bitstream/mb_lab7_1_wrapper.bit
targets -set -nocase -filter {name =~ "*microblaze*#0" && bscan=="USER2" }
loadhw -hw D:/School/UIUC_ECE385_SP25/Final_Project/sdk/mb_lab7_1_wrapper/export/mb_lab7_1_wrapper/hw/mb_lab7_1_wrapper.xsa -regs
configparams mdm-detect-bscan-mask 2
targets -set -nocase -filter {name =~ "*microblaze*#0" && bscan=="USER2" }
rst -system
after 3000
targets -set -nocase -filter {name =~ "*microblaze*#0" && bscan=="USER2" }
dow D:/School/UIUC_ECE385_SP25/Final_Project/sdk/final_project/Debug/final_project.elf
----------------End of Script----------------

15:53:23 INFO  : Context for processor 'microblaze_0' is selected.
15:53:23 INFO  : 'con' command is executed.
15:53:23 INFO  : ----------------XSDB Script (After Launch)----------------
targets -set -nocase -filter {name =~ "*microblaze*#0" && bscan=="USER2" }
con
----------------End of Script----------------

15:53:23 INFO  : Disconnected from the channel tcfchan#1.
15:53:54 INFO  : Checking for BSP changes to sync application flags for project 'final_project'...
15:54:02 INFO  : Connected to target on host '127.0.0.1' and port '3121'.
15:54:03 INFO  : Jtag cable 'RealDigital Boo 88710000000EA' is selected.
15:54:03 INFO  : 'jtag frequency' command is executed.
15:54:03 INFO  : 'targets -set -filter {jtag_cable_name =~ "RealDigital Boo 88710000000EA" && level==0 && jtag_device_ctx=="jsn1-0362f093-0"}' command is executed.
15:54:05 INFO  : Device configured successfully with "D:/School/UIUC_ECE385_SP25/Final_Project/sdk/final_project/_ide/bitstream/mb_lab7_1_wrapper.bit"
15:54:05 INFO  : Context for processor 'microblaze_0' is selected.
15:54:05 INFO  : Hardware design and registers information is loaded from 'D:/School/UIUC_ECE385_SP25/Final_Project/sdk/mb_lab7_1_wrapper/export/mb_lab7_1_wrapper/hw/mb_lab7_1_wrapper.xsa'.
15:54:05 INFO  : 'configparams mdm-detect-bscan-mask 2' command is executed.
15:54:05 INFO  : Context for processor 'microblaze_0' is selected.
15:54:05 INFO  : System reset is completed.
15:54:08 INFO  : 'after 3000' command is executed.
15:54:09 INFO  : Context for processor 'microblaze_0' is selected.
15:54:09 INFO  : The application 'D:/School/UIUC_ECE385_SP25/Final_Project/sdk/final_project/Debug/final_project.elf' is downloaded to processor 'microblaze_0'.
15:54:09 INFO  : ----------------XSDB Script----------------
connect -url tcp:127.0.0.1:3121
targets -set -filter {jtag_cable_name =~ "RealDigital Boo 88710000000EA" && level==0 && jtag_device_ctx=="jsn1-0362f093-0"}
fpga -file D:/School/UIUC_ECE385_SP25/Final_Project/sdk/final_project/_ide/bitstream/mb_lab7_1_wrapper.bit
targets -set -nocase -filter {name =~ "*microblaze*#0" && bscan=="USER2" }
loadhw -hw D:/School/UIUC_ECE385_SP25/Final_Project/sdk/mb_lab7_1_wrapper/export/mb_lab7_1_wrapper/hw/mb_lab7_1_wrapper.xsa -regs
configparams mdm-detect-bscan-mask 2
targets -set -nocase -filter {name =~ "*microblaze*#0" && bscan=="USER2" }
rst -system
after 3000
targets -set -nocase -filter {name =~ "*microblaze*#0" && bscan=="USER2" }
dow D:/School/UIUC_ECE385_SP25/Final_Project/sdk/final_project/Debug/final_project.elf
----------------End of Script----------------

15:54:09 INFO  : Context for processor 'microblaze_0' is selected.
15:54:09 INFO  : 'con' command is executed.
15:54:09 INFO  : ----------------XSDB Script (After Launch)----------------
targets -set -nocase -filter {name =~ "*microblaze*#0" && bscan=="USER2" }
con
----------------End of Script----------------

15:54:09 INFO  : Disconnected from the channel tcfchan#2.
18:37:42 INFO  : Checking for BSP changes to sync application flags for project 'final_project'...
18:37:48 INFO  : Connected to target on host '127.0.0.1' and port '3121'.
18:37:49 INFO  : Jtag cable 'RealDigital Boo 88710000000EA' is selected.
18:37:49 INFO  : 'jtag frequency' command is executed.
18:37:49 INFO  : 'targets -set -filter {jtag_cable_name =~ "RealDigital Boo 88710000000EA" && level==0 && jtag_device_ctx=="jsn1-0362f093-0"}' command is executed.
18:37:51 INFO  : Device configured successfully with "D:/School/UIUC_ECE385_SP25/Final_Project/sdk/final_project/_ide/bitstream/mb_lab7_1_wrapper.bit"
18:37:51 INFO  : Context for processor 'microblaze_0' is selected.
18:37:51 INFO  : Hardware design and registers information is loaded from 'D:/School/UIUC_ECE385_SP25/Final_Project/sdk/mb_lab7_1_wrapper/export/mb_lab7_1_wrapper/hw/mb_lab7_1_wrapper.xsa'.
18:37:51 INFO  : 'configparams mdm-detect-bscan-mask 2' command is executed.
18:37:51 INFO  : Context for processor 'microblaze_0' is selected.
18:37:51 INFO  : System reset is completed.
18:37:54 INFO  : 'after 3000' command is executed.
18:37:55 INFO  : Context for processor 'microblaze_0' is selected.
18:37:55 INFO  : The application 'D:/School/UIUC_ECE385_SP25/Final_Project/sdk/final_project/Debug/final_project.elf' is downloaded to processor 'microblaze_0'.
18:37:55 INFO  : ----------------XSDB Script----------------
connect -url tcp:127.0.0.1:3121
targets -set -filter {jtag_cable_name =~ "RealDigital Boo 88710000000EA" && level==0 && jtag_device_ctx=="jsn1-0362f093-0"}
fpga -file D:/School/UIUC_ECE385_SP25/Final_Project/sdk/final_project/_ide/bitstream/mb_lab7_1_wrapper.bit
targets -set -nocase -filter {name =~ "*microblaze*#0" && bscan=="USER2" }
loadhw -hw D:/School/UIUC_ECE385_SP25/Final_Project/sdk/mb_lab7_1_wrapper/export/mb_lab7_1_wrapper/hw/mb_lab7_1_wrapper.xsa -regs
configparams mdm-detect-bscan-mask 2
targets -set -nocase -filter {name =~ "*microblaze*#0" && bscan=="USER2" }
rst -system
after 3000
targets -set -nocase -filter {name =~ "*microblaze*#0" && bscan=="USER2" }
dow D:/School/UIUC_ECE385_SP25/Final_Project/sdk/final_project/Debug/final_project.elf
----------------End of Script----------------

18:37:55 INFO  : Context for processor 'microblaze_0' is selected.
18:37:55 INFO  : 'con' command is executed.
18:37:55 INFO  : ----------------XSDB Script (After Launch)----------------
targets -set -nocase -filter {name =~ "*microblaze*#0" && bscan=="USER2" }
con
----------------End of Script----------------

18:37:55 INFO  : Disconnected from the channel tcfchan#3.
18:41:06 INFO  : Checking for BSP changes to sync application flags for project 'final_project'...
18:41:14 INFO  : Connected to target on host '127.0.0.1' and port '3121'.
18:41:14 INFO  : Jtag cable 'RealDigital Boo 88710000000EA' is selected.
18:41:14 INFO  : 'jtag frequency' command is executed.
18:41:15 INFO  : 'targets -set -filter {jtag_cable_name =~ "RealDigital Boo 88710000000EA" && level==0 && jtag_device_ctx=="jsn1-0362f093-0"}' command is executed.
18:41:17 INFO  : Device configured successfully with "D:/School/UIUC_ECE385_SP25/Final_Project/sdk/final_project/_ide/bitstream/mb_lab7_1_wrapper.bit"
18:41:17 INFO  : Context for processor 'microblaze_0' is selected.
18:41:17 INFO  : Hardware design and registers information is loaded from 'D:/School/UIUC_ECE385_SP25/Final_Project/sdk/mb_lab7_1_wrapper/export/mb_lab7_1_wrapper/hw/mb_lab7_1_wrapper.xsa'.
18:41:17 INFO  : 'configparams mdm-detect-bscan-mask 2' command is executed.
18:41:17 INFO  : Context for processor 'microblaze_0' is selected.
18:41:17 INFO  : System reset is completed.
18:41:20 INFO  : 'after 3000' command is executed.
18:41:20 INFO  : Context for processor 'microblaze_0' is selected.
18:41:21 INFO  : The application 'D:/School/UIUC_ECE385_SP25/Final_Project/sdk/final_project/Debug/final_project.elf' is downloaded to processor 'microblaze_0'.
18:41:21 INFO  : ----------------XSDB Script----------------
connect -url tcp:127.0.0.1:3121
targets -set -filter {jtag_cable_name =~ "RealDigital Boo 88710000000EA" && level==0 && jtag_device_ctx=="jsn1-0362f093-0"}
fpga -file D:/School/UIUC_ECE385_SP25/Final_Project/sdk/final_project/_ide/bitstream/mb_lab7_1_wrapper.bit
targets -set -nocase -filter {name =~ "*microblaze*#0" && bscan=="USER2" }
loadhw -hw D:/School/UIUC_ECE385_SP25/Final_Project/sdk/mb_lab7_1_wrapper/export/mb_lab7_1_wrapper/hw/mb_lab7_1_wrapper.xsa -regs
configparams mdm-detect-bscan-mask 2
targets -set -nocase -filter {name =~ "*microblaze*#0" && bscan=="USER2" }
rst -system
after 3000
targets -set -nocase -filter {name =~ "*microblaze*#0" && bscan=="USER2" }
dow D:/School/UIUC_ECE385_SP25/Final_Project/sdk/final_project/Debug/final_project.elf
----------------End of Script----------------

18:41:21 INFO  : Context for processor 'microblaze_0' is selected.
18:41:21 INFO  : 'con' command is executed.
18:41:21 INFO  : ----------------XSDB Script (After Launch)----------------
targets -set -nocase -filter {name =~ "*microblaze*#0" && bscan=="USER2" }
con
----------------End of Script----------------

18:41:21 INFO  : Disconnected from the channel tcfchan#4.
18:47:35 INFO  : Checking for BSP changes to sync application flags for project 'final_project'...
18:47:40 INFO  : Connected to target on host '127.0.0.1' and port '3121'.
18:47:41 INFO  : Jtag cable 'RealDigital Boo 88710000000EA' is selected.
18:47:41 INFO  : 'jtag frequency' command is executed.
18:47:41 INFO  : 'targets -set -filter {jtag_cable_name =~ "RealDigital Boo 88710000000EA" && level==0 && jtag_device_ctx=="jsn1-0362f093-0"}' command is executed.
18:47:43 INFO  : Device configured successfully with "D:/School/UIUC_ECE385_SP25/Final_Project/sdk/final_project/_ide/bitstream/mb_lab7_1_wrapper.bit"
18:47:43 INFO  : Context for processor 'microblaze_0' is selected.
18:47:43 INFO  : Hardware design and registers information is loaded from 'D:/School/UIUC_ECE385_SP25/Final_Project/sdk/mb_lab7_1_wrapper/export/mb_lab7_1_wrapper/hw/mb_lab7_1_wrapper.xsa'.
18:47:43 INFO  : 'configparams mdm-detect-bscan-mask 2' command is executed.
18:47:43 INFO  : Context for processor 'microblaze_0' is selected.
18:47:43 INFO  : System reset is completed.
18:47:46 INFO  : 'after 3000' command is executed.
18:47:46 INFO  : Context for processor 'microblaze_0' is selected.
18:47:47 INFO  : The application 'D:/School/UIUC_ECE385_SP25/Final_Project/sdk/final_project/Debug/final_project.elf' is downloaded to processor 'microblaze_0'.
18:47:47 INFO  : ----------------XSDB Script----------------
connect -url tcp:127.0.0.1:3121
targets -set -filter {jtag_cable_name =~ "RealDigital Boo 88710000000EA" && level==0 && jtag_device_ctx=="jsn1-0362f093-0"}
fpga -file D:/School/UIUC_ECE385_SP25/Final_Project/sdk/final_project/_ide/bitstream/mb_lab7_1_wrapper.bit
targets -set -nocase -filter {name =~ "*microblaze*#0" && bscan=="USER2" }
loadhw -hw D:/School/UIUC_ECE385_SP25/Final_Project/sdk/mb_lab7_1_wrapper/export/mb_lab7_1_wrapper/hw/mb_lab7_1_wrapper.xsa -regs
configparams mdm-detect-bscan-mask 2
targets -set -nocase -filter {name =~ "*microblaze*#0" && bscan=="USER2" }
rst -system
after 3000
targets -set -nocase -filter {name =~ "*microblaze*#0" && bscan=="USER2" }
dow D:/School/UIUC_ECE385_SP25/Final_Project/sdk/final_project/Debug/final_project.elf
----------------End of Script----------------

18:47:47 INFO  : Context for processor 'microblaze_0' is selected.
18:47:47 INFO  : 'con' command is executed.
18:47:47 INFO  : ----------------XSDB Script (After Launch)----------------
targets -set -nocase -filter {name =~ "*microblaze*#0" && bscan=="USER2" }
con
----------------End of Script----------------

18:47:47 INFO  : Disconnected from the channel tcfchan#5.
18:53:12 INFO  : Checking for BSP changes to sync application flags for project 'final_project'...
18:54:05 INFO  : Checking for BSP changes to sync application flags for project 'final_project'...
18:54:49 INFO  : Checking for BSP changes to sync application flags for project 'final_project'...
19:06:36 INFO  : Checking for BSP changes to sync application flags for project 'final_project'...
19:07:19 INFO  : Checking for BSP changes to sync application flags for project 'final_project'...
19:08:10 INFO  : Checking for BSP changes to sync application flags for project 'final_project'...
19:08:15 INFO  : Connected to target on host '127.0.0.1' and port '3121'.
19:08:16 INFO  : Jtag cable 'RealDigital Boo 88710000000EA' is selected.
19:08:16 INFO  : 'jtag frequency' command is executed.
19:08:17 INFO  : 'targets -set -filter {jtag_cable_name =~ "RealDigital Boo 88710000000EA" && level==0 && jtag_device_ctx=="jsn1-0362f093-0"}' command is executed.
19:08:18 INFO  : Device configured successfully with "D:/School/UIUC_ECE385_SP25/Final_Project/sdk/final_project/_ide/bitstream/mb_lab7_1_wrapper.bit"
19:08:18 INFO  : Context for processor 'microblaze_0' is selected.
19:08:18 INFO  : Hardware design and registers information is loaded from 'D:/School/UIUC_ECE385_SP25/Final_Project/sdk/mb_lab7_1_wrapper/export/mb_lab7_1_wrapper/hw/mb_lab7_1_wrapper.xsa'.
19:08:18 INFO  : 'configparams mdm-detect-bscan-mask 2' command is executed.
19:08:18 INFO  : Context for processor 'microblaze_0' is selected.
19:08:18 INFO  : System reset is completed.
19:08:21 INFO  : 'after 3000' command is executed.
19:08:22 INFO  : Context for processor 'microblaze_0' is selected.
19:08:22 INFO  : The application 'D:/School/UIUC_ECE385_SP25/Final_Project/sdk/final_project/Debug/final_project.elf' is downloaded to processor 'microblaze_0'.
19:08:22 INFO  : ----------------XSDB Script----------------
connect -url tcp:127.0.0.1:3121
targets -set -filter {jtag_cable_name =~ "RealDigital Boo 88710000000EA" && level==0 && jtag_device_ctx=="jsn1-0362f093-0"}
fpga -file D:/School/UIUC_ECE385_SP25/Final_Project/sdk/final_project/_ide/bitstream/mb_lab7_1_wrapper.bit
targets -set -nocase -filter {name =~ "*microblaze*#0" && bscan=="USER2" }
loadhw -hw D:/School/UIUC_ECE385_SP25/Final_Project/sdk/mb_lab7_1_wrapper/export/mb_lab7_1_wrapper/hw/mb_lab7_1_wrapper.xsa -regs
configparams mdm-detect-bscan-mask 2
targets -set -nocase -filter {name =~ "*microblaze*#0" && bscan=="USER2" }
rst -system
after 3000
targets -set -nocase -filter {name =~ "*microblaze*#0" && bscan=="USER2" }
dow D:/School/UIUC_ECE385_SP25/Final_Project/sdk/final_project/Debug/final_project.elf
----------------End of Script----------------

19:08:22 INFO  : Context for processor 'microblaze_0' is selected.
19:08:22 INFO  : 'con' command is executed.
19:08:22 INFO  : ----------------XSDB Script (After Launch)----------------
targets -set -nocase -filter {name =~ "*microblaze*#0" && bscan=="USER2" }
con
----------------End of Script----------------

19:08:22 INFO  : Disconnected from the channel tcfchan#6.
19:50:06 DEBUG : Logs will be stored at 'D:/School/UIUC_ECE385_SP25/Final_Project/sdk/IDE.log'.
19:50:07 INFO  : Launching XSCT server: xsct.bat -n  -interactive D:\School\UIUC_ECE385_SP25\Final_Project\sdk\temp_xsdb_launch_script.tcl
19:50:10 INFO  : Platform repository initialization has completed.
19:50:11 INFO  : Registering command handlers for Vitis TCF services
19:50:12 INFO  : XSCT server has started successfully.
19:50:12 INFO  : Successfully done setting XSCT server connection channel  
19:50:12 INFO  : plnx-install-location is set to ''
19:50:16 INFO  : Successfully done setting workspace for the tool. 
19:50:16 INFO  : Successfully done query RDI_DATADIR 
19:53:41 DEBUG : Logs will be stored at 'D:/School/UIUC_ECE385_SP25/Final_Project/sdk/IDE.log'.
19:53:41 INFO  : Launching XSCT server: xsct.bat -n  -interactive D:\School\UIUC_ECE385_SP25\Final_Project\sdk\temp_xsdb_launch_script.tcl
19:53:45 INFO  : XSCT server has started successfully.
19:53:45 INFO  : Successfully done setting XSCT server connection channel  
19:53:45 INFO  : plnx-install-location is set to ''
19:53:45 INFO  : Successfully done setting workspace for the tool. 
19:53:45 INFO  : Platform repository initialization has completed.
19:53:45 INFO  : Successfully done query RDI_DATADIR 
19:53:45 INFO  : Registering command handlers for Vitis TCF services
19:57:45 DEBUG : Logs will be stored at 'D:/School/UIUC_ECE385_SP25/Final_Project/sdk/IDE.log'.
19:57:45 INFO  : Launching XSCT server: xsct.bat -n  -interactive D:\School\UIUC_ECE385_SP25\Final_Project\sdk\temp_xsdb_launch_script.tcl
19:57:47 INFO  : XSCT server has started successfully.
19:57:47 INFO  : Successfully done setting XSCT server connection channel  
19:57:47 INFO  : plnx-install-location is set to ''
19:57:47 INFO  : Successfully done setting workspace for the tool. 
19:57:49 INFO  : Platform repository initialization has completed.
19:57:49 INFO  : Successfully done query RDI_DATADIR 
19:57:49 INFO  : Registering command handlers for Vitis TCF services
19:58:08 INFO  : Result from executing command 'getProjects': mb_lab7_1_wrapper
19:58:08 INFO  : Result from executing command 'getPlatforms': mb_lab7_1_wrapper|D:/School/UIUC_ECE385_SP25/Final_Project/sdk/mb_lab7_1_wrapper/export/mb_lab7_1_wrapper/mb_lab7_1_wrapper.xpfm
19:58:08 INFO  : Checking for BSP changes to sync application flags for project 'final_project'...
20:01:04 INFO  : Checking for BSP changes to sync application flags for project 'final_project'...
20:02:11 INFO  : Checking for BSP changes to sync application flags for project 'final_project'...
20:02:42 INFO  : Checking for BSP changes to sync application flags for project 'final_project'...
20:02:50 INFO  : Connected to target on host '127.0.0.1' and port '3121'.
20:02:51 INFO  : Jtag cable 'RealDigital Boo 88710000000EA' is selected.
20:02:51 INFO  : 'jtag frequency' command is executed.
20:02:51 INFO  : 'targets -set -filter {jtag_cable_name =~ "RealDigital Boo 88710000000EA" && level==0 && jtag_device_ctx=="jsn1-0362f093-0"}' command is executed.
20:02:53 INFO  : Device configured successfully with "D:/School/UIUC_ECE385_SP25/Final_Project/sdk/final_project/_ide/bitstream/mb_lab7_1_wrapper.bit"
20:02:53 INFO  : Context for processor 'microblaze_0' is selected.
20:02:53 INFO  : Hardware design and registers information is loaded from 'D:/School/UIUC_ECE385_SP25/Final_Project/sdk/mb_lab7_1_wrapper/export/mb_lab7_1_wrapper/hw/mb_lab7_1_wrapper.xsa'.
20:02:53 INFO  : 'configparams mdm-detect-bscan-mask 2' command is executed.
20:02:53 INFO  : Context for processor 'microblaze_0' is selected.
20:02:53 INFO  : System reset is completed.
20:02:56 INFO  : 'after 3000' command is executed.
20:02:57 INFO  : Context for processor 'microblaze_0' is selected.
20:02:57 INFO  : The application 'D:/School/UIUC_ECE385_SP25/Final_Project/sdk/final_project/Debug/final_project.elf' is downloaded to processor 'microblaze_0'.
20:02:57 INFO  : ----------------XSDB Script----------------
connect -url tcp:127.0.0.1:3121
targets -set -filter {jtag_cable_name =~ "RealDigital Boo 88710000000EA" && level==0 && jtag_device_ctx=="jsn1-0362f093-0"}
fpga -file D:/School/UIUC_ECE385_SP25/Final_Project/sdk/final_project/_ide/bitstream/mb_lab7_1_wrapper.bit
targets -set -nocase -filter {name =~ "*microblaze*#0" && bscan=="USER2" }
loadhw -hw D:/School/UIUC_ECE385_SP25/Final_Project/sdk/mb_lab7_1_wrapper/export/mb_lab7_1_wrapper/hw/mb_lab7_1_wrapper.xsa -regs
configparams mdm-detect-bscan-mask 2
targets -set -nocase -filter {name =~ "*microblaze*#0" && bscan=="USER2" }
rst -system
after 3000
targets -set -nocase -filter {name =~ "*microblaze*#0" && bscan=="USER2" }
dow D:/School/UIUC_ECE385_SP25/Final_Project/sdk/final_project/Debug/final_project.elf
----------------End of Script----------------

20:02:57 INFO  : Context for processor 'microblaze_0' is selected.
20:02:57 INFO  : 'con' command is executed.
20:02:57 INFO  : ----------------XSDB Script (After Launch)----------------
targets -set -nocase -filter {name =~ "*microblaze*#0" && bscan=="USER2" }
con
----------------End of Script----------------

20:02:57 INFO  : Disconnected from the channel tcfchan#2.
20:45:59 INFO  : Checking for BSP changes to sync application flags for project 'final_project'...
20:46:06 INFO  : Connected to target on host '127.0.0.1' and port '3121'.
20:46:07 INFO  : Jtag cable 'RealDigital Boo 88710000000EA' is selected.
20:46:07 INFO  : 'jtag frequency' command is executed.
20:46:07 INFO  : 'targets -set -filter {jtag_cable_name =~ "RealDigital Boo 88710000000EA" && level==0 && jtag_device_ctx=="jsn1-0362f093-0"}' command is executed.
20:46:09 INFO  : Device configured successfully with "D:/School/UIUC_ECE385_SP25/Final_Project/sdk/final_project/_ide/bitstream/mb_lab7_1_wrapper.bit"
20:46:09 INFO  : Context for processor 'microblaze_0' is selected.
20:46:09 INFO  : Hardware design and registers information is loaded from 'D:/School/UIUC_ECE385_SP25/Final_Project/sdk/mb_lab7_1_wrapper/export/mb_lab7_1_wrapper/hw/mb_lab7_1_wrapper.xsa'.
20:46:09 INFO  : 'configparams mdm-detect-bscan-mask 2' command is executed.
20:46:09 INFO  : Context for processor 'microblaze_0' is selected.
20:46:09 INFO  : System reset is completed.
20:46:12 INFO  : 'after 3000' command is executed.
20:46:13 INFO  : Context for processor 'microblaze_0' is selected.
20:46:13 INFO  : The application 'D:/School/UIUC_ECE385_SP25/Final_Project/sdk/final_project/Debug/final_project.elf' is downloaded to processor 'microblaze_0'.
20:46:13 INFO  : ----------------XSDB Script----------------
connect -url tcp:127.0.0.1:3121
targets -set -filter {jtag_cable_name =~ "RealDigital Boo 88710000000EA" && level==0 && jtag_device_ctx=="jsn1-0362f093-0"}
fpga -file D:/School/UIUC_ECE385_SP25/Final_Project/sdk/final_project/_ide/bitstream/mb_lab7_1_wrapper.bit
targets -set -nocase -filter {name =~ "*microblaze*#0" && bscan=="USER2" }
loadhw -hw D:/School/UIUC_ECE385_SP25/Final_Project/sdk/mb_lab7_1_wrapper/export/mb_lab7_1_wrapper/hw/mb_lab7_1_wrapper.xsa -regs
configparams mdm-detect-bscan-mask 2
targets -set -nocase -filter {name =~ "*microblaze*#0" && bscan=="USER2" }
rst -system
after 3000
targets -set -nocase -filter {name =~ "*microblaze*#0" && bscan=="USER2" }
dow D:/School/UIUC_ECE385_SP25/Final_Project/sdk/final_project/Debug/final_project.elf
----------------End of Script----------------

20:46:13 INFO  : Context for processor 'microblaze_0' is selected.
20:46:13 INFO  : 'con' command is executed.
20:46:13 INFO  : ----------------XSDB Script (After Launch)----------------
targets -set -nocase -filter {name =~ "*microblaze*#0" && bscan=="USER2" }
con
----------------End of Script----------------

20:46:13 INFO  : Disconnected from the channel tcfchan#3.
20:49:04 INFO  : Checking for BSP changes to sync application flags for project 'final_project'...
20:49:15 INFO  : Connected to target on host '127.0.0.1' and port '3121'.
20:49:16 INFO  : Jtag cable 'RealDigital Boo 88710000000EA' is selected.
20:49:16 INFO  : 'jtag frequency' command is executed.
20:49:16 INFO  : 'targets -set -filter {jtag_cable_name =~ "RealDigital Boo 88710000000EA" && level==0 && jtag_device_ctx=="jsn1-0362f093-0"}' command is executed.
20:49:18 INFO  : Device configured successfully with "D:/School/UIUC_ECE385_SP25/Final_Project/sdk/final_project/_ide/bitstream/mb_lab7_1_wrapper.bit"
20:49:18 INFO  : Context for processor 'microblaze_0' is selected.
20:49:18 INFO  : Hardware design and registers information is loaded from 'D:/School/UIUC_ECE385_SP25/Final_Project/sdk/mb_lab7_1_wrapper/export/mb_lab7_1_wrapper/hw/mb_lab7_1_wrapper.xsa'.
20:49:18 INFO  : 'configparams mdm-detect-bscan-mask 2' command is executed.
20:49:18 INFO  : Context for processor 'microblaze_0' is selected.
20:49:18 INFO  : System reset is completed.
20:49:21 INFO  : 'after 3000' command is executed.
20:49:22 INFO  : Context for processor 'microblaze_0' is selected.
20:49:22 INFO  : The application 'D:/School/UIUC_ECE385_SP25/Final_Project/sdk/final_project/Debug/final_project.elf' is downloaded to processor 'microblaze_0'.
20:49:22 INFO  : ----------------XSDB Script----------------
connect -url tcp:127.0.0.1:3121
targets -set -filter {jtag_cable_name =~ "RealDigital Boo 88710000000EA" && level==0 && jtag_device_ctx=="jsn1-0362f093-0"}
fpga -file D:/School/UIUC_ECE385_SP25/Final_Project/sdk/final_project/_ide/bitstream/mb_lab7_1_wrapper.bit
targets -set -nocase -filter {name =~ "*microblaze*#0" && bscan=="USER2" }
loadhw -hw D:/School/UIUC_ECE385_SP25/Final_Project/sdk/mb_lab7_1_wrapper/export/mb_lab7_1_wrapper/hw/mb_lab7_1_wrapper.xsa -regs
configparams mdm-detect-bscan-mask 2
targets -set -nocase -filter {name =~ "*microblaze*#0" && bscan=="USER2" }
rst -system
after 3000
targets -set -nocase -filter {name =~ "*microblaze*#0" && bscan=="USER2" }
dow D:/School/UIUC_ECE385_SP25/Final_Project/sdk/final_project/Debug/final_project.elf
----------------End of Script----------------

20:49:22 INFO  : Context for processor 'microblaze_0' is selected.
20:49:22 INFO  : 'con' command is executed.
20:49:22 INFO  : ----------------XSDB Script (After Launch)----------------
targets -set -nocase -filter {name =~ "*microblaze*#0" && bscan=="USER2" }
con
----------------End of Script----------------

20:49:22 INFO  : Disconnected from the channel tcfchan#4.
20:50:33 INFO  : Checking for BSP changes to sync application flags for project 'final_project'...
20:50:40 INFO  : Connected to target on host '127.0.0.1' and port '3121'.
20:50:41 INFO  : Jtag cable 'RealDigital Boo 88710000000EA' is selected.
20:50:41 INFO  : 'jtag frequency' command is executed.
20:50:41 INFO  : 'targets -set -filter {jtag_cable_name =~ "RealDigital Boo 88710000000EA" && level==0 && jtag_device_ctx=="jsn1-0362f093-0"}' command is executed.
20:50:43 INFO  : Device configured successfully with "D:/School/UIUC_ECE385_SP25/Final_Project/sdk/final_project/_ide/bitstream/mb_lab7_1_wrapper.bit"
20:50:43 INFO  : Context for processor 'microblaze_0' is selected.
20:50:43 INFO  : Hardware design and registers information is loaded from 'D:/School/UIUC_ECE385_SP25/Final_Project/sdk/mb_lab7_1_wrapper/export/mb_lab7_1_wrapper/hw/mb_lab7_1_wrapper.xsa'.
20:50:43 INFO  : 'configparams mdm-detect-bscan-mask 2' command is executed.
20:50:43 INFO  : Context for processor 'microblaze_0' is selected.
20:50:43 INFO  : System reset is completed.
20:50:46 INFO  : 'after 3000' command is executed.
20:50:47 INFO  : Context for processor 'microblaze_0' is selected.
20:50:47 INFO  : The application 'D:/School/UIUC_ECE385_SP25/Final_Project/sdk/final_project/Debug/final_project.elf' is downloaded to processor 'microblaze_0'.
20:50:47 INFO  : ----------------XSDB Script----------------
connect -url tcp:127.0.0.1:3121
targets -set -filter {jtag_cable_name =~ "RealDigital Boo 88710000000EA" && level==0 && jtag_device_ctx=="jsn1-0362f093-0"}
fpga -file D:/School/UIUC_ECE385_SP25/Final_Project/sdk/final_project/_ide/bitstream/mb_lab7_1_wrapper.bit
targets -set -nocase -filter {name =~ "*microblaze*#0" && bscan=="USER2" }
loadhw -hw D:/School/UIUC_ECE385_SP25/Final_Project/sdk/mb_lab7_1_wrapper/export/mb_lab7_1_wrapper/hw/mb_lab7_1_wrapper.xsa -regs
configparams mdm-detect-bscan-mask 2
targets -set -nocase -filter {name =~ "*microblaze*#0" && bscan=="USER2" }
rst -system
after 3000
targets -set -nocase -filter {name =~ "*microblaze*#0" && bscan=="USER2" }
dow D:/School/UIUC_ECE385_SP25/Final_Project/sdk/final_project/Debug/final_project.elf
----------------End of Script----------------

20:50:47 INFO  : Context for processor 'microblaze_0' is selected.
20:50:47 INFO  : 'con' command is executed.
20:50:47 INFO  : ----------------XSDB Script (After Launch)----------------
targets -set -nocase -filter {name =~ "*microblaze*#0" && bscan=="USER2" }
con
----------------End of Script----------------

20:50:47 INFO  : Disconnected from the channel tcfchan#5.
20:51:26 INFO  : Checking for BSP changes to sync application flags for project 'final_project'...
20:51:30 INFO  : Connected to target on host '127.0.0.1' and port '3121'.
20:51:31 INFO  : Jtag cable 'RealDigital Boo 88710000000EA' is selected.
20:51:31 INFO  : 'jtag frequency' command is executed.
20:51:31 INFO  : 'targets -set -filter {jtag_cable_name =~ "RealDigital Boo 88710000000EA" && level==0 && jtag_device_ctx=="jsn1-0362f093-0"}' command is executed.
20:51:33 INFO  : Device configured successfully with "D:/School/UIUC_ECE385_SP25/Final_Project/sdk/final_project/_ide/bitstream/mb_lab7_1_wrapper.bit"
20:51:33 INFO  : Context for processor 'microblaze_0' is selected.
20:51:33 INFO  : Hardware design and registers information is loaded from 'D:/School/UIUC_ECE385_SP25/Final_Project/sdk/mb_lab7_1_wrapper/export/mb_lab7_1_wrapper/hw/mb_lab7_1_wrapper.xsa'.
20:51:33 INFO  : 'configparams mdm-detect-bscan-mask 2' command is executed.
20:51:33 INFO  : Context for processor 'microblaze_0' is selected.
20:51:33 INFO  : System reset is completed.
20:51:36 INFO  : 'after 3000' command is executed.
20:51:37 INFO  : Context for processor 'microblaze_0' is selected.
20:51:37 INFO  : The application 'D:/School/UIUC_ECE385_SP25/Final_Project/sdk/final_project/Debug/final_project.elf' is downloaded to processor 'microblaze_0'.
20:51:37 INFO  : ----------------XSDB Script----------------
connect -url tcp:127.0.0.1:3121
targets -set -filter {jtag_cable_name =~ "RealDigital Boo 88710000000EA" && level==0 && jtag_device_ctx=="jsn1-0362f093-0"}
fpga -file D:/School/UIUC_ECE385_SP25/Final_Project/sdk/final_project/_ide/bitstream/mb_lab7_1_wrapper.bit
targets -set -nocase -filter {name =~ "*microblaze*#0" && bscan=="USER2" }
loadhw -hw D:/School/UIUC_ECE385_SP25/Final_Project/sdk/mb_lab7_1_wrapper/export/mb_lab7_1_wrapper/hw/mb_lab7_1_wrapper.xsa -regs
configparams mdm-detect-bscan-mask 2
targets -set -nocase -filter {name =~ "*microblaze*#0" && bscan=="USER2" }
rst -system
after 3000
targets -set -nocase -filter {name =~ "*microblaze*#0" && bscan=="USER2" }
dow D:/School/UIUC_ECE385_SP25/Final_Project/sdk/final_project/Debug/final_project.elf
----------------End of Script----------------

20:51:37 INFO  : Context for processor 'microblaze_0' is selected.
20:51:37 INFO  : 'con' command is executed.
20:51:37 INFO  : ----------------XSDB Script (After Launch)----------------
targets -set -nocase -filter {name =~ "*microblaze*#0" && bscan=="USER2" }
con
----------------End of Script----------------

20:51:37 INFO  : Disconnected from the channel tcfchan#6.
20:52:16 INFO  : Result from executing command 'removePlatformRepo': 
20:52:24 INFO  : Result from executing command 'getProjects': mb_lab7_1_wrapper
20:52:24 INFO  : Result from executing command 'getPlatforms': 
20:52:24 INFO  : Checking for BSP changes to sync application flags for project 'final_project'...
20:52:31 INFO  : Connected to target on host '127.0.0.1' and port '3121'.
20:52:32 INFO  : Jtag cable 'RealDigital Boo 88710000000EA' is selected.
20:52:32 INFO  : 'jtag frequency' command is executed.
20:52:32 INFO  : 'targets -set -filter {jtag_cable_name =~ "RealDigital Boo 88710000000EA" && level==0 && jtag_device_ctx=="jsn1-0362f093-0"}' command is executed.
20:52:34 INFO  : Device configured successfully with "D:/School/UIUC_ECE385_SP25/Final_Project/sdk/final_project/_ide/bitstream/mb_lab7_1_wrapper.bit"
20:52:34 INFO  : Context for processor 'microblaze_0' is selected.
20:52:34 INFO  : Hardware design and registers information is loaded from 'D:/School/UIUC_ECE385_SP25/Final_Project/sdk/mb_lab7_1_wrapper/export/mb_lab7_1_wrapper/hw/mb_lab7_1_wrapper.xsa'.
20:52:34 INFO  : 'configparams mdm-detect-bscan-mask 2' command is executed.
20:52:34 INFO  : Context for processor 'microblaze_0' is selected.
20:52:34 INFO  : System reset is completed.
20:52:37 INFO  : 'after 3000' command is executed.
20:52:37 INFO  : Context for processor 'microblaze_0' is selected.
20:52:38 INFO  : The application 'D:/School/UIUC_ECE385_SP25/Final_Project/sdk/final_project/Debug/final_project.elf' is downloaded to processor 'microblaze_0'.
20:52:38 INFO  : ----------------XSDB Script----------------
connect -url tcp:127.0.0.1:3121
targets -set -filter {jtag_cable_name =~ "RealDigital Boo 88710000000EA" && level==0 && jtag_device_ctx=="jsn1-0362f093-0"}
fpga -file D:/School/UIUC_ECE385_SP25/Final_Project/sdk/final_project/_ide/bitstream/mb_lab7_1_wrapper.bit
targets -set -nocase -filter {name =~ "*microblaze*#0" && bscan=="USER2" }
loadhw -hw D:/School/UIUC_ECE385_SP25/Final_Project/sdk/mb_lab7_1_wrapper/export/mb_lab7_1_wrapper/hw/mb_lab7_1_wrapper.xsa -regs
configparams mdm-detect-bscan-mask 2
targets -set -nocase -filter {name =~ "*microblaze*#0" && bscan=="USER2" }
rst -system
after 3000
targets -set -nocase -filter {name =~ "*microblaze*#0" && bscan=="USER2" }
dow D:/School/UIUC_ECE385_SP25/Final_Project/sdk/final_project/Debug/final_project.elf
----------------End of Script----------------

20:52:38 INFO  : Context for processor 'microblaze_0' is selected.
20:52:38 INFO  : 'con' command is executed.
20:52:38 INFO  : ----------------XSDB Script (After Launch)----------------
targets -set -nocase -filter {name =~ "*microblaze*#0" && bscan=="USER2" }
con
----------------End of Script----------------

20:52:38 INFO  : Disconnected from the channel tcfchan#9.
21:46:50 INFO  : Checking for BSP changes to sync application flags for project 'final_project'...
21:47:02 INFO  : Connected to target on host '127.0.0.1' and port '3121'.
21:47:03 INFO  : Jtag cable 'RealDigital Boo 88710000000EA' is selected.
21:47:03 INFO  : 'jtag frequency' command is executed.
21:47:03 INFO  : 'targets -set -filter {jtag_cable_name =~ "RealDigital Boo 88710000000EA" && level==0 && jtag_device_ctx=="jsn1-0362f093-0"}' command is executed.
21:47:05 INFO  : Device configured successfully with "D:/School/UIUC_ECE385_SP25/Final_Project/sdk/final_project/_ide/bitstream/mb_lab7_1_wrapper.bit"
21:47:05 INFO  : Context for processor 'microblaze_0' is selected.
21:47:05 INFO  : Hardware design and registers information is loaded from 'D:/School/UIUC_ECE385_SP25/Final_Project/sdk/mb_lab7_1_wrapper/export/mb_lab7_1_wrapper/hw/mb_lab7_1_wrapper.xsa'.
21:47:05 INFO  : 'configparams mdm-detect-bscan-mask 2' command is executed.
21:47:05 INFO  : Context for processor 'microblaze_0' is selected.
21:47:05 INFO  : System reset is completed.
21:47:08 INFO  : 'after 3000' command is executed.
21:47:08 INFO  : Context for processor 'microblaze_0' is selected.
21:47:09 INFO  : The application 'D:/School/UIUC_ECE385_SP25/Final_Project/sdk/final_project/Debug/final_project.elf' is downloaded to processor 'microblaze_0'.
21:47:09 INFO  : ----------------XSDB Script----------------
connect -url tcp:127.0.0.1:3121
targets -set -filter {jtag_cable_name =~ "RealDigital Boo 88710000000EA" && level==0 && jtag_device_ctx=="jsn1-0362f093-0"}
fpga -file D:/School/UIUC_ECE385_SP25/Final_Project/sdk/final_project/_ide/bitstream/mb_lab7_1_wrapper.bit
targets -set -nocase -filter {name =~ "*microblaze*#0" && bscan=="USER2" }
loadhw -hw D:/School/UIUC_ECE385_SP25/Final_Project/sdk/mb_lab7_1_wrapper/export/mb_lab7_1_wrapper/hw/mb_lab7_1_wrapper.xsa -regs
configparams mdm-detect-bscan-mask 2
targets -set -nocase -filter {name =~ "*microblaze*#0" && bscan=="USER2" }
rst -system
after 3000
targets -set -nocase -filter {name =~ "*microblaze*#0" && bscan=="USER2" }
dow D:/School/UIUC_ECE385_SP25/Final_Project/sdk/final_project/Debug/final_project.elf
----------------End of Script----------------

21:47:09 INFO  : Context for processor 'microblaze_0' is selected.
21:47:09 INFO  : 'con' command is executed.
21:47:09 INFO  : ----------------XSDB Script (After Launch)----------------
targets -set -nocase -filter {name =~ "*microblaze*#0" && bscan=="USER2" }
con
----------------End of Script----------------

21:47:09 INFO  : Disconnected from the channel tcfchan#10.
22:40:55 INFO  : Checking for BSP changes to sync application flags for project 'final_project'...
22:44:21 INFO  : Checking for BSP changes to sync application flags for project 'final_project'...
22:45:28 INFO  : Checking for BSP changes to sync application flags for project 'final_project'...
22:46:18 INFO  : Checking for BSP changes to sync application flags for project 'final_project'...
22:46:22 INFO  : Connected to target on host '127.0.0.1' and port '3121'.
22:46:23 INFO  : Jtag cable 'RealDigital Boo 88710000000EA' is selected.
22:46:23 INFO  : 'jtag frequency' command is executed.
22:46:23 INFO  : 'targets -set -filter {jtag_cable_name =~ "RealDigital Boo 88710000000EA" && level==0 && jtag_device_ctx=="jsn1-0362f093-0"}' command is executed.
22:46:25 INFO  : Device configured successfully with "D:/School/UIUC_ECE385_SP25/Final_Project/sdk/final_project/_ide/bitstream/mb_lab7_1_wrapper.bit"
22:46:25 INFO  : Context for processor 'microblaze_0' is selected.
22:46:25 INFO  : Hardware design and registers information is loaded from 'D:/School/UIUC_ECE385_SP25/Final_Project/sdk/mb_lab7_1_wrapper/export/mb_lab7_1_wrapper/hw/mb_lab7_1_wrapper.xsa'.
22:46:25 INFO  : 'configparams mdm-detect-bscan-mask 2' command is executed.
22:46:25 INFO  : Context for processor 'microblaze_0' is selected.
22:46:25 INFO  : System reset is completed.
22:46:28 INFO  : 'after 3000' command is executed.
22:46:29 INFO  : Context for processor 'microblaze_0' is selected.
22:46:29 INFO  : The application 'D:/School/UIUC_ECE385_SP25/Final_Project/sdk/final_project/Debug/final_project.elf' is downloaded to processor 'microblaze_0'.
22:46:29 INFO  : ----------------XSDB Script----------------
connect -url tcp:127.0.0.1:3121
targets -set -filter {jtag_cable_name =~ "RealDigital Boo 88710000000EA" && level==0 && jtag_device_ctx=="jsn1-0362f093-0"}
fpga -file D:/School/UIUC_ECE385_SP25/Final_Project/sdk/final_project/_ide/bitstream/mb_lab7_1_wrapper.bit
targets -set -nocase -filter {name =~ "*microblaze*#0" && bscan=="USER2" }
loadhw -hw D:/School/UIUC_ECE385_SP25/Final_Project/sdk/mb_lab7_1_wrapper/export/mb_lab7_1_wrapper/hw/mb_lab7_1_wrapper.xsa -regs
configparams mdm-detect-bscan-mask 2
targets -set -nocase -filter {name =~ "*microblaze*#0" && bscan=="USER2" }
rst -system
after 3000
targets -set -nocase -filter {name =~ "*microblaze*#0" && bscan=="USER2" }
dow D:/School/UIUC_ECE385_SP25/Final_Project/sdk/final_project/Debug/final_project.elf
----------------End of Script----------------

22:46:29 INFO  : Context for processor 'microblaze_0' is selected.
22:46:29 INFO  : 'con' command is executed.
22:46:29 INFO  : ----------------XSDB Script (After Launch)----------------
targets -set -nocase -filter {name =~ "*microblaze*#0" && bscan=="USER2" }
con
----------------End of Script----------------

22:46:29 INFO  : Disconnected from the channel tcfchan#11.
22:53:36 INFO  : Checking for BSP changes to sync application flags for project 'final_project'...
22:53:45 INFO  : Connected to target on host '127.0.0.1' and port '3121'.
22:53:46 INFO  : Jtag cable 'RealDigital Boo 88710000000EA' is selected.
22:53:46 INFO  : 'jtag frequency' command is executed.
22:53:46 INFO  : 'targets -set -filter {jtag_cable_name =~ "RealDigital Boo 88710000000EA" && level==0 && jtag_device_ctx=="jsn1-0362f093-0"}' command is executed.
22:53:48 INFO  : Device configured successfully with "D:/School/UIUC_ECE385_SP25/Final_Project/sdk/final_project/_ide/bitstream/mb_lab7_1_wrapper.bit"
22:53:48 INFO  : Context for processor 'microblaze_0' is selected.
22:53:48 INFO  : Hardware design and registers information is loaded from 'D:/School/UIUC_ECE385_SP25/Final_Project/sdk/mb_lab7_1_wrapper/export/mb_lab7_1_wrapper/hw/mb_lab7_1_wrapper.xsa'.
22:53:48 INFO  : 'configparams mdm-detect-bscan-mask 2' command is executed.
22:53:48 INFO  : Context for processor 'microblaze_0' is selected.
22:53:48 INFO  : System reset is completed.
22:53:51 INFO  : 'after 3000' command is executed.
22:53:52 INFO  : Context for processor 'microblaze_0' is selected.
22:53:52 INFO  : The application 'D:/School/UIUC_ECE385_SP25/Final_Project/sdk/final_project/Debug/final_project.elf' is downloaded to processor 'microblaze_0'.
22:53:52 INFO  : ----------------XSDB Script----------------
connect -url tcp:127.0.0.1:3121
targets -set -filter {jtag_cable_name =~ "RealDigital Boo 88710000000EA" && level==0 && jtag_device_ctx=="jsn1-0362f093-0"}
fpga -file D:/School/UIUC_ECE385_SP25/Final_Project/sdk/final_project/_ide/bitstream/mb_lab7_1_wrapper.bit
targets -set -nocase -filter {name =~ "*microblaze*#0" && bscan=="USER2" }
loadhw -hw D:/School/UIUC_ECE385_SP25/Final_Project/sdk/mb_lab7_1_wrapper/export/mb_lab7_1_wrapper/hw/mb_lab7_1_wrapper.xsa -regs
configparams mdm-detect-bscan-mask 2
targets -set -nocase -filter {name =~ "*microblaze*#0" && bscan=="USER2" }
rst -system
after 3000
targets -set -nocase -filter {name =~ "*microblaze*#0" && bscan=="USER2" }
dow D:/School/UIUC_ECE385_SP25/Final_Project/sdk/final_project/Debug/final_project.elf
----------------End of Script----------------

22:53:52 INFO  : Context for processor 'microblaze_0' is selected.
22:53:52 INFO  : 'con' command is executed.
22:53:52 INFO  : ----------------XSDB Script (After Launch)----------------
targets -set -nocase -filter {name =~ "*microblaze*#0" && bscan=="USER2" }
con
----------------End of Script----------------

22:53:52 INFO  : Disconnected from the channel tcfchan#12.
23:31:31 INFO  : Checking for BSP changes to sync application flags for project 'final_project'...
23:31:36 INFO  : Connected to target on host '127.0.0.1' and port '3121'.
23:31:37 INFO  : Jtag cable 'RealDigital Boo 88710000000EA' is selected.
23:31:37 INFO  : 'jtag frequency' command is executed.
23:31:37 INFO  : 'targets -set -filter {jtag_cable_name =~ "RealDigital Boo 88710000000EA" && level==0 && jtag_device_ctx=="jsn1-0362f093-0"}' command is executed.
23:31:39 INFO  : Device configured successfully with "D:/School/UIUC_ECE385_SP25/Final_Project/sdk/final_project/_ide/bitstream/mb_lab7_1_wrapper.bit"
23:31:39 INFO  : Context for processor 'microblaze_0' is selected.
23:31:39 INFO  : Hardware design and registers information is loaded from 'D:/School/UIUC_ECE385_SP25/Final_Project/sdk/mb_lab7_1_wrapper/export/mb_lab7_1_wrapper/hw/mb_lab7_1_wrapper.xsa'.
23:31:39 INFO  : 'configparams mdm-detect-bscan-mask 2' command is executed.
23:31:39 INFO  : Context for processor 'microblaze_0' is selected.
23:31:39 INFO  : System reset is completed.
23:31:42 INFO  : 'after 3000' command is executed.
23:31:43 INFO  : Context for processor 'microblaze_0' is selected.
23:31:43 INFO  : The application 'D:/School/UIUC_ECE385_SP25/Final_Project/sdk/final_project/Debug/final_project.elf' is downloaded to processor 'microblaze_0'.
23:31:43 INFO  : ----------------XSDB Script----------------
connect -url tcp:127.0.0.1:3121
targets -set -filter {jtag_cable_name =~ "RealDigital Boo 88710000000EA" && level==0 && jtag_device_ctx=="jsn1-0362f093-0"}
fpga -file D:/School/UIUC_ECE385_SP25/Final_Project/sdk/final_project/_ide/bitstream/mb_lab7_1_wrapper.bit
targets -set -nocase -filter {name =~ "*microblaze*#0" && bscan=="USER2" }
loadhw -hw D:/School/UIUC_ECE385_SP25/Final_Project/sdk/mb_lab7_1_wrapper/export/mb_lab7_1_wrapper/hw/mb_lab7_1_wrapper.xsa -regs
configparams mdm-detect-bscan-mask 2
targets -set -nocase -filter {name =~ "*microblaze*#0" && bscan=="USER2" }
rst -system
after 3000
targets -set -nocase -filter {name =~ "*microblaze*#0" && bscan=="USER2" }
dow D:/School/UIUC_ECE385_SP25/Final_Project/sdk/final_project/Debug/final_project.elf
----------------End of Script----------------

23:31:43 INFO  : Context for processor 'microblaze_0' is selected.
23:31:43 INFO  : 'con' command is executed.
23:31:43 INFO  : ----------------XSDB Script (After Launch)----------------
targets -set -nocase -filter {name =~ "*microblaze*#0" && bscan=="USER2" }
con
----------------End of Script----------------

23:31:43 INFO  : Disconnected from the channel tcfchan#13.
23:33:04 INFO  : Checking for BSP changes to sync application flags for project 'final_project'...
23:33:10 INFO  : Connected to target on host '127.0.0.1' and port '3121'.
23:33:11 INFO  : Jtag cable 'RealDigital Boo 88710000000EA' is selected.
23:33:11 INFO  : 'jtag frequency' command is executed.
23:33:11 INFO  : 'targets -set -filter {jtag_cable_name =~ "RealDigital Boo 88710000000EA" && level==0 && jtag_device_ctx=="jsn1-0362f093-0"}' command is executed.
23:33:13 INFO  : Device configured successfully with "D:/School/UIUC_ECE385_SP25/Final_Project/sdk/final_project/_ide/bitstream/mb_lab7_1_wrapper.bit"
23:33:13 INFO  : Context for processor 'microblaze_0' is selected.
23:33:13 INFO  : Hardware design and registers information is loaded from 'D:/School/UIUC_ECE385_SP25/Final_Project/sdk/mb_lab7_1_wrapper/export/mb_lab7_1_wrapper/hw/mb_lab7_1_wrapper.xsa'.
23:33:13 INFO  : 'configparams mdm-detect-bscan-mask 2' command is executed.
23:33:13 INFO  : Context for processor 'microblaze_0' is selected.
23:33:13 INFO  : System reset is completed.
23:33:16 INFO  : 'after 3000' command is executed.
23:33:17 INFO  : Context for processor 'microblaze_0' is selected.
23:33:17 INFO  : The application 'D:/School/UIUC_ECE385_SP25/Final_Project/sdk/final_project/Debug/final_project.elf' is downloaded to processor 'microblaze_0'.
23:33:17 INFO  : ----------------XSDB Script----------------
connect -url tcp:127.0.0.1:3121
targets -set -filter {jtag_cable_name =~ "RealDigital Boo 88710000000EA" && level==0 && jtag_device_ctx=="jsn1-0362f093-0"}
fpga -file D:/School/UIUC_ECE385_SP25/Final_Project/sdk/final_project/_ide/bitstream/mb_lab7_1_wrapper.bit
targets -set -nocase -filter {name =~ "*microblaze*#0" && bscan=="USER2" }
loadhw -hw D:/School/UIUC_ECE385_SP25/Final_Project/sdk/mb_lab7_1_wrapper/export/mb_lab7_1_wrapper/hw/mb_lab7_1_wrapper.xsa -regs
configparams mdm-detect-bscan-mask 2
targets -set -nocase -filter {name =~ "*microblaze*#0" && bscan=="USER2" }
rst -system
after 3000
targets -set -nocase -filter {name =~ "*microblaze*#0" && bscan=="USER2" }
dow D:/School/UIUC_ECE385_SP25/Final_Project/sdk/final_project/Debug/final_project.elf
----------------End of Script----------------

23:33:17 INFO  : Context for processor 'microblaze_0' is selected.
23:33:17 INFO  : 'con' command is executed.
23:33:17 INFO  : ----------------XSDB Script (After Launch)----------------
targets -set -nocase -filter {name =~ "*microblaze*#0" && bscan=="USER2" }
con
----------------End of Script----------------

23:33:17 INFO  : Disconnected from the channel tcfchan#14.
23:42:48 INFO  : Checking for BSP changes to sync application flags for project 'final_project'...
23:43:03 INFO  : Connected to target on host '127.0.0.1' and port '3121'.
23:43:04 INFO  : Jtag cable 'RealDigital Boo 88710000000EA' is selected.
23:43:04 INFO  : 'jtag frequency' command is executed.
23:43:05 INFO  : 'targets -set -filter {jtag_cable_name =~ "RealDigital Boo 88710000000EA" && level==0 && jtag_device_ctx=="jsn1-0362f093-0"}' command is executed.
23:43:06 INFO  : Device configured successfully with "D:/School/UIUC_ECE385_SP25/Final_Project/sdk/final_project/_ide/bitstream/mb_lab7_1_wrapper.bit"
23:43:06 INFO  : Context for processor 'microblaze_0' is selected.
23:43:06 INFO  : Hardware design and registers information is loaded from 'D:/School/UIUC_ECE385_SP25/Final_Project/sdk/mb_lab7_1_wrapper/export/mb_lab7_1_wrapper/hw/mb_lab7_1_wrapper.xsa'.
23:43:06 INFO  : 'configparams mdm-detect-bscan-mask 2' command is executed.
23:43:06 INFO  : Context for processor 'microblaze_0' is selected.
23:43:06 INFO  : System reset is completed.
23:43:09 INFO  : 'after 3000' command is executed.
23:43:10 INFO  : Context for processor 'microblaze_0' is selected.
23:43:10 INFO  : The application 'D:/School/UIUC_ECE385_SP25/Final_Project/sdk/final_project/Debug/final_project.elf' is downloaded to processor 'microblaze_0'.
23:43:10 INFO  : ----------------XSDB Script----------------
connect -url tcp:127.0.0.1:3121
targets -set -filter {jtag_cable_name =~ "RealDigital Boo 88710000000EA" && level==0 && jtag_device_ctx=="jsn1-0362f093-0"}
fpga -file D:/School/UIUC_ECE385_SP25/Final_Project/sdk/final_project/_ide/bitstream/mb_lab7_1_wrapper.bit
targets -set -nocase -filter {name =~ "*microblaze*#0" && bscan=="USER2" }
loadhw -hw D:/School/UIUC_ECE385_SP25/Final_Project/sdk/mb_lab7_1_wrapper/export/mb_lab7_1_wrapper/hw/mb_lab7_1_wrapper.xsa -regs
configparams mdm-detect-bscan-mask 2
targets -set -nocase -filter {name =~ "*microblaze*#0" && bscan=="USER2" }
rst -system
after 3000
targets -set -nocase -filter {name =~ "*microblaze*#0" && bscan=="USER2" }
dow D:/School/UIUC_ECE385_SP25/Final_Project/sdk/final_project/Debug/final_project.elf
----------------End of Script----------------

23:43:10 INFO  : Context for processor 'microblaze_0' is selected.
23:43:10 INFO  : 'con' command is executed.
23:43:10 INFO  : ----------------XSDB Script (After Launch)----------------
targets -set -nocase -filter {name =~ "*microblaze*#0" && bscan=="USER2" }
con
----------------End of Script----------------

23:43:10 INFO  : Disconnected from the channel tcfchan#15.
23:47:31 INFO  : Checking for BSP changes to sync application flags for project 'final_project'...
23:47:53 INFO  : Checking for BSP changes to sync application flags for project 'final_project'...
23:48:50 INFO  : Checking for BSP changes to sync application flags for project 'final_project'...
23:48:55 INFO  : Connected to target on host '127.0.0.1' and port '3121'.
23:48:55 INFO  : Jtag cable 'RealDigital Boo 88710000000EA' is selected.
23:48:55 INFO  : 'jtag frequency' command is executed.
23:48:55 INFO  : 'targets -set -filter {jtag_cable_name =~ "RealDigital Boo 88710000000EA" && level==0 && jtag_device_ctx=="jsn1-0362f093-0"}' command is executed.
23:48:57 INFO  : Device configured successfully with "D:/School/UIUC_ECE385_SP25/Final_Project/sdk/final_project/_ide/bitstream/mb_lab7_1_wrapper.bit"
23:48:57 INFO  : Context for processor 'microblaze_0' is selected.
23:48:57 INFO  : Hardware design and registers information is loaded from 'D:/School/UIUC_ECE385_SP25/Final_Project/sdk/mb_lab7_1_wrapper/export/mb_lab7_1_wrapper/hw/mb_lab7_1_wrapper.xsa'.
23:48:57 INFO  : 'configparams mdm-detect-bscan-mask 2' command is executed.
23:48:57 INFO  : Context for processor 'microblaze_0' is selected.
23:48:57 INFO  : System reset is completed.
23:49:00 INFO  : 'after 3000' command is executed.
23:49:00 INFO  : Context for processor 'microblaze_0' is selected.
23:49:00 INFO  : The application 'D:/School/UIUC_ECE385_SP25/Final_Project/sdk/final_project/Debug/final_project.elf' is downloaded to processor 'microblaze_0'.
23:49:00 INFO  : ----------------XSDB Script----------------
connect -url tcp:127.0.0.1:3121
targets -set -filter {jtag_cable_name =~ "RealDigital Boo 88710000000EA" && level==0 && jtag_device_ctx=="jsn1-0362f093-0"}
fpga -file D:/School/UIUC_ECE385_SP25/Final_Project/sdk/final_project/_ide/bitstream/mb_lab7_1_wrapper.bit
targets -set -nocase -filter {name =~ "*microblaze*#0" && bscan=="USER2" }
loadhw -hw D:/School/UIUC_ECE385_SP25/Final_Project/sdk/mb_lab7_1_wrapper/export/mb_lab7_1_wrapper/hw/mb_lab7_1_wrapper.xsa -regs
configparams mdm-detect-bscan-mask 2
targets -set -nocase -filter {name =~ "*microblaze*#0" && bscan=="USER2" }
rst -system
after 3000
targets -set -nocase -filter {name =~ "*microblaze*#0" && bscan=="USER2" }
dow D:/School/UIUC_ECE385_SP25/Final_Project/sdk/final_project/Debug/final_project.elf
----------------End of Script----------------

23:49:00 INFO  : Context for processor 'microblaze_0' is selected.
23:49:00 INFO  : 'con' command is executed.
23:49:00 INFO  : ----------------XSDB Script (After Launch)----------------
targets -set -nocase -filter {name =~ "*microblaze*#0" && bscan=="USER2" }
con
----------------End of Script----------------

23:49:00 INFO  : Disconnected from the channel tcfchan#16.
23:54:49 INFO  : Checking for BSP changes to sync application flags for project 'final_project'...
23:54:54 INFO  : Connected to target on host '127.0.0.1' and port '3121'.
23:54:55 INFO  : Jtag cable 'RealDigital Boo 88710000000EA' is selected.
23:54:55 INFO  : 'jtag frequency' command is executed.
23:54:55 INFO  : 'targets -set -filter {jtag_cable_name =~ "RealDigital Boo 88710000000EA" && level==0 && jtag_device_ctx=="jsn1-0362f093-0"}' command is executed.
23:54:57 INFO  : Device configured successfully with "D:/School/UIUC_ECE385_SP25/Final_Project/sdk/final_project/_ide/bitstream/mb_lab7_1_wrapper.bit"
23:54:57 INFO  : Context for processor 'microblaze_0' is selected.
23:54:57 INFO  : Hardware design and registers information is loaded from 'D:/School/UIUC_ECE385_SP25/Final_Project/sdk/mb_lab7_1_wrapper/export/mb_lab7_1_wrapper/hw/mb_lab7_1_wrapper.xsa'.
23:54:57 INFO  : 'configparams mdm-detect-bscan-mask 2' command is executed.
23:54:57 INFO  : Context for processor 'microblaze_0' is selected.
23:54:57 INFO  : System reset is completed.
23:55:00 INFO  : 'after 3000' command is executed.
23:55:00 INFO  : Context for processor 'microblaze_0' is selected.
23:55:01 INFO  : The application 'D:/School/UIUC_ECE385_SP25/Final_Project/sdk/final_project/Debug/final_project.elf' is downloaded to processor 'microblaze_0'.
23:55:01 INFO  : ----------------XSDB Script----------------
connect -url tcp:127.0.0.1:3121
targets -set -filter {jtag_cable_name =~ "RealDigital Boo 88710000000EA" && level==0 && jtag_device_ctx=="jsn1-0362f093-0"}
fpga -file D:/School/UIUC_ECE385_SP25/Final_Project/sdk/final_project/_ide/bitstream/mb_lab7_1_wrapper.bit
targets -set -nocase -filter {name =~ "*microblaze*#0" && bscan=="USER2" }
loadhw -hw D:/School/UIUC_ECE385_SP25/Final_Project/sdk/mb_lab7_1_wrapper/export/mb_lab7_1_wrapper/hw/mb_lab7_1_wrapper.xsa -regs
configparams mdm-detect-bscan-mask 2
targets -set -nocase -filter {name =~ "*microblaze*#0" && bscan=="USER2" }
rst -system
after 3000
targets -set -nocase -filter {name =~ "*microblaze*#0" && bscan=="USER2" }
dow D:/School/UIUC_ECE385_SP25/Final_Project/sdk/final_project/Debug/final_project.elf
----------------End of Script----------------

23:55:01 INFO  : Context for processor 'microblaze_0' is selected.
23:55:01 INFO  : 'con' command is executed.
23:55:01 INFO  : ----------------XSDB Script (After Launch)----------------
targets -set -nocase -filter {name =~ "*microblaze*#0" && bscan=="USER2" }
con
----------------End of Script----------------

23:55:01 INFO  : Disconnected from the channel tcfchan#17.
23:55:31 INFO  : Checking for BSP changes to sync application flags for project 'final_project'...
23:55:36 INFO  : Connected to target on host '127.0.0.1' and port '3121'.
23:55:37 INFO  : Jtag cable 'RealDigital Boo 88710000000EA' is selected.
23:55:37 INFO  : 'jtag frequency' command is executed.
23:55:38 INFO  : 'targets -set -filter {jtag_cable_name =~ "RealDigital Boo 88710000000EA" && level==0 && jtag_device_ctx=="jsn1-0362f093-0"}' command is executed.
23:55:39 INFO  : Device configured successfully with "D:/School/UIUC_ECE385_SP25/Final_Project/sdk/final_project/_ide/bitstream/mb_lab7_1_wrapper.bit"
23:55:39 INFO  : Context for processor 'microblaze_0' is selected.
23:55:39 INFO  : Hardware design and registers information is loaded from 'D:/School/UIUC_ECE385_SP25/Final_Project/sdk/mb_lab7_1_wrapper/export/mb_lab7_1_wrapper/hw/mb_lab7_1_wrapper.xsa'.
23:55:39 INFO  : 'configparams mdm-detect-bscan-mask 2' command is executed.
23:55:39 INFO  : Context for processor 'microblaze_0' is selected.
23:55:39 INFO  : System reset is completed.
23:55:42 INFO  : 'after 3000' command is executed.
23:55:43 INFO  : Context for processor 'microblaze_0' is selected.
23:55:43 INFO  : The application 'D:/School/UIUC_ECE385_SP25/Final_Project/sdk/final_project/Debug/final_project.elf' is downloaded to processor 'microblaze_0'.
23:55:43 INFO  : ----------------XSDB Script----------------
connect -url tcp:127.0.0.1:3121
targets -set -filter {jtag_cable_name =~ "RealDigital Boo 88710000000EA" && level==0 && jtag_device_ctx=="jsn1-0362f093-0"}
fpga -file D:/School/UIUC_ECE385_SP25/Final_Project/sdk/final_project/_ide/bitstream/mb_lab7_1_wrapper.bit
targets -set -nocase -filter {name =~ "*microblaze*#0" && bscan=="USER2" }
loadhw -hw D:/School/UIUC_ECE385_SP25/Final_Project/sdk/mb_lab7_1_wrapper/export/mb_lab7_1_wrapper/hw/mb_lab7_1_wrapper.xsa -regs
configparams mdm-detect-bscan-mask 2
targets -set -nocase -filter {name =~ "*microblaze*#0" && bscan=="USER2" }
rst -system
after 3000
targets -set -nocase -filter {name =~ "*microblaze*#0" && bscan=="USER2" }
dow D:/School/UIUC_ECE385_SP25/Final_Project/sdk/final_project/Debug/final_project.elf
----------------End of Script----------------

23:55:43 INFO  : Context for processor 'microblaze_0' is selected.
23:55:43 INFO  : 'con' command is executed.
23:55:43 INFO  : ----------------XSDB Script (After Launch)----------------
targets -set -nocase -filter {name =~ "*microblaze*#0" && bscan=="USER2" }
con
----------------End of Script----------------

23:55:43 INFO  : Disconnected from the channel tcfchan#18.
00:00:55 INFO  : Checking for BSP changes to sync application flags for project 'final_project'...
00:01:00 INFO  : Connected to target on host '127.0.0.1' and port '3121'.
00:01:01 INFO  : Jtag cable 'RealDigital Boo 88710000000EA' is selected.
00:01:01 INFO  : 'jtag frequency' command is executed.
00:01:01 INFO  : 'targets -set -filter {jtag_cable_name =~ "RealDigital Boo 88710000000EA" && level==0 && jtag_device_ctx=="jsn1-0362f093-0"}' command is executed.
00:01:03 INFO  : Device configured successfully with "D:/School/UIUC_ECE385_SP25/Final_Project/sdk/final_project/_ide/bitstream/mb_lab7_1_wrapper.bit"
00:01:03 INFO  : Context for processor 'microblaze_0' is selected.
00:01:03 INFO  : Hardware design and registers information is loaded from 'D:/School/UIUC_ECE385_SP25/Final_Project/sdk/mb_lab7_1_wrapper/export/mb_lab7_1_wrapper/hw/mb_lab7_1_wrapper.xsa'.
00:01:03 INFO  : 'configparams mdm-detect-bscan-mask 2' command is executed.
00:01:03 INFO  : Context for processor 'microblaze_0' is selected.
00:01:03 INFO  : System reset is completed.
00:01:06 INFO  : 'after 3000' command is executed.
00:01:06 INFO  : Context for processor 'microblaze_0' is selected.
00:01:07 INFO  : The application 'D:/School/UIUC_ECE385_SP25/Final_Project/sdk/final_project/Debug/final_project.elf' is downloaded to processor 'microblaze_0'.
00:01:07 INFO  : ----------------XSDB Script----------------
connect -url tcp:127.0.0.1:3121
targets -set -filter {jtag_cable_name =~ "RealDigital Boo 88710000000EA" && level==0 && jtag_device_ctx=="jsn1-0362f093-0"}
fpga -file D:/School/UIUC_ECE385_SP25/Final_Project/sdk/final_project/_ide/bitstream/mb_lab7_1_wrapper.bit
targets -set -nocase -filter {name =~ "*microblaze*#0" && bscan=="USER2" }
loadhw -hw D:/School/UIUC_ECE385_SP25/Final_Project/sdk/mb_lab7_1_wrapper/export/mb_lab7_1_wrapper/hw/mb_lab7_1_wrapper.xsa -regs
configparams mdm-detect-bscan-mask 2
targets -set -nocase -filter {name =~ "*microblaze*#0" && bscan=="USER2" }
rst -system
after 3000
targets -set -nocase -filter {name =~ "*microblaze*#0" && bscan=="USER2" }
dow D:/School/UIUC_ECE385_SP25/Final_Project/sdk/final_project/Debug/final_project.elf
----------------End of Script----------------

00:01:07 INFO  : Context for processor 'microblaze_0' is selected.
00:01:07 INFO  : 'con' command is executed.
00:01:07 INFO  : ----------------XSDB Script (After Launch)----------------
targets -set -nocase -filter {name =~ "*microblaze*#0" && bscan=="USER2" }
con
----------------End of Script----------------

00:01:07 INFO  : Disconnected from the channel tcfchan#19.
00:02:57 INFO  : Checking for BSP changes to sync application flags for project 'final_project'...
00:03:03 INFO  : Connected to target on host '127.0.0.1' and port '3121'.
00:03:04 INFO  : Jtag cable 'RealDigital Boo 88710000000EA' is selected.
00:03:04 INFO  : 'jtag frequency' command is executed.
00:03:04 INFO  : 'targets -set -filter {jtag_cable_name =~ "RealDigital Boo 88710000000EA" && level==0 && jtag_device_ctx=="jsn1-0362f093-0"}' command is executed.
00:03:06 INFO  : Device configured successfully with "D:/School/UIUC_ECE385_SP25/Final_Project/sdk/final_project/_ide/bitstream/mb_lab7_1_wrapper.bit"
00:03:06 INFO  : Context for processor 'microblaze_0' is selected.
00:03:06 INFO  : Hardware design and registers information is loaded from 'D:/School/UIUC_ECE385_SP25/Final_Project/sdk/mb_lab7_1_wrapper/export/mb_lab7_1_wrapper/hw/mb_lab7_1_wrapper.xsa'.
00:03:06 INFO  : 'configparams mdm-detect-bscan-mask 2' command is executed.
00:03:06 INFO  : Context for processor 'microblaze_0' is selected.
00:03:06 INFO  : System reset is completed.
00:03:09 INFO  : 'after 3000' command is executed.
00:03:10 INFO  : Context for processor 'microblaze_0' is selected.
00:03:10 INFO  : The application 'D:/School/UIUC_ECE385_SP25/Final_Project/sdk/final_project/Debug/final_project.elf' is downloaded to processor 'microblaze_0'.
00:03:10 INFO  : ----------------XSDB Script----------------
connect -url tcp:127.0.0.1:3121
targets -set -filter {jtag_cable_name =~ "RealDigital Boo 88710000000EA" && level==0 && jtag_device_ctx=="jsn1-0362f093-0"}
fpga -file D:/School/UIUC_ECE385_SP25/Final_Project/sdk/final_project/_ide/bitstream/mb_lab7_1_wrapper.bit
targets -set -nocase -filter {name =~ "*microblaze*#0" && bscan=="USER2" }
loadhw -hw D:/School/UIUC_ECE385_SP25/Final_Project/sdk/mb_lab7_1_wrapper/export/mb_lab7_1_wrapper/hw/mb_lab7_1_wrapper.xsa -regs
configparams mdm-detect-bscan-mask 2
targets -set -nocase -filter {name =~ "*microblaze*#0" && bscan=="USER2" }
rst -system
after 3000
targets -set -nocase -filter {name =~ "*microblaze*#0" && bscan=="USER2" }
dow D:/School/UIUC_ECE385_SP25/Final_Project/sdk/final_project/Debug/final_project.elf
----------------End of Script----------------

00:03:10 INFO  : Context for processor 'microblaze_0' is selected.
00:03:10 INFO  : 'con' command is executed.
00:03:10 INFO  : ----------------XSDB Script (After Launch)----------------
targets -set -nocase -filter {name =~ "*microblaze*#0" && bscan=="USER2" }
con
----------------End of Script----------------

00:03:10 INFO  : Disconnected from the channel tcfchan#20.
00:05:04 INFO  : Checking for BSP changes to sync application flags for project 'final_project'...
00:05:11 INFO  : Connected to target on host '127.0.0.1' and port '3121'.
00:05:12 INFO  : Jtag cable 'RealDigital Boo 88710000000EA' is selected.
00:05:12 INFO  : 'jtag frequency' command is executed.
00:05:12 INFO  : 'targets -set -filter {jtag_cable_name =~ "RealDigital Boo 88710000000EA" && level==0 && jtag_device_ctx=="jsn1-0362f093-0"}' command is executed.
00:05:14 INFO  : Device configured successfully with "D:/School/UIUC_ECE385_SP25/Final_Project/sdk/final_project/_ide/bitstream/mb_lab7_1_wrapper.bit"
00:05:14 INFO  : Context for processor 'microblaze_0' is selected.
00:05:14 INFO  : Hardware design and registers information is loaded from 'D:/School/UIUC_ECE385_SP25/Final_Project/sdk/mb_lab7_1_wrapper/export/mb_lab7_1_wrapper/hw/mb_lab7_1_wrapper.xsa'.
00:05:14 INFO  : 'configparams mdm-detect-bscan-mask 2' command is executed.
00:05:14 INFO  : Context for processor 'microblaze_0' is selected.
00:05:14 INFO  : System reset is completed.
00:05:17 INFO  : 'after 3000' command is executed.
00:05:18 INFO  : Context for processor 'microblaze_0' is selected.
00:05:18 INFO  : The application 'D:/School/UIUC_ECE385_SP25/Final_Project/sdk/final_project/Debug/final_project.elf' is downloaded to processor 'microblaze_0'.
00:05:18 INFO  : ----------------XSDB Script----------------
connect -url tcp:127.0.0.1:3121
targets -set -filter {jtag_cable_name =~ "RealDigital Boo 88710000000EA" && level==0 && jtag_device_ctx=="jsn1-0362f093-0"}
fpga -file D:/School/UIUC_ECE385_SP25/Final_Project/sdk/final_project/_ide/bitstream/mb_lab7_1_wrapper.bit
targets -set -nocase -filter {name =~ "*microblaze*#0" && bscan=="USER2" }
loadhw -hw D:/School/UIUC_ECE385_SP25/Final_Project/sdk/mb_lab7_1_wrapper/export/mb_lab7_1_wrapper/hw/mb_lab7_1_wrapper.xsa -regs
configparams mdm-detect-bscan-mask 2
targets -set -nocase -filter {name =~ "*microblaze*#0" && bscan=="USER2" }
rst -system
after 3000
targets -set -nocase -filter {name =~ "*microblaze*#0" && bscan=="USER2" }
dow D:/School/UIUC_ECE385_SP25/Final_Project/sdk/final_project/Debug/final_project.elf
----------------End of Script----------------

00:05:18 INFO  : Context for processor 'microblaze_0' is selected.
00:05:18 INFO  : 'con' command is executed.
00:05:18 INFO  : ----------------XSDB Script (After Launch)----------------
targets -set -nocase -filter {name =~ "*microblaze*#0" && bscan=="USER2" }
con
----------------End of Script----------------

00:05:18 INFO  : Disconnected from the channel tcfchan#21.
00:08:22 INFO  : Checking for BSP changes to sync application flags for project 'final_project'...
00:08:27 INFO  : Connected to target on host '127.0.0.1' and port '3121'.
00:08:27 INFO  : Jtag cable 'RealDigital Boo 88710000000EA' is selected.
00:08:27 INFO  : 'jtag frequency' command is executed.
00:08:27 INFO  : 'targets -set -filter {jtag_cable_name =~ "RealDigital Boo 88710000000EA" && level==0 && jtag_device_ctx=="jsn1-0362f093-0"}' command is executed.
00:08:29 INFO  : Device configured successfully with "D:/School/UIUC_ECE385_SP25/Final_Project/sdk/final_project/_ide/bitstream/mb_lab7_1_wrapper.bit"
00:08:29 INFO  : Context for processor 'microblaze_0' is selected.
00:08:29 INFO  : Hardware design and registers information is loaded from 'D:/School/UIUC_ECE385_SP25/Final_Project/sdk/mb_lab7_1_wrapper/export/mb_lab7_1_wrapper/hw/mb_lab7_1_wrapper.xsa'.
00:08:29 INFO  : 'configparams mdm-detect-bscan-mask 2' command is executed.
00:08:29 INFO  : Context for processor 'microblaze_0' is selected.
00:08:29 INFO  : System reset is completed.
00:08:32 INFO  : 'after 3000' command is executed.
00:08:33 INFO  : Context for processor 'microblaze_0' is selected.
00:08:33 INFO  : The application 'D:/School/UIUC_ECE385_SP25/Final_Project/sdk/final_project/Debug/final_project.elf' is downloaded to processor 'microblaze_0'.
00:08:33 INFO  : ----------------XSDB Script----------------
connect -url tcp:127.0.0.1:3121
targets -set -filter {jtag_cable_name =~ "RealDigital Boo 88710000000EA" && level==0 && jtag_device_ctx=="jsn1-0362f093-0"}
fpga -file D:/School/UIUC_ECE385_SP25/Final_Project/sdk/final_project/_ide/bitstream/mb_lab7_1_wrapper.bit
targets -set -nocase -filter {name =~ "*microblaze*#0" && bscan=="USER2" }
loadhw -hw D:/School/UIUC_ECE385_SP25/Final_Project/sdk/mb_lab7_1_wrapper/export/mb_lab7_1_wrapper/hw/mb_lab7_1_wrapper.xsa -regs
configparams mdm-detect-bscan-mask 2
targets -set -nocase -filter {name =~ "*microblaze*#0" && bscan=="USER2" }
rst -system
after 3000
targets -set -nocase -filter {name =~ "*microblaze*#0" && bscan=="USER2" }
dow D:/School/UIUC_ECE385_SP25/Final_Project/sdk/final_project/Debug/final_project.elf
----------------End of Script----------------

00:08:33 INFO  : Context for processor 'microblaze_0' is selected.
00:08:33 INFO  : 'con' command is executed.
00:08:33 INFO  : ----------------XSDB Script (After Launch)----------------
targets -set -nocase -filter {name =~ "*microblaze*#0" && bscan=="USER2" }
con
----------------End of Script----------------

00:08:33 INFO  : Disconnected from the channel tcfchan#22.
00:09:31 INFO  : Checking for BSP changes to sync application flags for project 'final_project'...
00:09:37 INFO  : Connected to target on host '127.0.0.1' and port '3121'.
00:09:37 INFO  : Jtag cable 'RealDigital Boo 88710000000EA' is selected.
00:09:37 INFO  : 'jtag frequency' command is executed.
00:09:38 INFO  : 'targets -set -filter {jtag_cable_name =~ "RealDigital Boo 88710000000EA" && level==0 && jtag_device_ctx=="jsn1-0362f093-0"}' command is executed.
00:09:40 INFO  : Device configured successfully with "D:/School/UIUC_ECE385_SP25/Final_Project/sdk/final_project/_ide/bitstream/mb_lab7_1_wrapper.bit"
00:09:40 INFO  : Context for processor 'microblaze_0' is selected.
00:09:40 INFO  : Hardware design and registers information is loaded from 'D:/School/UIUC_ECE385_SP25/Final_Project/sdk/mb_lab7_1_wrapper/export/mb_lab7_1_wrapper/hw/mb_lab7_1_wrapper.xsa'.
00:09:40 INFO  : 'configparams mdm-detect-bscan-mask 2' command is executed.
00:09:40 INFO  : Context for processor 'microblaze_0' is selected.
00:09:40 INFO  : System reset is completed.
00:09:43 INFO  : 'after 3000' command is executed.
00:09:43 INFO  : Context for processor 'microblaze_0' is selected.
00:09:44 INFO  : The application 'D:/School/UIUC_ECE385_SP25/Final_Project/sdk/final_project/Debug/final_project.elf' is downloaded to processor 'microblaze_0'.
00:09:44 INFO  : ----------------XSDB Script----------------
connect -url tcp:127.0.0.1:3121
targets -set -filter {jtag_cable_name =~ "RealDigital Boo 88710000000EA" && level==0 && jtag_device_ctx=="jsn1-0362f093-0"}
fpga -file D:/School/UIUC_ECE385_SP25/Final_Project/sdk/final_project/_ide/bitstream/mb_lab7_1_wrapper.bit
targets -set -nocase -filter {name =~ "*microblaze*#0" && bscan=="USER2" }
loadhw -hw D:/School/UIUC_ECE385_SP25/Final_Project/sdk/mb_lab7_1_wrapper/export/mb_lab7_1_wrapper/hw/mb_lab7_1_wrapper.xsa -regs
configparams mdm-detect-bscan-mask 2
targets -set -nocase -filter {name =~ "*microblaze*#0" && bscan=="USER2" }
rst -system
after 3000
targets -set -nocase -filter {name =~ "*microblaze*#0" && bscan=="USER2" }
dow D:/School/UIUC_ECE385_SP25/Final_Project/sdk/final_project/Debug/final_project.elf
----------------End of Script----------------

00:09:44 INFO  : Context for processor 'microblaze_0' is selected.
00:09:44 INFO  : 'con' command is executed.
00:09:44 INFO  : ----------------XSDB Script (After Launch)----------------
targets -set -nocase -filter {name =~ "*microblaze*#0" && bscan=="USER2" }
con
----------------End of Script----------------

00:09:44 INFO  : Disconnected from the channel tcfchan#23.
00:12:42 INFO  : Checking for BSP changes to sync application flags for project 'final_project'...
00:12:47 INFO  : Connected to target on host '127.0.0.1' and port '3121'.
00:12:47 INFO  : Jtag cable 'RealDigital Boo 88710000000EA' is selected.
00:12:47 INFO  : 'jtag frequency' command is executed.
00:12:47 INFO  : 'targets -set -filter {jtag_cable_name =~ "RealDigital Boo 88710000000EA" && level==0 && jtag_device_ctx=="jsn1-0362f093-0"}' command is executed.
00:12:49 INFO  : Device configured successfully with "D:/School/UIUC_ECE385_SP25/Final_Project/sdk/final_project/_ide/bitstream/mb_lab7_1_wrapper.bit"
00:12:49 INFO  : Context for processor 'microblaze_0' is selected.
00:12:49 INFO  : Hardware design and registers information is loaded from 'D:/School/UIUC_ECE385_SP25/Final_Project/sdk/mb_lab7_1_wrapper/export/mb_lab7_1_wrapper/hw/mb_lab7_1_wrapper.xsa'.
00:12:49 INFO  : 'configparams mdm-detect-bscan-mask 2' command is executed.
00:12:49 INFO  : Context for processor 'microblaze_0' is selected.
00:12:49 INFO  : System reset is completed.
00:12:52 INFO  : 'after 3000' command is executed.
00:12:52 INFO  : Context for processor 'microblaze_0' is selected.
00:12:52 INFO  : The application 'D:/School/UIUC_ECE385_SP25/Final_Project/sdk/final_project/Debug/final_project.elf' is downloaded to processor 'microblaze_0'.
00:12:52 INFO  : ----------------XSDB Script----------------
connect -url tcp:127.0.0.1:3121
targets -set -filter {jtag_cable_name =~ "RealDigital Boo 88710000000EA" && level==0 && jtag_device_ctx=="jsn1-0362f093-0"}
fpga -file D:/School/UIUC_ECE385_SP25/Final_Project/sdk/final_project/_ide/bitstream/mb_lab7_1_wrapper.bit
targets -set -nocase -filter {name =~ "*microblaze*#0" && bscan=="USER2" }
loadhw -hw D:/School/UIUC_ECE385_SP25/Final_Project/sdk/mb_lab7_1_wrapper/export/mb_lab7_1_wrapper/hw/mb_lab7_1_wrapper.xsa -regs
configparams mdm-detect-bscan-mask 2
targets -set -nocase -filter {name =~ "*microblaze*#0" && bscan=="USER2" }
rst -system
after 3000
targets -set -nocase -filter {name =~ "*microblaze*#0" && bscan=="USER2" }
dow D:/School/UIUC_ECE385_SP25/Final_Project/sdk/final_project/Debug/final_project.elf
----------------End of Script----------------

00:12:52 INFO  : Context for processor 'microblaze_0' is selected.
00:12:52 INFO  : 'con' command is executed.
00:12:52 INFO  : ----------------XSDB Script (After Launch)----------------
targets -set -nocase -filter {name =~ "*microblaze*#0" && bscan=="USER2" }
con
----------------End of Script----------------

00:12:52 INFO  : Disconnected from the channel tcfchan#24.
00:14:12 INFO  : Checking for BSP changes to sync application flags for project 'final_project'...
00:14:16 INFO  : Connected to target on host '127.0.0.1' and port '3121'.
00:14:17 INFO  : Jtag cable 'RealDigital Boo 88710000000EA' is selected.
00:14:17 INFO  : 'jtag frequency' command is executed.
00:14:17 INFO  : 'targets -set -filter {jtag_cable_name =~ "RealDigital Boo 88710000000EA" && level==0 && jtag_device_ctx=="jsn1-0362f093-0"}' command is executed.
00:14:19 INFO  : Device configured successfully with "D:/School/UIUC_ECE385_SP25/Final_Project/sdk/final_project/_ide/bitstream/mb_lab7_1_wrapper.bit"
00:14:19 INFO  : Context for processor 'microblaze_0' is selected.
00:14:19 INFO  : Hardware design and registers information is loaded from 'D:/School/UIUC_ECE385_SP25/Final_Project/sdk/mb_lab7_1_wrapper/export/mb_lab7_1_wrapper/hw/mb_lab7_1_wrapper.xsa'.
00:14:19 INFO  : 'configparams mdm-detect-bscan-mask 2' command is executed.
00:14:19 INFO  : Context for processor 'microblaze_0' is selected.
00:14:19 INFO  : System reset is completed.
00:14:22 INFO  : 'after 3000' command is executed.
00:14:22 INFO  : Context for processor 'microblaze_0' is selected.
00:14:23 INFO  : The application 'D:/School/UIUC_ECE385_SP25/Final_Project/sdk/final_project/Debug/final_project.elf' is downloaded to processor 'microblaze_0'.
00:14:23 INFO  : ----------------XSDB Script----------------
connect -url tcp:127.0.0.1:3121
targets -set -filter {jtag_cable_name =~ "RealDigital Boo 88710000000EA" && level==0 && jtag_device_ctx=="jsn1-0362f093-0"}
fpga -file D:/School/UIUC_ECE385_SP25/Final_Project/sdk/final_project/_ide/bitstream/mb_lab7_1_wrapper.bit
targets -set -nocase -filter {name =~ "*microblaze*#0" && bscan=="USER2" }
loadhw -hw D:/School/UIUC_ECE385_SP25/Final_Project/sdk/mb_lab7_1_wrapper/export/mb_lab7_1_wrapper/hw/mb_lab7_1_wrapper.xsa -regs
configparams mdm-detect-bscan-mask 2
targets -set -nocase -filter {name =~ "*microblaze*#0" && bscan=="USER2" }
rst -system
after 3000
targets -set -nocase -filter {name =~ "*microblaze*#0" && bscan=="USER2" }
dow D:/School/UIUC_ECE385_SP25/Final_Project/sdk/final_project/Debug/final_project.elf
----------------End of Script----------------

00:14:23 INFO  : Context for processor 'microblaze_0' is selected.
00:14:23 INFO  : 'con' command is executed.
00:14:23 INFO  : ----------------XSDB Script (After Launch)----------------
targets -set -nocase -filter {name =~ "*microblaze*#0" && bscan=="USER2" }
con
----------------End of Script----------------

00:14:23 INFO  : Disconnected from the channel tcfchan#25.
00:20:58 INFO  : Checking for BSP changes to sync application flags for project 'final_project'...
00:21:04 INFO  : Connected to target on host '127.0.0.1' and port '3121'.
00:21:04 INFO  : Jtag cable 'RealDigital Boo 88710000000EA' is selected.
00:21:04 INFO  : 'jtag frequency' command is executed.
00:21:05 INFO  : 'targets -set -filter {jtag_cable_name =~ "RealDigital Boo 88710000000EA" && level==0 && jtag_device_ctx=="jsn1-0362f093-0"}' command is executed.
00:21:06 INFO  : Device configured successfully with "D:/School/UIUC_ECE385_SP25/Final_Project/sdk/final_project/_ide/bitstream/mb_lab7_1_wrapper.bit"
00:21:06 INFO  : Context for processor 'microblaze_0' is selected.
00:21:06 INFO  : Hardware design and registers information is loaded from 'D:/School/UIUC_ECE385_SP25/Final_Project/sdk/mb_lab7_1_wrapper/export/mb_lab7_1_wrapper/hw/mb_lab7_1_wrapper.xsa'.
00:21:06 INFO  : 'configparams mdm-detect-bscan-mask 2' command is executed.
00:21:06 INFO  : Context for processor 'microblaze_0' is selected.
00:21:06 INFO  : System reset is completed.
00:21:09 INFO  : 'after 3000' command is executed.
00:21:10 INFO  : Context for processor 'microblaze_0' is selected.
00:21:10 INFO  : The application 'D:/School/UIUC_ECE385_SP25/Final_Project/sdk/final_project/Debug/final_project.elf' is downloaded to processor 'microblaze_0'.
00:21:10 INFO  : ----------------XSDB Script----------------
connect -url tcp:127.0.0.1:3121
targets -set -filter {jtag_cable_name =~ "RealDigital Boo 88710000000EA" && level==0 && jtag_device_ctx=="jsn1-0362f093-0"}
fpga -file D:/School/UIUC_ECE385_SP25/Final_Project/sdk/final_project/_ide/bitstream/mb_lab7_1_wrapper.bit
targets -set -nocase -filter {name =~ "*microblaze*#0" && bscan=="USER2" }
loadhw -hw D:/School/UIUC_ECE385_SP25/Final_Project/sdk/mb_lab7_1_wrapper/export/mb_lab7_1_wrapper/hw/mb_lab7_1_wrapper.xsa -regs
configparams mdm-detect-bscan-mask 2
targets -set -nocase -filter {name =~ "*microblaze*#0" && bscan=="USER2" }
rst -system
after 3000
targets -set -nocase -filter {name =~ "*microblaze*#0" && bscan=="USER2" }
dow D:/School/UIUC_ECE385_SP25/Final_Project/sdk/final_project/Debug/final_project.elf
----------------End of Script----------------

00:21:10 INFO  : Context for processor 'microblaze_0' is selected.
00:21:11 INFO  : 'con' command is executed.
00:21:11 INFO  : ----------------XSDB Script (After Launch)----------------
targets -set -nocase -filter {name =~ "*microblaze*#0" && bscan=="USER2" }
con
----------------End of Script----------------

00:21:11 INFO  : Disconnected from the channel tcfchan#26.
00:22:46 INFO  : Checking for BSP changes to sync application flags for project 'final_project'...
00:26:03 INFO  : Checking for BSP changes to sync application flags for project 'final_project'...
00:26:13 INFO  : Connected to target on host '127.0.0.1' and port '3121'.
00:26:13 INFO  : Jtag cable 'RealDigital Boo 88710000000EA' is selected.
00:26:13 INFO  : 'jtag frequency' command is executed.
00:26:13 INFO  : 'targets -set -filter {jtag_cable_name =~ "RealDigital Boo 88710000000EA" && level==0 && jtag_device_ctx=="jsn1-0362f093-0"}' command is executed.
00:26:15 INFO  : Device configured successfully with "D:/School/UIUC_ECE385_SP25/Final_Project/sdk/final_project/_ide/bitstream/mb_lab7_1_wrapper.bit"
00:26:15 INFO  : Context for processor 'microblaze_0' is selected.
00:26:15 INFO  : Hardware design and registers information is loaded from 'D:/School/UIUC_ECE385_SP25/Final_Project/sdk/mb_lab7_1_wrapper/export/mb_lab7_1_wrapper/hw/mb_lab7_1_wrapper.xsa'.
00:26:15 INFO  : 'configparams mdm-detect-bscan-mask 2' command is executed.
00:26:15 INFO  : Context for processor 'microblaze_0' is selected.
00:26:15 INFO  : System reset is completed.
00:26:18 INFO  : 'after 3000' command is executed.
00:26:18 INFO  : Context for processor 'microblaze_0' is selected.
00:26:18 INFO  : The application 'D:/School/UIUC_ECE385_SP25/Final_Project/sdk/final_project/Debug/final_project.elf' is downloaded to processor 'microblaze_0'.
00:26:18 INFO  : ----------------XSDB Script----------------
connect -url tcp:127.0.0.1:3121
targets -set -filter {jtag_cable_name =~ "RealDigital Boo 88710000000EA" && level==0 && jtag_device_ctx=="jsn1-0362f093-0"}
fpga -file D:/School/UIUC_ECE385_SP25/Final_Project/sdk/final_project/_ide/bitstream/mb_lab7_1_wrapper.bit
targets -set -nocase -filter {name =~ "*microblaze*#0" && bscan=="USER2" }
loadhw -hw D:/School/UIUC_ECE385_SP25/Final_Project/sdk/mb_lab7_1_wrapper/export/mb_lab7_1_wrapper/hw/mb_lab7_1_wrapper.xsa -regs
configparams mdm-detect-bscan-mask 2
targets -set -nocase -filter {name =~ "*microblaze*#0" && bscan=="USER2" }
rst -system
after 3000
targets -set -nocase -filter {name =~ "*microblaze*#0" && bscan=="USER2" }
dow D:/School/UIUC_ECE385_SP25/Final_Project/sdk/final_project/Debug/final_project.elf
----------------End of Script----------------

00:26:18 INFO  : Context for processor 'microblaze_0' is selected.
00:26:18 INFO  : 'con' command is executed.
00:26:18 INFO  : ----------------XSDB Script (After Launch)----------------
targets -set -nocase -filter {name =~ "*microblaze*#0" && bscan=="USER2" }
con
----------------End of Script----------------

00:26:18 INFO  : Disconnected from the channel tcfchan#27.
00:29:17 INFO  : Checking for BSP changes to sync application flags for project 'final_project'...
00:29:24 INFO  : Connected to target on host '127.0.0.1' and port '3121'.
00:29:25 INFO  : Jtag cable 'RealDigital Boo 88710000000EA' is selected.
00:29:25 INFO  : 'jtag frequency' command is executed.
00:29:25 INFO  : 'targets -set -filter {jtag_cable_name =~ "RealDigital Boo 88710000000EA" && level==0 && jtag_device_ctx=="jsn1-0362f093-0"}' command is executed.
00:29:27 INFO  : Device configured successfully with "D:/School/UIUC_ECE385_SP25/Final_Project/sdk/final_project/_ide/bitstream/mb_lab7_1_wrapper.bit"
00:29:27 INFO  : Context for processor 'microblaze_0' is selected.
00:29:27 INFO  : Hardware design and registers information is loaded from 'D:/School/UIUC_ECE385_SP25/Final_Project/sdk/mb_lab7_1_wrapper/export/mb_lab7_1_wrapper/hw/mb_lab7_1_wrapper.xsa'.
00:29:27 INFO  : 'configparams mdm-detect-bscan-mask 2' command is executed.
00:29:27 INFO  : Context for processor 'microblaze_0' is selected.
00:29:27 INFO  : System reset is completed.
00:29:30 INFO  : 'after 3000' command is executed.
00:29:31 INFO  : Context for processor 'microblaze_0' is selected.
00:29:31 INFO  : The application 'D:/School/UIUC_ECE385_SP25/Final_Project/sdk/final_project/Debug/final_project.elf' is downloaded to processor 'microblaze_0'.
00:29:31 INFO  : ----------------XSDB Script----------------
connect -url tcp:127.0.0.1:3121
targets -set -filter {jtag_cable_name =~ "RealDigital Boo 88710000000EA" && level==0 && jtag_device_ctx=="jsn1-0362f093-0"}
fpga -file D:/School/UIUC_ECE385_SP25/Final_Project/sdk/final_project/_ide/bitstream/mb_lab7_1_wrapper.bit
targets -set -nocase -filter {name =~ "*microblaze*#0" && bscan=="USER2" }
loadhw -hw D:/School/UIUC_ECE385_SP25/Final_Project/sdk/mb_lab7_1_wrapper/export/mb_lab7_1_wrapper/hw/mb_lab7_1_wrapper.xsa -regs
configparams mdm-detect-bscan-mask 2
targets -set -nocase -filter {name =~ "*microblaze*#0" && bscan=="USER2" }
rst -system
after 3000
targets -set -nocase -filter {name =~ "*microblaze*#0" && bscan=="USER2" }
dow D:/School/UIUC_ECE385_SP25/Final_Project/sdk/final_project/Debug/final_project.elf
----------------End of Script----------------

00:29:31 INFO  : Context for processor 'microblaze_0' is selected.
00:29:31 INFO  : 'con' command is executed.
00:29:31 INFO  : ----------------XSDB Script (After Launch)----------------
targets -set -nocase -filter {name =~ "*microblaze*#0" && bscan=="USER2" }
con
----------------End of Script----------------

00:29:31 INFO  : Disconnected from the channel tcfchan#28.
00:33:18 INFO  : Checking for BSP changes to sync application flags for project 'final_project'...
00:33:36 INFO  : Connected to target on host '127.0.0.1' and port '3121'.
00:33:37 INFO  : Jtag cable 'RealDigital Boo 88710000000EA' is selected.
00:33:37 INFO  : 'jtag frequency' command is executed.
00:33:38 INFO  : 'targets -set -filter {jtag_cable_name =~ "RealDigital Boo 88710000000EA" && level==0 && jtag_device_ctx=="jsn1-0362f093-0"}' command is executed.
00:33:39 INFO  : Device configured successfully with "D:/School/UIUC_ECE385_SP25/Final_Project/sdk/final_project/_ide/bitstream/mb_lab7_1_wrapper.bit"
00:33:39 INFO  : Context for processor 'microblaze_0' is selected.
00:33:39 INFO  : Hardware design and registers information is loaded from 'D:/School/UIUC_ECE385_SP25/Final_Project/sdk/mb_lab7_1_wrapper/export/mb_lab7_1_wrapper/hw/mb_lab7_1_wrapper.xsa'.
00:33:39 INFO  : 'configparams mdm-detect-bscan-mask 2' command is executed.
00:33:39 INFO  : Context for processor 'microblaze_0' is selected.
00:33:39 INFO  : System reset is completed.
00:33:42 INFO  : 'after 3000' command is executed.
00:33:43 INFO  : Context for processor 'microblaze_0' is selected.
00:33:43 INFO  : The application 'D:/School/UIUC_ECE385_SP25/Final_Project/sdk/final_project/Debug/final_project.elf' is downloaded to processor 'microblaze_0'.
00:33:43 INFO  : ----------------XSDB Script----------------
connect -url tcp:127.0.0.1:3121
targets -set -filter {jtag_cable_name =~ "RealDigital Boo 88710000000EA" && level==0 && jtag_device_ctx=="jsn1-0362f093-0"}
fpga -file D:/School/UIUC_ECE385_SP25/Final_Project/sdk/final_project/_ide/bitstream/mb_lab7_1_wrapper.bit
targets -set -nocase -filter {name =~ "*microblaze*#0" && bscan=="USER2" }
loadhw -hw D:/School/UIUC_ECE385_SP25/Final_Project/sdk/mb_lab7_1_wrapper/export/mb_lab7_1_wrapper/hw/mb_lab7_1_wrapper.xsa -regs
configparams mdm-detect-bscan-mask 2
targets -set -nocase -filter {name =~ "*microblaze*#0" && bscan=="USER2" }
rst -system
after 3000
targets -set -nocase -filter {name =~ "*microblaze*#0" && bscan=="USER2" }
dow D:/School/UIUC_ECE385_SP25/Final_Project/sdk/final_project/Debug/final_project.elf
----------------End of Script----------------

00:33:44 INFO  : Context for processor 'microblaze_0' is selected.
00:33:44 INFO  : 'con' command is executed.
00:33:44 INFO  : ----------------XSDB Script (After Launch)----------------
targets -set -nocase -filter {name =~ "*microblaze*#0" && bscan=="USER2" }
con
----------------End of Script----------------

00:33:44 INFO  : Disconnected from the channel tcfchan#29.
00:46:49 INFO  : Checking for BSP changes to sync application flags for project 'final_project'...
00:47:30 INFO  : Checking for BSP changes to sync application flags for project 'final_project'...
00:47:54 INFO  : Connected to target on host '127.0.0.1' and port '3121'.
00:47:55 INFO  : Jtag cable 'RealDigital Boo 88710000000EA' is selected.
00:47:55 INFO  : 'jtag frequency' command is executed.
00:47:55 INFO  : 'targets -set -filter {jtag_cable_name =~ "RealDigital Boo 88710000000EA" && level==0 && jtag_device_ctx=="jsn1-0362f093-0"}' command is executed.
00:47:57 INFO  : Device configured successfully with "D:/School/UIUC_ECE385_SP25/Final_Project/sdk/final_project/_ide/bitstream/mb_lab7_1_wrapper.bit"
00:47:57 INFO  : Context for processor 'microblaze_0' is selected.
00:47:57 INFO  : Hardware design and registers information is loaded from 'D:/School/UIUC_ECE385_SP25/Final_Project/sdk/mb_lab7_1_wrapper/export/mb_lab7_1_wrapper/hw/mb_lab7_1_wrapper.xsa'.
00:47:57 INFO  : 'configparams mdm-detect-bscan-mask 2' command is executed.
00:47:57 INFO  : Context for processor 'microblaze_0' is selected.
00:47:57 INFO  : System reset is completed.
00:48:00 INFO  : 'after 3000' command is executed.
00:48:00 INFO  : Context for processor 'microblaze_0' is selected.
00:48:01 INFO  : The application 'D:/School/UIUC_ECE385_SP25/Final_Project/sdk/final_project/Debug/final_project.elf' is downloaded to processor 'microblaze_0'.
00:48:01 INFO  : ----------------XSDB Script----------------
connect -url tcp:127.0.0.1:3121
targets -set -filter {jtag_cable_name =~ "RealDigital Boo 88710000000EA" && level==0 && jtag_device_ctx=="jsn1-0362f093-0"}
fpga -file D:/School/UIUC_ECE385_SP25/Final_Project/sdk/final_project/_ide/bitstream/mb_lab7_1_wrapper.bit
targets -set -nocase -filter {name =~ "*microblaze*#0" && bscan=="USER2" }
loadhw -hw D:/School/UIUC_ECE385_SP25/Final_Project/sdk/mb_lab7_1_wrapper/export/mb_lab7_1_wrapper/hw/mb_lab7_1_wrapper.xsa -regs
configparams mdm-detect-bscan-mask 2
targets -set -nocase -filter {name =~ "*microblaze*#0" && bscan=="USER2" }
rst -system
after 3000
targets -set -nocase -filter {name =~ "*microblaze*#0" && bscan=="USER2" }
dow D:/School/UIUC_ECE385_SP25/Final_Project/sdk/final_project/Debug/final_project.elf
----------------End of Script----------------

00:48:01 INFO  : Context for processor 'microblaze_0' is selected.
00:48:01 INFO  : 'con' command is executed.
00:48:01 INFO  : ----------------XSDB Script (After Launch)----------------
targets -set -nocase -filter {name =~ "*microblaze*#0" && bscan=="USER2" }
con
----------------End of Script----------------

00:48:01 INFO  : Disconnected from the channel tcfchan#30.
00:49:34 INFO  : Checking for BSP changes to sync application flags for project 'final_project'...
00:49:43 INFO  : Connected to target on host '127.0.0.1' and port '3121'.
00:49:44 INFO  : Jtag cable 'RealDigital Boo 88710000000EA' is selected.
00:49:44 INFO  : 'jtag frequency' command is executed.
00:49:44 INFO  : 'targets -set -filter {jtag_cable_name =~ "RealDigital Boo 88710000000EA" && level==0 && jtag_device_ctx=="jsn1-0362f093-0"}' command is executed.
00:49:46 INFO  : Device configured successfully with "D:/School/UIUC_ECE385_SP25/Final_Project/sdk/final_project/_ide/bitstream/mb_lab7_1_wrapper.bit"
00:49:46 INFO  : Context for processor 'microblaze_0' is selected.
00:49:46 INFO  : Hardware design and registers information is loaded from 'D:/School/UIUC_ECE385_SP25/Final_Project/sdk/mb_lab7_1_wrapper/export/mb_lab7_1_wrapper/hw/mb_lab7_1_wrapper.xsa'.
00:49:46 INFO  : 'configparams mdm-detect-bscan-mask 2' command is executed.
00:49:46 INFO  : Context for processor 'microblaze_0' is selected.
00:49:46 INFO  : System reset is completed.
00:49:49 INFO  : 'after 3000' command is executed.
00:49:50 INFO  : Context for processor 'microblaze_0' is selected.
00:49:50 INFO  : The application 'D:/School/UIUC_ECE385_SP25/Final_Project/sdk/final_project/Debug/final_project.elf' is downloaded to processor 'microblaze_0'.
00:49:50 INFO  : ----------------XSDB Script----------------
connect -url tcp:127.0.0.1:3121
targets -set -filter {jtag_cable_name =~ "RealDigital Boo 88710000000EA" && level==0 && jtag_device_ctx=="jsn1-0362f093-0"}
fpga -file D:/School/UIUC_ECE385_SP25/Final_Project/sdk/final_project/_ide/bitstream/mb_lab7_1_wrapper.bit
targets -set -nocase -filter {name =~ "*microblaze*#0" && bscan=="USER2" }
loadhw -hw D:/School/UIUC_ECE385_SP25/Final_Project/sdk/mb_lab7_1_wrapper/export/mb_lab7_1_wrapper/hw/mb_lab7_1_wrapper.xsa -regs
configparams mdm-detect-bscan-mask 2
targets -set -nocase -filter {name =~ "*microblaze*#0" && bscan=="USER2" }
rst -system
after 3000
targets -set -nocase -filter {name =~ "*microblaze*#0" && bscan=="USER2" }
dow D:/School/UIUC_ECE385_SP25/Final_Project/sdk/final_project/Debug/final_project.elf
----------------End of Script----------------

00:49:50 INFO  : Context for processor 'microblaze_0' is selected.
00:49:50 INFO  : 'con' command is executed.
00:49:50 INFO  : ----------------XSDB Script (After Launch)----------------
targets -set -nocase -filter {name =~ "*microblaze*#0" && bscan=="USER2" }
con
----------------End of Script----------------

00:49:50 INFO  : Disconnected from the channel tcfchan#31.
00:49:55 INFO  : Connected to target on host '127.0.0.1' and port '3121'.
00:49:56 INFO  : Jtag cable 'RealDigital Boo 88710000000EA' is selected.
00:49:56 INFO  : 'jtag frequency' command is executed.
00:49:59 ERROR : no targets found with "jtag_cable_name =~ "RealDigital Boo 88710000000EA" && level==0 && jtag_device_ctx=="jsn1-0362f093-0"". available targets:
  1  xc7s50
     2  MicroBlaze Debug Module at USER2
        3  MicroBlaze #0 (Running)
00:49:59 ERROR : Exception occured while running Program Device.
java.lang.RuntimeException: no targets found with "jtag_cable_name =~ "RealDigital Boo 88710000000EA" && level==0 && jtag_device_ctx=="jsn1-0362f093-0"". available targets:
  1  xc7s50
     2  MicroBlaze Debug Module at USER2
        3  MicroBlaze #0 (Running)
00:49:59 INFO  : ----------------XSDB Script----------------
connect -url tcp:127.0.0.1:3121
----------------End of Script----------------

00:49:59 ERROR : no targets found with "jtag_cable_name =~ "RealDigital Boo 88710000000EA" && level==0 && jtag_device_ctx=="jsn1-0362f093-0"". available targets:
  1  xc7s50
     2  MicroBlaze Debug Module at USER2
        3  MicroBlaze #0 (Running)
00:50:02 INFO  : Connected to target on host '127.0.0.1' and port '3121'.
00:50:02 INFO  : Jtag cable 'RealDigital Boo 88710000000EA' is selected.
00:50:02 INFO  : 'jtag frequency' command is executed.
00:50:05 ERROR : no targets found with "jtag_cable_name =~ "RealDigital Boo 88710000000EA" && level==0 && jtag_device_ctx=="jsn1-0362f093-0"". available targets:
  1  xc7s50
     2  MicroBlaze Debug Module at USER2
        3  MicroBlaze #0 (Running)
00:50:05 ERROR : Exception occured while running Program Device.
java.lang.RuntimeException: no targets found with "jtag_cable_name =~ "RealDigital Boo 88710000000EA" && level==0 && jtag_device_ctx=="jsn1-0362f093-0"". available targets:
  1  xc7s50
     2  MicroBlaze Debug Module at USER2
        3  MicroBlaze #0 (Running)
00:50:05 INFO  : ----------------XSDB Script----------------
connect -url tcp:127.0.0.1:3121
----------------End of Script----------------

00:50:05 ERROR : no targets found with "jtag_cable_name =~ "RealDigital Boo 88710000000EA" && level==0 && jtag_device_ctx=="jsn1-0362f093-0"". available targets:
  1  xc7s50
     2  MicroBlaze Debug Module at USER2
        3  MicroBlaze #0 (Running)
00:50:49 DEBUG : Logs will be stored at 'D:/School/UIUC_ECE385_SP25/Final_Project/sdk/IDE.log'.
00:50:49 INFO  : Launching XSCT server: xsct.bat -n  -interactive D:\School\UIUC_ECE385_SP25\Final_Project\sdk\temp_xsdb_launch_script.tcl
00:50:52 INFO  : XSCT server has started successfully.
00:50:52 INFO  : plnx-install-location is set to ''
00:50:52 INFO  : Successfully done setting XSCT server connection channel  
00:50:52 INFO  : Successfully done setting workspace for the tool. 
00:50:53 INFO  : Platform repository initialization has completed.
00:50:53 INFO  : Registering command handlers for Vitis TCF services
00:50:55 INFO  : Successfully done query RDI_DATADIR 
00:52:00 INFO  : Connected to target on host '127.0.0.1' and port '3121'.
00:52:01 INFO  : Jtag cable 'RealDigital Boo 88710000000EA' is selected.
00:52:01 INFO  : 'jtag frequency' command is executed.
00:52:01 INFO  : 'targets -set -filter {jtag_cable_name =~ "RealDigital Boo 88710000000EA" && level==0 && jtag_device_ctx=="jsn1-0362f093-0"}' command is executed.
00:52:03 INFO  : Device configured successfully with "D:/School/UIUC_ECE385_SP25/Final_Project/sdk/final_project/_ide/bitstream/mb_lab7_1_wrapper.bit"
00:52:03 INFO  : Context for processor 'microblaze_0' is selected.
00:52:03 INFO  : Hardware design and registers information is loaded from 'D:/School/UIUC_ECE385_SP25/Final_Project/sdk/mb_lab7_1_wrapper/export/mb_lab7_1_wrapper/hw/mb_lab7_1_wrapper.xsa'.
00:52:03 INFO  : 'configparams mdm-detect-bscan-mask 2' command is executed.
00:52:03 INFO  : Context for processor 'microblaze_0' is selected.
00:52:03 INFO  : System reset is completed.
00:52:06 INFO  : 'after 3000' command is executed.
00:52:07 INFO  : Context for processor 'microblaze_0' is selected.
00:52:07 INFO  : The application 'D:/School/UIUC_ECE385_SP25/Final_Project/sdk/final_project/Debug/final_project.elf' is downloaded to processor 'microblaze_0'.
00:52:07 INFO  : ----------------XSDB Script----------------
connect -url tcp:127.0.0.1:3121
targets -set -filter {jtag_cable_name =~ "RealDigital Boo 88710000000EA" && level==0 && jtag_device_ctx=="jsn1-0362f093-0"}
fpga -file D:/School/UIUC_ECE385_SP25/Final_Project/sdk/final_project/_ide/bitstream/mb_lab7_1_wrapper.bit
targets -set -nocase -filter {name =~ "*microblaze*#0" && bscan=="USER2" }
loadhw -hw D:/School/UIUC_ECE385_SP25/Final_Project/sdk/mb_lab7_1_wrapper/export/mb_lab7_1_wrapper/hw/mb_lab7_1_wrapper.xsa -regs
configparams mdm-detect-bscan-mask 2
targets -set -nocase -filter {name =~ "*microblaze*#0" && bscan=="USER2" }
rst -system
after 3000
targets -set -nocase -filter {name =~ "*microblaze*#0" && bscan=="USER2" }
dow D:/School/UIUC_ECE385_SP25/Final_Project/sdk/final_project/Debug/final_project.elf
----------------End of Script----------------

00:52:07 INFO  : Context for processor 'microblaze_0' is selected.
00:52:07 INFO  : 'con' command is executed.
00:52:07 INFO  : ----------------XSDB Script (After Launch)----------------
targets -set -nocase -filter {name =~ "*microblaze*#0" && bscan=="USER2" }
con
----------------End of Script----------------

00:52:07 INFO  : Disconnected from the channel tcfchan#1.
01:02:17 INFO  : Checking for BSP changes to sync application flags for project 'final_project'...
01:02:22 INFO  : Connected to target on host '127.0.0.1' and port '3121'.
01:02:23 INFO  : Jtag cable 'RealDigital Boo 88710000000EA' is selected.
01:02:23 INFO  : 'jtag frequency' command is executed.
01:02:23 INFO  : 'targets -set -filter {jtag_cable_name =~ "RealDigital Boo 88710000000EA" && level==0 && jtag_device_ctx=="jsn1-0362f093-0"}' command is executed.
01:02:25 INFO  : Device configured successfully with "D:/School/UIUC_ECE385_SP25/Final_Project/sdk/final_project/_ide/bitstream/mb_lab7_1_wrapper.bit"
01:02:25 INFO  : Context for processor 'microblaze_0' is selected.
01:02:25 INFO  : Hardware design and registers information is loaded from 'D:/School/UIUC_ECE385_SP25/Final_Project/sdk/mb_lab7_1_wrapper/export/mb_lab7_1_wrapper/hw/mb_lab7_1_wrapper.xsa'.
01:02:25 INFO  : 'configparams mdm-detect-bscan-mask 2' command is executed.
01:02:25 INFO  : Context for processor 'microblaze_0' is selected.
01:02:25 INFO  : System reset is completed.
01:02:28 INFO  : 'after 3000' command is executed.
01:02:29 INFO  : Context for processor 'microblaze_0' is selected.
01:02:29 INFO  : The application 'D:/School/UIUC_ECE385_SP25/Final_Project/sdk/final_project/Debug/final_project.elf' is downloaded to processor 'microblaze_0'.
01:02:29 INFO  : ----------------XSDB Script----------------
connect -url tcp:127.0.0.1:3121
targets -set -filter {jtag_cable_name =~ "RealDigital Boo 88710000000EA" && level==0 && jtag_device_ctx=="jsn1-0362f093-0"}
fpga -file D:/School/UIUC_ECE385_SP25/Final_Project/sdk/final_project/_ide/bitstream/mb_lab7_1_wrapper.bit
targets -set -nocase -filter {name =~ "*microblaze*#0" && bscan=="USER2" }
loadhw -hw D:/School/UIUC_ECE385_SP25/Final_Project/sdk/mb_lab7_1_wrapper/export/mb_lab7_1_wrapper/hw/mb_lab7_1_wrapper.xsa -regs
configparams mdm-detect-bscan-mask 2
targets -set -nocase -filter {name =~ "*microblaze*#0" && bscan=="USER2" }
rst -system
after 3000
targets -set -nocase -filter {name =~ "*microblaze*#0" && bscan=="USER2" }
dow D:/School/UIUC_ECE385_SP25/Final_Project/sdk/final_project/Debug/final_project.elf
----------------End of Script----------------

01:02:29 INFO  : Context for processor 'microblaze_0' is selected.
01:02:29 INFO  : 'con' command is executed.
01:02:29 INFO  : ----------------XSDB Script (After Launch)----------------
targets -set -nocase -filter {name =~ "*microblaze*#0" && bscan=="USER2" }
con
----------------End of Script----------------

01:02:29 INFO  : Disconnected from the channel tcfchan#2.
01:06:14 INFO  : Checking for BSP changes to sync application flags for project 'final_project'...
01:06:31 INFO  : Connected to target on host '127.0.0.1' and port '3121'.
01:06:32 INFO  : Jtag cable 'RealDigital Boo 88710000000EA' is selected.
01:06:32 INFO  : 'jtag frequency' command is executed.
01:06:33 INFO  : 'targets -set -filter {jtag_cable_name =~ "RealDigital Boo 88710000000EA" && level==0 && jtag_device_ctx=="jsn1-0362f093-0"}' command is executed.
01:06:34 INFO  : Device configured successfully with "D:/School/UIUC_ECE385_SP25/Final_Project/sdk/final_project/_ide/bitstream/mb_lab7_1_wrapper.bit"
01:06:34 INFO  : Context for processor 'microblaze_0' is selected.
01:06:34 INFO  : Hardware design and registers information is loaded from 'D:/School/UIUC_ECE385_SP25/Final_Project/sdk/mb_lab7_1_wrapper/export/mb_lab7_1_wrapper/hw/mb_lab7_1_wrapper.xsa'.
01:06:34 INFO  : 'configparams mdm-detect-bscan-mask 2' command is executed.
01:06:34 INFO  : Context for processor 'microblaze_0' is selected.
01:06:34 INFO  : System reset is completed.
01:06:37 INFO  : 'after 3000' command is executed.
01:06:38 INFO  : Context for processor 'microblaze_0' is selected.
01:06:38 INFO  : The application 'D:/School/UIUC_ECE385_SP25/Final_Project/sdk/final_project/Debug/final_project.elf' is downloaded to processor 'microblaze_0'.
01:06:38 INFO  : ----------------XSDB Script----------------
connect -url tcp:127.0.0.1:3121
targets -set -filter {jtag_cable_name =~ "RealDigital Boo 88710000000EA" && level==0 && jtag_device_ctx=="jsn1-0362f093-0"}
fpga -file D:/School/UIUC_ECE385_SP25/Final_Project/sdk/final_project/_ide/bitstream/mb_lab7_1_wrapper.bit
targets -set -nocase -filter {name =~ "*microblaze*#0" && bscan=="USER2" }
loadhw -hw D:/School/UIUC_ECE385_SP25/Final_Project/sdk/mb_lab7_1_wrapper/export/mb_lab7_1_wrapper/hw/mb_lab7_1_wrapper.xsa -regs
configparams mdm-detect-bscan-mask 2
targets -set -nocase -filter {name =~ "*microblaze*#0" && bscan=="USER2" }
rst -system
after 3000
targets -set -nocase -filter {name =~ "*microblaze*#0" && bscan=="USER2" }
dow D:/School/UIUC_ECE385_SP25/Final_Project/sdk/final_project/Debug/final_project.elf
----------------End of Script----------------

01:06:38 INFO  : Context for processor 'microblaze_0' is selected.
01:06:38 INFO  : 'con' command is executed.
01:06:38 INFO  : ----------------XSDB Script (After Launch)----------------
targets -set -nocase -filter {name =~ "*microblaze*#0" && bscan=="USER2" }
con
----------------End of Script----------------

01:06:38 INFO  : Disconnected from the channel tcfchan#3.
01:07:10 INFO  : Checking for BSP changes to sync application flags for project 'final_project'...
01:07:21 INFO  : Connected to target on host '127.0.0.1' and port '3121'.
01:07:22 INFO  : Jtag cable 'RealDigital Boo 88710000000EA' is selected.
01:07:22 INFO  : 'jtag frequency' command is executed.
01:07:22 INFO  : 'targets -set -filter {jtag_cable_name =~ "RealDigital Boo 88710000000EA" && level==0 && jtag_device_ctx=="jsn1-0362f093-0"}' command is executed.
01:07:24 INFO  : Device configured successfully with "D:/School/UIUC_ECE385_SP25/Final_Project/sdk/final_project/_ide/bitstream/mb_lab7_1_wrapper.bit"
01:07:24 INFO  : Context for processor 'microblaze_0' is selected.
01:07:24 INFO  : Hardware design and registers information is loaded from 'D:/School/UIUC_ECE385_SP25/Final_Project/sdk/mb_lab7_1_wrapper/export/mb_lab7_1_wrapper/hw/mb_lab7_1_wrapper.xsa'.
01:07:24 INFO  : 'configparams mdm-detect-bscan-mask 2' command is executed.
01:07:24 INFO  : Context for processor 'microblaze_0' is selected.
01:07:24 INFO  : System reset is completed.
01:07:27 INFO  : 'after 3000' command is executed.
01:07:28 INFO  : Context for processor 'microblaze_0' is selected.
01:07:28 INFO  : The application 'D:/School/UIUC_ECE385_SP25/Final_Project/sdk/final_project/Debug/final_project.elf' is downloaded to processor 'microblaze_0'.
01:07:28 INFO  : ----------------XSDB Script----------------
connect -url tcp:127.0.0.1:3121
targets -set -filter {jtag_cable_name =~ "RealDigital Boo 88710000000EA" && level==0 && jtag_device_ctx=="jsn1-0362f093-0"}
fpga -file D:/School/UIUC_ECE385_SP25/Final_Project/sdk/final_project/_ide/bitstream/mb_lab7_1_wrapper.bit
targets -set -nocase -filter {name =~ "*microblaze*#0" && bscan=="USER2" }
loadhw -hw D:/School/UIUC_ECE385_SP25/Final_Project/sdk/mb_lab7_1_wrapper/export/mb_lab7_1_wrapper/hw/mb_lab7_1_wrapper.xsa -regs
configparams mdm-detect-bscan-mask 2
targets -set -nocase -filter {name =~ "*microblaze*#0" && bscan=="USER2" }
rst -system
after 3000
targets -set -nocase -filter {name =~ "*microblaze*#0" && bscan=="USER2" }
dow D:/School/UIUC_ECE385_SP25/Final_Project/sdk/final_project/Debug/final_project.elf
----------------End of Script----------------

01:07:28 INFO  : Context for processor 'microblaze_0' is selected.
01:07:28 INFO  : 'con' command is executed.
01:07:28 INFO  : ----------------XSDB Script (After Launch)----------------
targets -set -nocase -filter {name =~ "*microblaze*#0" && bscan=="USER2" }
con
----------------End of Script----------------

01:07:28 INFO  : Disconnected from the channel tcfchan#4.
01:09:19 INFO  : Checking for BSP changes to sync application flags for project 'final_project'...
01:09:25 INFO  : Connected to target on host '127.0.0.1' and port '3121'.
01:09:26 INFO  : Jtag cable 'RealDigital Boo 88710000000EA' is selected.
01:09:26 INFO  : 'jtag frequency' command is executed.
01:09:26 INFO  : 'targets -set -filter {jtag_cable_name =~ "RealDigital Boo 88710000000EA" && level==0 && jtag_device_ctx=="jsn1-0362f093-0"}' command is executed.
01:09:28 INFO  : Device configured successfully with "D:/School/UIUC_ECE385_SP25/Final_Project/sdk/final_project/_ide/bitstream/mb_lab7_1_wrapper.bit"
01:09:28 INFO  : Context for processor 'microblaze_0' is selected.
01:09:28 INFO  : Hardware design and registers information is loaded from 'D:/School/UIUC_ECE385_SP25/Final_Project/sdk/mb_lab7_1_wrapper/export/mb_lab7_1_wrapper/hw/mb_lab7_1_wrapper.xsa'.
01:09:28 INFO  : 'configparams mdm-detect-bscan-mask 2' command is executed.
01:09:28 INFO  : Context for processor 'microblaze_0' is selected.
01:09:28 INFO  : System reset is completed.
01:09:31 INFO  : 'after 3000' command is executed.
01:09:32 INFO  : Context for processor 'microblaze_0' is selected.
01:09:32 INFO  : The application 'D:/School/UIUC_ECE385_SP25/Final_Project/sdk/final_project/Debug/final_project.elf' is downloaded to processor 'microblaze_0'.
01:09:32 INFO  : ----------------XSDB Script----------------
connect -url tcp:127.0.0.1:3121
targets -set -filter {jtag_cable_name =~ "RealDigital Boo 88710000000EA" && level==0 && jtag_device_ctx=="jsn1-0362f093-0"}
fpga -file D:/School/UIUC_ECE385_SP25/Final_Project/sdk/final_project/_ide/bitstream/mb_lab7_1_wrapper.bit
targets -set -nocase -filter {name =~ "*microblaze*#0" && bscan=="USER2" }
loadhw -hw D:/School/UIUC_ECE385_SP25/Final_Project/sdk/mb_lab7_1_wrapper/export/mb_lab7_1_wrapper/hw/mb_lab7_1_wrapper.xsa -regs
configparams mdm-detect-bscan-mask 2
targets -set -nocase -filter {name =~ "*microblaze*#0" && bscan=="USER2" }
rst -system
after 3000
targets -set -nocase -filter {name =~ "*microblaze*#0" && bscan=="USER2" }
dow D:/School/UIUC_ECE385_SP25/Final_Project/sdk/final_project/Debug/final_project.elf
----------------End of Script----------------

01:09:32 INFO  : Context for processor 'microblaze_0' is selected.
01:09:32 INFO  : 'con' command is executed.
01:09:32 INFO  : ----------------XSDB Script (After Launch)----------------
targets -set -nocase -filter {name =~ "*microblaze*#0" && bscan=="USER2" }
con
----------------End of Script----------------

01:09:32 INFO  : Disconnected from the channel tcfchan#5.
01:23:29 INFO  : Hardware specification for platform project 'mb_lab7_1_wrapper' is updated.
01:23:43 INFO  : Result from executing command 'getProjects': mb_lab7_1_wrapper
01:23:43 INFO  : Result from executing command 'getPlatforms': mb_lab7_1_wrapper|D:/School/UIUC_ECE385_SP25/Final_Project/sdk/mb_lab7_1_wrapper/export/mb_lab7_1_wrapper/mb_lab7_1_wrapper.xpfm
01:23:43 INFO  : Checking for BSP changes to sync application flags for project 'final_project'...
01:23:43 WARN  : Failed to closehw "D:/School/UIUC_ECE385_SP25/Final_Project/sdk/mb_lab7_1_wrapper/export/mb_lab7_1_wrapper/hw/mb_lab7_1_wrapper.xsa"
Reason: Cannot close hw design 'D:/School/UIUC_ECE385_SP25/Final_Project/sdk/mb_lab7_1_wrapper/export/mb_lab7_1_wrapper/hw/mb_lab7_1_wrapper.xsa'.
Design is not opened in the current session.

01:23:45 INFO  : The hardware specification used by project 'final_project' is out of sync with the platform. Resource files extracted from the hardware specification will be updated.
01:23:45 INFO  : The file 'D:\School\UIUC_ECE385_SP25\Final_Project\sdk\final_project\_ide\bitstream\mb_lab7_1_wrapper.bit' stored in project is removed.
01:23:45 INFO  : The file 'D:\School\UIUC_ECE385_SP25\Final_Project\sdk\final_project\_ide\bitstream\mb_lab7_1_wrapper.mmi' stored in project is removed.
01:23:45 INFO  : The updated bitstream files are copied from platform to folder 'D:\School\UIUC_ECE385_SP25\Final_Project\sdk\final_project\_ide\bitstream' in project 'final_project'.
01:23:49 INFO  : Connected to target on host '127.0.0.1' and port '3121'.
01:23:50 INFO  : Jtag cable 'RealDigital Boo 88710000000EA' is selected.
01:23:50 INFO  : 'jtag frequency' command is executed.
01:23:51 INFO  : 'targets -set -filter {jtag_cable_name =~ "RealDigital Boo 88710000000EA" && level==0 && jtag_device_ctx=="jsn1-0362f093-0"}' command is executed.
01:23:52 INFO  : Device configured successfully with "D:/School/UIUC_ECE385_SP25/Final_Project/sdk/final_project/_ide/bitstream/mb_lab7_1_wrapper.bit"
01:23:52 INFO  : Context for processor 'microblaze_0' is selected.
01:23:52 INFO  : Hardware design and registers information is loaded from 'D:/School/UIUC_ECE385_SP25/Final_Project/sdk/mb_lab7_1_wrapper/export/mb_lab7_1_wrapper/hw/mb_lab7_1_wrapper.xsa'.
01:23:52 INFO  : 'configparams mdm-detect-bscan-mask 2' command is executed.
01:23:52 INFO  : Context for processor 'microblaze_0' is selected.
01:23:52 INFO  : System reset is completed.
01:23:55 INFO  : 'after 3000' command is executed.
01:23:56 INFO  : Context for processor 'microblaze_0' is selected.
01:23:56 INFO  : The application 'D:/School/UIUC_ECE385_SP25/Final_Project/sdk/final_project/Debug/final_project.elf' is downloaded to processor 'microblaze_0'.
01:23:56 INFO  : ----------------XSDB Script----------------
connect -url tcp:127.0.0.1:3121
targets -set -filter {jtag_cable_name =~ "RealDigital Boo 88710000000EA" && level==0 && jtag_device_ctx=="jsn1-0362f093-0"}
fpga -file D:/School/UIUC_ECE385_SP25/Final_Project/sdk/final_project/_ide/bitstream/mb_lab7_1_wrapper.bit
targets -set -nocase -filter {name =~ "*microblaze*#0" && bscan=="USER2" }
loadhw -hw D:/School/UIUC_ECE385_SP25/Final_Project/sdk/mb_lab7_1_wrapper/export/mb_lab7_1_wrapper/hw/mb_lab7_1_wrapper.xsa -regs
configparams mdm-detect-bscan-mask 2
targets -set -nocase -filter {name =~ "*microblaze*#0" && bscan=="USER2" }
rst -system
after 3000
targets -set -nocase -filter {name =~ "*microblaze*#0" && bscan=="USER2" }
dow D:/School/UIUC_ECE385_SP25/Final_Project/sdk/final_project/Debug/final_project.elf
----------------End of Script----------------

01:23:56 INFO  : Context for processor 'microblaze_0' is selected.
01:23:56 INFO  : 'con' command is executed.
01:23:56 INFO  : ----------------XSDB Script (After Launch)----------------
targets -set -nocase -filter {name =~ "*microblaze*#0" && bscan=="USER2" }
con
----------------End of Script----------------

01:23:56 INFO  : Disconnected from the channel tcfchan#7.
01:25:42 INFO  : Checking for BSP changes to sync application flags for project 'final_project'...
01:25:48 INFO  : Connected to target on host '127.0.0.1' and port '3121'.
01:25:48 INFO  : Jtag cable 'RealDigital Boo 88710000000EA' is selected.
01:25:48 INFO  : 'jtag frequency' command is executed.
01:25:48 INFO  : 'targets -set -filter {jtag_cable_name =~ "RealDigital Boo 88710000000EA" && level==0 && jtag_device_ctx=="jsn1-0362f093-0"}' command is executed.
01:25:49 INFO  : Device configured successfully with "D:/School/UIUC_ECE385_SP25/Final_Project/sdk/final_project/_ide/bitstream/mb_lab7_1_wrapper.bit"
01:25:49 INFO  : Context for processor 'microblaze_0' is selected.
01:25:49 INFO  : Hardware design and registers information is loaded from 'D:/School/UIUC_ECE385_SP25/Final_Project/sdk/mb_lab7_1_wrapper/export/mb_lab7_1_wrapper/hw/mb_lab7_1_wrapper.xsa'.
01:25:49 INFO  : 'configparams mdm-detect-bscan-mask 2' command is executed.
01:25:49 INFO  : Context for processor 'microblaze_0' is selected.
01:25:49 INFO  : System reset is completed.
01:25:52 INFO  : 'after 3000' command is executed.
01:25:52 INFO  : Context for processor 'microblaze_0' is selected.
01:25:53 INFO  : The application 'D:/School/UIUC_ECE385_SP25/Final_Project/sdk/final_project/Debug/final_project.elf' is downloaded to processor 'microblaze_0'.
01:25:53 INFO  : ----------------XSDB Script----------------
connect -url tcp:127.0.0.1:3121
targets -set -filter {jtag_cable_name =~ "RealDigital Boo 88710000000EA" && level==0 && jtag_device_ctx=="jsn1-0362f093-0"}
fpga -file D:/School/UIUC_ECE385_SP25/Final_Project/sdk/final_project/_ide/bitstream/mb_lab7_1_wrapper.bit
targets -set -nocase -filter {name =~ "*microblaze*#0" && bscan=="USER2" }
loadhw -hw D:/School/UIUC_ECE385_SP25/Final_Project/sdk/mb_lab7_1_wrapper/export/mb_lab7_1_wrapper/hw/mb_lab7_1_wrapper.xsa -regs
configparams mdm-detect-bscan-mask 2
targets -set -nocase -filter {name =~ "*microblaze*#0" && bscan=="USER2" }
rst -system
after 3000
targets -set -nocase -filter {name =~ "*microblaze*#0" && bscan=="USER2" }
dow D:/School/UIUC_ECE385_SP25/Final_Project/sdk/final_project/Debug/final_project.elf
----------------End of Script----------------

01:25:53 INFO  : Context for processor 'microblaze_0' is selected.
01:25:53 INFO  : 'con' command is executed.
01:25:53 INFO  : ----------------XSDB Script (After Launch)----------------
targets -set -nocase -filter {name =~ "*microblaze*#0" && bscan=="USER2" }
con
----------------End of Script----------------

01:25:53 INFO  : Disconnected from the channel tcfchan#8.
01:26:24 INFO  : Checking for BSP changes to sync application flags for project 'final_project'...
01:26:37 INFO  : Connected to target on host '127.0.0.1' and port '3121'.
01:26:38 INFO  : Jtag cable 'RealDigital Boo 88710000000EA' is selected.
01:26:38 INFO  : 'jtag frequency' command is executed.
01:26:38 INFO  : 'targets -set -filter {jtag_cable_name =~ "RealDigital Boo 88710000000EA" && level==0 && jtag_device_ctx=="jsn1-0362f093-0"}' command is executed.
01:26:39 INFO  : Device configured successfully with "D:/School/UIUC_ECE385_SP25/Final_Project/sdk/final_project/_ide/bitstream/mb_lab7_1_wrapper.bit"
01:26:39 INFO  : Context for processor 'microblaze_0' is selected.
01:26:39 INFO  : Hardware design and registers information is loaded from 'D:/School/UIUC_ECE385_SP25/Final_Project/sdk/mb_lab7_1_wrapper/export/mb_lab7_1_wrapper/hw/mb_lab7_1_wrapper.xsa'.
01:26:39 INFO  : 'configparams mdm-detect-bscan-mask 2' command is executed.
01:26:39 INFO  : Context for processor 'microblaze_0' is selected.
01:26:39 INFO  : System reset is completed.
01:26:42 INFO  : 'after 3000' command is executed.
01:26:42 INFO  : Context for processor 'microblaze_0' is selected.
01:26:42 INFO  : The application 'D:/School/UIUC_ECE385_SP25/Final_Project/sdk/final_project/Debug/final_project.elf' is downloaded to processor 'microblaze_0'.
01:26:42 INFO  : ----------------XSDB Script----------------
connect -url tcp:127.0.0.1:3121
targets -set -filter {jtag_cable_name =~ "RealDigital Boo 88710000000EA" && level==0 && jtag_device_ctx=="jsn1-0362f093-0"}
fpga -file D:/School/UIUC_ECE385_SP25/Final_Project/sdk/final_project/_ide/bitstream/mb_lab7_1_wrapper.bit
targets -set -nocase -filter {name =~ "*microblaze*#0" && bscan=="USER2" }
loadhw -hw D:/School/UIUC_ECE385_SP25/Final_Project/sdk/mb_lab7_1_wrapper/export/mb_lab7_1_wrapper/hw/mb_lab7_1_wrapper.xsa -regs
configparams mdm-detect-bscan-mask 2
targets -set -nocase -filter {name =~ "*microblaze*#0" && bscan=="USER2" }
rst -system
after 3000
targets -set -nocase -filter {name =~ "*microblaze*#0" && bscan=="USER2" }
dow D:/School/UIUC_ECE385_SP25/Final_Project/sdk/final_project/Debug/final_project.elf
----------------End of Script----------------

01:26:42 INFO  : Context for processor 'microblaze_0' is selected.
01:26:42 INFO  : 'con' command is executed.
01:26:42 INFO  : ----------------XSDB Script (After Launch)----------------
targets -set -nocase -filter {name =~ "*microblaze*#0" && bscan=="USER2" }
con
----------------End of Script----------------

01:26:42 INFO  : Disconnected from the channel tcfchan#9.
01:39:05 INFO  : Connected to target on host '127.0.0.1' and port '3121'.
01:39:05 INFO  : Jtag cable 'RealDigital Boo 88710000000EA' is selected.
01:39:05 INFO  : 'jtag frequency' command is executed.
01:39:05 INFO  : 'targets -set -filter {jtag_cable_name =~ "RealDigital Boo 88710000000EA" && level==0 && jtag_device_ctx=="jsn1-0362f093-0"}' command is executed.
01:39:06 INFO  : Device configured successfully with "D:/School/UIUC_ECE385_SP25/Final_Project/sdk/final_project/_ide/bitstream/mb_lab7_1_wrapper.bit"
01:39:06 INFO  : Context for processor 'microblaze_0' is selected.
01:39:06 INFO  : Hardware design and registers information is loaded from 'D:/School/UIUC_ECE385_SP25/Final_Project/sdk/mb_lab7_1_wrapper/export/mb_lab7_1_wrapper/hw/mb_lab7_1_wrapper.xsa'.
01:39:06 INFO  : 'configparams mdm-detect-bscan-mask 2' command is executed.
01:39:06 INFO  : Context for processor 'microblaze_0' is selected.
01:39:06 INFO  : System reset is completed.
01:39:09 INFO  : 'after 3000' command is executed.
01:39:09 INFO  : Context for processor 'microblaze_0' is selected.
01:39:10 INFO  : The application 'D:/School/UIUC_ECE385_SP25/Final_Project/sdk/final_project/Debug/final_project.elf' is downloaded to processor 'microblaze_0'.
01:39:10 INFO  : ----------------XSDB Script----------------
connect -url tcp:127.0.0.1:3121
targets -set -filter {jtag_cable_name =~ "RealDigital Boo 88710000000EA" && level==0 && jtag_device_ctx=="jsn1-0362f093-0"}
fpga -file D:/School/UIUC_ECE385_SP25/Final_Project/sdk/final_project/_ide/bitstream/mb_lab7_1_wrapper.bit
targets -set -nocase -filter {name =~ "*microblaze*#0" && bscan=="USER2" }
loadhw -hw D:/School/UIUC_ECE385_SP25/Final_Project/sdk/mb_lab7_1_wrapper/export/mb_lab7_1_wrapper/hw/mb_lab7_1_wrapper.xsa -regs
configparams mdm-detect-bscan-mask 2
targets -set -nocase -filter {name =~ "*microblaze*#0" && bscan=="USER2" }
rst -system
after 3000
targets -set -nocase -filter {name =~ "*microblaze*#0" && bscan=="USER2" }
dow D:/School/UIUC_ECE385_SP25/Final_Project/sdk/final_project/Debug/final_project.elf
----------------End of Script----------------

01:39:10 INFO  : Context for processor 'microblaze_0' is selected.
01:39:10 INFO  : 'con' command is executed.
01:39:10 INFO  : ----------------XSDB Script (After Launch)----------------
targets -set -nocase -filter {name =~ "*microblaze*#0" && bscan=="USER2" }
con
----------------End of Script----------------

01:39:10 INFO  : Disconnected from the channel tcfchan#10.
02:22:25 INFO  : Hardware specification for platform project 'mb_lab7_1_wrapper' is updated.
02:22:38 INFO  : Result from executing command 'getProjects': mb_lab7_1_wrapper
02:22:38 INFO  : Result from executing command 'getPlatforms': mb_lab7_1_wrapper|D:/School/UIUC_ECE385_SP25/Final_Project/sdk/mb_lab7_1_wrapper/export/mb_lab7_1_wrapper/mb_lab7_1_wrapper.xpfm
02:22:38 INFO  : Checking for BSP changes to sync application flags for project 'final_project'...
02:22:40 INFO  : The hardware specification used by project 'final_project' is out of sync with the platform. Resource files extracted from the hardware specification will be updated.
02:22:40 INFO  : The file 'D:\School\UIUC_ECE385_SP25\Final_Project\sdk\final_project\_ide\bitstream\mb_lab7_1_wrapper.bit' stored in project is removed.
02:22:40 INFO  : The file 'D:\School\UIUC_ECE385_SP25\Final_Project\sdk\final_project\_ide\bitstream\mb_lab7_1_wrapper.mmi' stored in project is removed.
02:22:40 INFO  : The updated bitstream files are copied from platform to folder 'D:\School\UIUC_ECE385_SP25\Final_Project\sdk\final_project\_ide\bitstream' in project 'final_project'.
02:22:45 INFO  : Connected to target on host '127.0.0.1' and port '3121'.
02:22:46 INFO  : Jtag cable 'RealDigital Boo 88710000000EA' is selected.
02:22:46 INFO  : 'jtag frequency' command is executed.
02:22:46 INFO  : 'targets -set -filter {jtag_cable_name =~ "RealDigital Boo 88710000000EA" && level==0 && jtag_device_ctx=="jsn1-0362f093-0"}' command is executed.
02:22:48 INFO  : Device configured successfully with "D:/School/UIUC_ECE385_SP25/Final_Project/sdk/final_project/_ide/bitstream/mb_lab7_1_wrapper.bit"
02:22:48 INFO  : Context for processor 'microblaze_0' is selected.
02:22:48 INFO  : Hardware design and registers information is loaded from 'D:/School/UIUC_ECE385_SP25/Final_Project/sdk/mb_lab7_1_wrapper/export/mb_lab7_1_wrapper/hw/mb_lab7_1_wrapper.xsa'.
02:22:48 INFO  : 'configparams mdm-detect-bscan-mask 2' command is executed.
02:22:48 INFO  : Context for processor 'microblaze_0' is selected.
02:22:48 INFO  : System reset is completed.
02:22:51 INFO  : 'after 3000' command is executed.
02:22:52 INFO  : Context for processor 'microblaze_0' is selected.
02:22:52 INFO  : The application 'D:/School/UIUC_ECE385_SP25/Final_Project/sdk/final_project/Debug/final_project.elf' is downloaded to processor 'microblaze_0'.
02:22:52 INFO  : ----------------XSDB Script----------------
connect -url tcp:127.0.0.1:3121
targets -set -filter {jtag_cable_name =~ "RealDigital Boo 88710000000EA" && level==0 && jtag_device_ctx=="jsn1-0362f093-0"}
fpga -file D:/School/UIUC_ECE385_SP25/Final_Project/sdk/final_project/_ide/bitstream/mb_lab7_1_wrapper.bit
targets -set -nocase -filter {name =~ "*microblaze*#0" && bscan=="USER2" }
loadhw -hw D:/School/UIUC_ECE385_SP25/Final_Project/sdk/mb_lab7_1_wrapper/export/mb_lab7_1_wrapper/hw/mb_lab7_1_wrapper.xsa -regs
configparams mdm-detect-bscan-mask 2
targets -set -nocase -filter {name =~ "*microblaze*#0" && bscan=="USER2" }
rst -system
after 3000
targets -set -nocase -filter {name =~ "*microblaze*#0" && bscan=="USER2" }
dow D:/School/UIUC_ECE385_SP25/Final_Project/sdk/final_project/Debug/final_project.elf
----------------End of Script----------------

02:22:52 INFO  : Context for processor 'microblaze_0' is selected.
02:22:52 INFO  : 'con' command is executed.
02:22:52 INFO  : ----------------XSDB Script (After Launch)----------------
targets -set -nocase -filter {name =~ "*microblaze*#0" && bscan=="USER2" }
con
----------------End of Script----------------

02:22:52 INFO  : Disconnected from the channel tcfchan#12.
02:24:07 INFO  : Checking for BSP changes to sync application flags for project 'final_project'...
02:24:12 INFO  : Connected to target on host '127.0.0.1' and port '3121'.
02:24:12 INFO  : Jtag cable 'RealDigital Boo 88710000000EA' is selected.
02:24:12 INFO  : 'jtag frequency' command is executed.
02:24:12 INFO  : 'targets -set -filter {jtag_cable_name =~ "RealDigital Boo 88710000000EA" && level==0 && jtag_device_ctx=="jsn1-0362f093-0"}' command is executed.
02:24:14 INFO  : Device configured successfully with "D:/School/UIUC_ECE385_SP25/Final_Project/sdk/final_project/_ide/bitstream/mb_lab7_1_wrapper.bit"
02:24:14 INFO  : Context for processor 'microblaze_0' is selected.
02:24:14 INFO  : Hardware design and registers information is loaded from 'D:/School/UIUC_ECE385_SP25/Final_Project/sdk/mb_lab7_1_wrapper/export/mb_lab7_1_wrapper/hw/mb_lab7_1_wrapper.xsa'.
02:24:14 INFO  : 'configparams mdm-detect-bscan-mask 2' command is executed.
02:24:14 INFO  : Context for processor 'microblaze_0' is selected.
02:24:14 INFO  : System reset is completed.
02:24:17 INFO  : 'after 3000' command is executed.
02:24:18 INFO  : Context for processor 'microblaze_0' is selected.
02:24:18 INFO  : The application 'D:/School/UIUC_ECE385_SP25/Final_Project/sdk/final_project/Debug/final_project.elf' is downloaded to processor 'microblaze_0'.
02:24:18 INFO  : ----------------XSDB Script----------------
connect -url tcp:127.0.0.1:3121
targets -set -filter {jtag_cable_name =~ "RealDigital Boo 88710000000EA" && level==0 && jtag_device_ctx=="jsn1-0362f093-0"}
fpga -file D:/School/UIUC_ECE385_SP25/Final_Project/sdk/final_project/_ide/bitstream/mb_lab7_1_wrapper.bit
targets -set -nocase -filter {name =~ "*microblaze*#0" && bscan=="USER2" }
loadhw -hw D:/School/UIUC_ECE385_SP25/Final_Project/sdk/mb_lab7_1_wrapper/export/mb_lab7_1_wrapper/hw/mb_lab7_1_wrapper.xsa -regs
configparams mdm-detect-bscan-mask 2
targets -set -nocase -filter {name =~ "*microblaze*#0" && bscan=="USER2" }
rst -system
after 3000
targets -set -nocase -filter {name =~ "*microblaze*#0" && bscan=="USER2" }
dow D:/School/UIUC_ECE385_SP25/Final_Project/sdk/final_project/Debug/final_project.elf
----------------End of Script----------------

02:24:18 INFO  : Context for processor 'microblaze_0' is selected.
02:24:18 INFO  : 'con' command is executed.
02:24:18 INFO  : ----------------XSDB Script (After Launch)----------------
targets -set -nocase -filter {name =~ "*microblaze*#0" && bscan=="USER2" }
con
----------------End of Script----------------

02:24:18 INFO  : Disconnected from the channel tcfchan#13.
02:29:29 INFO  : Hardware specification for platform project 'mb_lab7_1_wrapper' is updated.
02:29:39 INFO  : Result from executing command 'getProjects': mb_lab7_1_wrapper
02:29:39 INFO  : Result from executing command 'getPlatforms': mb_lab7_1_wrapper|D:/School/UIUC_ECE385_SP25/Final_Project/sdk/mb_lab7_1_wrapper/export/mb_lab7_1_wrapper/mb_lab7_1_wrapper.xpfm
02:29:39 INFO  : Checking for BSP changes to sync application flags for project 'final_project'...
02:29:40 INFO  : The hardware specification used by project 'final_project' is out of sync with the platform. Resource files extracted from the hardware specification will be updated.
02:29:40 INFO  : The file 'D:\School\UIUC_ECE385_SP25\Final_Project\sdk\final_project\_ide\bitstream\mb_lab7_1_wrapper.bit' stored in project is removed.
02:29:40 INFO  : The file 'D:\School\UIUC_ECE385_SP25\Final_Project\sdk\final_project\_ide\bitstream\mb_lab7_1_wrapper.mmi' stored in project is removed.
02:29:41 INFO  : The updated bitstream files are copied from platform to folder 'D:\School\UIUC_ECE385_SP25\Final_Project\sdk\final_project\_ide\bitstream' in project 'final_project'.
02:29:47 INFO  : Connected to target on host '127.0.0.1' and port '3121'.
02:29:48 INFO  : Jtag cable 'RealDigital Boo 88710000000EA' is selected.
02:29:48 INFO  : 'jtag frequency' command is executed.
02:29:48 INFO  : 'targets -set -filter {jtag_cable_name =~ "RealDigital Boo 88710000000EA" && level==0 && jtag_device_ctx=="jsn1-0362f093-0"}' command is executed.
02:29:50 INFO  : Device configured successfully with "D:/School/UIUC_ECE385_SP25/Final_Project/sdk/final_project/_ide/bitstream/mb_lab7_1_wrapper.bit"
02:29:50 INFO  : Context for processor 'microblaze_0' is selected.
02:29:50 INFO  : Hardware design and registers information is loaded from 'D:/School/UIUC_ECE385_SP25/Final_Project/sdk/mb_lab7_1_wrapper/export/mb_lab7_1_wrapper/hw/mb_lab7_1_wrapper.xsa'.
02:29:50 INFO  : 'configparams mdm-detect-bscan-mask 2' command is executed.
02:29:50 INFO  : Context for processor 'microblaze_0' is selected.
02:29:50 INFO  : System reset is completed.
02:29:53 INFO  : 'after 3000' command is executed.
02:29:54 INFO  : Context for processor 'microblaze_0' is selected.
02:29:54 INFO  : The application 'D:/School/UIUC_ECE385_SP25/Final_Project/sdk/final_project/Debug/final_project.elf' is downloaded to processor 'microblaze_0'.
02:29:54 INFO  : ----------------XSDB Script----------------
connect -url tcp:127.0.0.1:3121
targets -set -filter {jtag_cable_name =~ "RealDigital Boo 88710000000EA" && level==0 && jtag_device_ctx=="jsn1-0362f093-0"}
fpga -file D:/School/UIUC_ECE385_SP25/Final_Project/sdk/final_project/_ide/bitstream/mb_lab7_1_wrapper.bit
targets -set -nocase -filter {name =~ "*microblaze*#0" && bscan=="USER2" }
loadhw -hw D:/School/UIUC_ECE385_SP25/Final_Project/sdk/mb_lab7_1_wrapper/export/mb_lab7_1_wrapper/hw/mb_lab7_1_wrapper.xsa -regs
configparams mdm-detect-bscan-mask 2
targets -set -nocase -filter {name =~ "*microblaze*#0" && bscan=="USER2" }
rst -system
after 3000
targets -set -nocase -filter {name =~ "*microblaze*#0" && bscan=="USER2" }
dow D:/School/UIUC_ECE385_SP25/Final_Project/sdk/final_project/Debug/final_project.elf
----------------End of Script----------------

02:29:54 INFO  : Context for processor 'microblaze_0' is selected.
02:29:54 INFO  : 'con' command is executed.
02:29:54 INFO  : ----------------XSDB Script (After Launch)----------------
targets -set -nocase -filter {name =~ "*microblaze*#0" && bscan=="USER2" }
con
----------------End of Script----------------

02:29:54 INFO  : Disconnected from the channel tcfchan#15.
02:35:12 INFO  : Checking for BSP changes to sync application flags for project 'final_project'...
02:35:17 INFO  : Connected to target on host '127.0.0.1' and port '3121'.
02:35:17 INFO  : Jtag cable 'RealDigital Boo 88710000000EA' is selected.
02:35:17 INFO  : 'jtag frequency' command is executed.
02:35:18 INFO  : 'targets -set -filter {jtag_cable_name =~ "RealDigital Boo 88710000000EA" && level==0 && jtag_device_ctx=="jsn1-0362f093-0"}' command is executed.
02:35:19 INFO  : Device configured successfully with "D:/School/UIUC_ECE385_SP25/Final_Project/sdk/final_project/_ide/bitstream/mb_lab7_1_wrapper.bit"
02:35:19 INFO  : Context for processor 'microblaze_0' is selected.
02:35:19 INFO  : Hardware design and registers information is loaded from 'D:/School/UIUC_ECE385_SP25/Final_Project/sdk/mb_lab7_1_wrapper/export/mb_lab7_1_wrapper/hw/mb_lab7_1_wrapper.xsa'.
02:35:19 INFO  : 'configparams mdm-detect-bscan-mask 2' command is executed.
02:35:19 INFO  : Context for processor 'microblaze_0' is selected.
02:35:19 INFO  : System reset is completed.
02:35:22 INFO  : 'after 3000' command is executed.
02:35:23 INFO  : Context for processor 'microblaze_0' is selected.
02:35:23 INFO  : The application 'D:/School/UIUC_ECE385_SP25/Final_Project/sdk/final_project/Debug/final_project.elf' is downloaded to processor 'microblaze_0'.
02:35:23 INFO  : ----------------XSDB Script----------------
connect -url tcp:127.0.0.1:3121
targets -set -filter {jtag_cable_name =~ "RealDigital Boo 88710000000EA" && level==0 && jtag_device_ctx=="jsn1-0362f093-0"}
fpga -file D:/School/UIUC_ECE385_SP25/Final_Project/sdk/final_project/_ide/bitstream/mb_lab7_1_wrapper.bit
targets -set -nocase -filter {name =~ "*microblaze*#0" && bscan=="USER2" }
loadhw -hw D:/School/UIUC_ECE385_SP25/Final_Project/sdk/mb_lab7_1_wrapper/export/mb_lab7_1_wrapper/hw/mb_lab7_1_wrapper.xsa -regs
configparams mdm-detect-bscan-mask 2
targets -set -nocase -filter {name =~ "*microblaze*#0" && bscan=="USER2" }
rst -system
after 3000
targets -set -nocase -filter {name =~ "*microblaze*#0" && bscan=="USER2" }
dow D:/School/UIUC_ECE385_SP25/Final_Project/sdk/final_project/Debug/final_project.elf
----------------End of Script----------------

02:35:23 INFO  : Context for processor 'microblaze_0' is selected.
02:35:23 INFO  : 'con' command is executed.
02:35:23 INFO  : ----------------XSDB Script (After Launch)----------------
targets -set -nocase -filter {name =~ "*microblaze*#0" && bscan=="USER2" }
con
----------------End of Script----------------

02:35:23 INFO  : Disconnected from the channel tcfchan#16.
02:36:01 INFO  : Checking for BSP changes to sync application flags for project 'final_project'...
02:36:06 INFO  : Connected to target on host '127.0.0.1' and port '3121'.
02:36:07 INFO  : Jtag cable 'RealDigital Boo 88710000000EA' is selected.
02:36:07 INFO  : 'jtag frequency' command is executed.
02:36:07 INFO  : 'targets -set -filter {jtag_cable_name =~ "RealDigital Boo 88710000000EA" && level==0 && jtag_device_ctx=="jsn1-0362f093-0"}' command is executed.
02:36:09 INFO  : Device configured successfully with "D:/School/UIUC_ECE385_SP25/Final_Project/sdk/final_project/_ide/bitstream/mb_lab7_1_wrapper.bit"
02:36:09 INFO  : Context for processor 'microblaze_0' is selected.
02:36:09 INFO  : Hardware design and registers information is loaded from 'D:/School/UIUC_ECE385_SP25/Final_Project/sdk/mb_lab7_1_wrapper/export/mb_lab7_1_wrapper/hw/mb_lab7_1_wrapper.xsa'.
02:36:09 INFO  : 'configparams mdm-detect-bscan-mask 2' command is executed.
02:36:09 INFO  : Context for processor 'microblaze_0' is selected.
02:36:09 INFO  : System reset is completed.
02:36:12 INFO  : 'after 3000' command is executed.
02:36:13 INFO  : Context for processor 'microblaze_0' is selected.
02:36:13 INFO  : The application 'D:/School/UIUC_ECE385_SP25/Final_Project/sdk/final_project/Debug/final_project.elf' is downloaded to processor 'microblaze_0'.
02:36:13 INFO  : ----------------XSDB Script----------------
connect -url tcp:127.0.0.1:3121
targets -set -filter {jtag_cable_name =~ "RealDigital Boo 88710000000EA" && level==0 && jtag_device_ctx=="jsn1-0362f093-0"}
fpga -file D:/School/UIUC_ECE385_SP25/Final_Project/sdk/final_project/_ide/bitstream/mb_lab7_1_wrapper.bit
targets -set -nocase -filter {name =~ "*microblaze*#0" && bscan=="USER2" }
loadhw -hw D:/School/UIUC_ECE385_SP25/Final_Project/sdk/mb_lab7_1_wrapper/export/mb_lab7_1_wrapper/hw/mb_lab7_1_wrapper.xsa -regs
configparams mdm-detect-bscan-mask 2
targets -set -nocase -filter {name =~ "*microblaze*#0" && bscan=="USER2" }
rst -system
after 3000
targets -set -nocase -filter {name =~ "*microblaze*#0" && bscan=="USER2" }
dow D:/School/UIUC_ECE385_SP25/Final_Project/sdk/final_project/Debug/final_project.elf
----------------End of Script----------------

02:36:13 INFO  : Context for processor 'microblaze_0' is selected.
02:36:13 INFO  : 'con' command is executed.
02:36:13 INFO  : ----------------XSDB Script (After Launch)----------------
targets -set -nocase -filter {name =~ "*microblaze*#0" && bscan=="USER2" }
con
----------------End of Script----------------

02:36:13 INFO  : Disconnected from the channel tcfchan#17.
02:36:55 INFO  : Checking for BSP changes to sync application flags for project 'final_project'...
02:37:40 INFO  : Checking for BSP changes to sync application flags for project 'final_project'...
02:38:09 INFO  : Checking for BSP changes to sync application flags for project 'final_project'...
02:38:14 INFO  : Connected to target on host '127.0.0.1' and port '3121'.
02:38:15 INFO  : Jtag cable 'RealDigital Boo 88710000000EA' is selected.
02:38:15 INFO  : 'jtag frequency' command is executed.
02:38:15 INFO  : 'targets -set -filter {jtag_cable_name =~ "RealDigital Boo 88710000000EA" && level==0 && jtag_device_ctx=="jsn1-0362f093-0"}' command is executed.
02:38:17 INFO  : Device configured successfully with "D:/School/UIUC_ECE385_SP25/Final_Project/sdk/final_project/_ide/bitstream/mb_lab7_1_wrapper.bit"
02:38:17 INFO  : Context for processor 'microblaze_0' is selected.
02:38:17 INFO  : Hardware design and registers information is loaded from 'D:/School/UIUC_ECE385_SP25/Final_Project/sdk/mb_lab7_1_wrapper/export/mb_lab7_1_wrapper/hw/mb_lab7_1_wrapper.xsa'.
02:38:17 INFO  : 'configparams mdm-detect-bscan-mask 2' command is executed.
02:38:17 INFO  : Context for processor 'microblaze_0' is selected.
02:38:17 INFO  : System reset is completed.
02:38:20 INFO  : 'after 3000' command is executed.
02:38:20 INFO  : Context for processor 'microblaze_0' is selected.
02:38:21 INFO  : The application 'D:/School/UIUC_ECE385_SP25/Final_Project/sdk/final_project/Debug/final_project.elf' is downloaded to processor 'microblaze_0'.
02:38:21 INFO  : ----------------XSDB Script----------------
connect -url tcp:127.0.0.1:3121
targets -set -filter {jtag_cable_name =~ "RealDigital Boo 88710000000EA" && level==0 && jtag_device_ctx=="jsn1-0362f093-0"}
fpga -file D:/School/UIUC_ECE385_SP25/Final_Project/sdk/final_project/_ide/bitstream/mb_lab7_1_wrapper.bit
targets -set -nocase -filter {name =~ "*microblaze*#0" && bscan=="USER2" }
loadhw -hw D:/School/UIUC_ECE385_SP25/Final_Project/sdk/mb_lab7_1_wrapper/export/mb_lab7_1_wrapper/hw/mb_lab7_1_wrapper.xsa -regs
configparams mdm-detect-bscan-mask 2
targets -set -nocase -filter {name =~ "*microblaze*#0" && bscan=="USER2" }
rst -system
after 3000
targets -set -nocase -filter {name =~ "*microblaze*#0" && bscan=="USER2" }
dow D:/School/UIUC_ECE385_SP25/Final_Project/sdk/final_project/Debug/final_project.elf
----------------End of Script----------------

02:38:21 INFO  : Context for processor 'microblaze_0' is selected.
02:38:21 INFO  : 'con' command is executed.
02:38:21 INFO  : ----------------XSDB Script (After Launch)----------------
targets -set -nocase -filter {name =~ "*microblaze*#0" && bscan=="USER2" }
con
----------------End of Script----------------

02:38:21 INFO  : Disconnected from the channel tcfchan#18.
02:38:54 INFO  : Checking for BSP changes to sync application flags for project 'final_project'...
02:39:02 INFO  : Connected to target on host '127.0.0.1' and port '3121'.
02:39:03 INFO  : Jtag cable 'RealDigital Boo 88710000000EA' is selected.
02:39:03 INFO  : 'jtag frequency' command is executed.
02:39:04 INFO  : 'targets -set -filter {jtag_cable_name =~ "RealDigital Boo 88710000000EA" && level==0 && jtag_device_ctx=="jsn1-0362f093-0"}' command is executed.
02:39:05 INFO  : Device configured successfully with "D:/School/UIUC_ECE385_SP25/Final_Project/sdk/final_project/_ide/bitstream/mb_lab7_1_wrapper.bit"
02:39:05 INFO  : Context for processor 'microblaze_0' is selected.
02:39:05 INFO  : Hardware design and registers information is loaded from 'D:/School/UIUC_ECE385_SP25/Final_Project/sdk/mb_lab7_1_wrapper/export/mb_lab7_1_wrapper/hw/mb_lab7_1_wrapper.xsa'.
02:39:05 INFO  : 'configparams mdm-detect-bscan-mask 2' command is executed.
02:39:05 INFO  : Context for processor 'microblaze_0' is selected.
02:39:05 INFO  : System reset is completed.
02:39:08 INFO  : 'after 3000' command is executed.
02:39:09 INFO  : Context for processor 'microblaze_0' is selected.
02:39:09 INFO  : The application 'D:/School/UIUC_ECE385_SP25/Final_Project/sdk/final_project/Debug/final_project.elf' is downloaded to processor 'microblaze_0'.
02:39:09 INFO  : ----------------XSDB Script----------------
connect -url tcp:127.0.0.1:3121
targets -set -filter {jtag_cable_name =~ "RealDigital Boo 88710000000EA" && level==0 && jtag_device_ctx=="jsn1-0362f093-0"}
fpga -file D:/School/UIUC_ECE385_SP25/Final_Project/sdk/final_project/_ide/bitstream/mb_lab7_1_wrapper.bit
targets -set -nocase -filter {name =~ "*microblaze*#0" && bscan=="USER2" }
loadhw -hw D:/School/UIUC_ECE385_SP25/Final_Project/sdk/mb_lab7_1_wrapper/export/mb_lab7_1_wrapper/hw/mb_lab7_1_wrapper.xsa -regs
configparams mdm-detect-bscan-mask 2
targets -set -nocase -filter {name =~ "*microblaze*#0" && bscan=="USER2" }
rst -system
after 3000
targets -set -nocase -filter {name =~ "*microblaze*#0" && bscan=="USER2" }
dow D:/School/UIUC_ECE385_SP25/Final_Project/sdk/final_project/Debug/final_project.elf
----------------End of Script----------------

02:39:09 INFO  : Context for processor 'microblaze_0' is selected.
02:39:09 INFO  : 'con' command is executed.
02:39:09 INFO  : ----------------XSDB Script (After Launch)----------------
targets -set -nocase -filter {name =~ "*microblaze*#0" && bscan=="USER2" }
con
----------------End of Script----------------

02:39:09 INFO  : Disconnected from the channel tcfchan#19.
03:48:58 INFO  : Connected to target on host '127.0.0.1' and port '3121'.
03:48:59 INFO  : Jtag cable 'RealDigital Boo 88710000000EA' is selected.
03:48:59 INFO  : 'jtag frequency' command is executed.
03:48:59 INFO  : 'targets -set -filter {jtag_cable_name =~ "RealDigital Boo 88710000000EA" && level==0 && jtag_device_ctx=="jsn1-0362f093-0"}' command is executed.
03:49:01 INFO  : Device configured successfully with "D:/School/UIUC_ECE385_SP25/Final_Project/sdk/final_project/_ide/bitstream/mb_lab7_1_wrapper.bit"
03:49:01 INFO  : Context for processor 'microblaze_0' is selected.
03:49:01 INFO  : Hardware design and registers information is loaded from 'D:/School/UIUC_ECE385_SP25/Final_Project/sdk/mb_lab7_1_wrapper/export/mb_lab7_1_wrapper/hw/mb_lab7_1_wrapper.xsa'.
03:49:01 INFO  : 'configparams mdm-detect-bscan-mask 2' command is executed.
03:49:01 INFO  : Context for processor 'microblaze_0' is selected.
03:49:01 INFO  : System reset is completed.
03:49:04 INFO  : 'after 3000' command is executed.
03:49:04 INFO  : Context for processor 'microblaze_0' is selected.
03:49:05 INFO  : The application 'D:/School/UIUC_ECE385_SP25/Final_Project/sdk/final_project/Debug/final_project.elf' is downloaded to processor 'microblaze_0'.
03:49:05 INFO  : ----------------XSDB Script----------------
connect -url tcp:127.0.0.1:3121
targets -set -filter {jtag_cable_name =~ "RealDigital Boo 88710000000EA" && level==0 && jtag_device_ctx=="jsn1-0362f093-0"}
fpga -file D:/School/UIUC_ECE385_SP25/Final_Project/sdk/final_project/_ide/bitstream/mb_lab7_1_wrapper.bit
targets -set -nocase -filter {name =~ "*microblaze*#0" && bscan=="USER2" }
loadhw -hw D:/School/UIUC_ECE385_SP25/Final_Project/sdk/mb_lab7_1_wrapper/export/mb_lab7_1_wrapper/hw/mb_lab7_1_wrapper.xsa -regs
configparams mdm-detect-bscan-mask 2
targets -set -nocase -filter {name =~ "*microblaze*#0" && bscan=="USER2" }
rst -system
after 3000
targets -set -nocase -filter {name =~ "*microblaze*#0" && bscan=="USER2" }
dow D:/School/UIUC_ECE385_SP25/Final_Project/sdk/final_project/Debug/final_project.elf
----------------End of Script----------------

03:49:05 INFO  : Context for processor 'microblaze_0' is selected.
03:49:05 INFO  : 'con' command is executed.
03:49:05 INFO  : ----------------XSDB Script (After Launch)----------------
targets -set -nocase -filter {name =~ "*microblaze*#0" && bscan=="USER2" }
con
----------------End of Script----------------

03:49:05 INFO  : Disconnected from the channel tcfchan#20.
03:49:35 INFO  : Checking for BSP changes to sync application flags for project 'final_project'...
03:49:39 INFO  : Connected to target on host '127.0.0.1' and port '3121'.
03:49:40 INFO  : Jtag cable 'RealDigital Boo 88710000000EA' is selected.
03:49:40 INFO  : 'jtag frequency' command is executed.
03:49:40 INFO  : 'targets -set -filter {jtag_cable_name =~ "RealDigital Boo 88710000000EA" && level==0 && jtag_device_ctx=="jsn1-0362f093-0"}' command is executed.
03:49:42 INFO  : Device configured successfully with "D:/School/UIUC_ECE385_SP25/Final_Project/sdk/final_project/_ide/bitstream/mb_lab7_1_wrapper.bit"
03:49:42 INFO  : Context for processor 'microblaze_0' is selected.
03:49:42 INFO  : Hardware design and registers information is loaded from 'D:/School/UIUC_ECE385_SP25/Final_Project/sdk/mb_lab7_1_wrapper/export/mb_lab7_1_wrapper/hw/mb_lab7_1_wrapper.xsa'.
03:49:42 INFO  : 'configparams mdm-detect-bscan-mask 2' command is executed.
03:49:42 INFO  : Context for processor 'microblaze_0' is selected.
03:49:42 INFO  : System reset is completed.
03:49:45 INFO  : 'after 3000' command is executed.
03:49:45 INFO  : Context for processor 'microblaze_0' is selected.
03:49:46 INFO  : The application 'D:/School/UIUC_ECE385_SP25/Final_Project/sdk/final_project/Debug/final_project.elf' is downloaded to processor 'microblaze_0'.
03:49:46 INFO  : ----------------XSDB Script----------------
connect -url tcp:127.0.0.1:3121
targets -set -filter {jtag_cable_name =~ "RealDigital Boo 88710000000EA" && level==0 && jtag_device_ctx=="jsn1-0362f093-0"}
fpga -file D:/School/UIUC_ECE385_SP25/Final_Project/sdk/final_project/_ide/bitstream/mb_lab7_1_wrapper.bit
targets -set -nocase -filter {name =~ "*microblaze*#0" && bscan=="USER2" }
loadhw -hw D:/School/UIUC_ECE385_SP25/Final_Project/sdk/mb_lab7_1_wrapper/export/mb_lab7_1_wrapper/hw/mb_lab7_1_wrapper.xsa -regs
configparams mdm-detect-bscan-mask 2
targets -set -nocase -filter {name =~ "*microblaze*#0" && bscan=="USER2" }
rst -system
after 3000
targets -set -nocase -filter {name =~ "*microblaze*#0" && bscan=="USER2" }
dow D:/School/UIUC_ECE385_SP25/Final_Project/sdk/final_project/Debug/final_project.elf
----------------End of Script----------------

03:49:46 INFO  : Context for processor 'microblaze_0' is selected.
03:49:46 INFO  : 'con' command is executed.
03:49:46 INFO  : ----------------XSDB Script (After Launch)----------------
targets -set -nocase -filter {name =~ "*microblaze*#0" && bscan=="USER2" }
con
----------------End of Script----------------

03:49:46 INFO  : Disconnected from the channel tcfchan#21.
04:02:17 INFO  : Checking for BSP changes to sync application flags for project 'final_project'...
04:02:50 INFO  : Checking for BSP changes to sync application flags for project 'final_project'...
04:02:54 INFO  : Connected to target on host '127.0.0.1' and port '3121'.
04:02:55 INFO  : Jtag cable 'RealDigital Boo 88710000000EA' is selected.
04:02:55 INFO  : 'jtag frequency' command is executed.
04:02:55 INFO  : 'targets -set -filter {jtag_cable_name =~ "RealDigital Boo 88710000000EA" && level==0 && jtag_device_ctx=="jsn1-0362f093-0"}' command is executed.
04:02:56 INFO  : Device configured successfully with "D:/School/UIUC_ECE385_SP25/Final_Project/sdk/final_project/_ide/bitstream/mb_lab7_1_wrapper.bit"
04:02:56 INFO  : Context for processor 'microblaze_0' is selected.
04:02:56 INFO  : Hardware design and registers information is loaded from 'D:/School/UIUC_ECE385_SP25/Final_Project/sdk/mb_lab7_1_wrapper/export/mb_lab7_1_wrapper/hw/mb_lab7_1_wrapper.xsa'.
04:02:56 INFO  : 'configparams mdm-detect-bscan-mask 2' command is executed.
04:02:56 INFO  : Context for processor 'microblaze_0' is selected.
04:02:56 INFO  : System reset is completed.
04:02:59 INFO  : 'after 3000' command is executed.
04:02:59 INFO  : Context for processor 'microblaze_0' is selected.
04:02:59 INFO  : The application 'D:/School/UIUC_ECE385_SP25/Final_Project/sdk/final_project/Debug/final_project.elf' is downloaded to processor 'microblaze_0'.
04:02:59 INFO  : ----------------XSDB Script----------------
connect -url tcp:127.0.0.1:3121
targets -set -filter {jtag_cable_name =~ "RealDigital Boo 88710000000EA" && level==0 && jtag_device_ctx=="jsn1-0362f093-0"}
fpga -file D:/School/UIUC_ECE385_SP25/Final_Project/sdk/final_project/_ide/bitstream/mb_lab7_1_wrapper.bit
targets -set -nocase -filter {name =~ "*microblaze*#0" && bscan=="USER2" }
loadhw -hw D:/School/UIUC_ECE385_SP25/Final_Project/sdk/mb_lab7_1_wrapper/export/mb_lab7_1_wrapper/hw/mb_lab7_1_wrapper.xsa -regs
configparams mdm-detect-bscan-mask 2
targets -set -nocase -filter {name =~ "*microblaze*#0" && bscan=="USER2" }
rst -system
after 3000
targets -set -nocase -filter {name =~ "*microblaze*#0" && bscan=="USER2" }
dow D:/School/UIUC_ECE385_SP25/Final_Project/sdk/final_project/Debug/final_project.elf
----------------End of Script----------------

04:02:59 INFO  : Context for processor 'microblaze_0' is selected.
04:02:59 INFO  : 'con' command is executed.
04:02:59 INFO  : ----------------XSDB Script (After Launch)----------------
targets -set -nocase -filter {name =~ "*microblaze*#0" && bscan=="USER2" }
con
----------------End of Script----------------

04:02:59 INFO  : Disconnected from the channel tcfchan#22.
04:06:06 INFO  : Checking for BSP changes to sync application flags for project 'final_project'...
04:06:14 INFO  : Connected to target on host '127.0.0.1' and port '3121'.
04:06:14 INFO  : Jtag cable 'RealDigital Boo 88710000000EA' is selected.
04:06:14 INFO  : 'jtag frequency' command is executed.
04:06:14 INFO  : 'targets -set -filter {jtag_cable_name =~ "RealDigital Boo 88710000000EA" && level==0 && jtag_device_ctx=="jsn1-0362f093-0"}' command is executed.
04:06:16 INFO  : Device configured successfully with "D:/School/UIUC_ECE385_SP25/Final_Project/sdk/final_project/_ide/bitstream/mb_lab7_1_wrapper.bit"
04:06:16 INFO  : Context for processor 'microblaze_0' is selected.
04:06:16 INFO  : Hardware design and registers information is loaded from 'D:/School/UIUC_ECE385_SP25/Final_Project/sdk/mb_lab7_1_wrapper/export/mb_lab7_1_wrapper/hw/mb_lab7_1_wrapper.xsa'.
04:06:16 INFO  : 'configparams mdm-detect-bscan-mask 2' command is executed.
04:06:16 INFO  : Context for processor 'microblaze_0' is selected.
04:06:16 INFO  : System reset is completed.
04:06:19 INFO  : 'after 3000' command is executed.
04:06:19 INFO  : Context for processor 'microblaze_0' is selected.
04:06:19 INFO  : The application 'D:/School/UIUC_ECE385_SP25/Final_Project/sdk/final_project/Debug/final_project.elf' is downloaded to processor 'microblaze_0'.
04:06:19 INFO  : ----------------XSDB Script----------------
connect -url tcp:127.0.0.1:3121
targets -set -filter {jtag_cable_name =~ "RealDigital Boo 88710000000EA" && level==0 && jtag_device_ctx=="jsn1-0362f093-0"}
fpga -file D:/School/UIUC_ECE385_SP25/Final_Project/sdk/final_project/_ide/bitstream/mb_lab7_1_wrapper.bit
targets -set -nocase -filter {name =~ "*microblaze*#0" && bscan=="USER2" }
loadhw -hw D:/School/UIUC_ECE385_SP25/Final_Project/sdk/mb_lab7_1_wrapper/export/mb_lab7_1_wrapper/hw/mb_lab7_1_wrapper.xsa -regs
configparams mdm-detect-bscan-mask 2
targets -set -nocase -filter {name =~ "*microblaze*#0" && bscan=="USER2" }
rst -system
after 3000
targets -set -nocase -filter {name =~ "*microblaze*#0" && bscan=="USER2" }
dow D:/School/UIUC_ECE385_SP25/Final_Project/sdk/final_project/Debug/final_project.elf
----------------End of Script----------------

04:06:19 INFO  : Context for processor 'microblaze_0' is selected.
04:06:19 INFO  : 'con' command is executed.
04:06:19 INFO  : ----------------XSDB Script (After Launch)----------------
targets -set -nocase -filter {name =~ "*microblaze*#0" && bscan=="USER2" }
con
----------------End of Script----------------

04:06:19 INFO  : Disconnected from the channel tcfchan#23.
04:09:49 INFO  : Checking for BSP changes to sync application flags for project 'final_project'...
04:09:56 INFO  : Connected to target on host '127.0.0.1' and port '3121'.
04:09:57 INFO  : Jtag cable 'RealDigital Boo 88710000000EA' is selected.
04:09:57 INFO  : 'jtag frequency' command is executed.
04:09:57 INFO  : 'targets -set -filter {jtag_cable_name =~ "RealDigital Boo 88710000000EA" && level==0 && jtag_device_ctx=="jsn1-0362f093-0"}' command is executed.
04:09:59 INFO  : Device configured successfully with "D:/School/UIUC_ECE385_SP25/Final_Project/sdk/final_project/_ide/bitstream/mb_lab7_1_wrapper.bit"
04:09:59 INFO  : Context for processor 'microblaze_0' is selected.
04:09:59 INFO  : Hardware design and registers information is loaded from 'D:/School/UIUC_ECE385_SP25/Final_Project/sdk/mb_lab7_1_wrapper/export/mb_lab7_1_wrapper/hw/mb_lab7_1_wrapper.xsa'.
04:09:59 INFO  : 'configparams mdm-detect-bscan-mask 2' command is executed.
04:09:59 INFO  : Context for processor 'microblaze_0' is selected.
04:09:59 INFO  : System reset is completed.
04:10:02 INFO  : 'after 3000' command is executed.
04:10:02 INFO  : Context for processor 'microblaze_0' is selected.
04:10:03 INFO  : The application 'D:/School/UIUC_ECE385_SP25/Final_Project/sdk/final_project/Debug/final_project.elf' is downloaded to processor 'microblaze_0'.
04:10:03 INFO  : ----------------XSDB Script----------------
connect -url tcp:127.0.0.1:3121
targets -set -filter {jtag_cable_name =~ "RealDigital Boo 88710000000EA" && level==0 && jtag_device_ctx=="jsn1-0362f093-0"}
fpga -file D:/School/UIUC_ECE385_SP25/Final_Project/sdk/final_project/_ide/bitstream/mb_lab7_1_wrapper.bit
targets -set -nocase -filter {name =~ "*microblaze*#0" && bscan=="USER2" }
loadhw -hw D:/School/UIUC_ECE385_SP25/Final_Project/sdk/mb_lab7_1_wrapper/export/mb_lab7_1_wrapper/hw/mb_lab7_1_wrapper.xsa -regs
configparams mdm-detect-bscan-mask 2
targets -set -nocase -filter {name =~ "*microblaze*#0" && bscan=="USER2" }
rst -system
after 3000
targets -set -nocase -filter {name =~ "*microblaze*#0" && bscan=="USER2" }
dow D:/School/UIUC_ECE385_SP25/Final_Project/sdk/final_project/Debug/final_project.elf
----------------End of Script----------------

04:10:03 INFO  : Context for processor 'microblaze_0' is selected.
04:10:03 INFO  : 'con' command is executed.
04:10:03 INFO  : ----------------XSDB Script (After Launch)----------------
targets -set -nocase -filter {name =~ "*microblaze*#0" && bscan=="USER2" }
con
----------------End of Script----------------

04:10:03 INFO  : Disconnected from the channel tcfchan#24.
04:12:29 INFO  : Checking for BSP changes to sync application flags for project 'final_project'...
04:12:34 INFO  : Connected to target on host '127.0.0.1' and port '3121'.
04:12:35 INFO  : Jtag cable 'RealDigital Boo 88710000000EA' is selected.
04:12:35 INFO  : 'jtag frequency' command is executed.
04:12:35 INFO  : 'targets -set -filter {jtag_cable_name =~ "RealDigital Boo 88710000000EA" && level==0 && jtag_device_ctx=="jsn1-0362f093-0"}' command is executed.
04:12:37 INFO  : Device configured successfully with "D:/School/UIUC_ECE385_SP25/Final_Project/sdk/final_project/_ide/bitstream/mb_lab7_1_wrapper.bit"
04:12:37 INFO  : Context for processor 'microblaze_0' is selected.
04:12:37 INFO  : Hardware design and registers information is loaded from 'D:/School/UIUC_ECE385_SP25/Final_Project/sdk/mb_lab7_1_wrapper/export/mb_lab7_1_wrapper/hw/mb_lab7_1_wrapper.xsa'.
04:12:37 INFO  : 'configparams mdm-detect-bscan-mask 2' command is executed.
04:12:37 INFO  : Context for processor 'microblaze_0' is selected.
04:12:37 INFO  : System reset is completed.
04:12:40 INFO  : 'after 3000' command is executed.
04:12:41 INFO  : Context for processor 'microblaze_0' is selected.
04:12:41 INFO  : The application 'D:/School/UIUC_ECE385_SP25/Final_Project/sdk/final_project/Debug/final_project.elf' is downloaded to processor 'microblaze_0'.
04:12:41 INFO  : ----------------XSDB Script----------------
connect -url tcp:127.0.0.1:3121
targets -set -filter {jtag_cable_name =~ "RealDigital Boo 88710000000EA" && level==0 && jtag_device_ctx=="jsn1-0362f093-0"}
fpga -file D:/School/UIUC_ECE385_SP25/Final_Project/sdk/final_project/_ide/bitstream/mb_lab7_1_wrapper.bit
targets -set -nocase -filter {name =~ "*microblaze*#0" && bscan=="USER2" }
loadhw -hw D:/School/UIUC_ECE385_SP25/Final_Project/sdk/mb_lab7_1_wrapper/export/mb_lab7_1_wrapper/hw/mb_lab7_1_wrapper.xsa -regs
configparams mdm-detect-bscan-mask 2
targets -set -nocase -filter {name =~ "*microblaze*#0" && bscan=="USER2" }
rst -system
after 3000
targets -set -nocase -filter {name =~ "*microblaze*#0" && bscan=="USER2" }
dow D:/School/UIUC_ECE385_SP25/Final_Project/sdk/final_project/Debug/final_project.elf
----------------End of Script----------------

04:12:41 INFO  : Context for processor 'microblaze_0' is selected.
04:12:41 INFO  : 'con' command is executed.
04:12:41 INFO  : ----------------XSDB Script (After Launch)----------------
targets -set -nocase -filter {name =~ "*microblaze*#0" && bscan=="USER2" }
con
----------------End of Script----------------

04:12:41 INFO  : Disconnected from the channel tcfchan#25.
04:13:37 INFO  : Checking for BSP changes to sync application flags for project 'final_project'...
04:13:41 INFO  : Connected to target on host '127.0.0.1' and port '3121'.
04:13:42 INFO  : Jtag cable 'RealDigital Boo 88710000000EA' is selected.
04:13:42 INFO  : 'jtag frequency' command is executed.
04:13:42 INFO  : 'targets -set -filter {jtag_cable_name =~ "RealDigital Boo 88710000000EA" && level==0 && jtag_device_ctx=="jsn1-0362f093-0"}' command is executed.
04:13:43 INFO  : Device configured successfully with "D:/School/UIUC_ECE385_SP25/Final_Project/sdk/final_project/_ide/bitstream/mb_lab7_1_wrapper.bit"
04:13:43 INFO  : Context for processor 'microblaze_0' is selected.
04:13:43 INFO  : Hardware design and registers information is loaded from 'D:/School/UIUC_ECE385_SP25/Final_Project/sdk/mb_lab7_1_wrapper/export/mb_lab7_1_wrapper/hw/mb_lab7_1_wrapper.xsa'.
04:13:43 INFO  : 'configparams mdm-detect-bscan-mask 2' command is executed.
04:13:43 INFO  : Context for processor 'microblaze_0' is selected.
04:13:43 INFO  : System reset is completed.
04:13:46 INFO  : 'after 3000' command is executed.
04:13:46 INFO  : Context for processor 'microblaze_0' is selected.
04:13:46 INFO  : The application 'D:/School/UIUC_ECE385_SP25/Final_Project/sdk/final_project/Debug/final_project.elf' is downloaded to processor 'microblaze_0'.
04:13:46 INFO  : ----------------XSDB Script----------------
connect -url tcp:127.0.0.1:3121
targets -set -filter {jtag_cable_name =~ "RealDigital Boo 88710000000EA" && level==0 && jtag_device_ctx=="jsn1-0362f093-0"}
fpga -file D:/School/UIUC_ECE385_SP25/Final_Project/sdk/final_project/_ide/bitstream/mb_lab7_1_wrapper.bit
targets -set -nocase -filter {name =~ "*microblaze*#0" && bscan=="USER2" }
loadhw -hw D:/School/UIUC_ECE385_SP25/Final_Project/sdk/mb_lab7_1_wrapper/export/mb_lab7_1_wrapper/hw/mb_lab7_1_wrapper.xsa -regs
configparams mdm-detect-bscan-mask 2
targets -set -nocase -filter {name =~ "*microblaze*#0" && bscan=="USER2" }
rst -system
after 3000
targets -set -nocase -filter {name =~ "*microblaze*#0" && bscan=="USER2" }
dow D:/School/UIUC_ECE385_SP25/Final_Project/sdk/final_project/Debug/final_project.elf
----------------End of Script----------------

04:13:46 INFO  : Context for processor 'microblaze_0' is selected.
04:13:46 INFO  : 'con' command is executed.
04:13:46 INFO  : ----------------XSDB Script (After Launch)----------------
targets -set -nocase -filter {name =~ "*microblaze*#0" && bscan=="USER2" }
con
----------------End of Script----------------

04:13:46 INFO  : Disconnected from the channel tcfchan#26.
04:15:36 INFO  : Checking for BSP changes to sync application flags for project 'final_project'...
04:15:41 INFO  : Connected to target on host '127.0.0.1' and port '3121'.
04:15:42 INFO  : Jtag cable 'RealDigital Boo 88710000000EA' is selected.
04:15:42 INFO  : 'jtag frequency' command is executed.
04:15:42 INFO  : 'targets -set -filter {jtag_cable_name =~ "RealDigital Boo 88710000000EA" && level==0 && jtag_device_ctx=="jsn1-0362f093-0"}' command is executed.
04:15:44 INFO  : Device configured successfully with "D:/School/UIUC_ECE385_SP25/Final_Project/sdk/final_project/_ide/bitstream/mb_lab7_1_wrapper.bit"
04:15:44 INFO  : Context for processor 'microblaze_0' is selected.
04:15:44 INFO  : Hardware design and registers information is loaded from 'D:/School/UIUC_ECE385_SP25/Final_Project/sdk/mb_lab7_1_wrapper/export/mb_lab7_1_wrapper/hw/mb_lab7_1_wrapper.xsa'.
04:15:44 INFO  : 'configparams mdm-detect-bscan-mask 2' command is executed.
04:15:44 INFO  : Context for processor 'microblaze_0' is selected.
04:15:44 INFO  : System reset is completed.
04:15:47 INFO  : 'after 3000' command is executed.
04:15:48 INFO  : Context for processor 'microblaze_0' is selected.
04:15:48 INFO  : The application 'D:/School/UIUC_ECE385_SP25/Final_Project/sdk/final_project/Debug/final_project.elf' is downloaded to processor 'microblaze_0'.
04:15:48 INFO  : ----------------XSDB Script----------------
connect -url tcp:127.0.0.1:3121
targets -set -filter {jtag_cable_name =~ "RealDigital Boo 88710000000EA" && level==0 && jtag_device_ctx=="jsn1-0362f093-0"}
fpga -file D:/School/UIUC_ECE385_SP25/Final_Project/sdk/final_project/_ide/bitstream/mb_lab7_1_wrapper.bit
targets -set -nocase -filter {name =~ "*microblaze*#0" && bscan=="USER2" }
loadhw -hw D:/School/UIUC_ECE385_SP25/Final_Project/sdk/mb_lab7_1_wrapper/export/mb_lab7_1_wrapper/hw/mb_lab7_1_wrapper.xsa -regs
configparams mdm-detect-bscan-mask 2
targets -set -nocase -filter {name =~ "*microblaze*#0" && bscan=="USER2" }
rst -system
after 3000
targets -set -nocase -filter {name =~ "*microblaze*#0" && bscan=="USER2" }
dow D:/School/UIUC_ECE385_SP25/Final_Project/sdk/final_project/Debug/final_project.elf
----------------End of Script----------------

04:15:48 INFO  : Context for processor 'microblaze_0' is selected.
04:15:48 INFO  : 'con' command is executed.
04:15:48 INFO  : ----------------XSDB Script (After Launch)----------------
targets -set -nocase -filter {name =~ "*microblaze*#0" && bscan=="USER2" }
con
----------------End of Script----------------

04:15:48 INFO  : Disconnected from the channel tcfchan#27.
04:34:42 INFO  : Hardware specification for platform project 'mb_lab7_1_wrapper' is updated.
04:34:52 INFO  : Result from executing command 'getProjects': mb_lab7_1_wrapper
04:34:52 INFO  : Result from executing command 'getPlatforms': mb_lab7_1_wrapper|D:/School/UIUC_ECE385_SP25/Final_Project/sdk/mb_lab7_1_wrapper/export/mb_lab7_1_wrapper/mb_lab7_1_wrapper.xpfm
04:34:52 INFO  : Checking for BSP changes to sync application flags for project 'final_project'...
04:34:54 INFO  : The hardware specification used by project 'final_project' is out of sync with the platform. Resource files extracted from the hardware specification will be updated.
04:34:54 INFO  : The file 'D:\School\UIUC_ECE385_SP25\Final_Project\sdk\final_project\_ide\bitstream\mb_lab7_1_wrapper.bit' stored in project is removed.
04:34:54 INFO  : The file 'D:\School\UIUC_ECE385_SP25\Final_Project\sdk\final_project\_ide\bitstream\mb_lab7_1_wrapper.mmi' stored in project is removed.
04:34:54 INFO  : The updated bitstream files are copied from platform to folder 'D:\School\UIUC_ECE385_SP25\Final_Project\sdk\final_project\_ide\bitstream' in project 'final_project'.
04:40:29 INFO  : Checking for BSP changes to sync application flags for project 'final_project'...
04:40:34 INFO  : Connected to target on host '127.0.0.1' and port '3121'.
04:40:35 INFO  : Jtag cable 'RealDigital Boo 88710000000EA' is selected.
04:40:35 INFO  : 'jtag frequency' command is executed.
04:40:35 INFO  : 'targets -set -filter {jtag_cable_name =~ "RealDigital Boo 88710000000EA" && level==0 && jtag_device_ctx=="jsn1-0362f093-0"}' command is executed.
04:40:37 INFO  : Device configured successfully with "D:/School/UIUC_ECE385_SP25/Final_Project/sdk/final_project/_ide/bitstream/mb_lab7_1_wrapper.bit"
04:40:37 INFO  : Context for processor 'microblaze_0' is selected.
04:40:37 INFO  : Hardware design and registers information is loaded from 'D:/School/UIUC_ECE385_SP25/Final_Project/sdk/mb_lab7_1_wrapper/export/mb_lab7_1_wrapper/hw/mb_lab7_1_wrapper.xsa'.
04:40:37 INFO  : 'configparams mdm-detect-bscan-mask 2' command is executed.
04:40:37 INFO  : Context for processor 'microblaze_0' is selected.
04:40:37 INFO  : System reset is completed.
04:40:40 INFO  : 'after 3000' command is executed.
04:40:40 INFO  : Context for processor 'microblaze_0' is selected.
04:40:41 INFO  : The application 'D:/School/UIUC_ECE385_SP25/Final_Project/sdk/final_project/Debug/final_project.elf' is downloaded to processor 'microblaze_0'.
04:40:41 INFO  : ----------------XSDB Script----------------
connect -url tcp:127.0.0.1:3121
targets -set -filter {jtag_cable_name =~ "RealDigital Boo 88710000000EA" && level==0 && jtag_device_ctx=="jsn1-0362f093-0"}
fpga -file D:/School/UIUC_ECE385_SP25/Final_Project/sdk/final_project/_ide/bitstream/mb_lab7_1_wrapper.bit
targets -set -nocase -filter {name =~ "*microblaze*#0" && bscan=="USER2" }
loadhw -hw D:/School/UIUC_ECE385_SP25/Final_Project/sdk/mb_lab7_1_wrapper/export/mb_lab7_1_wrapper/hw/mb_lab7_1_wrapper.xsa -regs
configparams mdm-detect-bscan-mask 2
targets -set -nocase -filter {name =~ "*microblaze*#0" && bscan=="USER2" }
rst -system
after 3000
targets -set -nocase -filter {name =~ "*microblaze*#0" && bscan=="USER2" }
dow D:/School/UIUC_ECE385_SP25/Final_Project/sdk/final_project/Debug/final_project.elf
----------------End of Script----------------

04:40:41 INFO  : Context for processor 'microblaze_0' is selected.
04:40:41 INFO  : 'con' command is executed.
04:40:41 INFO  : ----------------XSDB Script (After Launch)----------------
targets -set -nocase -filter {name =~ "*microblaze*#0" && bscan=="USER2" }
con
----------------End of Script----------------

04:40:41 INFO  : Disconnected from the channel tcfchan#29.
04:49:29 INFO  : Hardware specification for platform project 'mb_lab7_1_wrapper' is updated.
04:49:41 INFO  : Result from executing command 'getProjects': mb_lab7_1_wrapper
04:49:41 INFO  : Result from executing command 'getPlatforms': mb_lab7_1_wrapper|D:/School/UIUC_ECE385_SP25/Final_Project/sdk/mb_lab7_1_wrapper/export/mb_lab7_1_wrapper/mb_lab7_1_wrapper.xpfm
04:49:41 INFO  : Checking for BSP changes to sync application flags for project 'final_project'...
04:49:43 INFO  : The hardware specification used by project 'final_project' is out of sync with the platform. Resource files extracted from the hardware specification will be updated.
04:49:43 INFO  : The file 'D:\School\UIUC_ECE385_SP25\Final_Project\sdk\final_project\_ide\bitstream\mb_lab7_1_wrapper.bit' stored in project is removed.
04:49:43 INFO  : The file 'D:\School\UIUC_ECE385_SP25\Final_Project\sdk\final_project\_ide\bitstream\mb_lab7_1_wrapper.mmi' stored in project is removed.
04:49:43 INFO  : The updated bitstream files are copied from platform to folder 'D:\School\UIUC_ECE385_SP25\Final_Project\sdk\final_project\_ide\bitstream' in project 'final_project'.
04:50:10 INFO  : Checking for BSP changes to sync application flags for project 'final_project'...
04:50:14 INFO  : Connected to target on host '127.0.0.1' and port '3121'.
04:50:15 INFO  : Jtag cable 'RealDigital Boo 88710000000EA' is selected.
04:50:15 INFO  : 'jtag frequency' command is executed.
04:50:15 INFO  : 'targets -set -filter {jtag_cable_name =~ "RealDigital Boo 88710000000EA" && level==0 && jtag_device_ctx=="jsn1-0362f093-0"}' command is executed.
04:50:17 INFO  : Device configured successfully with "D:/School/UIUC_ECE385_SP25/Final_Project/sdk/final_project/_ide/bitstream/mb_lab7_1_wrapper.bit"
04:50:17 INFO  : Context for processor 'microblaze_0' is selected.
04:50:17 INFO  : Hardware design and registers information is loaded from 'D:/School/UIUC_ECE385_SP25/Final_Project/sdk/mb_lab7_1_wrapper/export/mb_lab7_1_wrapper/hw/mb_lab7_1_wrapper.xsa'.
04:50:17 INFO  : 'configparams mdm-detect-bscan-mask 2' command is executed.
04:50:17 INFO  : Context for processor 'microblaze_0' is selected.
04:50:17 INFO  : System reset is completed.
04:50:20 INFO  : 'after 3000' command is executed.
04:50:21 INFO  : Context for processor 'microblaze_0' is selected.
04:50:21 INFO  : The application 'D:/School/UIUC_ECE385_SP25/Final_Project/sdk/final_project/Debug/final_project.elf' is downloaded to processor 'microblaze_0'.
04:50:21 INFO  : ----------------XSDB Script----------------
connect -url tcp:127.0.0.1:3121
targets -set -filter {jtag_cable_name =~ "RealDigital Boo 88710000000EA" && level==0 && jtag_device_ctx=="jsn1-0362f093-0"}
fpga -file D:/School/UIUC_ECE385_SP25/Final_Project/sdk/final_project/_ide/bitstream/mb_lab7_1_wrapper.bit
targets -set -nocase -filter {name =~ "*microblaze*#0" && bscan=="USER2" }
loadhw -hw D:/School/UIUC_ECE385_SP25/Final_Project/sdk/mb_lab7_1_wrapper/export/mb_lab7_1_wrapper/hw/mb_lab7_1_wrapper.xsa -regs
configparams mdm-detect-bscan-mask 2
targets -set -nocase -filter {name =~ "*microblaze*#0" && bscan=="USER2" }
rst -system
after 3000
targets -set -nocase -filter {name =~ "*microblaze*#0" && bscan=="USER2" }
dow D:/School/UIUC_ECE385_SP25/Final_Project/sdk/final_project/Debug/final_project.elf
----------------End of Script----------------

04:50:21 INFO  : Context for processor 'microblaze_0' is selected.
04:50:21 INFO  : 'con' command is executed.
04:50:21 INFO  : ----------------XSDB Script (After Launch)----------------
targets -set -nocase -filter {name =~ "*microblaze*#0" && bscan=="USER2" }
con
----------------End of Script----------------

04:50:21 INFO  : Disconnected from the channel tcfchan#31.
05:42:48 INFO  : Hardware specification for platform project 'mb_lab7_1_wrapper' is updated.
05:43:05 INFO  : Result from executing command 'getProjects': mb_lab7_1_wrapper
05:43:05 INFO  : Result from executing command 'getPlatforms': mb_lab7_1_wrapper|D:/School/UIUC_ECE385_SP25/Final_Project/sdk/mb_lab7_1_wrapper/export/mb_lab7_1_wrapper/mb_lab7_1_wrapper.xpfm
05:43:05 INFO  : Checking for BSP changes to sync application flags for project 'final_project'...
05:43:07 INFO  : The hardware specification used by project 'final_project' is out of sync with the platform. Resource files extracted from the hardware specification will be updated.
05:43:07 INFO  : The file 'D:\School\UIUC_ECE385_SP25\Final_Project\sdk\final_project\_ide\bitstream\mb_lab7_1_wrapper.bit' stored in project is removed.
05:43:07 INFO  : The file 'D:\School\UIUC_ECE385_SP25\Final_Project\sdk\final_project\_ide\bitstream\mb_lab7_1_wrapper.mmi' stored in project is removed.
05:43:07 INFO  : The updated bitstream files are copied from platform to folder 'D:\School\UIUC_ECE385_SP25\Final_Project\sdk\final_project\_ide\bitstream' in project 'final_project'.
05:44:00 INFO  : Connected to target on host '127.0.0.1' and port '3121'.
05:44:01 INFO  : Jtag cable 'RealDigital Boo 88710000000EA' is selected.
05:44:01 INFO  : 'jtag frequency' command is executed.
05:44:02 INFO  : 'targets -set -filter {jtag_cable_name =~ "RealDigital Boo 88710000000EA" && level==0 && jtag_device_ctx=="jsn1-0362f093-0"}' command is executed.
05:44:03 INFO  : Device configured successfully with "D:/School/UIUC_ECE385_SP25/Final_Project/sdk/final_project/_ide/bitstream/mb_lab7_1_wrapper.bit"
05:44:04 INFO  : Context for processor 'microblaze_0' is selected.
05:44:04 INFO  : Hardware design and registers information is loaded from 'D:/School/UIUC_ECE385_SP25/Final_Project/sdk/mb_lab7_1_wrapper/export/mb_lab7_1_wrapper/hw/mb_lab7_1_wrapper.xsa'.
05:44:04 INFO  : 'configparams mdm-detect-bscan-mask 2' command is executed.
05:44:04 INFO  : Context for processor 'microblaze_0' is selected.
05:44:04 INFO  : System reset is completed.
05:44:07 INFO  : 'after 3000' command is executed.
05:44:07 INFO  : Context for processor 'microblaze_0' is selected.
05:44:08 INFO  : The application 'D:/School/UIUC_ECE385_SP25/Final_Project/sdk/final_project/Debug/final_project.elf' is downloaded to processor 'microblaze_0'.
05:44:08 INFO  : ----------------XSDB Script----------------
connect -url tcp:127.0.0.1:3121
targets -set -filter {jtag_cable_name =~ "RealDigital Boo 88710000000EA" && level==0 && jtag_device_ctx=="jsn1-0362f093-0"}
fpga -file D:/School/UIUC_ECE385_SP25/Final_Project/sdk/final_project/_ide/bitstream/mb_lab7_1_wrapper.bit
targets -set -nocase -filter {name =~ "*microblaze*#0" && bscan=="USER2" }
loadhw -hw D:/School/UIUC_ECE385_SP25/Final_Project/sdk/mb_lab7_1_wrapper/export/mb_lab7_1_wrapper/hw/mb_lab7_1_wrapper.xsa -regs
configparams mdm-detect-bscan-mask 2
targets -set -nocase -filter {name =~ "*microblaze*#0" && bscan=="USER2" }
rst -system
after 3000
targets -set -nocase -filter {name =~ "*microblaze*#0" && bscan=="USER2" }
dow D:/School/UIUC_ECE385_SP25/Final_Project/sdk/final_project/Debug/final_project.elf
----------------End of Script----------------

05:44:08 INFO  : Context for processor 'microblaze_0' is selected.
05:44:08 INFO  : 'con' command is executed.
05:44:08 INFO  : ----------------XSDB Script (After Launch)----------------
targets -set -nocase -filter {name =~ "*microblaze*#0" && bscan=="USER2" }
con
----------------End of Script----------------

05:44:08 INFO  : Disconnected from the channel tcfchan#33.
05:56:24 INFO  : Connected to target on host '127.0.0.1' and port '3121'.
05:56:25 INFO  : Jtag cable 'RealDigital Boo 88710000000EA' is selected.
05:56:25 INFO  : 'jtag frequency' command is executed.
05:56:26 INFO  : 'targets -set -filter {jtag_cable_name =~ "RealDigital Boo 88710000000EA" && level==0 && jtag_device_ctx=="jsn1-0362f093-0"}' command is executed.
05:56:28 INFO  : Device configured successfully with "D:/School/UIUC_ECE385_SP25/Final_Project/sdk/final_project/_ide/bitstream/mb_lab7_1_wrapper.bit"
05:56:28 INFO  : Context for processor 'microblaze_0' is selected.
05:56:28 INFO  : Hardware design and registers information is loaded from 'D:/School/UIUC_ECE385_SP25/Final_Project/sdk/mb_lab7_1_wrapper/export/mb_lab7_1_wrapper/hw/mb_lab7_1_wrapper.xsa'.
05:56:28 INFO  : 'configparams mdm-detect-bscan-mask 2' command is executed.
05:56:28 INFO  : Context for processor 'microblaze_0' is selected.
05:56:28 INFO  : System reset is completed.
05:56:31 INFO  : 'after 3000' command is executed.
05:56:31 INFO  : Context for processor 'microblaze_0' is selected.
05:56:32 INFO  : The application 'D:/School/UIUC_ECE385_SP25/Final_Project/sdk/final_project/Debug/final_project.elf' is downloaded to processor 'microblaze_0'.
05:56:32 INFO  : ----------------XSDB Script----------------
connect -url tcp:127.0.0.1:3121
targets -set -filter {jtag_cable_name =~ "RealDigital Boo 88710000000EA" && level==0 && jtag_device_ctx=="jsn1-0362f093-0"}
fpga -file D:/School/UIUC_ECE385_SP25/Final_Project/sdk/final_project/_ide/bitstream/mb_lab7_1_wrapper.bit
targets -set -nocase -filter {name =~ "*microblaze*#0" && bscan=="USER2" }
loadhw -hw D:/School/UIUC_ECE385_SP25/Final_Project/sdk/mb_lab7_1_wrapper/export/mb_lab7_1_wrapper/hw/mb_lab7_1_wrapper.xsa -regs
configparams mdm-detect-bscan-mask 2
targets -set -nocase -filter {name =~ "*microblaze*#0" && bscan=="USER2" }
rst -system
after 3000
targets -set -nocase -filter {name =~ "*microblaze*#0" && bscan=="USER2" }
dow D:/School/UIUC_ECE385_SP25/Final_Project/sdk/final_project/Debug/final_project.elf
----------------End of Script----------------

05:56:32 INFO  : Context for processor 'microblaze_0' is selected.
05:56:32 INFO  : 'con' command is executed.
05:56:32 INFO  : ----------------XSDB Script (After Launch)----------------
targets -set -nocase -filter {name =~ "*microblaze*#0" && bscan=="USER2" }
con
----------------End of Script----------------

05:56:32 INFO  : Disconnected from the channel tcfchan#34.
06:28:56 INFO  : Hardware specification for platform project 'mb_lab7_1_wrapper' is updated.
06:29:04 INFO  : Result from executing command 'getProjects': mb_lab7_1_wrapper
06:29:04 INFO  : Result from executing command 'getPlatforms': mb_lab7_1_wrapper|D:/School/UIUC_ECE385_SP25/Final_Project/sdk/mb_lab7_1_wrapper/export/mb_lab7_1_wrapper/mb_lab7_1_wrapper.xpfm
06:29:05 INFO  : Checking for BSP changes to sync application flags for project 'final_project'...
06:29:06 INFO  : The hardware specification used by project 'final_project' is out of sync with the platform. Resource files extracted from the hardware specification will be updated.
06:29:06 INFO  : The file 'D:\School\UIUC_ECE385_SP25\Final_Project\sdk\final_project\_ide\bitstream\mb_lab7_1_wrapper.bit' stored in project is removed.
06:29:06 INFO  : The file 'D:\School\UIUC_ECE385_SP25\Final_Project\sdk\final_project\_ide\bitstream\mb_lab7_1_wrapper.mmi' stored in project is removed.
06:29:06 INFO  : The updated bitstream files are copied from platform to folder 'D:\School\UIUC_ECE385_SP25\Final_Project\sdk\final_project\_ide\bitstream' in project 'final_project'.
06:30:24 INFO  : Connected to target on host '127.0.0.1' and port '3121'.
06:30:25 INFO  : Jtag cable 'RealDigital Boo 88710000000EA' is selected.
06:30:25 INFO  : 'jtag frequency' command is executed.
06:30:26 INFO  : 'targets -set -filter {jtag_cable_name =~ "RealDigital Boo 88710000000EA" && level==0 && jtag_device_ctx=="jsn1-0362f093-0"}' command is executed.
06:30:27 INFO  : Device configured successfully with "D:/School/UIUC_ECE385_SP25/Final_Project/sdk/final_project/_ide/bitstream/mb_lab7_1_wrapper.bit"
06:30:27 INFO  : Context for processor 'microblaze_0' is selected.
06:30:27 INFO  : Hardware design and registers information is loaded from 'D:/School/UIUC_ECE385_SP25/Final_Project/sdk/mb_lab7_1_wrapper/export/mb_lab7_1_wrapper/hw/mb_lab7_1_wrapper.xsa'.
06:30:27 INFO  : 'configparams mdm-detect-bscan-mask 2' command is executed.
06:30:27 INFO  : Context for processor 'microblaze_0' is selected.
06:30:27 INFO  : System reset is completed.
06:30:30 INFO  : 'after 3000' command is executed.
06:30:31 INFO  : Context for processor 'microblaze_0' is selected.
06:30:31 INFO  : The application 'D:/School/UIUC_ECE385_SP25/Final_Project/sdk/final_project/Debug/final_project.elf' is downloaded to processor 'microblaze_0'.
06:30:31 INFO  : ----------------XSDB Script----------------
connect -url tcp:127.0.0.1:3121
targets -set -filter {jtag_cable_name =~ "RealDigital Boo 88710000000EA" && level==0 && jtag_device_ctx=="jsn1-0362f093-0"}
fpga -file D:/School/UIUC_ECE385_SP25/Final_Project/sdk/final_project/_ide/bitstream/mb_lab7_1_wrapper.bit
targets -set -nocase -filter {name =~ "*microblaze*#0" && bscan=="USER2" }
loadhw -hw D:/School/UIUC_ECE385_SP25/Final_Project/sdk/mb_lab7_1_wrapper/export/mb_lab7_1_wrapper/hw/mb_lab7_1_wrapper.xsa -regs
configparams mdm-detect-bscan-mask 2
targets -set -nocase -filter {name =~ "*microblaze*#0" && bscan=="USER2" }
rst -system
after 3000
targets -set -nocase -filter {name =~ "*microblaze*#0" && bscan=="USER2" }
dow D:/School/UIUC_ECE385_SP25/Final_Project/sdk/final_project/Debug/final_project.elf
----------------End of Script----------------

06:30:31 INFO  : Context for processor 'microblaze_0' is selected.
06:30:31 INFO  : 'con' command is executed.
06:30:31 INFO  : ----------------XSDB Script (After Launch)----------------
targets -set -nocase -filter {name =~ "*microblaze*#0" && bscan=="USER2" }
con
----------------End of Script----------------

06:30:31 INFO  : Disconnected from the channel tcfchan#36.
06:41:05 INFO  : Hardware specification for platform project 'mb_lab7_1_wrapper' is updated.
06:41:19 INFO  : Result from executing command 'getProjects': mb_lab7_1_wrapper
06:41:19 INFO  : Result from executing command 'getPlatforms': mb_lab7_1_wrapper|D:/School/UIUC_ECE385_SP25/Final_Project/sdk/mb_lab7_1_wrapper/export/mb_lab7_1_wrapper/mb_lab7_1_wrapper.xpfm
06:41:19 INFO  : Checking for BSP changes to sync application flags for project 'final_project'...
06:41:21 INFO  : The hardware specification used by project 'final_project' is out of sync with the platform. Resource files extracted from the hardware specification will be updated.
06:41:21 INFO  : The file 'D:\School\UIUC_ECE385_SP25\Final_Project\sdk\final_project\_ide\bitstream\mb_lab7_1_wrapper.bit' stored in project is removed.
06:41:21 INFO  : The file 'D:\School\UIUC_ECE385_SP25\Final_Project\sdk\final_project\_ide\bitstream\mb_lab7_1_wrapper.mmi' stored in project is removed.
06:41:21 INFO  : The updated bitstream files are copied from platform to folder 'D:\School\UIUC_ECE385_SP25\Final_Project\sdk\final_project\_ide\bitstream' in project 'final_project'.
06:41:35 INFO  : Connected to target on host '127.0.0.1' and port '3121'.
06:41:36 INFO  : Jtag cable 'RealDigital Boo 88710000000EA' is selected.
06:41:36 INFO  : 'jtag frequency' command is executed.
06:41:36 INFO  : 'targets -set -filter {jtag_cable_name =~ "RealDigital Boo 88710000000EA" && level==0 && jtag_device_ctx=="jsn1-0362f093-0"}' command is executed.
06:41:38 INFO  : Device configured successfully with "D:/School/UIUC_ECE385_SP25/Final_Project/sdk/final_project/_ide/bitstream/mb_lab7_1_wrapper.bit"
06:41:38 INFO  : Context for processor 'microblaze_0' is selected.
06:41:38 INFO  : Hardware design and registers information is loaded from 'D:/School/UIUC_ECE385_SP25/Final_Project/sdk/mb_lab7_1_wrapper/export/mb_lab7_1_wrapper/hw/mb_lab7_1_wrapper.xsa'.
06:41:38 INFO  : 'configparams mdm-detect-bscan-mask 2' command is executed.
06:41:38 INFO  : Context for processor 'microblaze_0' is selected.
06:41:38 INFO  : System reset is completed.
06:41:41 INFO  : 'after 3000' command is executed.
06:41:41 INFO  : Context for processor 'microblaze_0' is selected.
06:41:42 INFO  : The application 'D:/School/UIUC_ECE385_SP25/Final_Project/sdk/final_project/Debug/final_project.elf' is downloaded to processor 'microblaze_0'.
06:41:42 INFO  : ----------------XSDB Script----------------
connect -url tcp:127.0.0.1:3121
targets -set -filter {jtag_cable_name =~ "RealDigital Boo 88710000000EA" && level==0 && jtag_device_ctx=="jsn1-0362f093-0"}
fpga -file D:/School/UIUC_ECE385_SP25/Final_Project/sdk/final_project/_ide/bitstream/mb_lab7_1_wrapper.bit
targets -set -nocase -filter {name =~ "*microblaze*#0" && bscan=="USER2" }
loadhw -hw D:/School/UIUC_ECE385_SP25/Final_Project/sdk/mb_lab7_1_wrapper/export/mb_lab7_1_wrapper/hw/mb_lab7_1_wrapper.xsa -regs
configparams mdm-detect-bscan-mask 2
targets -set -nocase -filter {name =~ "*microblaze*#0" && bscan=="USER2" }
rst -system
after 3000
targets -set -nocase -filter {name =~ "*microblaze*#0" && bscan=="USER2" }
dow D:/School/UIUC_ECE385_SP25/Final_Project/sdk/final_project/Debug/final_project.elf
----------------End of Script----------------

06:41:42 INFO  : Context for processor 'microblaze_0' is selected.
06:41:42 INFO  : 'con' command is executed.
06:41:42 INFO  : ----------------XSDB Script (After Launch)----------------
targets -set -nocase -filter {name =~ "*microblaze*#0" && bscan=="USER2" }
con
----------------End of Script----------------

06:41:42 INFO  : Disconnected from the channel tcfchan#38.
06:41:52 INFO  : Connected to target on host '127.0.0.1' and port '3121'.
06:41:53 INFO  : Jtag cable 'RealDigital Boo 88710000000EA' is selected.
06:41:53 INFO  : 'jtag frequency' command is executed.
06:41:56 ERROR : no targets found with "jtag_cable_name =~ "RealDigital Boo 88710000000EA" && level==0 && jtag_device_ctx=="jsn1-0362f093-0"". available targets:
  1  xc7s50
     2  MicroBlaze Debug Module at USER2
        3  MicroBlaze #0 (Running)
06:41:56 ERROR : Exception occured while running Program Device.
java.lang.RuntimeException: no targets found with "jtag_cable_name =~ "RealDigital Boo 88710000000EA" && level==0 && jtag_device_ctx=="jsn1-0362f093-0"". available targets:
  1  xc7s50
     2  MicroBlaze Debug Module at USER2
        3  MicroBlaze #0 (Running)
06:41:56 INFO  : ----------------XSDB Script----------------
connect -url tcp:127.0.0.1:3121
----------------End of Script----------------

06:41:56 ERROR : no targets found with "jtag_cable_name =~ "RealDigital Boo 88710000000EA" && level==0 && jtag_device_ctx=="jsn1-0362f093-0"". available targets:
  1  xc7s50
     2  MicroBlaze Debug Module at USER2
        3  MicroBlaze #0 (Running)
06:42:28 DEBUG : Logs will be stored at 'D:/School/UIUC_ECE385_SP25/Final_Project/sdk/IDE.log'.
06:42:29 INFO  : Launching XSCT server: xsct.bat -n  -interactive D:\School\UIUC_ECE385_SP25\Final_Project\sdk\temp_xsdb_launch_script.tcl
06:42:31 INFO  : XSCT server has started successfully.
06:42:31 INFO  : plnx-install-location is set to ''
06:42:31 INFO  : Successfully done setting XSCT server connection channel  
06:42:31 INFO  : Successfully done setting workspace for the tool. 
06:42:32 INFO  : Platform repository initialization has completed.
06:42:32 INFO  : Successfully done query RDI_DATADIR 
06:42:32 INFO  : Registering command handlers for Vitis TCF services
06:42:52 INFO  : Checking for BSP changes to sync application flags for project 'final_project'...
06:42:55 INFO  : Checking for BSP changes to sync application flags for project 'final_project'...
06:43:00 INFO  : Connected to target on host '127.0.0.1' and port '3121'.
06:43:01 INFO  : Jtag cable 'RealDigital Boo 88710000000EA' is selected.
06:43:01 INFO  : 'jtag frequency' command is executed.
06:43:02 INFO  : 'targets -set -filter {jtag_cable_name =~ "RealDigital Boo 88710000000EA" && level==0 && jtag_device_ctx=="jsn1-0362f093-0"}' command is executed.
06:43:03 INFO  : Device configured successfully with "D:/School/UIUC_ECE385_SP25/Final_Project/sdk/final_project/_ide/bitstream/mb_lab7_1_wrapper.bit"
06:43:03 INFO  : Context for processor 'microblaze_0' is selected.
06:43:03 INFO  : Hardware design and registers information is loaded from 'D:/School/UIUC_ECE385_SP25/Final_Project/sdk/mb_lab7_1_wrapper/export/mb_lab7_1_wrapper/hw/mb_lab7_1_wrapper.xsa'.
06:43:03 INFO  : 'configparams mdm-detect-bscan-mask 2' command is executed.
06:43:03 INFO  : Context for processor 'microblaze_0' is selected.
06:43:03 INFO  : System reset is completed.
06:43:06 INFO  : 'after 3000' command is executed.
06:43:07 INFO  : Context for processor 'microblaze_0' is selected.
06:43:07 INFO  : The application 'D:/School/UIUC_ECE385_SP25/Final_Project/sdk/final_project/Debug/final_project.elf' is downloaded to processor 'microblaze_0'.
06:43:07 INFO  : ----------------XSDB Script----------------
connect -url tcp:127.0.0.1:3121
targets -set -filter {jtag_cable_name =~ "RealDigital Boo 88710000000EA" && level==0 && jtag_device_ctx=="jsn1-0362f093-0"}
fpga -file D:/School/UIUC_ECE385_SP25/Final_Project/sdk/final_project/_ide/bitstream/mb_lab7_1_wrapper.bit
targets -set -nocase -filter {name =~ "*microblaze*#0" && bscan=="USER2" }
loadhw -hw D:/School/UIUC_ECE385_SP25/Final_Project/sdk/mb_lab7_1_wrapper/export/mb_lab7_1_wrapper/hw/mb_lab7_1_wrapper.xsa -regs
configparams mdm-detect-bscan-mask 2
targets -set -nocase -filter {name =~ "*microblaze*#0" && bscan=="USER2" }
rst -system
after 3000
targets -set -nocase -filter {name =~ "*microblaze*#0" && bscan=="USER2" }
dow D:/School/UIUC_ECE385_SP25/Final_Project/sdk/final_project/Debug/final_project.elf
----------------End of Script----------------

06:43:07 INFO  : Context for processor 'microblaze_0' is selected.
06:43:07 INFO  : 'con' command is executed.
06:43:07 INFO  : ----------------XSDB Script (After Launch)----------------
targets -set -nocase -filter {name =~ "*microblaze*#0" && bscan=="USER2" }
con
----------------End of Script----------------

06:43:07 INFO  : Disconnected from the channel tcfchan#1.
07:07:10 INFO  : Hardware specification for platform project 'mb_lab7_1_wrapper' is updated.
07:07:21 INFO  : Result from executing command 'getProjects': mb_lab7_1_wrapper
07:07:21 INFO  : Result from executing command 'getPlatforms': mb_lab7_1_wrapper|D:/School/UIUC_ECE385_SP25/Final_Project/sdk/mb_lab7_1_wrapper/export/mb_lab7_1_wrapper/mb_lab7_1_wrapper.xpfm
07:07:21 INFO  : Checking for BSP changes to sync application flags for project 'final_project'...
07:07:21 WARN  : Failed to closehw "D:/School/UIUC_ECE385_SP25/Final_Project/sdk/mb_lab7_1_wrapper/export/mb_lab7_1_wrapper/hw/mb_lab7_1_wrapper.xsa"
Reason: Cannot close hw design 'D:/School/UIUC_ECE385_SP25/Final_Project/sdk/mb_lab7_1_wrapper/export/mb_lab7_1_wrapper/hw/mb_lab7_1_wrapper.xsa'.
Design is not opened in the current session.

07:07:23 INFO  : The hardware specification used by project 'final_project' is out of sync with the platform. Resource files extracted from the hardware specification will be updated.
07:07:23 INFO  : The file 'D:\School\UIUC_ECE385_SP25\Final_Project\sdk\final_project\_ide\bitstream\mb_lab7_1_wrapper.bit' stored in project is removed.
07:07:23 INFO  : The file 'D:\School\UIUC_ECE385_SP25\Final_Project\sdk\final_project\_ide\bitstream\mb_lab7_1_wrapper.mmi' stored in project is removed.
07:07:23 INFO  : The updated bitstream files are copied from platform to folder 'D:\School\UIUC_ECE385_SP25\Final_Project\sdk\final_project\_ide\bitstream' in project 'final_project'.
07:07:32 INFO  : Checking for BSP changes to sync application flags for project 'final_project'...
07:07:37 INFO  : Connected to target on host '127.0.0.1' and port '3121'.
07:07:37 INFO  : Jtag cable 'RealDigital Boo 88710000000EA' is selected.
07:07:37 INFO  : 'jtag frequency' command is executed.
07:07:37 INFO  : 'targets -set -filter {jtag_cable_name =~ "RealDigital Boo 88710000000EA" && level==0 && jtag_device_ctx=="jsn1-0362f093-0"}' command is executed.
07:07:39 INFO  : Device configured successfully with "D:/School/UIUC_ECE385_SP25/Final_Project/sdk/final_project/_ide/bitstream/mb_lab7_1_wrapper.bit"
07:07:39 INFO  : Context for processor 'microblaze_0' is selected.
07:07:39 INFO  : Hardware design and registers information is loaded from 'D:/School/UIUC_ECE385_SP25/Final_Project/sdk/mb_lab7_1_wrapper/export/mb_lab7_1_wrapper/hw/mb_lab7_1_wrapper.xsa'.
07:07:39 INFO  : 'configparams mdm-detect-bscan-mask 2' command is executed.
07:07:39 INFO  : Context for processor 'microblaze_0' is selected.
07:07:39 INFO  : System reset is completed.
07:07:42 INFO  : 'after 3000' command is executed.
07:07:43 INFO  : Context for processor 'microblaze_0' is selected.
07:07:43 INFO  : The application 'D:/School/UIUC_ECE385_SP25/Final_Project/sdk/final_project/Debug/final_project.elf' is downloaded to processor 'microblaze_0'.
07:07:43 INFO  : ----------------XSDB Script----------------
connect -url tcp:127.0.0.1:3121
targets -set -filter {jtag_cable_name =~ "RealDigital Boo 88710000000EA" && level==0 && jtag_device_ctx=="jsn1-0362f093-0"}
fpga -file D:/School/UIUC_ECE385_SP25/Final_Project/sdk/final_project/_ide/bitstream/mb_lab7_1_wrapper.bit
targets -set -nocase -filter {name =~ "*microblaze*#0" && bscan=="USER2" }
loadhw -hw D:/School/UIUC_ECE385_SP25/Final_Project/sdk/mb_lab7_1_wrapper/export/mb_lab7_1_wrapper/hw/mb_lab7_1_wrapper.xsa -regs
configparams mdm-detect-bscan-mask 2
targets -set -nocase -filter {name =~ "*microblaze*#0" && bscan=="USER2" }
rst -system
after 3000
targets -set -nocase -filter {name =~ "*microblaze*#0" && bscan=="USER2" }
dow D:/School/UIUC_ECE385_SP25/Final_Project/sdk/final_project/Debug/final_project.elf
----------------End of Script----------------

07:07:43 INFO  : Context for processor 'microblaze_0' is selected.
07:07:43 INFO  : 'con' command is executed.
07:07:43 INFO  : ----------------XSDB Script (After Launch)----------------
targets -set -nocase -filter {name =~ "*microblaze*#0" && bscan=="USER2" }
con
----------------End of Script----------------

07:07:43 INFO  : Disconnected from the channel tcfchan#3.
10:36:38 INFO  : Checking for BSP changes to sync application flags for project 'final_project'...
10:36:43 INFO  : Connected to target on host '127.0.0.1' and port '3121'.
10:36:43 INFO  : Jtag cable 'RealDigital Boo 88710000000EA' is selected.
10:36:43 INFO  : 'jtag frequency' command is executed.
10:36:43 INFO  : 'targets -set -filter {jtag_cable_name =~ "RealDigital Boo 88710000000EA" && level==0 && jtag_device_ctx=="jsn1-0362f093-0"}' command is executed.
10:36:44 INFO  : Device configured successfully with "D:/School/UIUC_ECE385_SP25/Final_Project/sdk/final_project/_ide/bitstream/mb_lab7_1_wrapper.bit"
10:36:45 INFO  : Context for processor 'microblaze_0' is selected.
10:36:45 INFO  : Hardware design and registers information is loaded from 'D:/School/UIUC_ECE385_SP25/Final_Project/sdk/mb_lab7_1_wrapper/export/mb_lab7_1_wrapper/hw/mb_lab7_1_wrapper.xsa'.
10:36:45 INFO  : 'configparams mdm-detect-bscan-mask 2' command is executed.
10:36:45 INFO  : Context for processor 'microblaze_0' is selected.
10:36:45 INFO  : System reset is completed.
10:36:48 INFO  : 'after 3000' command is executed.
10:36:48 INFO  : Context for processor 'microblaze_0' is selected.
10:36:48 INFO  : The application 'D:/School/UIUC_ECE385_SP25/Final_Project/sdk/final_project/Debug/final_project.elf' is downloaded to processor 'microblaze_0'.
10:36:48 INFO  : ----------------XSDB Script----------------
connect -url tcp:127.0.0.1:3121
targets -set -filter {jtag_cable_name =~ "RealDigital Boo 88710000000EA" && level==0 && jtag_device_ctx=="jsn1-0362f093-0"}
fpga -file D:/School/UIUC_ECE385_SP25/Final_Project/sdk/final_project/_ide/bitstream/mb_lab7_1_wrapper.bit
targets -set -nocase -filter {name =~ "*microblaze*#0" && bscan=="USER2" }
loadhw -hw D:/School/UIUC_ECE385_SP25/Final_Project/sdk/mb_lab7_1_wrapper/export/mb_lab7_1_wrapper/hw/mb_lab7_1_wrapper.xsa -regs
configparams mdm-detect-bscan-mask 2
targets -set -nocase -filter {name =~ "*microblaze*#0" && bscan=="USER2" }
rst -system
after 3000
targets -set -nocase -filter {name =~ "*microblaze*#0" && bscan=="USER2" }
dow D:/School/UIUC_ECE385_SP25/Final_Project/sdk/final_project/Debug/final_project.elf
----------------End of Script----------------

10:36:48 INFO  : Context for processor 'microblaze_0' is selected.
10:36:48 INFO  : 'con' command is executed.
10:36:48 INFO  : ----------------XSDB Script (After Launch)----------------
targets -set -nocase -filter {name =~ "*microblaze*#0" && bscan=="USER2" }
con
----------------End of Script----------------

10:36:48 INFO  : Disconnected from the channel tcfchan#4.
11:25:59 INFO  : Hardware specification for platform project 'mb_lab7_1_wrapper' is updated.
11:26:08 INFO  : Result from executing command 'getProjects': mb_lab7_1_wrapper
11:26:08 INFO  : Result from executing command 'getPlatforms': mb_lab7_1_wrapper|D:/School/UIUC_ECE385_SP25/Final_Project/sdk/mb_lab7_1_wrapper/export/mb_lab7_1_wrapper/mb_lab7_1_wrapper.xpfm
11:26:08 INFO  : Checking for BSP changes to sync application flags for project 'final_project'...
11:26:10 INFO  : The hardware specification used by project 'final_project' is out of sync with the platform. Resource files extracted from the hardware specification will be updated.
11:26:10 INFO  : The file 'D:\School\UIUC_ECE385_SP25\Final_Project\sdk\final_project\_ide\bitstream\mb_lab7_1_wrapper.bit' stored in project is removed.
11:26:10 INFO  : The file 'D:\School\UIUC_ECE385_SP25\Final_Project\sdk\final_project\_ide\bitstream\mb_lab7_1_wrapper.mmi' stored in project is removed.
11:26:10 INFO  : The updated bitstream files are copied from platform to folder 'D:\School\UIUC_ECE385_SP25\Final_Project\sdk\final_project\_ide\bitstream' in project 'final_project'.
11:26:18 INFO  : Connected to target on host '127.0.0.1' and port '3121'.
11:26:18 INFO  : Jtag cable 'RealDigital Boo 88710000000EA' is selected.
11:26:18 INFO  : 'jtag frequency' command is executed.
11:26:18 INFO  : 'targets -set -filter {jtag_cable_name =~ "RealDigital Boo 88710000000EA" && level==0 && jtag_device_ctx=="jsn1-0362f093-0"}' command is executed.
11:26:19 INFO  : Device configured successfully with "D:/School/UIUC_ECE385_SP25/Final_Project/sdk/final_project/_ide/bitstream/mb_lab7_1_wrapper.bit"
11:26:19 INFO  : Context for processor 'microblaze_0' is selected.
11:26:19 INFO  : Hardware design and registers information is loaded from 'D:/School/UIUC_ECE385_SP25/Final_Project/sdk/mb_lab7_1_wrapper/export/mb_lab7_1_wrapper/hw/mb_lab7_1_wrapper.xsa'.
11:26:19 INFO  : 'configparams mdm-detect-bscan-mask 2' command is executed.
11:26:19 INFO  : Context for processor 'microblaze_0' is selected.
11:26:19 INFO  : System reset is completed.
11:26:22 INFO  : 'after 3000' command is executed.
11:26:22 INFO  : Context for processor 'microblaze_0' is selected.
11:26:23 INFO  : The application 'D:/School/UIUC_ECE385_SP25/Final_Project/sdk/final_project/Debug/final_project.elf' is downloaded to processor 'microblaze_0'.
11:26:23 INFO  : ----------------XSDB Script----------------
connect -url tcp:127.0.0.1:3121
targets -set -filter {jtag_cable_name =~ "RealDigital Boo 88710000000EA" && level==0 && jtag_device_ctx=="jsn1-0362f093-0"}
fpga -file D:/School/UIUC_ECE385_SP25/Final_Project/sdk/final_project/_ide/bitstream/mb_lab7_1_wrapper.bit
targets -set -nocase -filter {name =~ "*microblaze*#0" && bscan=="USER2" }
loadhw -hw D:/School/UIUC_ECE385_SP25/Final_Project/sdk/mb_lab7_1_wrapper/export/mb_lab7_1_wrapper/hw/mb_lab7_1_wrapper.xsa -regs
configparams mdm-detect-bscan-mask 2
targets -set -nocase -filter {name =~ "*microblaze*#0" && bscan=="USER2" }
rst -system
after 3000
targets -set -nocase -filter {name =~ "*microblaze*#0" && bscan=="USER2" }
dow D:/School/UIUC_ECE385_SP25/Final_Project/sdk/final_project/Debug/final_project.elf
----------------End of Script----------------

11:26:23 INFO  : Context for processor 'microblaze_0' is selected.
11:26:23 INFO  : 'con' command is executed.
11:26:23 INFO  : ----------------XSDB Script (After Launch)----------------
targets -set -nocase -filter {name =~ "*microblaze*#0" && bscan=="USER2" }
con
----------------End of Script----------------

11:26:23 INFO  : Disconnected from the channel tcfchan#6.
11:28:20 INFO  : Checking for BSP changes to sync application flags for project 'final_project'...
11:28:34 INFO  : Checking for BSP changes to sync application flags for project 'final_project'...
11:29:45 INFO  : Checking for BSP changes to sync application flags for project 'final_project'...
11:31:38 INFO  : Checking for BSP changes to sync application flags for project 'final_project'...
11:31:43 INFO  : Checking for BSP changes to sync application flags for project 'final_project'...
11:31:53 INFO  : Connected to target on host '127.0.0.1' and port '3121'.
11:31:54 INFO  : Jtag cable 'RealDigital Boo 88710000000EA' is selected.
11:31:54 INFO  : 'jtag frequency' command is executed.
11:31:57 INFO  : 'targets -set -filter {jtag_cable_name =~ "RealDigital Boo 88710000000EA" && level==0 && jtag_device_ctx=="jsn1-0362f093-0"}' command is executed.
11:31:58 INFO  : Device configured successfully with "D:/School/UIUC_ECE385_SP25/Final_Project/sdk/final_project/_ide/bitstream/mb_lab7_1_wrapper.bit"
11:32:00 INFO  : Context for processor 'microblaze_0' is selected.
11:32:00 INFO  : Hardware design and registers information is loaded from 'D:/School/UIUC_ECE385_SP25/Final_Project/sdk/mb_lab7_1_wrapper/export/mb_lab7_1_wrapper/hw/mb_lab7_1_wrapper.xsa'.
11:32:00 INFO  : 'configparams mdm-detect-bscan-mask 2' command is executed.
11:32:00 INFO  : Context for processor 'microblaze_0' is selected.
11:32:00 INFO  : System reset is completed.
11:32:03 INFO  : 'after 3000' command is executed.
11:32:03 INFO  : Context for processor 'microblaze_0' is selected.
11:32:03 INFO  : The application 'D:/School/UIUC_ECE385_SP25/Final_Project/sdk/final_project/Debug/final_project.elf' is downloaded to processor 'microblaze_0'.
11:32:03 INFO  : ----------------XSDB Script----------------
connect -url tcp:127.0.0.1:3121
targets -set -filter {jtag_cable_name =~ "RealDigital Boo 88710000000EA" && level==0 && jtag_device_ctx=="jsn1-0362f093-0"}
fpga -file D:/School/UIUC_ECE385_SP25/Final_Project/sdk/final_project/_ide/bitstream/mb_lab7_1_wrapper.bit
targets -set -nocase -filter {name =~ "*microblaze*#0" && bscan=="USER2" }
loadhw -hw D:/School/UIUC_ECE385_SP25/Final_Project/sdk/mb_lab7_1_wrapper/export/mb_lab7_1_wrapper/hw/mb_lab7_1_wrapper.xsa -regs
configparams mdm-detect-bscan-mask 2
targets -set -nocase -filter {name =~ "*microblaze*#0" && bscan=="USER2" }
rst -system
after 3000
targets -set -nocase -filter {name =~ "*microblaze*#0" && bscan=="USER2" }
dow D:/School/UIUC_ECE385_SP25/Final_Project/sdk/final_project/Debug/final_project.elf
----------------End of Script----------------

11:32:03 INFO  : Context for processor 'microblaze_0' is selected.
11:32:03 INFO  : 'con' command is executed.
11:32:03 INFO  : ----------------XSDB Script (After Launch)----------------
targets -set -nocase -filter {name =~ "*microblaze*#0" && bscan=="USER2" }
con
----------------End of Script----------------

11:32:03 INFO  : Disconnected from the channel tcfchan#7.
11:33:49 INFO  : Checking for BSP changes to sync application flags for project 'final_project'...
11:33:56 INFO  : Connected to target on host '127.0.0.1' and port '3121'.
11:33:57 INFO  : Jtag cable 'RealDigital Boo 88710000000EA' is selected.
11:33:57 INFO  : 'jtag frequency' command is executed.
11:33:57 INFO  : 'targets -set -filter {jtag_cable_name =~ "RealDigital Boo 88710000000EA" && level==0 && jtag_device_ctx=="jsn1-0362f093-0"}' command is executed.
11:33:58 INFO  : Device configured successfully with "D:/School/UIUC_ECE385_SP25/Final_Project/sdk/final_project/_ide/bitstream/mb_lab7_1_wrapper.bit"
11:33:58 INFO  : Context for processor 'microblaze_0' is selected.
11:33:58 INFO  : Hardware design and registers information is loaded from 'D:/School/UIUC_ECE385_SP25/Final_Project/sdk/mb_lab7_1_wrapper/export/mb_lab7_1_wrapper/hw/mb_lab7_1_wrapper.xsa'.
11:33:58 INFO  : 'configparams mdm-detect-bscan-mask 2' command is executed.
11:33:58 INFO  : Context for processor 'microblaze_0' is selected.
11:33:59 INFO  : System reset is completed.
11:34:02 INFO  : 'after 3000' command is executed.
11:34:02 INFO  : Context for processor 'microblaze_0' is selected.
11:34:02 INFO  : The application 'D:/School/UIUC_ECE385_SP25/Final_Project/sdk/final_project/Debug/final_project.elf' is downloaded to processor 'microblaze_0'.
11:34:02 INFO  : ----------------XSDB Script----------------
connect -url tcp:127.0.0.1:3121
targets -set -filter {jtag_cable_name =~ "RealDigital Boo 88710000000EA" && level==0 && jtag_device_ctx=="jsn1-0362f093-0"}
fpga -file D:/School/UIUC_ECE385_SP25/Final_Project/sdk/final_project/_ide/bitstream/mb_lab7_1_wrapper.bit
targets -set -nocase -filter {name =~ "*microblaze*#0" && bscan=="USER2" }
loadhw -hw D:/School/UIUC_ECE385_SP25/Final_Project/sdk/mb_lab7_1_wrapper/export/mb_lab7_1_wrapper/hw/mb_lab7_1_wrapper.xsa -regs
configparams mdm-detect-bscan-mask 2
targets -set -nocase -filter {name =~ "*microblaze*#0" && bscan=="USER2" }
rst -system
after 3000
targets -set -nocase -filter {name =~ "*microblaze*#0" && bscan=="USER2" }
dow D:/School/UIUC_ECE385_SP25/Final_Project/sdk/final_project/Debug/final_project.elf
----------------End of Script----------------

11:34:02 INFO  : Context for processor 'microblaze_0' is selected.
11:34:02 INFO  : 'con' command is executed.
11:34:02 INFO  : ----------------XSDB Script (After Launch)----------------
targets -set -nocase -filter {name =~ "*microblaze*#0" && bscan=="USER2" }
con
----------------End of Script----------------

11:34:02 INFO  : Disconnected from the channel tcfchan#8.
11:45:11 INFO  : Hardware specification for platform project 'mb_lab7_1_wrapper' is updated.
11:45:21 INFO  : Result from executing command 'getProjects': mb_lab7_1_wrapper
11:45:21 INFO  : Result from executing command 'getPlatforms': mb_lab7_1_wrapper|D:/School/UIUC_ECE385_SP25/Final_Project/sdk/mb_lab7_1_wrapper/export/mb_lab7_1_wrapper/mb_lab7_1_wrapper.xpfm
11:45:21 INFO  : Checking for BSP changes to sync application flags for project 'final_project'...
11:45:23 INFO  : The hardware specification used by project 'final_project' is out of sync with the platform. Resource files extracted from the hardware specification will be updated.
11:45:23 INFO  : The file 'D:\School\UIUC_ECE385_SP25\Final_Project\sdk\final_project\_ide\bitstream\mb_lab7_1_wrapper.bit' stored in project is removed.
11:45:23 INFO  : The file 'D:\School\UIUC_ECE385_SP25\Final_Project\sdk\final_project\_ide\bitstream\mb_lab7_1_wrapper.mmi' stored in project is removed.
11:45:23 INFO  : The updated bitstream files are copied from platform to folder 'D:\School\UIUC_ECE385_SP25\Final_Project\sdk\final_project\_ide\bitstream' in project 'final_project'.
11:45:28 INFO  : Connected to target on host '127.0.0.1' and port '3121'.
11:45:28 INFO  : Jtag cable 'RealDigital Boo 88710000000EA' is selected.
11:45:28 INFO  : 'jtag frequency' command is executed.
11:45:28 INFO  : 'targets -set -filter {jtag_cable_name =~ "RealDigital Boo 88710000000EA" && level==0 && jtag_device_ctx=="jsn1-0362f093-0"}' command is executed.
11:45:30 INFO  : Device configured successfully with "D:/School/UIUC_ECE385_SP25/Final_Project/sdk/final_project/_ide/bitstream/mb_lab7_1_wrapper.bit"
11:45:30 INFO  : Context for processor 'microblaze_0' is selected.
11:45:30 INFO  : Hardware design and registers information is loaded from 'D:/School/UIUC_ECE385_SP25/Final_Project/sdk/mb_lab7_1_wrapper/export/mb_lab7_1_wrapper/hw/mb_lab7_1_wrapper.xsa'.
11:45:30 INFO  : 'configparams mdm-detect-bscan-mask 2' command is executed.
11:45:30 INFO  : Context for processor 'microblaze_0' is selected.
11:45:30 INFO  : System reset is completed.
11:45:33 INFO  : 'after 3000' command is executed.
11:45:34 INFO  : Context for processor 'microblaze_0' is selected.
11:45:34 INFO  : The application 'D:/School/UIUC_ECE385_SP25/Final_Project/sdk/final_project/Debug/final_project.elf' is downloaded to processor 'microblaze_0'.
11:45:34 INFO  : ----------------XSDB Script----------------
connect -url tcp:127.0.0.1:3121
targets -set -filter {jtag_cable_name =~ "RealDigital Boo 88710000000EA" && level==0 && jtag_device_ctx=="jsn1-0362f093-0"}
fpga -file D:/School/UIUC_ECE385_SP25/Final_Project/sdk/final_project/_ide/bitstream/mb_lab7_1_wrapper.bit
targets -set -nocase -filter {name =~ "*microblaze*#0" && bscan=="USER2" }
loadhw -hw D:/School/UIUC_ECE385_SP25/Final_Project/sdk/mb_lab7_1_wrapper/export/mb_lab7_1_wrapper/hw/mb_lab7_1_wrapper.xsa -regs
configparams mdm-detect-bscan-mask 2
targets -set -nocase -filter {name =~ "*microblaze*#0" && bscan=="USER2" }
rst -system
after 3000
targets -set -nocase -filter {name =~ "*microblaze*#0" && bscan=="USER2" }
dow D:/School/UIUC_ECE385_SP25/Final_Project/sdk/final_project/Debug/final_project.elf
----------------End of Script----------------

11:45:34 INFO  : Context for processor 'microblaze_0' is selected.
11:45:34 INFO  : 'con' command is executed.
11:45:34 INFO  : ----------------XSDB Script (After Launch)----------------
targets -set -nocase -filter {name =~ "*microblaze*#0" && bscan=="USER2" }
con
----------------End of Script----------------

11:45:34 INFO  : Disconnected from the channel tcfchan#10.
11:54:47 INFO  : Checking for BSP changes to sync application flags for project 'final_project'...
11:54:52 INFO  : Connected to target on host '127.0.0.1' and port '3121'.
11:54:53 INFO  : Jtag cable 'RealDigital Boo 88710000000EA' is selected.
11:54:53 INFO  : 'jtag frequency' command is executed.
11:54:53 INFO  : 'targets -set -filter {jtag_cable_name =~ "RealDigital Boo 88710000000EA" && level==0 && jtag_device_ctx=="jsn1-0362f093-0"}' command is executed.
11:54:55 INFO  : Device configured successfully with "D:/School/UIUC_ECE385_SP25/Final_Project/sdk/final_project/_ide/bitstream/mb_lab7_1_wrapper.bit"
11:54:55 INFO  : Context for processor 'microblaze_0' is selected.
11:54:55 INFO  : Hardware design and registers information is loaded from 'D:/School/UIUC_ECE385_SP25/Final_Project/sdk/mb_lab7_1_wrapper/export/mb_lab7_1_wrapper/hw/mb_lab7_1_wrapper.xsa'.
11:54:55 INFO  : 'configparams mdm-detect-bscan-mask 2' command is executed.
11:54:55 INFO  : Context for processor 'microblaze_0' is selected.
11:54:55 INFO  : System reset is completed.
11:54:58 INFO  : 'after 3000' command is executed.
11:54:59 INFO  : Context for processor 'microblaze_0' is selected.
11:54:59 INFO  : The application 'D:/School/UIUC_ECE385_SP25/Final_Project/sdk/final_project/Debug/final_project.elf' is downloaded to processor 'microblaze_0'.
11:54:59 INFO  : ----------------XSDB Script----------------
connect -url tcp:127.0.0.1:3121
targets -set -filter {jtag_cable_name =~ "RealDigital Boo 88710000000EA" && level==0 && jtag_device_ctx=="jsn1-0362f093-0"}
fpga -file D:/School/UIUC_ECE385_SP25/Final_Project/sdk/final_project/_ide/bitstream/mb_lab7_1_wrapper.bit
targets -set -nocase -filter {name =~ "*microblaze*#0" && bscan=="USER2" }
loadhw -hw D:/School/UIUC_ECE385_SP25/Final_Project/sdk/mb_lab7_1_wrapper/export/mb_lab7_1_wrapper/hw/mb_lab7_1_wrapper.xsa -regs
configparams mdm-detect-bscan-mask 2
targets -set -nocase -filter {name =~ "*microblaze*#0" && bscan=="USER2" }
rst -system
after 3000
targets -set -nocase -filter {name =~ "*microblaze*#0" && bscan=="USER2" }
dow D:/School/UIUC_ECE385_SP25/Final_Project/sdk/final_project/Debug/final_project.elf
----------------End of Script----------------

11:54:59 INFO  : Context for processor 'microblaze_0' is selected.
11:54:59 INFO  : 'con' command is executed.
11:54:59 INFO  : ----------------XSDB Script (After Launch)----------------
targets -set -nocase -filter {name =~ "*microblaze*#0" && bscan=="USER2" }
con
----------------End of Script----------------

11:54:59 INFO  : Disconnected from the channel tcfchan#11.
12:04:56 INFO  : Hardware specification for platform project 'mb_lab7_1_wrapper' is updated.
12:05:13 INFO  : Result from executing command 'getProjects': mb_lab7_1_wrapper
12:05:13 INFO  : Result from executing command 'getPlatforms': mb_lab7_1_wrapper|D:/School/UIUC_ECE385_SP25/Final_Project/sdk/mb_lab7_1_wrapper/export/mb_lab7_1_wrapper/mb_lab7_1_wrapper.xpfm
12:05:14 INFO  : Checking for BSP changes to sync application flags for project 'final_project'...
12:05:15 INFO  : The hardware specification used by project 'final_project' is out of sync with the platform. Resource files extracted from the hardware specification will be updated.
12:05:15 INFO  : The file 'D:\School\UIUC_ECE385_SP25\Final_Project\sdk\final_project\_ide\bitstream\mb_lab7_1_wrapper.bit' stored in project is removed.
12:05:15 INFO  : The file 'D:\School\UIUC_ECE385_SP25\Final_Project\sdk\final_project\_ide\bitstream\mb_lab7_1_wrapper.mmi' stored in project is removed.
12:05:15 INFO  : The updated bitstream files are copied from platform to folder 'D:\School\UIUC_ECE385_SP25\Final_Project\sdk\final_project\_ide\bitstream' in project 'final_project'.
12:05:20 INFO  : Connected to target on host '127.0.0.1' and port '3121'.
12:05:21 INFO  : Jtag cable 'RealDigital Boo 88710000000EA' is selected.
12:05:21 INFO  : 'jtag frequency' command is executed.
12:05:21 INFO  : 'targets -set -filter {jtag_cable_name =~ "RealDigital Boo 88710000000EA" && level==0 && jtag_device_ctx=="jsn1-0362f093-0"}' command is executed.
12:05:23 INFO  : Device configured successfully with "D:/School/UIUC_ECE385_SP25/Final_Project/sdk/final_project/_ide/bitstream/mb_lab7_1_wrapper.bit"
12:05:23 INFO  : Context for processor 'microblaze_0' is selected.
12:05:23 INFO  : Hardware design and registers information is loaded from 'D:/School/UIUC_ECE385_SP25/Final_Project/sdk/mb_lab7_1_wrapper/export/mb_lab7_1_wrapper/hw/mb_lab7_1_wrapper.xsa'.
12:05:23 INFO  : 'configparams mdm-detect-bscan-mask 2' command is executed.
12:05:23 INFO  : Context for processor 'microblaze_0' is selected.
12:05:23 INFO  : System reset is completed.
12:05:26 INFO  : 'after 3000' command is executed.
12:05:26 INFO  : Context for processor 'microblaze_0' is selected.
12:05:27 INFO  : The application 'D:/School/UIUC_ECE385_SP25/Final_Project/sdk/final_project/Debug/final_project.elf' is downloaded to processor 'microblaze_0'.
12:05:27 INFO  : ----------------XSDB Script----------------
connect -url tcp:127.0.0.1:3121
targets -set -filter {jtag_cable_name =~ "RealDigital Boo 88710000000EA" && level==0 && jtag_device_ctx=="jsn1-0362f093-0"}
fpga -file D:/School/UIUC_ECE385_SP25/Final_Project/sdk/final_project/_ide/bitstream/mb_lab7_1_wrapper.bit
targets -set -nocase -filter {name =~ "*microblaze*#0" && bscan=="USER2" }
loadhw -hw D:/School/UIUC_ECE385_SP25/Final_Project/sdk/mb_lab7_1_wrapper/export/mb_lab7_1_wrapper/hw/mb_lab7_1_wrapper.xsa -regs
configparams mdm-detect-bscan-mask 2
targets -set -nocase -filter {name =~ "*microblaze*#0" && bscan=="USER2" }
rst -system
after 3000
targets -set -nocase -filter {name =~ "*microblaze*#0" && bscan=="USER2" }
dow D:/School/UIUC_ECE385_SP25/Final_Project/sdk/final_project/Debug/final_project.elf
----------------End of Script----------------

12:05:27 INFO  : Context for processor 'microblaze_0' is selected.
12:05:27 INFO  : 'con' command is executed.
12:05:27 INFO  : ----------------XSDB Script (After Launch)----------------
targets -set -nocase -filter {name =~ "*microblaze*#0" && bscan=="USER2" }
con
----------------End of Script----------------

12:05:27 INFO  : Disconnected from the channel tcfchan#13.
12:37:23 INFO  : Hardware specification for platform project 'mb_lab7_1_wrapper' is updated.
12:37:40 INFO  : Result from executing command 'getProjects': mb_lab7_1_wrapper
12:37:40 INFO  : Result from executing command 'getPlatforms': mb_lab7_1_wrapper|D:/School/UIUC_ECE385_SP25/Final_Project/sdk/mb_lab7_1_wrapper/export/mb_lab7_1_wrapper/mb_lab7_1_wrapper.xpfm
12:37:40 INFO  : Checking for BSP changes to sync application flags for project 'final_project'...
12:37:43 INFO  : The hardware specification used by project 'final_project' is out of sync with the platform. Resource files extracted from the hardware specification will be updated.
12:37:43 INFO  : The file 'D:\School\UIUC_ECE385_SP25\Final_Project\sdk\final_project\_ide\bitstream\mb_lab7_1_wrapper.bit' stored in project is removed.
12:37:43 INFO  : The file 'D:\School\UIUC_ECE385_SP25\Final_Project\sdk\final_project\_ide\bitstream\mb_lab7_1_wrapper.mmi' stored in project is removed.
12:37:43 INFO  : The updated bitstream files are copied from platform to folder 'D:\School\UIUC_ECE385_SP25\Final_Project\sdk\final_project\_ide\bitstream' in project 'final_project'.
12:37:47 INFO  : Connected to target on host '127.0.0.1' and port '3121'.
12:37:48 INFO  : Jtag cable 'RealDigital Boo 88710000000EA' is selected.
12:37:48 INFO  : 'jtag frequency' command is executed.
12:37:49 INFO  : 'targets -set -filter {jtag_cable_name =~ "RealDigital Boo 88710000000EA" && level==0 && jtag_device_ctx=="jsn1-0362f093-0"}' command is executed.
12:37:50 INFO  : Device configured successfully with "D:/School/UIUC_ECE385_SP25/Final_Project/sdk/final_project/_ide/bitstream/mb_lab7_1_wrapper.bit"
12:37:50 INFO  : Context for processor 'microblaze_0' is selected.
12:37:50 INFO  : Hardware design and registers information is loaded from 'D:/School/UIUC_ECE385_SP25/Final_Project/sdk/mb_lab7_1_wrapper/export/mb_lab7_1_wrapper/hw/mb_lab7_1_wrapper.xsa'.
12:37:50 INFO  : 'configparams mdm-detect-bscan-mask 2' command is executed.
12:37:50 INFO  : Context for processor 'microblaze_0' is selected.
12:37:50 INFO  : System reset is completed.
12:37:53 INFO  : 'after 3000' command is executed.
12:37:54 INFO  : Context for processor 'microblaze_0' is selected.
12:37:54 INFO  : The application 'D:/School/UIUC_ECE385_SP25/Final_Project/sdk/final_project/Debug/final_project.elf' is downloaded to processor 'microblaze_0'.
12:37:54 INFO  : ----------------XSDB Script----------------
connect -url tcp:127.0.0.1:3121
targets -set -filter {jtag_cable_name =~ "RealDigital Boo 88710000000EA" && level==0 && jtag_device_ctx=="jsn1-0362f093-0"}
fpga -file D:/School/UIUC_ECE385_SP25/Final_Project/sdk/final_project/_ide/bitstream/mb_lab7_1_wrapper.bit
targets -set -nocase -filter {name =~ "*microblaze*#0" && bscan=="USER2" }
loadhw -hw D:/School/UIUC_ECE385_SP25/Final_Project/sdk/mb_lab7_1_wrapper/export/mb_lab7_1_wrapper/hw/mb_lab7_1_wrapper.xsa -regs
configparams mdm-detect-bscan-mask 2
targets -set -nocase -filter {name =~ "*microblaze*#0" && bscan=="USER2" }
rst -system
after 3000
targets -set -nocase -filter {name =~ "*microblaze*#0" && bscan=="USER2" }
dow D:/School/UIUC_ECE385_SP25/Final_Project/sdk/final_project/Debug/final_project.elf
----------------End of Script----------------

12:37:54 INFO  : Context for processor 'microblaze_0' is selected.
12:37:54 INFO  : 'con' command is executed.
12:37:54 INFO  : ----------------XSDB Script (After Launch)----------------
targets -set -nocase -filter {name =~ "*microblaze*#0" && bscan=="USER2" }
con
----------------End of Script----------------

12:37:54 INFO  : Disconnected from the channel tcfchan#15.
12:56:58 INFO  : Hardware specification for platform project 'mb_lab7_1_wrapper' is updated.
12:57:16 INFO  : Result from executing command 'getProjects': mb_lab7_1_wrapper
12:57:16 INFO  : Result from executing command 'getPlatforms': mb_lab7_1_wrapper|D:/School/UIUC_ECE385_SP25/Final_Project/sdk/mb_lab7_1_wrapper/export/mb_lab7_1_wrapper/mb_lab7_1_wrapper.xpfm
12:57:16 INFO  : Checking for BSP changes to sync application flags for project 'final_project'...
12:57:18 INFO  : The hardware specification used by project 'final_project' is out of sync with the platform. Resource files extracted from the hardware specification will be updated.
12:57:18 INFO  : The file 'D:\School\UIUC_ECE385_SP25\Final_Project\sdk\final_project\_ide\bitstream\mb_lab7_1_wrapper.bit' stored in project is removed.
12:57:18 INFO  : The file 'D:\School\UIUC_ECE385_SP25\Final_Project\sdk\final_project\_ide\bitstream\mb_lab7_1_wrapper.mmi' stored in project is removed.
12:57:18 INFO  : The updated bitstream files are copied from platform to folder 'D:\School\UIUC_ECE385_SP25\Final_Project\sdk\final_project\_ide\bitstream' in project 'final_project'.
12:57:28 INFO  : Connected to target on host '127.0.0.1' and port '3121'.
12:57:29 INFO  : Jtag cable 'RealDigital Boo 88710000000EA' is selected.
12:57:29 INFO  : 'jtag frequency' command is executed.
12:57:29 INFO  : 'targets -set -filter {jtag_cable_name =~ "RealDigital Boo 88710000000EA" && level==0 && jtag_device_ctx=="jsn1-0362f093-0"}' command is executed.
12:57:30 INFO  : Device configured successfully with "D:/School/UIUC_ECE385_SP25/Final_Project/sdk/final_project/_ide/bitstream/mb_lab7_1_wrapper.bit"
12:57:30 INFO  : Context for processor 'microblaze_0' is selected.
12:57:30 INFO  : Hardware design and registers information is loaded from 'D:/School/UIUC_ECE385_SP25/Final_Project/sdk/mb_lab7_1_wrapper/export/mb_lab7_1_wrapper/hw/mb_lab7_1_wrapper.xsa'.
12:57:30 INFO  : 'configparams mdm-detect-bscan-mask 2' command is executed.
12:57:30 INFO  : Context for processor 'microblaze_0' is selected.
12:57:30 INFO  : System reset is completed.
12:57:33 INFO  : 'after 3000' command is executed.
12:57:33 INFO  : Context for processor 'microblaze_0' is selected.
12:57:33 INFO  : The application 'D:/School/UIUC_ECE385_SP25/Final_Project/sdk/final_project/Debug/final_project.elf' is downloaded to processor 'microblaze_0'.
12:57:33 INFO  : ----------------XSDB Script----------------
connect -url tcp:127.0.0.1:3121
targets -set -filter {jtag_cable_name =~ "RealDigital Boo 88710000000EA" && level==0 && jtag_device_ctx=="jsn1-0362f093-0"}
fpga -file D:/School/UIUC_ECE385_SP25/Final_Project/sdk/final_project/_ide/bitstream/mb_lab7_1_wrapper.bit
targets -set -nocase -filter {name =~ "*microblaze*#0" && bscan=="USER2" }
loadhw -hw D:/School/UIUC_ECE385_SP25/Final_Project/sdk/mb_lab7_1_wrapper/export/mb_lab7_1_wrapper/hw/mb_lab7_1_wrapper.xsa -regs
configparams mdm-detect-bscan-mask 2
targets -set -nocase -filter {name =~ "*microblaze*#0" && bscan=="USER2" }
rst -system
after 3000
targets -set -nocase -filter {name =~ "*microblaze*#0" && bscan=="USER2" }
dow D:/School/UIUC_ECE385_SP25/Final_Project/sdk/final_project/Debug/final_project.elf
----------------End of Script----------------

12:57:33 INFO  : Context for processor 'microblaze_0' is selected.
12:57:33 INFO  : 'con' command is executed.
12:57:33 INFO  : ----------------XSDB Script (After Launch)----------------
targets -set -nocase -filter {name =~ "*microblaze*#0" && bscan=="USER2" }
con
----------------End of Script----------------

12:57:33 INFO  : Disconnected from the channel tcfchan#17.
12:59:27 INFO  : Checking for BSP changes to sync application flags for project 'final_project'...
12:59:34 INFO  : Connected to target on host '127.0.0.1' and port '3121'.
12:59:34 INFO  : Jtag cable 'RealDigital Boo 88710000000EA' is selected.
12:59:34 INFO  : 'jtag frequency' command is executed.
12:59:34 INFO  : 'targets -set -filter {jtag_cable_name =~ "RealDigital Boo 88710000000EA" && level==0 && jtag_device_ctx=="jsn1-0362f093-0"}' command is executed.
12:59:35 INFO  : Device configured successfully with "D:/School/UIUC_ECE385_SP25/Final_Project/sdk/final_project/_ide/bitstream/mb_lab7_1_wrapper.bit"
12:59:35 INFO  : Context for processor 'microblaze_0' is selected.
12:59:35 INFO  : Hardware design and registers information is loaded from 'D:/School/UIUC_ECE385_SP25/Final_Project/sdk/mb_lab7_1_wrapper/export/mb_lab7_1_wrapper/hw/mb_lab7_1_wrapper.xsa'.
12:59:35 INFO  : 'configparams mdm-detect-bscan-mask 2' command is executed.
12:59:35 INFO  : Context for processor 'microblaze_0' is selected.
12:59:35 INFO  : System reset is completed.
12:59:38 INFO  : 'after 3000' command is executed.
12:59:38 INFO  : Context for processor 'microblaze_0' is selected.
12:59:39 INFO  : The application 'D:/School/UIUC_ECE385_SP25/Final_Project/sdk/final_project/Debug/final_project.elf' is downloaded to processor 'microblaze_0'.
12:59:39 INFO  : ----------------XSDB Script----------------
connect -url tcp:127.0.0.1:3121
targets -set -filter {jtag_cable_name =~ "RealDigital Boo 88710000000EA" && level==0 && jtag_device_ctx=="jsn1-0362f093-0"}
fpga -file D:/School/UIUC_ECE385_SP25/Final_Project/sdk/final_project/_ide/bitstream/mb_lab7_1_wrapper.bit
targets -set -nocase -filter {name =~ "*microblaze*#0" && bscan=="USER2" }
loadhw -hw D:/School/UIUC_ECE385_SP25/Final_Project/sdk/mb_lab7_1_wrapper/export/mb_lab7_1_wrapper/hw/mb_lab7_1_wrapper.xsa -regs
configparams mdm-detect-bscan-mask 2
targets -set -nocase -filter {name =~ "*microblaze*#0" && bscan=="USER2" }
rst -system
after 3000
targets -set -nocase -filter {name =~ "*microblaze*#0" && bscan=="USER2" }
dow D:/School/UIUC_ECE385_SP25/Final_Project/sdk/final_project/Debug/final_project.elf
----------------End of Script----------------

12:59:39 INFO  : Context for processor 'microblaze_0' is selected.
12:59:39 INFO  : 'con' command is executed.
12:59:39 INFO  : ----------------XSDB Script (After Launch)----------------
targets -set -nocase -filter {name =~ "*microblaze*#0" && bscan=="USER2" }
con
----------------End of Script----------------

12:59:39 INFO  : Disconnected from the channel tcfchan#18.
13:33:25 INFO  : Hardware specification for platform project 'mb_lab7_1_wrapper' is updated.
13:33:44 INFO  : Result from executing command 'getProjects': mb_lab7_1_wrapper
13:33:44 INFO  : Result from executing command 'getPlatforms': mb_lab7_1_wrapper|D:/School/UIUC_ECE385_SP25/Final_Project/sdk/mb_lab7_1_wrapper/export/mb_lab7_1_wrapper/mb_lab7_1_wrapper.xpfm
13:33:44 INFO  : Checking for BSP changes to sync application flags for project 'final_project'...
13:33:46 INFO  : The hardware specification used by project 'final_project' is out of sync with the platform. Resource files extracted from the hardware specification will be updated.
13:33:46 INFO  : The file 'D:\School\UIUC_ECE385_SP25\Final_Project\sdk\final_project\_ide\bitstream\mb_lab7_1_wrapper.bit' stored in project is removed.
13:33:46 INFO  : The file 'D:\School\UIUC_ECE385_SP25\Final_Project\sdk\final_project\_ide\bitstream\mb_lab7_1_wrapper.mmi' stored in project is removed.
13:33:46 INFO  : The updated bitstream files are copied from platform to folder 'D:\School\UIUC_ECE385_SP25\Final_Project\sdk\final_project\_ide\bitstream' in project 'final_project'.
13:33:51 INFO  : Connected to target on host '127.0.0.1' and port '3121'.
13:33:52 INFO  : Jtag cable 'RealDigital Boo 88710000000EA' is selected.
13:33:52 INFO  : 'jtag frequency' command is executed.
13:33:52 INFO  : 'targets -set -filter {jtag_cable_name =~ "RealDigital Boo 88710000000EA" && level==0 && jtag_device_ctx=="jsn1-0362f093-0"}' command is executed.
13:33:54 INFO  : Device configured successfully with "D:/School/UIUC_ECE385_SP25/Final_Project/sdk/final_project/_ide/bitstream/mb_lab7_1_wrapper.bit"
13:33:54 INFO  : Context for processor 'microblaze_0' is selected.
13:33:54 INFO  : Hardware design and registers information is loaded from 'D:/School/UIUC_ECE385_SP25/Final_Project/sdk/mb_lab7_1_wrapper/export/mb_lab7_1_wrapper/hw/mb_lab7_1_wrapper.xsa'.
13:33:54 INFO  : 'configparams mdm-detect-bscan-mask 2' command is executed.
13:33:54 INFO  : Context for processor 'microblaze_0' is selected.
13:33:54 INFO  : System reset is completed.
13:33:57 INFO  : 'after 3000' command is executed.
13:33:57 INFO  : Context for processor 'microblaze_0' is selected.
13:33:58 INFO  : The application 'D:/School/UIUC_ECE385_SP25/Final_Project/sdk/final_project/Debug/final_project.elf' is downloaded to processor 'microblaze_0'.
13:33:58 INFO  : ----------------XSDB Script----------------
connect -url tcp:127.0.0.1:3121
targets -set -filter {jtag_cable_name =~ "RealDigital Boo 88710000000EA" && level==0 && jtag_device_ctx=="jsn1-0362f093-0"}
fpga -file D:/School/UIUC_ECE385_SP25/Final_Project/sdk/final_project/_ide/bitstream/mb_lab7_1_wrapper.bit
targets -set -nocase -filter {name =~ "*microblaze*#0" && bscan=="USER2" }
loadhw -hw D:/School/UIUC_ECE385_SP25/Final_Project/sdk/mb_lab7_1_wrapper/export/mb_lab7_1_wrapper/hw/mb_lab7_1_wrapper.xsa -regs
configparams mdm-detect-bscan-mask 2
targets -set -nocase -filter {name =~ "*microblaze*#0" && bscan=="USER2" }
rst -system
after 3000
targets -set -nocase -filter {name =~ "*microblaze*#0" && bscan=="USER2" }
dow D:/School/UIUC_ECE385_SP25/Final_Project/sdk/final_project/Debug/final_project.elf
----------------End of Script----------------

13:33:58 INFO  : Context for processor 'microblaze_0' is selected.
13:33:58 INFO  : 'con' command is executed.
13:33:58 INFO  : ----------------XSDB Script (After Launch)----------------
targets -set -nocase -filter {name =~ "*microblaze*#0" && bscan=="USER2" }
con
----------------End of Script----------------

13:33:58 INFO  : Disconnected from the channel tcfchan#20.
13:37:30 INFO  : Checking for BSP changes to sync application flags for project 'final_project'...
13:37:35 INFO  : Connected to target on host '127.0.0.1' and port '3121'.
13:37:36 INFO  : Jtag cable 'RealDigital Boo 88710000000EA' is selected.
13:37:36 INFO  : 'jtag frequency' command is executed.
13:37:36 INFO  : 'targets -set -filter {jtag_cable_name =~ "RealDigital Boo 88710000000EA" && level==0 && jtag_device_ctx=="jsn1-0362f093-0"}' command is executed.
13:37:38 INFO  : Device configured successfully with "D:/School/UIUC_ECE385_SP25/Final_Project/sdk/final_project/_ide/bitstream/mb_lab7_1_wrapper.bit"
13:37:38 INFO  : Context for processor 'microblaze_0' is selected.
13:37:38 INFO  : Hardware design and registers information is loaded from 'D:/School/UIUC_ECE385_SP25/Final_Project/sdk/mb_lab7_1_wrapper/export/mb_lab7_1_wrapper/hw/mb_lab7_1_wrapper.xsa'.
13:37:38 INFO  : 'configparams mdm-detect-bscan-mask 2' command is executed.
13:37:38 INFO  : Context for processor 'microblaze_0' is selected.
13:37:38 INFO  : System reset is completed.
13:37:41 INFO  : 'after 3000' command is executed.
13:37:41 INFO  : Context for processor 'microblaze_0' is selected.
13:37:42 INFO  : The application 'D:/School/UIUC_ECE385_SP25/Final_Project/sdk/final_project/Debug/final_project.elf' is downloaded to processor 'microblaze_0'.
13:37:42 INFO  : ----------------XSDB Script----------------
connect -url tcp:127.0.0.1:3121
targets -set -filter {jtag_cable_name =~ "RealDigital Boo 88710000000EA" && level==0 && jtag_device_ctx=="jsn1-0362f093-0"}
fpga -file D:/School/UIUC_ECE385_SP25/Final_Project/sdk/final_project/_ide/bitstream/mb_lab7_1_wrapper.bit
targets -set -nocase -filter {name =~ "*microblaze*#0" && bscan=="USER2" }
loadhw -hw D:/School/UIUC_ECE385_SP25/Final_Project/sdk/mb_lab7_1_wrapper/export/mb_lab7_1_wrapper/hw/mb_lab7_1_wrapper.xsa -regs
configparams mdm-detect-bscan-mask 2
targets -set -nocase -filter {name =~ "*microblaze*#0" && bscan=="USER2" }
rst -system
after 3000
targets -set -nocase -filter {name =~ "*microblaze*#0" && bscan=="USER2" }
dow D:/School/UIUC_ECE385_SP25/Final_Project/sdk/final_project/Debug/final_project.elf
----------------End of Script----------------

13:37:42 INFO  : Context for processor 'microblaze_0' is selected.
13:37:42 INFO  : 'con' command is executed.
13:37:42 INFO  : ----------------XSDB Script (After Launch)----------------
targets -set -nocase -filter {name =~ "*microblaze*#0" && bscan=="USER2" }
con
----------------End of Script----------------

13:37:42 INFO  : Disconnected from the channel tcfchan#21.
13:38:25 INFO  : Checking for BSP changes to sync application flags for project 'final_project'...
13:38:35 INFO  : Connected to target on host '127.0.0.1' and port '3121'.
13:38:36 INFO  : Jtag cable 'RealDigital Boo 88710000000EA' is selected.
13:38:36 INFO  : 'jtag frequency' command is executed.
13:38:36 INFO  : 'targets -set -filter {jtag_cable_name =~ "RealDigital Boo 88710000000EA" && level==0 && jtag_device_ctx=="jsn1-0362f093-0"}' command is executed.
13:38:38 INFO  : Device configured successfully with "D:/School/UIUC_ECE385_SP25/Final_Project/sdk/final_project/_ide/bitstream/mb_lab7_1_wrapper.bit"
13:38:38 INFO  : Context for processor 'microblaze_0' is selected.
13:38:38 INFO  : Hardware design and registers information is loaded from 'D:/School/UIUC_ECE385_SP25/Final_Project/sdk/mb_lab7_1_wrapper/export/mb_lab7_1_wrapper/hw/mb_lab7_1_wrapper.xsa'.
13:38:38 INFO  : 'configparams mdm-detect-bscan-mask 2' command is executed.
13:38:38 INFO  : Context for processor 'microblaze_0' is selected.
13:38:38 INFO  : System reset is completed.
13:38:41 INFO  : 'after 3000' command is executed.
13:38:42 INFO  : Context for processor 'microblaze_0' is selected.
13:38:42 INFO  : The application 'D:/School/UIUC_ECE385_SP25/Final_Project/sdk/final_project/Debug/final_project.elf' is downloaded to processor 'microblaze_0'.
13:38:42 INFO  : ----------------XSDB Script----------------
connect -url tcp:127.0.0.1:3121
targets -set -filter {jtag_cable_name =~ "RealDigital Boo 88710000000EA" && level==0 && jtag_device_ctx=="jsn1-0362f093-0"}
fpga -file D:/School/UIUC_ECE385_SP25/Final_Project/sdk/final_project/_ide/bitstream/mb_lab7_1_wrapper.bit
targets -set -nocase -filter {name =~ "*microblaze*#0" && bscan=="USER2" }
loadhw -hw D:/School/UIUC_ECE385_SP25/Final_Project/sdk/mb_lab7_1_wrapper/export/mb_lab7_1_wrapper/hw/mb_lab7_1_wrapper.xsa -regs
configparams mdm-detect-bscan-mask 2
targets -set -nocase -filter {name =~ "*microblaze*#0" && bscan=="USER2" }
rst -system
after 3000
targets -set -nocase -filter {name =~ "*microblaze*#0" && bscan=="USER2" }
dow D:/School/UIUC_ECE385_SP25/Final_Project/sdk/final_project/Debug/final_project.elf
----------------End of Script----------------

13:38:42 INFO  : Context for processor 'microblaze_0' is selected.
13:38:42 INFO  : 'con' command is executed.
13:38:42 INFO  : ----------------XSDB Script (After Launch)----------------
targets -set -nocase -filter {name =~ "*microblaze*#0" && bscan=="USER2" }
con
----------------End of Script----------------

13:38:42 INFO  : Disconnected from the channel tcfchan#22.
14:00:24 INFO  : Checking for BSP changes to sync application flags for project 'final_project'...
14:00:29 INFO  : Connected to target on host '127.0.0.1' and port '3121'.
14:00:30 INFO  : Jtag cable 'RealDigital Boo 88710000000EA' is selected.
14:00:30 INFO  : 'jtag frequency' command is executed.
14:00:30 INFO  : 'targets -set -filter {jtag_cable_name =~ "RealDigital Boo 88710000000EA" && level==0 && jtag_device_ctx=="jsn1-0362f093-0"}' command is executed.
14:00:32 INFO  : Device configured successfully with "D:/School/UIUC_ECE385_SP25/Final_Project/sdk/final_project/_ide/bitstream/mb_lab7_1_wrapper.bit"
14:00:32 INFO  : Context for processor 'microblaze_0' is selected.
14:00:32 INFO  : Hardware design and registers information is loaded from 'D:/School/UIUC_ECE385_SP25/Final_Project/sdk/mb_lab7_1_wrapper/export/mb_lab7_1_wrapper/hw/mb_lab7_1_wrapper.xsa'.
14:00:32 INFO  : 'configparams mdm-detect-bscan-mask 2' command is executed.
14:00:32 INFO  : Context for processor 'microblaze_0' is selected.
14:00:32 INFO  : System reset is completed.
14:00:35 INFO  : 'after 3000' command is executed.
14:00:36 INFO  : Context for processor 'microblaze_0' is selected.
14:00:36 INFO  : The application 'D:/School/UIUC_ECE385_SP25/Final_Project/sdk/final_project/Debug/final_project.elf' is downloaded to processor 'microblaze_0'.
14:00:36 INFO  : ----------------XSDB Script----------------
connect -url tcp:127.0.0.1:3121
targets -set -filter {jtag_cable_name =~ "RealDigital Boo 88710000000EA" && level==0 && jtag_device_ctx=="jsn1-0362f093-0"}
fpga -file D:/School/UIUC_ECE385_SP25/Final_Project/sdk/final_project/_ide/bitstream/mb_lab7_1_wrapper.bit
targets -set -nocase -filter {name =~ "*microblaze*#0" && bscan=="USER2" }
loadhw -hw D:/School/UIUC_ECE385_SP25/Final_Project/sdk/mb_lab7_1_wrapper/export/mb_lab7_1_wrapper/hw/mb_lab7_1_wrapper.xsa -regs
configparams mdm-detect-bscan-mask 2
targets -set -nocase -filter {name =~ "*microblaze*#0" && bscan=="USER2" }
rst -system
after 3000
targets -set -nocase -filter {name =~ "*microblaze*#0" && bscan=="USER2" }
dow D:/School/UIUC_ECE385_SP25/Final_Project/sdk/final_project/Debug/final_project.elf
----------------End of Script----------------

14:00:36 INFO  : Context for processor 'microblaze_0' is selected.
14:00:36 INFO  : 'con' command is executed.
14:00:36 INFO  : ----------------XSDB Script (After Launch)----------------
targets -set -nocase -filter {name =~ "*microblaze*#0" && bscan=="USER2" }
con
----------------End of Script----------------

14:00:36 INFO  : Disconnected from the channel tcfchan#23.
14:02:02 INFO  : Checking for BSP changes to sync application flags for project 'final_project'...
14:02:07 INFO  : Connected to target on host '127.0.0.1' and port '3121'.
14:02:08 INFO  : Jtag cable 'RealDigital Boo 88710000000EA' is selected.
14:02:08 INFO  : 'jtag frequency' command is executed.
14:02:08 INFO  : 'targets -set -filter {jtag_cable_name =~ "RealDigital Boo 88710000000EA" && level==0 && jtag_device_ctx=="jsn1-0362f093-0"}' command is executed.
14:02:10 INFO  : Device configured successfully with "D:/School/UIUC_ECE385_SP25/Final_Project/sdk/final_project/_ide/bitstream/mb_lab7_1_wrapper.bit"
14:02:10 INFO  : Context for processor 'microblaze_0' is selected.
14:02:10 INFO  : Hardware design and registers information is loaded from 'D:/School/UIUC_ECE385_SP25/Final_Project/sdk/mb_lab7_1_wrapper/export/mb_lab7_1_wrapper/hw/mb_lab7_1_wrapper.xsa'.
14:02:10 INFO  : 'configparams mdm-detect-bscan-mask 2' command is executed.
14:02:10 INFO  : Context for processor 'microblaze_0' is selected.
14:02:10 INFO  : System reset is completed.
14:02:13 INFO  : 'after 3000' command is executed.
14:02:13 INFO  : Context for processor 'microblaze_0' is selected.
14:02:14 INFO  : The application 'D:/School/UIUC_ECE385_SP25/Final_Project/sdk/final_project/Debug/final_project.elf' is downloaded to processor 'microblaze_0'.
14:02:14 INFO  : ----------------XSDB Script----------------
connect -url tcp:127.0.0.1:3121
targets -set -filter {jtag_cable_name =~ "RealDigital Boo 88710000000EA" && level==0 && jtag_device_ctx=="jsn1-0362f093-0"}
fpga -file D:/School/UIUC_ECE385_SP25/Final_Project/sdk/final_project/_ide/bitstream/mb_lab7_1_wrapper.bit
targets -set -nocase -filter {name =~ "*microblaze*#0" && bscan=="USER2" }
loadhw -hw D:/School/UIUC_ECE385_SP25/Final_Project/sdk/mb_lab7_1_wrapper/export/mb_lab7_1_wrapper/hw/mb_lab7_1_wrapper.xsa -regs
configparams mdm-detect-bscan-mask 2
targets -set -nocase -filter {name =~ "*microblaze*#0" && bscan=="USER2" }
rst -system
after 3000
targets -set -nocase -filter {name =~ "*microblaze*#0" && bscan=="USER2" }
dow D:/School/UIUC_ECE385_SP25/Final_Project/sdk/final_project/Debug/final_project.elf
----------------End of Script----------------

14:02:14 INFO  : Context for processor 'microblaze_0' is selected.
14:02:14 INFO  : 'con' command is executed.
14:02:14 INFO  : ----------------XSDB Script (After Launch)----------------
targets -set -nocase -filter {name =~ "*microblaze*#0" && bscan=="USER2" }
con
----------------End of Script----------------

14:02:14 INFO  : Disconnected from the channel tcfchan#24.
14:15:47 INFO  : Checking for BSP changes to sync application flags for project 'final_project'...
14:15:52 INFO  : Connected to target on host '127.0.0.1' and port '3121'.
14:15:53 INFO  : Jtag cable 'RealDigital Boo 88710000000EA' is selected.
14:15:53 INFO  : 'jtag frequency' command is executed.
14:15:53 INFO  : 'targets -set -filter {jtag_cable_name =~ "RealDigital Boo 88710000000EA" && level==0 && jtag_device_ctx=="jsn1-0362f093-0"}' command is executed.
14:15:55 INFO  : Device configured successfully with "D:/School/UIUC_ECE385_SP25/Final_Project/sdk/final_project/_ide/bitstream/mb_lab7_1_wrapper.bit"
14:15:55 INFO  : Context for processor 'microblaze_0' is selected.
14:15:55 INFO  : Hardware design and registers information is loaded from 'D:/School/UIUC_ECE385_SP25/Final_Project/sdk/mb_lab7_1_wrapper/export/mb_lab7_1_wrapper/hw/mb_lab7_1_wrapper.xsa'.
14:15:55 INFO  : 'configparams mdm-detect-bscan-mask 2' command is executed.
14:15:55 INFO  : Context for processor 'microblaze_0' is selected.
14:15:55 INFO  : System reset is completed.
14:15:58 INFO  : 'after 3000' command is executed.
14:15:59 INFO  : Context for processor 'microblaze_0' is selected.
14:15:59 INFO  : The application 'D:/School/UIUC_ECE385_SP25/Final_Project/sdk/final_project/Debug/final_project.elf' is downloaded to processor 'microblaze_0'.
14:15:59 INFO  : ----------------XSDB Script----------------
connect -url tcp:127.0.0.1:3121
targets -set -filter {jtag_cable_name =~ "RealDigital Boo 88710000000EA" && level==0 && jtag_device_ctx=="jsn1-0362f093-0"}
fpga -file D:/School/UIUC_ECE385_SP25/Final_Project/sdk/final_project/_ide/bitstream/mb_lab7_1_wrapper.bit
targets -set -nocase -filter {name =~ "*microblaze*#0" && bscan=="USER2" }
loadhw -hw D:/School/UIUC_ECE385_SP25/Final_Project/sdk/mb_lab7_1_wrapper/export/mb_lab7_1_wrapper/hw/mb_lab7_1_wrapper.xsa -regs
configparams mdm-detect-bscan-mask 2
targets -set -nocase -filter {name =~ "*microblaze*#0" && bscan=="USER2" }
rst -system
after 3000
targets -set -nocase -filter {name =~ "*microblaze*#0" && bscan=="USER2" }
dow D:/School/UIUC_ECE385_SP25/Final_Project/sdk/final_project/Debug/final_project.elf
----------------End of Script----------------

14:15:59 INFO  : Context for processor 'microblaze_0' is selected.
14:15:59 INFO  : 'con' command is executed.
14:15:59 INFO  : ----------------XSDB Script (After Launch)----------------
targets -set -nocase -filter {name =~ "*microblaze*#0" && bscan=="USER2" }
con
----------------End of Script----------------

14:15:59 INFO  : Disconnected from the channel tcfchan#25.
14:18:37 INFO  : Checking for BSP changes to sync application flags for project 'final_project'...
14:18:42 INFO  : Connected to target on host '127.0.0.1' and port '3121'.
14:18:43 INFO  : Jtag cable 'RealDigital Boo 88710000000EA' is selected.
14:18:43 INFO  : 'jtag frequency' command is executed.
14:18:43 INFO  : 'targets -set -filter {jtag_cable_name =~ "RealDigital Boo 88710000000EA" && level==0 && jtag_device_ctx=="jsn1-0362f093-0"}' command is executed.
14:18:45 INFO  : Device configured successfully with "D:/School/UIUC_ECE385_SP25/Final_Project/sdk/final_project/_ide/bitstream/mb_lab7_1_wrapper.bit"
14:18:45 INFO  : Context for processor 'microblaze_0' is selected.
14:18:45 INFO  : Hardware design and registers information is loaded from 'D:/School/UIUC_ECE385_SP25/Final_Project/sdk/mb_lab7_1_wrapper/export/mb_lab7_1_wrapper/hw/mb_lab7_1_wrapper.xsa'.
14:18:45 INFO  : 'configparams mdm-detect-bscan-mask 2' command is executed.
14:18:45 INFO  : Context for processor 'microblaze_0' is selected.
14:18:45 INFO  : System reset is completed.
14:18:48 INFO  : 'after 3000' command is executed.
14:18:49 INFO  : Context for processor 'microblaze_0' is selected.
14:18:49 INFO  : The application 'D:/School/UIUC_ECE385_SP25/Final_Project/sdk/final_project/Debug/final_project.elf' is downloaded to processor 'microblaze_0'.
14:18:49 INFO  : ----------------XSDB Script----------------
connect -url tcp:127.0.0.1:3121
targets -set -filter {jtag_cable_name =~ "RealDigital Boo 88710000000EA" && level==0 && jtag_device_ctx=="jsn1-0362f093-0"}
fpga -file D:/School/UIUC_ECE385_SP25/Final_Project/sdk/final_project/_ide/bitstream/mb_lab7_1_wrapper.bit
targets -set -nocase -filter {name =~ "*microblaze*#0" && bscan=="USER2" }
loadhw -hw D:/School/UIUC_ECE385_SP25/Final_Project/sdk/mb_lab7_1_wrapper/export/mb_lab7_1_wrapper/hw/mb_lab7_1_wrapper.xsa -regs
configparams mdm-detect-bscan-mask 2
targets -set -nocase -filter {name =~ "*microblaze*#0" && bscan=="USER2" }
rst -system
after 3000
targets -set -nocase -filter {name =~ "*microblaze*#0" && bscan=="USER2" }
dow D:/School/UIUC_ECE385_SP25/Final_Project/sdk/final_project/Debug/final_project.elf
----------------End of Script----------------

14:18:49 INFO  : Context for processor 'microblaze_0' is selected.
14:18:49 INFO  : 'con' command is executed.
14:18:49 INFO  : ----------------XSDB Script (After Launch)----------------
targets -set -nocase -filter {name =~ "*microblaze*#0" && bscan=="USER2" }
con
----------------End of Script----------------

14:18:49 INFO  : Disconnected from the channel tcfchan#26.
14:19:19 INFO  : Checking for BSP changes to sync application flags for project 'final_project'...
14:19:24 INFO  : Connected to target on host '127.0.0.1' and port '3121'.
14:19:25 INFO  : Jtag cable 'RealDigital Boo 88710000000EA' is selected.
14:19:25 INFO  : 'jtag frequency' command is executed.
14:19:25 INFO  : 'targets -set -filter {jtag_cable_name =~ "RealDigital Boo 88710000000EA" && level==0 && jtag_device_ctx=="jsn1-0362f093-0"}' command is executed.
14:19:27 INFO  : Device configured successfully with "D:/School/UIUC_ECE385_SP25/Final_Project/sdk/final_project/_ide/bitstream/mb_lab7_1_wrapper.bit"
14:19:27 INFO  : Context for processor 'microblaze_0' is selected.
14:19:27 INFO  : Hardware design and registers information is loaded from 'D:/School/UIUC_ECE385_SP25/Final_Project/sdk/mb_lab7_1_wrapper/export/mb_lab7_1_wrapper/hw/mb_lab7_1_wrapper.xsa'.
14:19:27 INFO  : 'configparams mdm-detect-bscan-mask 2' command is executed.
14:19:27 INFO  : Context for processor 'microblaze_0' is selected.
14:19:27 INFO  : System reset is completed.
14:19:30 INFO  : 'after 3000' command is executed.
14:19:30 INFO  : Context for processor 'microblaze_0' is selected.
14:19:31 INFO  : The application 'D:/School/UIUC_ECE385_SP25/Final_Project/sdk/final_project/Debug/final_project.elf' is downloaded to processor 'microblaze_0'.
14:19:31 INFO  : ----------------XSDB Script----------------
connect -url tcp:127.0.0.1:3121
targets -set -filter {jtag_cable_name =~ "RealDigital Boo 88710000000EA" && level==0 && jtag_device_ctx=="jsn1-0362f093-0"}
fpga -file D:/School/UIUC_ECE385_SP25/Final_Project/sdk/final_project/_ide/bitstream/mb_lab7_1_wrapper.bit
targets -set -nocase -filter {name =~ "*microblaze*#0" && bscan=="USER2" }
loadhw -hw D:/School/UIUC_ECE385_SP25/Final_Project/sdk/mb_lab7_1_wrapper/export/mb_lab7_1_wrapper/hw/mb_lab7_1_wrapper.xsa -regs
configparams mdm-detect-bscan-mask 2
targets -set -nocase -filter {name =~ "*microblaze*#0" && bscan=="USER2" }
rst -system
after 3000
targets -set -nocase -filter {name =~ "*microblaze*#0" && bscan=="USER2" }
dow D:/School/UIUC_ECE385_SP25/Final_Project/sdk/final_project/Debug/final_project.elf
----------------End of Script----------------

14:19:31 INFO  : Context for processor 'microblaze_0' is selected.
14:19:31 INFO  : 'con' command is executed.
14:19:31 INFO  : ----------------XSDB Script (After Launch)----------------
targets -set -nocase -filter {name =~ "*microblaze*#0" && bscan=="USER2" }
con
----------------End of Script----------------

14:19:31 INFO  : Disconnected from the channel tcfchan#27.
14:21:11 INFO  : Checking for BSP changes to sync application flags for project 'final_project'...
14:21:18 INFO  : Connected to target on host '127.0.0.1' and port '3121'.
14:21:19 INFO  : Jtag cable 'RealDigital Boo 88710000000EA' is selected.
14:21:19 INFO  : 'jtag frequency' command is executed.
14:21:19 INFO  : 'targets -set -filter {jtag_cable_name =~ "RealDigital Boo 88710000000EA" && level==0 && jtag_device_ctx=="jsn1-0362f093-0"}' command is executed.
14:21:21 INFO  : Device configured successfully with "D:/School/UIUC_ECE385_SP25/Final_Project/sdk/final_project/_ide/bitstream/mb_lab7_1_wrapper.bit"
14:21:21 INFO  : Context for processor 'microblaze_0' is selected.
14:21:21 INFO  : Hardware design and registers information is loaded from 'D:/School/UIUC_ECE385_SP25/Final_Project/sdk/mb_lab7_1_wrapper/export/mb_lab7_1_wrapper/hw/mb_lab7_1_wrapper.xsa'.
14:21:21 INFO  : 'configparams mdm-detect-bscan-mask 2' command is executed.
14:21:21 INFO  : Context for processor 'microblaze_0' is selected.
14:21:21 INFO  : System reset is completed.
14:21:24 INFO  : 'after 3000' command is executed.
14:21:25 INFO  : Context for processor 'microblaze_0' is selected.
14:21:25 INFO  : The application 'D:/School/UIUC_ECE385_SP25/Final_Project/sdk/final_project/Debug/final_project.elf' is downloaded to processor 'microblaze_0'.
14:21:25 INFO  : ----------------XSDB Script----------------
connect -url tcp:127.0.0.1:3121
targets -set -filter {jtag_cable_name =~ "RealDigital Boo 88710000000EA" && level==0 && jtag_device_ctx=="jsn1-0362f093-0"}
fpga -file D:/School/UIUC_ECE385_SP25/Final_Project/sdk/final_project/_ide/bitstream/mb_lab7_1_wrapper.bit
targets -set -nocase -filter {name =~ "*microblaze*#0" && bscan=="USER2" }
loadhw -hw D:/School/UIUC_ECE385_SP25/Final_Project/sdk/mb_lab7_1_wrapper/export/mb_lab7_1_wrapper/hw/mb_lab7_1_wrapper.xsa -regs
configparams mdm-detect-bscan-mask 2
targets -set -nocase -filter {name =~ "*microblaze*#0" && bscan=="USER2" }
rst -system
after 3000
targets -set -nocase -filter {name =~ "*microblaze*#0" && bscan=="USER2" }
dow D:/School/UIUC_ECE385_SP25/Final_Project/sdk/final_project/Debug/final_project.elf
----------------End of Script----------------

14:21:25 INFO  : Context for processor 'microblaze_0' is selected.
14:21:25 INFO  : 'con' command is executed.
14:21:25 INFO  : ----------------XSDB Script (After Launch)----------------
targets -set -nocase -filter {name =~ "*microblaze*#0" && bscan=="USER2" }
con
----------------End of Script----------------

14:21:25 INFO  : Disconnected from the channel tcfchan#28.
14:22:44 INFO  : Checking for BSP changes to sync application flags for project 'final_project'...
14:22:50 INFO  : Connected to target on host '127.0.0.1' and port '3121'.
14:22:51 INFO  : Jtag cable 'RealDigital Boo 88710000000EA' is selected.
14:22:51 INFO  : 'jtag frequency' command is executed.
14:22:51 INFO  : 'targets -set -filter {jtag_cable_name =~ "RealDigital Boo 88710000000EA" && level==0 && jtag_device_ctx=="jsn1-0362f093-0"}' command is executed.
14:22:53 INFO  : Device configured successfully with "D:/School/UIUC_ECE385_SP25/Final_Project/sdk/final_project/_ide/bitstream/mb_lab7_1_wrapper.bit"
14:22:53 INFO  : Context for processor 'microblaze_0' is selected.
14:22:53 INFO  : Hardware design and registers information is loaded from 'D:/School/UIUC_ECE385_SP25/Final_Project/sdk/mb_lab7_1_wrapper/export/mb_lab7_1_wrapper/hw/mb_lab7_1_wrapper.xsa'.
14:22:53 INFO  : 'configparams mdm-detect-bscan-mask 2' command is executed.
14:22:53 INFO  : Context for processor 'microblaze_0' is selected.
14:22:53 INFO  : System reset is completed.
14:22:56 INFO  : 'after 3000' command is executed.
14:22:57 INFO  : Context for processor 'microblaze_0' is selected.
14:22:57 INFO  : The application 'D:/School/UIUC_ECE385_SP25/Final_Project/sdk/final_project/Debug/final_project.elf' is downloaded to processor 'microblaze_0'.
14:22:57 INFO  : ----------------XSDB Script----------------
connect -url tcp:127.0.0.1:3121
targets -set -filter {jtag_cable_name =~ "RealDigital Boo 88710000000EA" && level==0 && jtag_device_ctx=="jsn1-0362f093-0"}
fpga -file D:/School/UIUC_ECE385_SP25/Final_Project/sdk/final_project/_ide/bitstream/mb_lab7_1_wrapper.bit
targets -set -nocase -filter {name =~ "*microblaze*#0" && bscan=="USER2" }
loadhw -hw D:/School/UIUC_ECE385_SP25/Final_Project/sdk/mb_lab7_1_wrapper/export/mb_lab7_1_wrapper/hw/mb_lab7_1_wrapper.xsa -regs
configparams mdm-detect-bscan-mask 2
targets -set -nocase -filter {name =~ "*microblaze*#0" && bscan=="USER2" }
rst -system
after 3000
targets -set -nocase -filter {name =~ "*microblaze*#0" && bscan=="USER2" }
dow D:/School/UIUC_ECE385_SP25/Final_Project/sdk/final_project/Debug/final_project.elf
----------------End of Script----------------

14:22:57 INFO  : Context for processor 'microblaze_0' is selected.
14:22:57 INFO  : 'con' command is executed.
14:22:57 INFO  : ----------------XSDB Script (After Launch)----------------
targets -set -nocase -filter {name =~ "*microblaze*#0" && bscan=="USER2" }
con
----------------End of Script----------------

14:22:57 INFO  : Disconnected from the channel tcfchan#29.
14:25:41 INFO  : Checking for BSP changes to sync application flags for project 'final_project'...
14:28:04 INFO  : Checking for BSP changes to sync application flags for project 'final_project'...
14:28:13 INFO  : Connected to target on host '127.0.0.1' and port '3121'.
14:28:13 INFO  : Jtag cable 'RealDigital Boo 88710000000EA' is selected.
14:28:13 INFO  : 'jtag frequency' command is executed.
14:28:13 INFO  : 'targets -set -filter {jtag_cable_name =~ "RealDigital Boo 88710000000EA" && level==0 && jtag_device_ctx=="jsn1-0362f093-0"}' command is executed.
14:28:15 INFO  : Device configured successfully with "D:/School/UIUC_ECE385_SP25/Final_Project/sdk/final_project/_ide/bitstream/mb_lab7_1_wrapper.bit"
14:28:15 INFO  : Context for processor 'microblaze_0' is selected.
14:28:15 INFO  : Hardware design and registers information is loaded from 'D:/School/UIUC_ECE385_SP25/Final_Project/sdk/mb_lab7_1_wrapper/export/mb_lab7_1_wrapper/hw/mb_lab7_1_wrapper.xsa'.
14:28:15 INFO  : 'configparams mdm-detect-bscan-mask 2' command is executed.
14:28:15 INFO  : Context for processor 'microblaze_0' is selected.
14:28:15 INFO  : System reset is completed.
14:28:18 INFO  : 'after 3000' command is executed.
14:28:18 INFO  : Context for processor 'microblaze_0' is selected.
14:28:19 INFO  : The application 'D:/School/UIUC_ECE385_SP25/Final_Project/sdk/final_project/Debug/final_project.elf' is downloaded to processor 'microblaze_0'.
14:28:19 INFO  : ----------------XSDB Script----------------
connect -url tcp:127.0.0.1:3121
targets -set -filter {jtag_cable_name =~ "RealDigital Boo 88710000000EA" && level==0 && jtag_device_ctx=="jsn1-0362f093-0"}
fpga -file D:/School/UIUC_ECE385_SP25/Final_Project/sdk/final_project/_ide/bitstream/mb_lab7_1_wrapper.bit
targets -set -nocase -filter {name =~ "*microblaze*#0" && bscan=="USER2" }
loadhw -hw D:/School/UIUC_ECE385_SP25/Final_Project/sdk/mb_lab7_1_wrapper/export/mb_lab7_1_wrapper/hw/mb_lab7_1_wrapper.xsa -regs
configparams mdm-detect-bscan-mask 2
targets -set -nocase -filter {name =~ "*microblaze*#0" && bscan=="USER2" }
rst -system
after 3000
targets -set -nocase -filter {name =~ "*microblaze*#0" && bscan=="USER2" }
dow D:/School/UIUC_ECE385_SP25/Final_Project/sdk/final_project/Debug/final_project.elf
----------------End of Script----------------

14:28:19 INFO  : Context for processor 'microblaze_0' is selected.
14:28:19 INFO  : 'con' command is executed.
14:28:19 INFO  : ----------------XSDB Script (After Launch)----------------
targets -set -nocase -filter {name =~ "*microblaze*#0" && bscan=="USER2" }
con
----------------End of Script----------------

14:28:19 INFO  : Disconnected from the channel tcfchan#30.
14:58:40 INFO  : Checking for BSP changes to sync application flags for project 'final_project'...
14:58:47 INFO  : Connected to target on host '127.0.0.1' and port '3121'.
14:58:47 INFO  : Jtag cable 'RealDigital Boo 88710000000EA' is selected.
14:58:47 INFO  : 'jtag frequency' command is executed.
14:58:47 INFO  : 'targets -set -filter {jtag_cable_name =~ "RealDigital Boo 88710000000EA" && level==0 && jtag_device_ctx=="jsn1-0362f093-0"}' command is executed.
14:58:49 INFO  : Device configured successfully with "D:/School/UIUC_ECE385_SP25/Final_Project/sdk/final_project/_ide/bitstream/mb_lab7_1_wrapper.bit"
14:58:49 INFO  : Context for processor 'microblaze_0' is selected.
14:58:49 INFO  : Hardware design and registers information is loaded from 'D:/School/UIUC_ECE385_SP25/Final_Project/sdk/mb_lab7_1_wrapper/export/mb_lab7_1_wrapper/hw/mb_lab7_1_wrapper.xsa'.
14:58:49 INFO  : 'configparams mdm-detect-bscan-mask 2' command is executed.
14:58:49 INFO  : Context for processor 'microblaze_0' is selected.
14:58:49 INFO  : System reset is completed.
14:58:52 INFO  : 'after 3000' command is executed.
14:58:53 INFO  : Context for processor 'microblaze_0' is selected.
14:58:53 INFO  : The application 'D:/School/UIUC_ECE385_SP25/Final_Project/sdk/final_project/Debug/final_project.elf' is downloaded to processor 'microblaze_0'.
14:58:53 INFO  : ----------------XSDB Script----------------
connect -url tcp:127.0.0.1:3121
targets -set -filter {jtag_cable_name =~ "RealDigital Boo 88710000000EA" && level==0 && jtag_device_ctx=="jsn1-0362f093-0"}
fpga -file D:/School/UIUC_ECE385_SP25/Final_Project/sdk/final_project/_ide/bitstream/mb_lab7_1_wrapper.bit
targets -set -nocase -filter {name =~ "*microblaze*#0" && bscan=="USER2" }
loadhw -hw D:/School/UIUC_ECE385_SP25/Final_Project/sdk/mb_lab7_1_wrapper/export/mb_lab7_1_wrapper/hw/mb_lab7_1_wrapper.xsa -regs
configparams mdm-detect-bscan-mask 2
targets -set -nocase -filter {name =~ "*microblaze*#0" && bscan=="USER2" }
rst -system
after 3000
targets -set -nocase -filter {name =~ "*microblaze*#0" && bscan=="USER2" }
dow D:/School/UIUC_ECE385_SP25/Final_Project/sdk/final_project/Debug/final_project.elf
----------------End of Script----------------

14:58:53 INFO  : Context for processor 'microblaze_0' is selected.
14:58:53 INFO  : 'con' command is executed.
14:58:53 INFO  : ----------------XSDB Script (After Launch)----------------
targets -set -nocase -filter {name =~ "*microblaze*#0" && bscan=="USER2" }
con
----------------End of Script----------------

14:58:53 INFO  : Disconnected from the channel tcfchan#31.
15:02:39 INFO  : Checking for BSP changes to sync application flags for project 'final_project'...
15:02:45 INFO  : Connected to target on host '127.0.0.1' and port '3121'.
15:02:46 INFO  : Jtag cable 'RealDigital Boo 88710000000EA' is selected.
15:02:46 INFO  : 'jtag frequency' command is executed.
15:02:46 INFO  : 'targets -set -filter {jtag_cable_name =~ "RealDigital Boo 88710000000EA" && level==0 && jtag_device_ctx=="jsn1-0362f093-0"}' command is executed.
15:02:48 INFO  : Device configured successfully with "D:/School/UIUC_ECE385_SP25/Final_Project/sdk/final_project/_ide/bitstream/mb_lab7_1_wrapper.bit"
15:02:48 INFO  : Context for processor 'microblaze_0' is selected.
15:02:48 INFO  : Hardware design and registers information is loaded from 'D:/School/UIUC_ECE385_SP25/Final_Project/sdk/mb_lab7_1_wrapper/export/mb_lab7_1_wrapper/hw/mb_lab7_1_wrapper.xsa'.
15:02:48 INFO  : 'configparams mdm-detect-bscan-mask 2' command is executed.
15:02:48 INFO  : Context for processor 'microblaze_0' is selected.
15:02:48 INFO  : System reset is completed.
15:02:51 INFO  : 'after 3000' command is executed.
15:02:51 INFO  : Context for processor 'microblaze_0' is selected.
15:02:52 INFO  : The application 'D:/School/UIUC_ECE385_SP25/Final_Project/sdk/final_project/Debug/final_project.elf' is downloaded to processor 'microblaze_0'.
15:02:52 INFO  : ----------------XSDB Script----------------
connect -url tcp:127.0.0.1:3121
targets -set -filter {jtag_cable_name =~ "RealDigital Boo 88710000000EA" && level==0 && jtag_device_ctx=="jsn1-0362f093-0"}
fpga -file D:/School/UIUC_ECE385_SP25/Final_Project/sdk/final_project/_ide/bitstream/mb_lab7_1_wrapper.bit
targets -set -nocase -filter {name =~ "*microblaze*#0" && bscan=="USER2" }
loadhw -hw D:/School/UIUC_ECE385_SP25/Final_Project/sdk/mb_lab7_1_wrapper/export/mb_lab7_1_wrapper/hw/mb_lab7_1_wrapper.xsa -regs
configparams mdm-detect-bscan-mask 2
targets -set -nocase -filter {name =~ "*microblaze*#0" && bscan=="USER2" }
rst -system
after 3000
targets -set -nocase -filter {name =~ "*microblaze*#0" && bscan=="USER2" }
dow D:/School/UIUC_ECE385_SP25/Final_Project/sdk/final_project/Debug/final_project.elf
----------------End of Script----------------

15:02:52 INFO  : Context for processor 'microblaze_0' is selected.
15:02:52 INFO  : 'con' command is executed.
15:02:52 INFO  : ----------------XSDB Script (After Launch)----------------
targets -set -nocase -filter {name =~ "*microblaze*#0" && bscan=="USER2" }
con
----------------End of Script----------------

15:02:52 INFO  : Disconnected from the channel tcfchan#32.
15:35:40 INFO  : Hardware specification for platform project 'mb_lab7_1_wrapper' is updated.
15:35:51 INFO  : Result from executing command 'getProjects': mb_lab7_1_wrapper
15:35:51 INFO  : Result from executing command 'getPlatforms': mb_lab7_1_wrapper|D:/School/UIUC_ECE385_SP25/Final_Project/sdk/mb_lab7_1_wrapper/export/mb_lab7_1_wrapper/mb_lab7_1_wrapper.xpfm
15:35:51 INFO  : Checking for BSP changes to sync application flags for project 'final_project'...
15:35:53 INFO  : The hardware specification used by project 'final_project' is out of sync with the platform. Resource files extracted from the hardware specification will be updated.
15:35:53 INFO  : The file 'D:\School\UIUC_ECE385_SP25\Final_Project\sdk\final_project\_ide\bitstream\mb_lab7_1_wrapper.bit' stored in project is removed.
15:35:53 INFO  : The file 'D:\School\UIUC_ECE385_SP25\Final_Project\sdk\final_project\_ide\bitstream\mb_lab7_1_wrapper.mmi' stored in project is removed.
15:35:54 INFO  : The updated bitstream files are copied from platform to folder 'D:\School\UIUC_ECE385_SP25\Final_Project\sdk\final_project\_ide\bitstream' in project 'final_project'.
15:37:02 INFO  : Checking for BSP changes to sync application flags for project 'final_project'...
15:37:15 INFO  : Connected to target on host '127.0.0.1' and port '3121'.
15:37:15 INFO  : Jtag cable 'RealDigital Boo 88710000000EA' is selected.
15:37:15 INFO  : 'jtag frequency' command is executed.
15:37:15 INFO  : 'targets -set -filter {jtag_cable_name =~ "RealDigital Boo 88710000000EA" && level==0 && jtag_device_ctx=="jsn1-0362f093-0"}' command is executed.
15:37:17 INFO  : Device configured successfully with "D:/School/UIUC_ECE385_SP25/Final_Project/sdk/final_project/_ide/bitstream/mb_lab7_1_wrapper.bit"
15:37:17 INFO  : Context for processor 'microblaze_0' is selected.
15:37:17 INFO  : Hardware design and registers information is loaded from 'D:/School/UIUC_ECE385_SP25/Final_Project/sdk/mb_lab7_1_wrapper/export/mb_lab7_1_wrapper/hw/mb_lab7_1_wrapper.xsa'.
15:37:17 INFO  : 'configparams mdm-detect-bscan-mask 2' command is executed.
15:37:17 INFO  : Context for processor 'microblaze_0' is selected.
15:37:17 INFO  : System reset is completed.
15:37:20 INFO  : 'after 3000' command is executed.
15:37:21 INFO  : Context for processor 'microblaze_0' is selected.
15:37:21 INFO  : The application 'D:/School/UIUC_ECE385_SP25/Final_Project/sdk/final_project/Debug/final_project.elf' is downloaded to processor 'microblaze_0'.
15:37:21 INFO  : ----------------XSDB Script----------------
connect -url tcp:127.0.0.1:3121
targets -set -filter {jtag_cable_name =~ "RealDigital Boo 88710000000EA" && level==0 && jtag_device_ctx=="jsn1-0362f093-0"}
fpga -file D:/School/UIUC_ECE385_SP25/Final_Project/sdk/final_project/_ide/bitstream/mb_lab7_1_wrapper.bit
targets -set -nocase -filter {name =~ "*microblaze*#0" && bscan=="USER2" }
loadhw -hw D:/School/UIUC_ECE385_SP25/Final_Project/sdk/mb_lab7_1_wrapper/export/mb_lab7_1_wrapper/hw/mb_lab7_1_wrapper.xsa -regs
configparams mdm-detect-bscan-mask 2
targets -set -nocase -filter {name =~ "*microblaze*#0" && bscan=="USER2" }
rst -system
after 3000
targets -set -nocase -filter {name =~ "*microblaze*#0" && bscan=="USER2" }
dow D:/School/UIUC_ECE385_SP25/Final_Project/sdk/final_project/Debug/final_project.elf
----------------End of Script----------------

15:37:21 INFO  : Context for processor 'microblaze_0' is selected.
15:37:21 INFO  : 'con' command is executed.
15:37:21 INFO  : ----------------XSDB Script (After Launch)----------------
targets -set -nocase -filter {name =~ "*microblaze*#0" && bscan=="USER2" }
con
----------------End of Script----------------

15:37:21 INFO  : Disconnected from the channel tcfchan#34.
15:42:31 INFO  : Hardware specification for platform project 'mb_lab7_1_wrapper' is updated.
15:43:00 INFO  : Result from executing command 'getProjects': mb_lab7_1_wrapper
15:43:00 INFO  : Result from executing command 'getPlatforms': mb_lab7_1_wrapper|D:/School/UIUC_ECE385_SP25/Final_Project/sdk/mb_lab7_1_wrapper/export/mb_lab7_1_wrapper/mb_lab7_1_wrapper.xpfm
15:43:00 INFO  : Checking for BSP changes to sync application flags for project 'final_project'...
15:43:02 INFO  : The hardware specification used by project 'final_project' is out of sync with the platform. Resource files extracted from the hardware specification will be updated.
15:43:02 INFO  : The file 'D:\School\UIUC_ECE385_SP25\Final_Project\sdk\final_project\_ide\bitstream\mb_lab7_1_wrapper.bit' stored in project is removed.
15:43:02 INFO  : The file 'D:\School\UIUC_ECE385_SP25\Final_Project\sdk\final_project\_ide\bitstream\mb_lab7_1_wrapper.mmi' stored in project is removed.
15:43:02 INFO  : The updated bitstream files are copied from platform to folder 'D:\School\UIUC_ECE385_SP25\Final_Project\sdk\final_project\_ide\bitstream' in project 'final_project'.
15:43:55 INFO  : Checking for BSP changes to sync application flags for project 'final_project'...
15:44:01 INFO  : Connected to target on host '127.0.0.1' and port '3121'.
15:44:02 INFO  : Jtag cable 'RealDigital Boo 88710000000EA' is selected.
15:44:02 INFO  : 'jtag frequency' command is executed.
15:44:02 INFO  : 'targets -set -filter {jtag_cable_name =~ "RealDigital Boo 88710000000EA" && level==0 && jtag_device_ctx=="jsn1-0362f093-0"}' command is executed.
15:44:04 INFO  : Device configured successfully with "D:/School/UIUC_ECE385_SP25/Final_Project/sdk/final_project/_ide/bitstream/mb_lab7_1_wrapper.bit"
15:44:04 INFO  : Context for processor 'microblaze_0' is selected.
15:44:04 INFO  : Hardware design and registers information is loaded from 'D:/School/UIUC_ECE385_SP25/Final_Project/sdk/mb_lab7_1_wrapper/export/mb_lab7_1_wrapper/hw/mb_lab7_1_wrapper.xsa'.
15:44:04 INFO  : 'configparams mdm-detect-bscan-mask 2' command is executed.
15:44:04 INFO  : Context for processor 'microblaze_0' is selected.
15:44:04 INFO  : System reset is completed.
15:44:07 INFO  : 'after 3000' command is executed.
15:44:07 INFO  : Context for processor 'microblaze_0' is selected.
15:44:08 INFO  : The application 'D:/School/UIUC_ECE385_SP25/Final_Project/sdk/final_project/Debug/final_project.elf' is downloaded to processor 'microblaze_0'.
15:44:08 INFO  : ----------------XSDB Script----------------
connect -url tcp:127.0.0.1:3121
targets -set -filter {jtag_cable_name =~ "RealDigital Boo 88710000000EA" && level==0 && jtag_device_ctx=="jsn1-0362f093-0"}
fpga -file D:/School/UIUC_ECE385_SP25/Final_Project/sdk/final_project/_ide/bitstream/mb_lab7_1_wrapper.bit
targets -set -nocase -filter {name =~ "*microblaze*#0" && bscan=="USER2" }
loadhw -hw D:/School/UIUC_ECE385_SP25/Final_Project/sdk/mb_lab7_1_wrapper/export/mb_lab7_1_wrapper/hw/mb_lab7_1_wrapper.xsa -regs
configparams mdm-detect-bscan-mask 2
targets -set -nocase -filter {name =~ "*microblaze*#0" && bscan=="USER2" }
rst -system
after 3000
targets -set -nocase -filter {name =~ "*microblaze*#0" && bscan=="USER2" }
dow D:/School/UIUC_ECE385_SP25/Final_Project/sdk/final_project/Debug/final_project.elf
----------------End of Script----------------

15:44:08 INFO  : Context for processor 'microblaze_0' is selected.
15:44:08 INFO  : 'con' command is executed.
15:44:08 INFO  : ----------------XSDB Script (After Launch)----------------
targets -set -nocase -filter {name =~ "*microblaze*#0" && bscan=="USER2" }
con
----------------End of Script----------------

15:44:08 INFO  : Disconnected from the channel tcfchan#36.
15:48:17 INFO  : Hardware specification for platform project 'mb_lab7_1_wrapper' is updated.
15:48:27 INFO  : Result from executing command 'getProjects': mb_lab7_1_wrapper
15:48:27 INFO  : Result from executing command 'getPlatforms': mb_lab7_1_wrapper|D:/School/UIUC_ECE385_SP25/Final_Project/sdk/mb_lab7_1_wrapper/export/mb_lab7_1_wrapper/mb_lab7_1_wrapper.xpfm
15:48:27 INFO  : Checking for BSP changes to sync application flags for project 'final_project'...
15:48:29 INFO  : The hardware specification used by project 'final_project' is out of sync with the platform. Resource files extracted from the hardware specification will be updated.
15:48:29 INFO  : The file 'D:\School\UIUC_ECE385_SP25\Final_Project\sdk\final_project\_ide\bitstream\mb_lab7_1_wrapper.bit' stored in project is removed.
15:48:29 INFO  : The file 'D:\School\UIUC_ECE385_SP25\Final_Project\sdk\final_project\_ide\bitstream\mb_lab7_1_wrapper.mmi' stored in project is removed.
15:48:29 INFO  : The updated bitstream files are copied from platform to folder 'D:\School\UIUC_ECE385_SP25\Final_Project\sdk\final_project\_ide\bitstream' in project 'final_project'.
15:48:35 INFO  : Connected to target on host '127.0.0.1' and port '3121'.
15:48:36 INFO  : Jtag cable 'RealDigital Boo 88710000000EA' is selected.
15:48:36 INFO  : 'jtag frequency' command is executed.
15:48:36 INFO  : 'targets -set -filter {jtag_cable_name =~ "RealDigital Boo 88710000000EA" && level==0 && jtag_device_ctx=="jsn1-0362f093-0"}' command is executed.
15:48:38 INFO  : Device configured successfully with "D:/School/UIUC_ECE385_SP25/Final_Project/sdk/final_project/_ide/bitstream/mb_lab7_1_wrapper.bit"
15:48:38 INFO  : Context for processor 'microblaze_0' is selected.
15:48:38 INFO  : Hardware design and registers information is loaded from 'D:/School/UIUC_ECE385_SP25/Final_Project/sdk/mb_lab7_1_wrapper/export/mb_lab7_1_wrapper/hw/mb_lab7_1_wrapper.xsa'.
15:48:38 INFO  : 'configparams mdm-detect-bscan-mask 2' command is executed.
15:48:38 INFO  : Context for processor 'microblaze_0' is selected.
15:48:38 INFO  : System reset is completed.
15:48:41 INFO  : 'after 3000' command is executed.
15:48:41 INFO  : Context for processor 'microblaze_0' is selected.
15:48:42 INFO  : The application 'D:/School/UIUC_ECE385_SP25/Final_Project/sdk/final_project/Debug/final_project.elf' is downloaded to processor 'microblaze_0'.
15:48:42 INFO  : ----------------XSDB Script----------------
connect -url tcp:127.0.0.1:3121
targets -set -filter {jtag_cable_name =~ "RealDigital Boo 88710000000EA" && level==0 && jtag_device_ctx=="jsn1-0362f093-0"}
fpga -file D:/School/UIUC_ECE385_SP25/Final_Project/sdk/final_project/_ide/bitstream/mb_lab7_1_wrapper.bit
targets -set -nocase -filter {name =~ "*microblaze*#0" && bscan=="USER2" }
loadhw -hw D:/School/UIUC_ECE385_SP25/Final_Project/sdk/mb_lab7_1_wrapper/export/mb_lab7_1_wrapper/hw/mb_lab7_1_wrapper.xsa -regs
configparams mdm-detect-bscan-mask 2
targets -set -nocase -filter {name =~ "*microblaze*#0" && bscan=="USER2" }
rst -system
after 3000
targets -set -nocase -filter {name =~ "*microblaze*#0" && bscan=="USER2" }
dow D:/School/UIUC_ECE385_SP25/Final_Project/sdk/final_project/Debug/final_project.elf
----------------End of Script----------------

15:48:42 INFO  : Context for processor 'microblaze_0' is selected.
15:48:42 INFO  : 'con' command is executed.
15:48:42 INFO  : ----------------XSDB Script (After Launch)----------------
targets -set -nocase -filter {name =~ "*microblaze*#0" && bscan=="USER2" }
con
----------------End of Script----------------

15:48:42 INFO  : Disconnected from the channel tcfchan#38.
15:50:20 INFO  : Checking for BSP changes to sync application flags for project 'final_project'...
15:50:28 INFO  : Checking for BSP changes to sync application flags for project 'final_project'...
15:50:32 INFO  : Connected to target on host '127.0.0.1' and port '3121'.
15:50:33 INFO  : Jtag cable 'RealDigital Boo 88710000000EA' is selected.
15:50:33 INFO  : 'jtag frequency' command is executed.
15:50:33 INFO  : 'targets -set -filter {jtag_cable_name =~ "RealDigital Boo 88710000000EA" && level==0 && jtag_device_ctx=="jsn1-0362f093-0"}' command is executed.
15:50:35 INFO  : Device configured successfully with "D:/School/UIUC_ECE385_SP25/Final_Project/sdk/final_project/_ide/bitstream/mb_lab7_1_wrapper.bit"
15:50:35 INFO  : Context for processor 'microblaze_0' is selected.
15:50:35 INFO  : Hardware design and registers information is loaded from 'D:/School/UIUC_ECE385_SP25/Final_Project/sdk/mb_lab7_1_wrapper/export/mb_lab7_1_wrapper/hw/mb_lab7_1_wrapper.xsa'.
15:50:35 INFO  : 'configparams mdm-detect-bscan-mask 2' command is executed.
15:50:35 INFO  : Context for processor 'microblaze_0' is selected.
15:50:35 INFO  : System reset is completed.
15:50:38 INFO  : 'after 3000' command is executed.
15:50:39 INFO  : Context for processor 'microblaze_0' is selected.
15:50:39 INFO  : The application 'D:/School/UIUC_ECE385_SP25/Final_Project/sdk/final_project/Debug/final_project.elf' is downloaded to processor 'microblaze_0'.
15:50:39 INFO  : ----------------XSDB Script----------------
connect -url tcp:127.0.0.1:3121
targets -set -filter {jtag_cable_name =~ "RealDigital Boo 88710000000EA" && level==0 && jtag_device_ctx=="jsn1-0362f093-0"}
fpga -file D:/School/UIUC_ECE385_SP25/Final_Project/sdk/final_project/_ide/bitstream/mb_lab7_1_wrapper.bit
targets -set -nocase -filter {name =~ "*microblaze*#0" && bscan=="USER2" }
loadhw -hw D:/School/UIUC_ECE385_SP25/Final_Project/sdk/mb_lab7_1_wrapper/export/mb_lab7_1_wrapper/hw/mb_lab7_1_wrapper.xsa -regs
configparams mdm-detect-bscan-mask 2
targets -set -nocase -filter {name =~ "*microblaze*#0" && bscan=="USER2" }
rst -system
after 3000
targets -set -nocase -filter {name =~ "*microblaze*#0" && bscan=="USER2" }
dow D:/School/UIUC_ECE385_SP25/Final_Project/sdk/final_project/Debug/final_project.elf
----------------End of Script----------------

15:50:39 INFO  : Context for processor 'microblaze_0' is selected.
15:50:39 INFO  : 'con' command is executed.
15:50:39 INFO  : ----------------XSDB Script (After Launch)----------------
targets -set -nocase -filter {name =~ "*microblaze*#0" && bscan=="USER2" }
con
----------------End of Script----------------

15:50:39 INFO  : Disconnected from the channel tcfchan#39.
16:02:13 INFO  : Hardware specification for platform project 'mb_lab7_1_wrapper' is updated.
16:02:36 INFO  : Result from executing command 'getProjects': mb_lab7_1_wrapper
16:02:36 INFO  : Result from executing command 'getPlatforms': mb_lab7_1_wrapper|D:/School/UIUC_ECE385_SP25/Final_Project/sdk/mb_lab7_1_wrapper/export/mb_lab7_1_wrapper/mb_lab7_1_wrapper.xpfm
16:02:36 INFO  : Checking for BSP changes to sync application flags for project 'final_project'...
16:02:38 INFO  : The hardware specification used by project 'final_project' is out of sync with the platform. Resource files extracted from the hardware specification will be updated.
16:02:38 INFO  : The file 'D:\School\UIUC_ECE385_SP25\Final_Project\sdk\final_project\_ide\bitstream\mb_lab7_1_wrapper.bit' stored in project is removed.
16:02:38 INFO  : The file 'D:\School\UIUC_ECE385_SP25\Final_Project\sdk\final_project\_ide\bitstream\mb_lab7_1_wrapper.mmi' stored in project is removed.
16:02:38 INFO  : The updated bitstream files are copied from platform to folder 'D:\School\UIUC_ECE385_SP25\Final_Project\sdk\final_project\_ide\bitstream' in project 'final_project'.
16:02:43 INFO  : Connected to target on host '127.0.0.1' and port '3121'.
16:02:44 INFO  : Jtag cable 'RealDigital Boo 88710000000EA' is selected.
16:02:44 INFO  : 'jtag frequency' command is executed.
16:02:44 INFO  : 'targets -set -filter {jtag_cable_name =~ "RealDigital Boo 88710000000EA" && level==0 && jtag_device_ctx=="jsn1-0362f093-0"}' command is executed.
16:02:46 INFO  : Device configured successfully with "D:/School/UIUC_ECE385_SP25/Final_Project/sdk/final_project/_ide/bitstream/mb_lab7_1_wrapper.bit"
16:02:46 INFO  : Context for processor 'microblaze_0' is selected.
16:02:46 INFO  : Hardware design and registers information is loaded from 'D:/School/UIUC_ECE385_SP25/Final_Project/sdk/mb_lab7_1_wrapper/export/mb_lab7_1_wrapper/hw/mb_lab7_1_wrapper.xsa'.
16:02:46 INFO  : 'configparams mdm-detect-bscan-mask 2' command is executed.
16:02:46 INFO  : Context for processor 'microblaze_0' is selected.
16:02:46 INFO  : System reset is completed.
16:02:49 INFO  : 'after 3000' command is executed.
16:02:50 INFO  : Context for processor 'microblaze_0' is selected.
16:02:50 INFO  : The application 'D:/School/UIUC_ECE385_SP25/Final_Project/sdk/final_project/Debug/final_project.elf' is downloaded to processor 'microblaze_0'.
16:02:50 INFO  : ----------------XSDB Script----------------
connect -url tcp:127.0.0.1:3121
targets -set -filter {jtag_cable_name =~ "RealDigital Boo 88710000000EA" && level==0 && jtag_device_ctx=="jsn1-0362f093-0"}
fpga -file D:/School/UIUC_ECE385_SP25/Final_Project/sdk/final_project/_ide/bitstream/mb_lab7_1_wrapper.bit
targets -set -nocase -filter {name =~ "*microblaze*#0" && bscan=="USER2" }
loadhw -hw D:/School/UIUC_ECE385_SP25/Final_Project/sdk/mb_lab7_1_wrapper/export/mb_lab7_1_wrapper/hw/mb_lab7_1_wrapper.xsa -regs
configparams mdm-detect-bscan-mask 2
targets -set -nocase -filter {name =~ "*microblaze*#0" && bscan=="USER2" }
rst -system
after 3000
targets -set -nocase -filter {name =~ "*microblaze*#0" && bscan=="USER2" }
dow D:/School/UIUC_ECE385_SP25/Final_Project/sdk/final_project/Debug/final_project.elf
----------------End of Script----------------

16:02:50 INFO  : Context for processor 'microblaze_0' is selected.
16:02:50 INFO  : 'con' command is executed.
16:02:50 INFO  : ----------------XSDB Script (After Launch)----------------
targets -set -nocase -filter {name =~ "*microblaze*#0" && bscan=="USER2" }
con
----------------End of Script----------------

16:02:50 INFO  : Disconnected from the channel tcfchan#41.
16:03:45 INFO  : Checking for BSP changes to sync application flags for project 'final_project'...
16:03:50 INFO  : Connected to target on host '127.0.0.1' and port '3121'.
16:03:51 INFO  : Jtag cable 'RealDigital Boo 88710000000EA' is selected.
16:03:51 INFO  : 'jtag frequency' command is executed.
16:03:51 INFO  : 'targets -set -filter {jtag_cable_name =~ "RealDigital Boo 88710000000EA" && level==0 && jtag_device_ctx=="jsn1-0362f093-0"}' command is executed.
16:03:53 INFO  : Device configured successfully with "D:/School/UIUC_ECE385_SP25/Final_Project/sdk/final_project/_ide/bitstream/mb_lab7_1_wrapper.bit"
16:03:53 INFO  : Context for processor 'microblaze_0' is selected.
16:03:53 INFO  : Hardware design and registers information is loaded from 'D:/School/UIUC_ECE385_SP25/Final_Project/sdk/mb_lab7_1_wrapper/export/mb_lab7_1_wrapper/hw/mb_lab7_1_wrapper.xsa'.
16:03:53 INFO  : 'configparams mdm-detect-bscan-mask 2' command is executed.
16:03:53 INFO  : Context for processor 'microblaze_0' is selected.
16:03:53 INFO  : System reset is completed.
16:03:56 INFO  : 'after 3000' command is executed.
16:03:57 INFO  : Context for processor 'microblaze_0' is selected.
16:03:57 INFO  : The application 'D:/School/UIUC_ECE385_SP25/Final_Project/sdk/final_project/Debug/final_project.elf' is downloaded to processor 'microblaze_0'.
16:03:57 INFO  : ----------------XSDB Script----------------
connect -url tcp:127.0.0.1:3121
targets -set -filter {jtag_cable_name =~ "RealDigital Boo 88710000000EA" && level==0 && jtag_device_ctx=="jsn1-0362f093-0"}
fpga -file D:/School/UIUC_ECE385_SP25/Final_Project/sdk/final_project/_ide/bitstream/mb_lab7_1_wrapper.bit
targets -set -nocase -filter {name =~ "*microblaze*#0" && bscan=="USER2" }
loadhw -hw D:/School/UIUC_ECE385_SP25/Final_Project/sdk/mb_lab7_1_wrapper/export/mb_lab7_1_wrapper/hw/mb_lab7_1_wrapper.xsa -regs
configparams mdm-detect-bscan-mask 2
targets -set -nocase -filter {name =~ "*microblaze*#0" && bscan=="USER2" }
rst -system
after 3000
targets -set -nocase -filter {name =~ "*microblaze*#0" && bscan=="USER2" }
dow D:/School/UIUC_ECE385_SP25/Final_Project/sdk/final_project/Debug/final_project.elf
----------------End of Script----------------

16:03:57 INFO  : Context for processor 'microblaze_0' is selected.
16:03:57 INFO  : 'con' command is executed.
16:03:57 INFO  : ----------------XSDB Script (After Launch)----------------
targets -set -nocase -filter {name =~ "*microblaze*#0" && bscan=="USER2" }
con
----------------End of Script----------------

16:03:57 INFO  : Disconnected from the channel tcfchan#42.
16:14:46 INFO  : Hardware specification for platform project 'mb_lab7_1_wrapper' is updated.
16:14:58 INFO  : Result from executing command 'getProjects': mb_lab7_1_wrapper
16:14:58 INFO  : Result from executing command 'getPlatforms': mb_lab7_1_wrapper|D:/School/UIUC_ECE385_SP25/Final_Project/sdk/mb_lab7_1_wrapper/export/mb_lab7_1_wrapper/mb_lab7_1_wrapper.xpfm
16:14:58 INFO  : Checking for BSP changes to sync application flags for project 'final_project'...
16:15:00 INFO  : The hardware specification used by project 'final_project' is out of sync with the platform. Resource files extracted from the hardware specification will be updated.
16:15:00 INFO  : The file 'D:\School\UIUC_ECE385_SP25\Final_Project\sdk\final_project\_ide\bitstream\mb_lab7_1_wrapper.bit' stored in project is removed.
16:15:00 INFO  : The file 'D:\School\UIUC_ECE385_SP25\Final_Project\sdk\final_project\_ide\bitstream\mb_lab7_1_wrapper.mmi' stored in project is removed.
16:15:00 INFO  : The updated bitstream files are copied from platform to folder 'D:\School\UIUC_ECE385_SP25\Final_Project\sdk\final_project\_ide\bitstream' in project 'final_project'.
16:15:07 INFO  : Connected to target on host '127.0.0.1' and port '3121'.
16:15:08 INFO  : Jtag cable 'RealDigital Boo 88710000000EA' is selected.
16:15:08 INFO  : 'jtag frequency' command is executed.
16:15:08 INFO  : 'targets -set -filter {jtag_cable_name =~ "RealDigital Boo 88710000000EA" && level==0 && jtag_device_ctx=="jsn1-0362f093-0"}' command is executed.
16:15:10 INFO  : Device configured successfully with "D:/School/UIUC_ECE385_SP25/Final_Project/sdk/final_project/_ide/bitstream/mb_lab7_1_wrapper.bit"
16:15:10 INFO  : Context for processor 'microblaze_0' is selected.
16:15:10 INFO  : Hardware design and registers information is loaded from 'D:/School/UIUC_ECE385_SP25/Final_Project/sdk/mb_lab7_1_wrapper/export/mb_lab7_1_wrapper/hw/mb_lab7_1_wrapper.xsa'.
16:15:10 INFO  : 'configparams mdm-detect-bscan-mask 2' command is executed.
16:15:10 INFO  : Context for processor 'microblaze_0' is selected.
16:15:10 INFO  : System reset is completed.
16:15:13 INFO  : 'after 3000' command is executed.
16:15:14 INFO  : Context for processor 'microblaze_0' is selected.
16:15:14 INFO  : The application 'D:/School/UIUC_ECE385_SP25/Final_Project/sdk/final_project/Debug/final_project.elf' is downloaded to processor 'microblaze_0'.
16:15:14 INFO  : ----------------XSDB Script----------------
connect -url tcp:127.0.0.1:3121
targets -set -filter {jtag_cable_name =~ "RealDigital Boo 88710000000EA" && level==0 && jtag_device_ctx=="jsn1-0362f093-0"}
fpga -file D:/School/UIUC_ECE385_SP25/Final_Project/sdk/final_project/_ide/bitstream/mb_lab7_1_wrapper.bit
targets -set -nocase -filter {name =~ "*microblaze*#0" && bscan=="USER2" }
loadhw -hw D:/School/UIUC_ECE385_SP25/Final_Project/sdk/mb_lab7_1_wrapper/export/mb_lab7_1_wrapper/hw/mb_lab7_1_wrapper.xsa -regs
configparams mdm-detect-bscan-mask 2
targets -set -nocase -filter {name =~ "*microblaze*#0" && bscan=="USER2" }
rst -system
after 3000
targets -set -nocase -filter {name =~ "*microblaze*#0" && bscan=="USER2" }
dow D:/School/UIUC_ECE385_SP25/Final_Project/sdk/final_project/Debug/final_project.elf
----------------End of Script----------------

16:15:14 INFO  : Context for processor 'microblaze_0' is selected.
16:15:14 INFO  : 'con' command is executed.
16:15:14 INFO  : ----------------XSDB Script (After Launch)----------------
targets -set -nocase -filter {name =~ "*microblaze*#0" && bscan=="USER2" }
con
----------------End of Script----------------

16:15:14 INFO  : Disconnected from the channel tcfchan#44.
16:35:52 INFO  : Checking for BSP changes to sync application flags for project 'final_project'...
16:35:58 INFO  : Connected to target on host '127.0.0.1' and port '3121'.
16:35:59 INFO  : Jtag cable 'RealDigital Boo 88710000000EA' is selected.
16:35:59 INFO  : 'jtag frequency' command is executed.
16:35:59 INFO  : 'targets -set -filter {jtag_cable_name =~ "RealDigital Boo 88710000000EA" && level==0 && jtag_device_ctx=="jsn1-0362f093-0"}' command is executed.
16:36:01 INFO  : Device configured successfully with "D:/School/UIUC_ECE385_SP25/Final_Project/sdk/final_project/_ide/bitstream/mb_lab7_1_wrapper.bit"
16:36:01 INFO  : Context for processor 'microblaze_0' is selected.
16:36:01 INFO  : Hardware design and registers information is loaded from 'D:/School/UIUC_ECE385_SP25/Final_Project/sdk/mb_lab7_1_wrapper/export/mb_lab7_1_wrapper/hw/mb_lab7_1_wrapper.xsa'.
16:36:01 INFO  : 'configparams mdm-detect-bscan-mask 2' command is executed.
16:36:01 INFO  : Context for processor 'microblaze_0' is selected.
16:36:01 INFO  : System reset is completed.
16:36:04 INFO  : 'after 3000' command is executed.
16:36:04 INFO  : Context for processor 'microblaze_0' is selected.
16:36:05 INFO  : The application 'D:/School/UIUC_ECE385_SP25/Final_Project/sdk/final_project/Debug/final_project.elf' is downloaded to processor 'microblaze_0'.
16:36:05 INFO  : ----------------XSDB Script----------------
connect -url tcp:127.0.0.1:3121
targets -set -filter {jtag_cable_name =~ "RealDigital Boo 88710000000EA" && level==0 && jtag_device_ctx=="jsn1-0362f093-0"}
fpga -file D:/School/UIUC_ECE385_SP25/Final_Project/sdk/final_project/_ide/bitstream/mb_lab7_1_wrapper.bit
targets -set -nocase -filter {name =~ "*microblaze*#0" && bscan=="USER2" }
loadhw -hw D:/School/UIUC_ECE385_SP25/Final_Project/sdk/mb_lab7_1_wrapper/export/mb_lab7_1_wrapper/hw/mb_lab7_1_wrapper.xsa -regs
configparams mdm-detect-bscan-mask 2
targets -set -nocase -filter {name =~ "*microblaze*#0" && bscan=="USER2" }
rst -system
after 3000
targets -set -nocase -filter {name =~ "*microblaze*#0" && bscan=="USER2" }
dow D:/School/UIUC_ECE385_SP25/Final_Project/sdk/final_project/Debug/final_project.elf
----------------End of Script----------------

16:36:05 INFO  : Context for processor 'microblaze_0' is selected.
16:36:05 INFO  : 'con' command is executed.
16:36:05 INFO  : ----------------XSDB Script (After Launch)----------------
targets -set -nocase -filter {name =~ "*microblaze*#0" && bscan=="USER2" }
con
----------------End of Script----------------

16:36:05 INFO  : Disconnected from the channel tcfchan#45.
16:38:12 INFO  : Hardware specification for platform project 'mb_lab7_1_wrapper' is updated.
16:38:59 INFO  : Result from executing command 'getProjects': mb_lab7_1_wrapper
16:38:59 INFO  : Result from executing command 'getPlatforms': mb_lab7_1_wrapper|D:/School/UIUC_ECE385_SP25/Final_Project/sdk/mb_lab7_1_wrapper/export/mb_lab7_1_wrapper/mb_lab7_1_wrapper.xpfm
16:39:00 INFO  : Checking for BSP changes to sync application flags for project 'final_project'...
16:39:02 INFO  : The hardware specification used by project 'final_project' is out of sync with the platform. Resource files extracted from the hardware specification will be updated.
16:39:02 INFO  : The file 'D:\School\UIUC_ECE385_SP25\Final_Project\sdk\final_project\_ide\bitstream\mb_lab7_1_wrapper.bit' stored in project is removed.
16:39:02 INFO  : The file 'D:\School\UIUC_ECE385_SP25\Final_Project\sdk\final_project\_ide\bitstream\mb_lab7_1_wrapper.mmi' stored in project is removed.
16:39:02 INFO  : The updated bitstream files are copied from platform to folder 'D:\School\UIUC_ECE385_SP25\Final_Project\sdk\final_project\_ide\bitstream' in project 'final_project'.
16:39:08 INFO  : Connected to target on host '127.0.0.1' and port '3121'.
16:39:09 INFO  : Jtag cable 'RealDigital Boo 88710000000EA' is selected.
16:39:09 INFO  : 'jtag frequency' command is executed.
16:39:09 INFO  : 'targets -set -filter {jtag_cable_name =~ "RealDigital Boo 88710000000EA" && level==0 && jtag_device_ctx=="jsn1-0362f093-0"}' command is executed.
16:39:09 ERROR : couldn't open "D:/School/UIUC_ECE385_SP25/Final_Project/sdk/final_project/_ide/bitstream/mb_lab7_1_wrapper.bit": no such file or directory
16:39:09 ERROR : Exception occured while running Program Device.
java.lang.RuntimeException: couldn't open "D:/School/UIUC_ECE385_SP25/Final_Project/sdk/final_project/_ide/bitstream/mb_lab7_1_wrapper.bit": no such file or directory
16:39:09 INFO  : ----------------XSDB Script----------------
connect -url tcp:127.0.0.1:3121
----------------End of Script----------------

16:39:09 ERROR : couldn't open "D:/School/UIUC_ECE385_SP25/Final_Project/sdk/final_project/_ide/bitstream/mb_lab7_1_wrapper.bit": no such file or directory
16:39:47 DEBUG : Logs will be stored at 'D:/School/UIUC_ECE385_SP25/Final_Project/sdk/IDE.log'.
16:39:47 INFO  : Launching XSCT server: xsct.bat -n  -interactive D:\School\UIUC_ECE385_SP25\Final_Project\sdk\temp_xsdb_launch_script.tcl
16:39:50 INFO  : XSCT server has started successfully.
16:39:50 INFO  : plnx-install-location is set to ''
16:39:50 INFO  : Successfully done setting XSCT server connection channel  
16:39:50 INFO  : Successfully done setting workspace for the tool. 
16:39:51 INFO  : Platform repository initialization has completed.
16:39:51 INFO  : Successfully done query RDI_DATADIR 
16:39:51 INFO  : Registering command handlers for Vitis TCF services
16:40:09 INFO  : Connected to target on host '127.0.0.1' and port '3121'.
16:40:09 INFO  : Jtag cable 'RealDigital Boo 88710000000EA' is selected.
16:40:09 INFO  : 'jtag frequency' command is executed.
16:40:09 INFO  : 'targets -set -filter {jtag_cable_name =~ "RealDigital Boo 88710000000EA" && level==0 && jtag_device_ctx=="jsn1-0362f093-0"}' command is executed.
16:40:09 ERROR : couldn't open "D:/School/UIUC_ECE385_SP25/Final_Project/sdk/final_project/_ide/bitstream/mb_lab7_1_wrapper.bit": no such file or directory
16:40:09 ERROR : Exception occured while running Program Device.
java.lang.RuntimeException: couldn't open "D:/School/UIUC_ECE385_SP25/Final_Project/sdk/final_project/_ide/bitstream/mb_lab7_1_wrapper.bit": no such file or directory
16:40:09 INFO  : ----------------XSDB Script----------------
connect -url tcp:127.0.0.1:3121
----------------End of Script----------------

16:40:09 ERROR : couldn't open "D:/School/UIUC_ECE385_SP25/Final_Project/sdk/final_project/_ide/bitstream/mb_lab7_1_wrapper.bit": no such file or directory
16:40:19 INFO  : Hardware specification for platform project 'mb_lab7_1_wrapper' is updated.
16:40:35 INFO  : Result from executing command 'getProjects': mb_lab7_1_wrapper
16:40:35 INFO  : Result from executing command 'getPlatforms': mb_lab7_1_wrapper|D:/School/UIUC_ECE385_SP25/Final_Project/sdk/mb_lab7_1_wrapper/export/mb_lab7_1_wrapper/mb_lab7_1_wrapper.xpfm
16:40:36 INFO  : Checking for BSP changes to sync application flags for project 'final_project'...
16:40:40 INFO  : Connected to target on host '127.0.0.1' and port '3121'.
16:40:40 INFO  : Jtag cable 'RealDigital Boo 88710000000EA' is selected.
16:40:40 INFO  : 'jtag frequency' command is executed.
16:40:40 INFO  : 'targets -set -filter {jtag_cable_name =~ "RealDigital Boo 88710000000EA" && level==0 && jtag_device_ctx=="jsn1-0362f093-0"}' command is executed.
16:40:40 ERROR : couldn't open "D:/School/UIUC_ECE385_SP25/Final_Project/sdk/final_project/_ide/bitstream/mb_lab7_1_wrapper.bit": no such file or directory
16:40:40 ERROR : Exception occured while running Program Device.
java.lang.RuntimeException: couldn't open "D:/School/UIUC_ECE385_SP25/Final_Project/sdk/final_project/_ide/bitstream/mb_lab7_1_wrapper.bit": no such file or directory
16:40:40 INFO  : ----------------XSDB Script----------------
connect -url tcp:127.0.0.1:3121
----------------End of Script----------------

16:40:40 ERROR : couldn't open "D:/School/UIUC_ECE385_SP25/Final_Project/sdk/final_project/_ide/bitstream/mb_lab7_1_wrapper.bit": no such file or directory
16:41:20 INFO  : Hardware specification for platform project 'mb_lab7_1_wrapper' is updated.
16:41:30 INFO  : Result from executing command 'getProjects': mb_lab7_1_wrapper
16:41:30 INFO  : Result from executing command 'getPlatforms': mb_lab7_1_wrapper|D:/School/UIUC_ECE385_SP25/Final_Project/sdk/mb_lab7_1_wrapper/export/mb_lab7_1_wrapper/mb_lab7_1_wrapper.xpfm
16:41:30 INFO  : Checking for BSP changes to sync application flags for project 'final_project'...
16:41:31 INFO  : The hardware specification used by project 'final_project' is out of sync with the platform. Resource files extracted from the hardware specification will be updated.
16:41:32 INFO  : The file 'D:\School\UIUC_ECE385_SP25\Final_Project\sdk\final_project\_ide\bitstream\mb_lab7_1_wrapper_texture2.bit' stored in project is removed.
16:41:32 INFO  : The file 'D:\School\UIUC_ECE385_SP25\Final_Project\sdk\final_project\_ide\bitstream\mb_lab7_1_wrapper_texture2.mmi' stored in project is removed.
16:41:32 INFO  : The updated bitstream files are copied from platform to folder 'D:\School\UIUC_ECE385_SP25\Final_Project\sdk\final_project\_ide\bitstream' in project 'final_project'.
16:41:34 INFO  : Connected to target on host '127.0.0.1' and port '3121'.
16:41:34 INFO  : Jtag cable 'RealDigital Boo 88710000000EA' is selected.
16:41:34 INFO  : 'jtag frequency' command is executed.
16:41:34 INFO  : 'targets -set -filter {jtag_cable_name =~ "RealDigital Boo 88710000000EA" && level==0 && jtag_device_ctx=="jsn1-0362f093-0"}' command is executed.
16:41:36 INFO  : Device configured successfully with "D:/School/UIUC_ECE385_SP25/Final_Project/sdk/final_project/_ide/bitstream/mb_lab7_1_wrapper.bit"
16:41:36 INFO  : Context for processor 'microblaze_0' is selected.
16:41:36 INFO  : Hardware design and registers information is loaded from 'D:/School/UIUC_ECE385_SP25/Final_Project/sdk/mb_lab7_1_wrapper/export/mb_lab7_1_wrapper/hw/mb_lab7_1_wrapper.xsa'.
16:41:36 INFO  : 'configparams mdm-detect-bscan-mask 2' command is executed.
16:41:36 INFO  : Context for processor 'microblaze_0' is selected.
16:41:36 INFO  : System reset is completed.
16:41:39 INFO  : 'after 3000' command is executed.
16:41:39 INFO  : Context for processor 'microblaze_0' is selected.
16:41:39 INFO  : The application 'D:/School/UIUC_ECE385_SP25/Final_Project/sdk/final_project/Debug/final_project.elf' is downloaded to processor 'microblaze_0'.
16:41:39 INFO  : ----------------XSDB Script----------------
connect -url tcp:127.0.0.1:3121
targets -set -filter {jtag_cable_name =~ "RealDigital Boo 88710000000EA" && level==0 && jtag_device_ctx=="jsn1-0362f093-0"}
fpga -file D:/School/UIUC_ECE385_SP25/Final_Project/sdk/final_project/_ide/bitstream/mb_lab7_1_wrapper.bit
targets -set -nocase -filter {name =~ "*microblaze*#0" && bscan=="USER2" }
loadhw -hw D:/School/UIUC_ECE385_SP25/Final_Project/sdk/mb_lab7_1_wrapper/export/mb_lab7_1_wrapper/hw/mb_lab7_1_wrapper.xsa -regs
configparams mdm-detect-bscan-mask 2
targets -set -nocase -filter {name =~ "*microblaze*#0" && bscan=="USER2" }
rst -system
after 3000
targets -set -nocase -filter {name =~ "*microblaze*#0" && bscan=="USER2" }
dow D:/School/UIUC_ECE385_SP25/Final_Project/sdk/final_project/Debug/final_project.elf
----------------End of Script----------------

16:41:39 INFO  : Context for processor 'microblaze_0' is selected.
16:41:39 INFO  : 'con' command is executed.
16:41:39 INFO  : ----------------XSDB Script (After Launch)----------------
targets -set -nocase -filter {name =~ "*microblaze*#0" && bscan=="USER2" }
con
----------------End of Script----------------

16:41:39 INFO  : Disconnected from the channel tcfchan#1.
16:47:42 INFO  : Hardware specification for platform project 'mb_lab7_1_wrapper' is updated.
16:47:53 INFO  : Result from executing command 'getProjects': mb_lab7_1_wrapper
16:47:53 INFO  : Result from executing command 'getPlatforms': mb_lab7_1_wrapper|D:/School/UIUC_ECE385_SP25/Final_Project/sdk/mb_lab7_1_wrapper/export/mb_lab7_1_wrapper/mb_lab7_1_wrapper.xpfm
16:47:53 INFO  : Checking for BSP changes to sync application flags for project 'final_project'...
16:47:55 INFO  : The hardware specification used by project 'final_project' is out of sync with the platform. Resource files extracted from the hardware specification will be updated.
16:47:55 INFO  : The file 'D:\School\UIUC_ECE385_SP25\Final_Project\sdk\final_project\_ide\bitstream\mb_lab7_1_wrapper.bit' stored in project is removed.
16:47:55 INFO  : The file 'D:\School\UIUC_ECE385_SP25\Final_Project\sdk\final_project\_ide\bitstream\mb_lab7_1_wrapper.mmi' stored in project is removed.
16:47:55 INFO  : The updated bitstream files are copied from platform to folder 'D:\School\UIUC_ECE385_SP25\Final_Project\sdk\final_project\_ide\bitstream' in project 'final_project'.
16:48:01 INFO  : Connected to target on host '127.0.0.1' and port '3121'.
16:48:02 INFO  : Jtag cable 'RealDigital Boo 88710000000EA' is selected.
16:48:02 INFO  : 'jtag frequency' command is executed.
16:48:02 INFO  : 'targets -set -filter {jtag_cable_name =~ "RealDigital Boo 88710000000EA" && level==0 && jtag_device_ctx=="jsn1-0362f093-0"}' command is executed.
16:48:04 INFO  : Device configured successfully with "D:/School/UIUC_ECE385_SP25/Final_Project/sdk/final_project/_ide/bitstream/mb_lab7_1_wrapper.bit"
16:48:04 INFO  : Context for processor 'microblaze_0' is selected.
16:48:04 INFO  : Hardware design and registers information is loaded from 'D:/School/UIUC_ECE385_SP25/Final_Project/sdk/mb_lab7_1_wrapper/export/mb_lab7_1_wrapper/hw/mb_lab7_1_wrapper.xsa'.
16:48:04 INFO  : 'configparams mdm-detect-bscan-mask 2' command is executed.
16:48:04 INFO  : Context for processor 'microblaze_0' is selected.
16:48:04 INFO  : System reset is completed.
16:48:07 INFO  : 'after 3000' command is executed.
16:48:08 INFO  : Context for processor 'microblaze_0' is selected.
16:48:08 INFO  : The application 'D:/School/UIUC_ECE385_SP25/Final_Project/sdk/final_project/Debug/final_project.elf' is downloaded to processor 'microblaze_0'.
16:48:08 INFO  : ----------------XSDB Script----------------
connect -url tcp:127.0.0.1:3121
targets -set -filter {jtag_cable_name =~ "RealDigital Boo 88710000000EA" && level==0 && jtag_device_ctx=="jsn1-0362f093-0"}
fpga -file D:/School/UIUC_ECE385_SP25/Final_Project/sdk/final_project/_ide/bitstream/mb_lab7_1_wrapper.bit
targets -set -nocase -filter {name =~ "*microblaze*#0" && bscan=="USER2" }
loadhw -hw D:/School/UIUC_ECE385_SP25/Final_Project/sdk/mb_lab7_1_wrapper/export/mb_lab7_1_wrapper/hw/mb_lab7_1_wrapper.xsa -regs
configparams mdm-detect-bscan-mask 2
targets -set -nocase -filter {name =~ "*microblaze*#0" && bscan=="USER2" }
rst -system
after 3000
targets -set -nocase -filter {name =~ "*microblaze*#0" && bscan=="USER2" }
dow D:/School/UIUC_ECE385_SP25/Final_Project/sdk/final_project/Debug/final_project.elf
----------------End of Script----------------

16:48:08 INFO  : Context for processor 'microblaze_0' is selected.
16:48:08 INFO  : 'con' command is executed.
16:48:08 INFO  : ----------------XSDB Script (After Launch)----------------
targets -set -nocase -filter {name =~ "*microblaze*#0" && bscan=="USER2" }
con
----------------End of Script----------------

16:48:08 INFO  : Disconnected from the channel tcfchan#5.
16:57:17 INFO  : Hardware specification for platform project 'mb_lab7_1_wrapper' is updated.
16:57:27 INFO  : Result from executing command 'getProjects': mb_lab7_1_wrapper
16:57:27 INFO  : Result from executing command 'getPlatforms': mb_lab7_1_wrapper|D:/School/UIUC_ECE385_SP25/Final_Project/sdk/mb_lab7_1_wrapper/export/mb_lab7_1_wrapper/mb_lab7_1_wrapper.xpfm
16:57:27 INFO  : Checking for BSP changes to sync application flags for project 'final_project'...
16:57:29 INFO  : The hardware specification used by project 'final_project' is out of sync with the platform. Resource files extracted from the hardware specification will be updated.
16:57:29 INFO  : The file 'D:\School\UIUC_ECE385_SP25\Final_Project\sdk\final_project\_ide\bitstream\mb_lab7_1_wrapper.bit' stored in project is removed.
16:57:29 INFO  : The file 'D:\School\UIUC_ECE385_SP25\Final_Project\sdk\final_project\_ide\bitstream\mb_lab7_1_wrapper.mmi' stored in project is removed.
16:57:29 INFO  : The updated bitstream files are copied from platform to folder 'D:\School\UIUC_ECE385_SP25\Final_Project\sdk\final_project\_ide\bitstream' in project 'final_project'.
16:57:36 INFO  : Connected to target on host '127.0.0.1' and port '3121'.
16:57:37 INFO  : Jtag cable 'RealDigital Boo 88710000000EA' is selected.
16:57:37 INFO  : 'jtag frequency' command is executed.
16:57:37 INFO  : 'targets -set -filter {jtag_cable_name =~ "RealDigital Boo 88710000000EA" && level==0 && jtag_device_ctx=="jsn1-0362f093-0"}' command is executed.
16:57:39 INFO  : Device configured successfully with "D:/School/UIUC_ECE385_SP25/Final_Project/sdk/final_project/_ide/bitstream/mb_lab7_1_wrapper.bit"
16:57:39 INFO  : Context for processor 'microblaze_0' is selected.
16:57:39 INFO  : Hardware design and registers information is loaded from 'D:/School/UIUC_ECE385_SP25/Final_Project/sdk/mb_lab7_1_wrapper/export/mb_lab7_1_wrapper/hw/mb_lab7_1_wrapper.xsa'.
16:57:39 INFO  : 'configparams mdm-detect-bscan-mask 2' command is executed.
16:57:39 INFO  : Context for processor 'microblaze_0' is selected.
16:57:39 INFO  : System reset is completed.
16:57:42 INFO  : 'after 3000' command is executed.
16:57:42 INFO  : Context for processor 'microblaze_0' is selected.
16:57:43 INFO  : The application 'D:/School/UIUC_ECE385_SP25/Final_Project/sdk/final_project/Debug/final_project.elf' is downloaded to processor 'microblaze_0'.
16:57:43 INFO  : ----------------XSDB Script----------------
connect -url tcp:127.0.0.1:3121
targets -set -filter {jtag_cable_name =~ "RealDigital Boo 88710000000EA" && level==0 && jtag_device_ctx=="jsn1-0362f093-0"}
fpga -file D:/School/UIUC_ECE385_SP25/Final_Project/sdk/final_project/_ide/bitstream/mb_lab7_1_wrapper.bit
targets -set -nocase -filter {name =~ "*microblaze*#0" && bscan=="USER2" }
loadhw -hw D:/School/UIUC_ECE385_SP25/Final_Project/sdk/mb_lab7_1_wrapper/export/mb_lab7_1_wrapper/hw/mb_lab7_1_wrapper.xsa -regs
configparams mdm-detect-bscan-mask 2
targets -set -nocase -filter {name =~ "*microblaze*#0" && bscan=="USER2" }
rst -system
after 3000
targets -set -nocase -filter {name =~ "*microblaze*#0" && bscan=="USER2" }
dow D:/School/UIUC_ECE385_SP25/Final_Project/sdk/final_project/Debug/final_project.elf
----------------End of Script----------------

16:57:43 INFO  : Context for processor 'microblaze_0' is selected.
16:57:43 INFO  : 'con' command is executed.
16:57:43 INFO  : ----------------XSDB Script (After Launch)----------------
targets -set -nocase -filter {name =~ "*microblaze*#0" && bscan=="USER2" }
con
----------------End of Script----------------

16:57:43 INFO  : Disconnected from the channel tcfchan#7.
16:58:50 INFO  : Hardware specification for platform project 'mb_lab7_1_wrapper' is updated.
16:59:00 INFO  : Result from executing command 'getProjects': mb_lab7_1_wrapper
16:59:00 INFO  : Result from executing command 'getPlatforms': mb_lab7_1_wrapper|D:/School/UIUC_ECE385_SP25/Final_Project/sdk/mb_lab7_1_wrapper/export/mb_lab7_1_wrapper/mb_lab7_1_wrapper.xpfm
16:59:00 INFO  : Checking for BSP changes to sync application flags for project 'final_project'...
16:59:06 INFO  : Connected to target on host '127.0.0.1' and port '3121'.
16:59:07 INFO  : Jtag cable 'RealDigital Boo 88710000000EA' is selected.
16:59:07 INFO  : 'jtag frequency' command is executed.
16:59:08 INFO  : 'targets -set -filter {jtag_cable_name =~ "RealDigital Boo 88710000000EA" && level==0 && jtag_device_ctx=="jsn1-0362f093-0"}' command is executed.
16:59:09 INFO  : Device configured successfully with "D:/School/UIUC_ECE385_SP25/Final_Project/sdk/final_project/_ide/bitstream/mb_lab7_1_wrapper.bit"
16:59:09 INFO  : Context for processor 'microblaze_0' is selected.
16:59:09 INFO  : Hardware design and registers information is loaded from 'D:/School/UIUC_ECE385_SP25/Final_Project/sdk/mb_lab7_1_wrapper/export/mb_lab7_1_wrapper/hw/mb_lab7_1_wrapper.xsa'.
16:59:09 INFO  : 'configparams mdm-detect-bscan-mask 2' command is executed.
16:59:09 INFO  : Context for processor 'microblaze_0' is selected.
16:59:09 INFO  : System reset is completed.
16:59:12 INFO  : 'after 3000' command is executed.
16:59:13 INFO  : Context for processor 'microblaze_0' is selected.
16:59:13 INFO  : The application 'D:/School/UIUC_ECE385_SP25/Final_Project/sdk/final_project/Debug/final_project.elf' is downloaded to processor 'microblaze_0'.
16:59:13 INFO  : ----------------XSDB Script----------------
connect -url tcp:127.0.0.1:3121
targets -set -filter {jtag_cable_name =~ "RealDigital Boo 88710000000EA" && level==0 && jtag_device_ctx=="jsn1-0362f093-0"}
fpga -file D:/School/UIUC_ECE385_SP25/Final_Project/sdk/final_project/_ide/bitstream/mb_lab7_1_wrapper.bit
targets -set -nocase -filter {name =~ "*microblaze*#0" && bscan=="USER2" }
loadhw -hw D:/School/UIUC_ECE385_SP25/Final_Project/sdk/mb_lab7_1_wrapper/export/mb_lab7_1_wrapper/hw/mb_lab7_1_wrapper.xsa -regs
configparams mdm-detect-bscan-mask 2
targets -set -nocase -filter {name =~ "*microblaze*#0" && bscan=="USER2" }
rst -system
after 3000
targets -set -nocase -filter {name =~ "*microblaze*#0" && bscan=="USER2" }
dow D:/School/UIUC_ECE385_SP25/Final_Project/sdk/final_project/Debug/final_project.elf
----------------End of Script----------------

16:59:13 INFO  : Context for processor 'microblaze_0' is selected.
16:59:13 INFO  : 'con' command is executed.
16:59:13 INFO  : ----------------XSDB Script (After Launch)----------------
targets -set -nocase -filter {name =~ "*microblaze*#0" && bscan=="USER2" }
con
----------------End of Script----------------

16:59:13 INFO  : Disconnected from the channel tcfchan#9.
16:59:25 INFO  : Result from executing command 'removePlatformRepo': 
16:59:30 INFO  : Result from executing command 'getProjects': mb_lab7_1_wrapper
16:59:30 INFO  : Result from executing command 'getPlatforms': 
16:59:30 INFO  : Checking for BSP changes to sync application flags for project 'final_project'...
16:59:37 INFO  : Connected to target on host '127.0.0.1' and port '3121'.
16:59:38 INFO  : Jtag cable 'RealDigital Boo 88710000000EA' is selected.
16:59:38 INFO  : 'jtag frequency' command is executed.
16:59:38 INFO  : 'targets -set -filter {jtag_cable_name =~ "RealDigital Boo 88710000000EA" && level==0 && jtag_device_ctx=="jsn1-0362f093-0"}' command is executed.
16:59:40 INFO  : Device configured successfully with "D:/School/UIUC_ECE385_SP25/Final_Project/sdk/final_project/_ide/bitstream/mb_lab7_1_wrapper.bit"
16:59:40 INFO  : Context for processor 'microblaze_0' is selected.
16:59:40 INFO  : Hardware design and registers information is loaded from 'D:/School/UIUC_ECE385_SP25/Final_Project/sdk/mb_lab7_1_wrapper/export/mb_lab7_1_wrapper/hw/mb_lab7_1_wrapper.xsa'.
16:59:40 INFO  : 'configparams mdm-detect-bscan-mask 2' command is executed.
16:59:40 INFO  : Context for processor 'microblaze_0' is selected.
16:59:40 INFO  : System reset is completed.
16:59:43 INFO  : 'after 3000' command is executed.
16:59:44 INFO  : Context for processor 'microblaze_0' is selected.
16:59:44 INFO  : The application 'D:/School/UIUC_ECE385_SP25/Final_Project/sdk/final_project/Debug/final_project.elf' is downloaded to processor 'microblaze_0'.
16:59:44 INFO  : ----------------XSDB Script----------------
connect -url tcp:127.0.0.1:3121
targets -set -filter {jtag_cable_name =~ "RealDigital Boo 88710000000EA" && level==0 && jtag_device_ctx=="jsn1-0362f093-0"}
fpga -file D:/School/UIUC_ECE385_SP25/Final_Project/sdk/final_project/_ide/bitstream/mb_lab7_1_wrapper.bit
targets -set -nocase -filter {name =~ "*microblaze*#0" && bscan=="USER2" }
loadhw -hw D:/School/UIUC_ECE385_SP25/Final_Project/sdk/mb_lab7_1_wrapper/export/mb_lab7_1_wrapper/hw/mb_lab7_1_wrapper.xsa -regs
configparams mdm-detect-bscan-mask 2
targets -set -nocase -filter {name =~ "*microblaze*#0" && bscan=="USER2" }
rst -system
after 3000
targets -set -nocase -filter {name =~ "*microblaze*#0" && bscan=="USER2" }
dow D:/School/UIUC_ECE385_SP25/Final_Project/sdk/final_project/Debug/final_project.elf
----------------End of Script----------------

16:59:44 INFO  : Context for processor 'microblaze_0' is selected.
16:59:44 INFO  : 'con' command is executed.
16:59:44 INFO  : ----------------XSDB Script (After Launch)----------------
targets -set -nocase -filter {name =~ "*microblaze*#0" && bscan=="USER2" }
con
----------------End of Script----------------

16:59:44 INFO  : Disconnected from the channel tcfchan#12.
19:51:49 INFO  : Hardware specification for platform project 'mb_lab7_1_wrapper' is updated.
19:52:10 INFO  : Result from executing command 'getProjects': mb_lab7_1_wrapper
19:52:10 INFO  : Result from executing command 'getPlatforms': mb_lab7_1_wrapper|D:/School/UIUC_ECE385_SP25/Final_Project/sdk/mb_lab7_1_wrapper/export/mb_lab7_1_wrapper/mb_lab7_1_wrapper.xpfm
19:52:10 INFO  : Checking for BSP changes to sync application flags for project 'final_project'...
19:52:13 INFO  : The hardware specification used by project 'final_project' is out of sync with the platform. Resource files extracted from the hardware specification will be updated.
19:52:13 INFO  : The file 'D:\School\UIUC_ECE385_SP25\Final_Project\sdk\final_project\_ide\bitstream\mb_lab7_1_wrapper.bit' stored in project is removed.
19:52:13 INFO  : The file 'D:\School\UIUC_ECE385_SP25\Final_Project\sdk\final_project\_ide\bitstream\mb_lab7_1_wrapper.mmi' stored in project is removed.
19:52:13 INFO  : The updated bitstream files are copied from platform to folder 'D:\School\UIUC_ECE385_SP25\Final_Project\sdk\final_project\_ide\bitstream' in project 'final_project'.
19:52:18 INFO  : Connected to target on host '127.0.0.1' and port '3121'.
19:52:19 INFO  : Jtag cable 'RealDigital Boo 88710000000EA' is selected.
19:52:19 INFO  : 'jtag frequency' command is executed.
19:52:19 INFO  : 'targets -set -filter {jtag_cable_name =~ "RealDigital Boo 88710000000EA" && level==0 && jtag_device_ctx=="jsn1-0362f093-0"}' command is executed.
19:52:21 INFO  : Device configured successfully with "D:/School/UIUC_ECE385_SP25/Final_Project/sdk/final_project/_ide/bitstream/mb_lab7_1_wrapper.bit"
19:52:21 INFO  : Context for processor 'microblaze_0' is selected.
19:52:21 INFO  : Hardware design and registers information is loaded from 'D:/School/UIUC_ECE385_SP25/Final_Project/sdk/mb_lab7_1_wrapper/export/mb_lab7_1_wrapper/hw/mb_lab7_1_wrapper.xsa'.
19:52:21 INFO  : 'configparams mdm-detect-bscan-mask 2' command is executed.
19:52:21 INFO  : Context for processor 'microblaze_0' is selected.
19:52:21 INFO  : System reset is completed.
19:52:24 INFO  : 'after 3000' command is executed.
19:52:24 INFO  : Context for processor 'microblaze_0' is selected.
19:52:25 INFO  : The application 'D:/School/UIUC_ECE385_SP25/Final_Project/sdk/final_project/Debug/final_project.elf' is downloaded to processor 'microblaze_0'.
19:52:25 INFO  : ----------------XSDB Script----------------
connect -url tcp:127.0.0.1:3121
targets -set -filter {jtag_cable_name =~ "RealDigital Boo 88710000000EA" && level==0 && jtag_device_ctx=="jsn1-0362f093-0"}
fpga -file D:/School/UIUC_ECE385_SP25/Final_Project/sdk/final_project/_ide/bitstream/mb_lab7_1_wrapper.bit
targets -set -nocase -filter {name =~ "*microblaze*#0" && bscan=="USER2" }
loadhw -hw D:/School/UIUC_ECE385_SP25/Final_Project/sdk/mb_lab7_1_wrapper/export/mb_lab7_1_wrapper/hw/mb_lab7_1_wrapper.xsa -regs
configparams mdm-detect-bscan-mask 2
targets -set -nocase -filter {name =~ "*microblaze*#0" && bscan=="USER2" }
rst -system
after 3000
targets -set -nocase -filter {name =~ "*microblaze*#0" && bscan=="USER2" }
dow D:/School/UIUC_ECE385_SP25/Final_Project/sdk/final_project/Debug/final_project.elf
----------------End of Script----------------

19:52:25 INFO  : Context for processor 'microblaze_0' is selected.
19:52:25 INFO  : 'con' command is executed.
19:52:25 INFO  : ----------------XSDB Script (After Launch)----------------
targets -set -nocase -filter {name =~ "*microblaze*#0" && bscan=="USER2" }
con
----------------End of Script----------------

19:52:25 INFO  : Disconnected from the channel tcfchan#14.
09:15:44 DEBUG : Logs will be stored at 'D:/School/UIUC_ECE385_SP25/Final_Project/sdk/IDE.log'.
09:15:45 INFO  : Launching XSCT server: xsct.bat -n  -interactive D:\School\UIUC_ECE385_SP25\Final_Project\sdk\temp_xsdb_launch_script.tcl
09:15:48 INFO  : Registering command handlers for Vitis TCF services
09:15:48 INFO  : Platform repository initialization has completed.
09:15:50 INFO  : XSCT server has started successfully.
09:15:54 INFO  : plnx-install-location is set to ''
09:15:54 INFO  : Successfully done setting XSCT server connection channel  
09:15:54 INFO  : Successfully done query RDI_DATADIR 
09:15:54 INFO  : Successfully done setting workspace for the tool. 
