Copyright 1986-2022 Xilinx, Inc. All Rights Reserved.
---------------------------------------------------------------------------------------------------------------------------------------------------------------------------------------------------------------------------------------
| Tool Version : Vivado v.2022.2 (win64) Build 3671981 Fri Oct 14 05:00:03 MDT 2022
| Date         : Fri Feb 14 15:54:09 2025
| Host         : ECEB-4072-05 running 64-bit major release  (build 9200)
| Command      : report_timing_summary -max_paths 10 -report_unconstrained -file adder_toplevel_timing_summary_routed.rpt -pb adder_toplevel_timing_summary_routed.pb -rpx adder_toplevel_timing_summary_routed.rpx -warn_on_violation
| Design       : adder_toplevel
| Device       : xa7s50-csga324
| Speed File   : -1I  PRODUCTION 1.16 2018-06-13
---------------------------------------------------------------------------------------------------------------------------------------------------------------------------------------------------------------------------------------

Timing Summary Report

------------------------------------------------------------------------------------------------
| Timer Settings
| --------------
------------------------------------------------------------------------------------------------

  Enable Multi Corner Analysis               :  Yes
  Enable Pessimism Removal                   :  Yes
  Pessimism Removal Resolution               :  Nearest Common Node
  Enable Input Delay Default Clock           :  No
  Enable Preset / Clear Arcs                 :  No
  Disable Flight Delays                      :  No
  Ignore I/O Paths                           :  No
  Timing Early Launch at Borrowing Latches   :  No
  Borrow Time for Max Delay Exceptions       :  Yes
  Merge Timing Exceptions                    :  Yes

  Corner  Analyze    Analyze    
  Name    Max Paths  Min Paths  
  ------  ---------  ---------  
  Slow    Yes        Yes        
  Fast    Yes        Yes        


------------------------------------------------------------------------------------------------
| Report Methodology
| ------------------
------------------------------------------------------------------------------------------------

Rule       Severity  Description                    Violations  
---------  --------  -----------------------------  ----------  
TIMING-18  Warning   Missing input or output delay  43          

Note: This report is based on the most recent report_methodology run and may not be up-to-date. Run report_methodology on the current design for the latest report.



check_timing report

Table of Contents
-----------------
1. checking no_clock (0)
2. checking constant_clock (0)
3. checking pulse_width_clock (0)
4. checking unconstrained_internal_endpoints (0)
5. checking no_input_delay (18)
6. checking no_output_delay (23)
7. checking multiple_clock (0)
8. checking generated_clocks (0)
9. checking loops (0)
10. checking partial_input_delay (0)
11. checking partial_output_delay (0)
12. checking latch_loops (0)

1. checking no_clock (0)
------------------------
 There are 0 register/latch pins with no clock.


2. checking constant_clock (0)
------------------------------
 There are 0 register/latch pins with constant_clock.


3. checking pulse_width_clock (0)
---------------------------------
 There are 0 register/latch pins which need pulse_width check


4. checking unconstrained_internal_endpoints (0)
------------------------------------------------
 There are 0 pins that are not constrained for maximum delay.

 There are 0 pins that are not constrained for maximum delay due to constant clock.


5. checking no_input_delay (18)
-------------------------------
 There are 18 input ports with no input delay specified. (HIGH)

 There are 0 input ports with no input delay but user has a false path constraint.


6. checking no_output_delay (23)
--------------------------------
 There are 23 ports with no output delay specified. (HIGH)

 There are 0 ports with no output delay but user has a false path constraint

 There are 0 ports with no output delay but with a timing clock defined on it or propagating through it


7. checking multiple_clock (0)
------------------------------
 There are 0 register/latch pins with multiple clocks.


8. checking generated_clocks (0)
--------------------------------
 There are 0 generated clocks that are not connected to a clock source.


9. checking loops (0)
---------------------
 There are 0 combinational loops in the design.


10. checking partial_input_delay (0)
------------------------------------
 There are 0 input ports with partial input delay specified.


11. checking partial_output_delay (0)
-------------------------------------
 There are 0 ports with partial output delay specified.


12. checking latch_loops (0)
----------------------------
 There are 0 combinational latch loops in the design through latch input



------------------------------------------------------------------------------------------------
| Design Timing Summary
| ---------------------
------------------------------------------------------------------------------------------------

    WNS(ns)      TNS(ns)  TNS Failing Endpoints  TNS Total Endpoints      WHS(ns)      THS(ns)  THS Failing Endpoints  THS Total Endpoints     WPWS(ns)     TPWS(ns)  TPWS Failing Endpoints  TPWS Total Endpoints  
    -------      -------  ---------------------  -------------------      -------      -------  ---------------------  -------------------     --------     --------  ----------------------  --------------------  
      3.616        0.000                      0                  187        0.144        0.000                      0                  187        4.500        0.000                       0                    91  


All user specified timing constraints are met.


------------------------------------------------------------------------------------------------
| Clock Summary
| -------------
------------------------------------------------------------------------------------------------

Clock  Waveform(ns)       Period(ns)      Frequency(MHz)
-----  ------------       ----------      --------------
clk    {0.000 5.000}      10.000          100.000         


------------------------------------------------------------------------------------------------
| Intra Clock Table
| -----------------
------------------------------------------------------------------------------------------------

Clock             WNS(ns)      TNS(ns)  TNS Failing Endpoints  TNS Total Endpoints      WHS(ns)      THS(ns)  THS Failing Endpoints  THS Total Endpoints     WPWS(ns)     TPWS(ns)  TPWS Failing Endpoints  TPWS Total Endpoints  
-----             -------      -------  ---------------------  -------------------      -------      -------  ---------------------  -------------------     --------     --------  ----------------------  --------------------  
clk                 3.616        0.000                      0                  187        0.144        0.000                      0                  187        4.500        0.000                       0                    91  


------------------------------------------------------------------------------------------------
| Inter Clock Table
| -----------------
------------------------------------------------------------------------------------------------

From Clock    To Clock          WNS(ns)      TNS(ns)  TNS Failing Endpoints  TNS Total Endpoints      WHS(ns)      THS(ns)  THS Failing Endpoints  THS Total Endpoints  
----------    --------          -------      -------  ---------------------  -------------------      -------      -------  ---------------------  -------------------  


------------------------------------------------------------------------------------------------
| Other Path Groups Table
| -----------------------
------------------------------------------------------------------------------------------------

Path Group    From Clock    To Clock          WNS(ns)      TNS(ns)  TNS Failing Endpoints  TNS Total Endpoints      WHS(ns)      THS(ns)  THS Failing Endpoints  THS Total Endpoints  
----------    ----------    --------          -------      -------  ---------------------  -------------------      -------      -------  ---------------------  -------------------  


------------------------------------------------------------------------------------------------
| User Ignored Path Table
| -----------------------
------------------------------------------------------------------------------------------------

Path Group    From Clock    To Clock    
----------    ----------    --------    


------------------------------------------------------------------------------------------------
| Unconstrained Path Table
| ------------------------
------------------------------------------------------------------------------------------------

Path Group    From Clock    To Clock    
----------    ----------    --------    
(none)        clk                         
(none)                      clk           


------------------------------------------------------------------------------------------------
| Timing Details
| --------------
------------------------------------------------------------------------------------------------


---------------------------------------------------------------------------------------------------
From Clock:  clk
  To Clock:  clk

Setup :            0  Failing Endpoints,  Worst Slack        3.616ns,  Total Violation        0.000ns
Hold  :            0  Failing Endpoints,  Worst Slack        0.144ns,  Total Violation        0.000ns
PW    :            0  Failing Endpoints,  Worst Slack        4.500ns,  Total Violation        0.000ns
---------------------------------------------------------------------------------------------------


Max Delay Paths
--------------------------------------------------------------------------------------
Slack (MET) :             3.616ns  (required time - arrival time)
  Source:                 sw_sync/data_q_reg[1]/C
                            (rising edge-triggered cell FDRE clocked by clk  {rise@0.000ns fall@5.000ns period=10.000ns})
  Destination:            reg_unit/data_q_reg[13]/D
                            (rising edge-triggered cell FDRE clocked by clk  {rise@0.000ns fall@5.000ns period=10.000ns})
  Path Group:             clk
  Path Type:              Setup (Max at Slow Process Corner)
  Requirement:            10.000ns  (clk rise@10.000ns - clk rise@0.000ns)
  Data Path Delay:        6.360ns  (logic 1.942ns (30.533%)  route 4.418ns (69.467%))
  Logic Levels:           7  (LUT3=1 LUT5=5 LUT6=1)
  Clock Path Skew:        -0.017ns (DCD - SCD + CPR)
    Destination Clock Delay (DCD):    4.835ns = ( 14.835 - 10.000 ) 
    Source Clock Delay      (SCD):    5.123ns
    Clock Pessimism Removal (CPR):    0.271ns
  Clock Uncertainty:      0.035ns  ((TSJ^2 + TIJ^2)^1/2 + DJ) / 2 + PE
    Total System Jitter     (TSJ):    0.071ns
    Total Input Jitter      (TIJ):    0.000ns
    Discrete Jitter          (DJ):    0.000ns
    Phase Error              (PE):    0.000ns

    Location             Delay type                Incr(ns)  Path(ns)    Netlist Resource(s)
  -------------------------------------------------------------------    -------------------
                         (clock clk rise edge)        0.000     0.000 r  
    N15                                               0.000     0.000 r  clk (IN)
                         net (fo=0)                   0.000     0.000    clk
    N15                  IBUF (Prop_ibuf_I_O)         1.440     1.440 r  clk_IBUF_inst/O
                         net (fo=1, routed)           1.972     3.412    clk_IBUF
    BUFGCTRL_X0Y0        BUFG (Prop_bufg_I_O)         0.096     3.508 r  clk_IBUF_BUFG_inst/O
                         net (fo=90, routed)          1.615     5.123    sw_sync/clk_IBUF_BUFG
    SLICE_X65Y81         FDRE                                         r  sw_sync/data_q_reg[1]/C
  -------------------------------------------------------------------    -------------------
    SLICE_X65Y81         FDRE (Prop_fdre_C_Q)         0.456     5.579 r  sw_sync/data_q_reg[1]/Q
                         net (fo=10, routed)          1.307     6.886    sw_sync/data_q_reg[5]_0[1]
    SLICE_X61Y85         LUT6 (Prop_lut6_I3_O)        0.124     7.010 r  sw_sync/data_q[4]_i_2/O
                         net (fo=5, routed)           0.659     7.669    sw_sync/Cw_2
    SLICE_X60Y84         LUT5 (Prop_lut5_I0_O)        0.117     7.786 r  sw_sync/data_q[6]_i_2/O
                         net (fo=3, routed)           0.302     8.088    sw_sync/adder_sa/SCA1/Cw_0
    SLICE_X60Y84         LUT5 (Prop_lut5_I0_O)        0.341     8.429 r  sw_sync/data_q[8]_i_2/O
                         net (fo=3, routed)           0.293     8.721    sw_sync/adder_sa/SCA1/Cw_2
    SLICE_X60Y84         LUT5 (Prop_lut5_I0_O)        0.331     9.052 r  sw_sync/data_q[10]_i_2/O
                         net (fo=3, routed)           0.427     9.479    sw_sync/adder_sa/SCA2/Cw_0
    SLICE_X60Y85         LUT5 (Prop_lut5_I0_O)        0.124     9.603 r  sw_sync/data_q[12]_i_2/O
                         net (fo=3, routed)           0.770    10.372    sw_sync/adder_sa/SCA2/Cw_2
    SLICE_X62Y88         LUT5 (Prop_lut5_I0_O)        0.117    10.489 r  sw_sync/data_q[14]_i_2/O
                         net (fo=2, routed)           0.662    11.151    sw_sync/adder_sa/SCA3/Cw_0
    SLICE_X63Y88         LUT3 (Prop_lut3_I0_O)        0.332    11.483 r  sw_sync/data_q[13]_i_1/O
                         net (fo=1, routed)           0.000    11.483    reg_unit/D[11]
    SLICE_X63Y88         FDRE                                         r  reg_unit/data_q_reg[13]/D
  -------------------------------------------------------------------    -------------------

                         (clock clk rise edge)       10.000    10.000 r  
    N15                                               0.000    10.000 r  clk (IN)
                         net (fo=0)                   0.000    10.000    clk
    N15                  IBUF (Prop_ibuf_I_O)         1.370    11.370 r  clk_IBUF_inst/O
                         net (fo=1, routed)           1.868    13.238    clk_IBUF
    BUFGCTRL_X0Y0        BUFG (Prop_bufg_I_O)         0.091    13.329 r  clk_IBUF_BUFG_inst/O
                         net (fo=90, routed)          1.506    14.835    reg_unit/clk_IBUF_BUFG
    SLICE_X63Y88         FDRE                                         r  reg_unit/data_q_reg[13]/C
                         clock pessimism              0.271    15.106    
                         clock uncertainty           -0.035    15.070    
    SLICE_X63Y88         FDRE (Setup_fdre_C_D)        0.029    15.099    reg_unit/data_q_reg[13]
  -------------------------------------------------------------------
                         required time                         15.099    
                         arrival time                         -11.483    
  -------------------------------------------------------------------
                         slack                                  3.616    

Slack (MET) :             3.634ns  (required time - arrival time)
  Source:                 sw_sync/data_q_reg[1]/C
                            (rising edge-triggered cell FDRE clocked by clk  {rise@0.000ns fall@5.000ns period=10.000ns})
  Destination:            reg_unit/data_q_reg[14]/D
                            (rising edge-triggered cell FDRE clocked by clk  {rise@0.000ns fall@5.000ns period=10.000ns})
  Path Group:             clk
  Path Type:              Setup (Max at Slow Process Corner)
  Requirement:            10.000ns  (clk rise@10.000ns - clk rise@0.000ns)
  Data Path Delay:        6.388ns  (logic 1.970ns (30.837%)  route 4.418ns (69.163%))
  Logic Levels:           7  (LUT5=6 LUT6=1)
  Clock Path Skew:        -0.017ns (DCD - SCD + CPR)
    Destination Clock Delay (DCD):    4.835ns = ( 14.835 - 10.000 ) 
    Source Clock Delay      (SCD):    5.123ns
    Clock Pessimism Removal (CPR):    0.271ns
  Clock Uncertainty:      0.035ns  ((TSJ^2 + TIJ^2)^1/2 + DJ) / 2 + PE
    Total System Jitter     (TSJ):    0.071ns
    Total Input Jitter      (TIJ):    0.000ns
    Discrete Jitter          (DJ):    0.000ns
    Phase Error              (PE):    0.000ns

    Location             Delay type                Incr(ns)  Path(ns)    Netlist Resource(s)
  -------------------------------------------------------------------    -------------------
                         (clock clk rise edge)        0.000     0.000 r  
    N15                                               0.000     0.000 r  clk (IN)
                         net (fo=0)                   0.000     0.000    clk
    N15                  IBUF (Prop_ibuf_I_O)         1.440     1.440 r  clk_IBUF_inst/O
                         net (fo=1, routed)           1.972     3.412    clk_IBUF
    BUFGCTRL_X0Y0        BUFG (Prop_bufg_I_O)         0.096     3.508 r  clk_IBUF_BUFG_inst/O
                         net (fo=90, routed)          1.615     5.123    sw_sync/clk_IBUF_BUFG
    SLICE_X65Y81         FDRE                                         r  sw_sync/data_q_reg[1]/C
  -------------------------------------------------------------------    -------------------
    SLICE_X65Y81         FDRE (Prop_fdre_C_Q)         0.456     5.579 r  sw_sync/data_q_reg[1]/Q
                         net (fo=10, routed)          1.307     6.886    sw_sync/data_q_reg[5]_0[1]
    SLICE_X61Y85         LUT6 (Prop_lut6_I3_O)        0.124     7.010 r  sw_sync/data_q[4]_i_2/O
                         net (fo=5, routed)           0.659     7.669    sw_sync/Cw_2
    SLICE_X60Y84         LUT5 (Prop_lut5_I0_O)        0.117     7.786 r  sw_sync/data_q[6]_i_2/O
                         net (fo=3, routed)           0.302     8.088    sw_sync/adder_sa/SCA1/Cw_0
    SLICE_X60Y84         LUT5 (Prop_lut5_I0_O)        0.341     8.429 r  sw_sync/data_q[8]_i_2/O
                         net (fo=3, routed)           0.293     8.721    sw_sync/adder_sa/SCA1/Cw_2
    SLICE_X60Y84         LUT5 (Prop_lut5_I0_O)        0.331     9.052 r  sw_sync/data_q[10]_i_2/O
                         net (fo=3, routed)           0.427     9.479    sw_sync/adder_sa/SCA2/Cw_0
    SLICE_X60Y85         LUT5 (Prop_lut5_I0_O)        0.124     9.603 r  sw_sync/data_q[12]_i_2/O
                         net (fo=3, routed)           0.770    10.372    sw_sync/adder_sa/SCA2/Cw_2
    SLICE_X62Y88         LUT5 (Prop_lut5_I0_O)        0.117    10.489 r  sw_sync/data_q[14]_i_2/O
                         net (fo=2, routed)           0.662    11.151    sw_sync/adder_sa/SCA3/Cw_0
    SLICE_X63Y88         LUT5 (Prop_lut5_I2_O)        0.360    11.511 r  sw_sync/data_q[14]_i_1/O
                         net (fo=1, routed)           0.000    11.511    reg_unit/D[12]
    SLICE_X63Y88         FDRE                                         r  reg_unit/data_q_reg[14]/D
  -------------------------------------------------------------------    -------------------

                         (clock clk rise edge)       10.000    10.000 r  
    N15                                               0.000    10.000 r  clk (IN)
                         net (fo=0)                   0.000    10.000    clk
    N15                  IBUF (Prop_ibuf_I_O)         1.370    11.370 r  clk_IBUF_inst/O
                         net (fo=1, routed)           1.868    13.238    clk_IBUF
    BUFGCTRL_X0Y0        BUFG (Prop_bufg_I_O)         0.091    13.329 r  clk_IBUF_BUFG_inst/O
                         net (fo=90, routed)          1.506    14.835    reg_unit/clk_IBUF_BUFG
    SLICE_X63Y88         FDRE                                         r  reg_unit/data_q_reg[14]/C
                         clock pessimism              0.271    15.106    
                         clock uncertainty           -0.035    15.070    
    SLICE_X63Y88         FDRE (Setup_fdre_C_D)        0.075    15.145    reg_unit/data_q_reg[14]
  -------------------------------------------------------------------
                         required time                         15.145    
                         arrival time                         -11.511    
  -------------------------------------------------------------------
                         slack                                  3.634    

Slack (MET) :             4.169ns  (required time - arrival time)
  Source:                 sw_sync/data_q_reg[1]/C
                            (rising edge-triggered cell FDRE clocked by clk  {rise@0.000ns fall@5.000ns period=10.000ns})
  Destination:            reg_unit/data_q_reg[12]/D
                            (rising edge-triggered cell FDRE clocked by clk  {rise@0.000ns fall@5.000ns period=10.000ns})
  Path Group:             clk
  Path Type:              Setup (Max at Slow Process Corner)
  Requirement:            10.000ns  (clk rise@10.000ns - clk rise@0.000ns)
  Data Path Delay:        5.711ns  (logic 1.617ns (28.312%)  route 4.094ns (71.688%))
  Logic Levels:           6  (LUT5=5 LUT6=1)
  Clock Path Skew:        -0.017ns (DCD - SCD + CPR)
    Destination Clock Delay (DCD):    4.835ns = ( 14.835 - 10.000 ) 
    Source Clock Delay      (SCD):    5.123ns
    Clock Pessimism Removal (CPR):    0.271ns
  Clock Uncertainty:      0.035ns  ((TSJ^2 + TIJ^2)^1/2 + DJ) / 2 + PE
    Total System Jitter     (TSJ):    0.071ns
    Total Input Jitter      (TIJ):    0.000ns
    Discrete Jitter          (DJ):    0.000ns
    Phase Error              (PE):    0.000ns

    Location             Delay type                Incr(ns)  Path(ns)    Netlist Resource(s)
  -------------------------------------------------------------------    -------------------
                         (clock clk rise edge)        0.000     0.000 r  
    N15                                               0.000     0.000 r  clk (IN)
                         net (fo=0)                   0.000     0.000    clk
    N15                  IBUF (Prop_ibuf_I_O)         1.440     1.440 r  clk_IBUF_inst/O
                         net (fo=1, routed)           1.972     3.412    clk_IBUF
    BUFGCTRL_X0Y0        BUFG (Prop_bufg_I_O)         0.096     3.508 r  clk_IBUF_BUFG_inst/O
                         net (fo=90, routed)          1.615     5.123    sw_sync/clk_IBUF_BUFG
    SLICE_X65Y81         FDRE                                         r  sw_sync/data_q_reg[1]/C
  -------------------------------------------------------------------    -------------------
    SLICE_X65Y81         FDRE (Prop_fdre_C_Q)         0.456     5.579 r  sw_sync/data_q_reg[1]/Q
                         net (fo=10, routed)          1.307     6.886    sw_sync/data_q_reg[5]_0[1]
    SLICE_X61Y85         LUT6 (Prop_lut6_I3_O)        0.124     7.010 r  sw_sync/data_q[4]_i_2/O
                         net (fo=5, routed)           0.659     7.669    sw_sync/Cw_2
    SLICE_X60Y84         LUT5 (Prop_lut5_I0_O)        0.117     7.786 r  sw_sync/data_q[6]_i_2/O
                         net (fo=3, routed)           0.302     8.088    sw_sync/adder_sa/SCA1/Cw_0
    SLICE_X60Y84         LUT5 (Prop_lut5_I0_O)        0.341     8.429 r  sw_sync/data_q[8]_i_2/O
                         net (fo=3, routed)           0.293     8.721    sw_sync/adder_sa/SCA1/Cw_2
    SLICE_X60Y84         LUT5 (Prop_lut5_I0_O)        0.331     9.052 r  sw_sync/data_q[10]_i_2/O
                         net (fo=3, routed)           0.427     9.479    sw_sync/adder_sa/SCA2/Cw_0
    SLICE_X60Y85         LUT5 (Prop_lut5_I0_O)        0.124     9.603 r  sw_sync/data_q[12]_i_2/O
                         net (fo=3, routed)           0.770    10.372    sw_sync/adder_sa/SCA2/Cw_2
    SLICE_X62Y88         LUT5 (Prop_lut5_I2_O)        0.124    10.496 r  sw_sync/data_q[12]_i_1/O
                         net (fo=1, routed)           0.338    10.834    reg_unit/D[10]
    SLICE_X62Y88         FDRE                                         r  reg_unit/data_q_reg[12]/D
  -------------------------------------------------------------------    -------------------

                         (clock clk rise edge)       10.000    10.000 r  
    N15                                               0.000    10.000 r  clk (IN)
                         net (fo=0)                   0.000    10.000    clk
    N15                  IBUF (Prop_ibuf_I_O)         1.370    11.370 r  clk_IBUF_inst/O
                         net (fo=1, routed)           1.868    13.238    clk_IBUF
    BUFGCTRL_X0Y0        BUFG (Prop_bufg_I_O)         0.091    13.329 r  clk_IBUF_BUFG_inst/O
                         net (fo=90, routed)          1.506    14.835    reg_unit/clk_IBUF_BUFG
    SLICE_X62Y88         FDRE                                         r  reg_unit/data_q_reg[12]/C
                         clock pessimism              0.271    15.106    
                         clock uncertainty           -0.035    15.070    
    SLICE_X62Y88         FDRE (Setup_fdre_C_D)       -0.067    15.003    reg_unit/data_q_reg[12]
  -------------------------------------------------------------------
                         required time                         15.003    
                         arrival time                         -10.834    
  -------------------------------------------------------------------
                         slack                                  4.169    

Slack (MET) :             4.296ns  (required time - arrival time)
  Source:                 sw_sync/data_q_reg[5]/C
                            (rising edge-triggered cell FDRE clocked by clk  {rise@0.000ns fall@5.000ns period=10.000ns})
  Destination:            reg_unit/data_q_reg[15]/D
                            (rising edge-triggered cell FDRE clocked by clk  {rise@0.000ns fall@5.000ns period=10.000ns})
  Path Group:             clk
  Path Type:              Setup (Max at Slow Process Corner)
  Requirement:            10.000ns  (clk rise@10.000ns - clk rise@0.000ns)
  Data Path Delay:        5.681ns  (logic 1.576ns (27.743%)  route 4.105ns (72.257%))
  Logic Levels:           7  (LUT2=1 LUT5=4 LUT6=2)
  Clock Path Skew:        -0.019ns (DCD - SCD + CPR)
    Destination Clock Delay (DCD):    4.835ns = ( 14.835 - 10.000 ) 
    Source Clock Delay      (SCD):    5.125ns
    Clock Pessimism Removal (CPR):    0.271ns
  Clock Uncertainty:      0.035ns  ((TSJ^2 + TIJ^2)^1/2 + DJ) / 2 + PE
    Total System Jitter     (TSJ):    0.071ns
    Total Input Jitter      (TIJ):    0.000ns
    Discrete Jitter          (DJ):    0.000ns
    Phase Error              (PE):    0.000ns

    Location             Delay type                Incr(ns)  Path(ns)    Netlist Resource(s)
  -------------------------------------------------------------------    -------------------
                         (clock clk rise edge)        0.000     0.000 r  
    N15                                               0.000     0.000 r  clk (IN)
                         net (fo=0)                   0.000     0.000    clk
    N15                  IBUF (Prop_ibuf_I_O)         1.440     1.440 r  clk_IBUF_inst/O
                         net (fo=1, routed)           1.972     3.412    clk_IBUF
    BUFGCTRL_X0Y0        BUFG (Prop_bufg_I_O)         0.096     3.508 r  clk_IBUF_BUFG_inst/O
                         net (fo=90, routed)          1.617     5.125    sw_sync/clk_IBUF_BUFG
    SLICE_X65Y82         FDRE                                         r  sw_sync/data_q_reg[5]/C
  -------------------------------------------------------------------    -------------------
    SLICE_X65Y82         FDRE (Prop_fdre_C_Q)         0.456     5.581 r  sw_sync/data_q_reg[5]/Q
                         net (fo=12, routed)          1.271     6.852    sw_sync/data_q_reg[5]_0[4]
    SLICE_X60Y86         LUT2 (Prop_lut2_I0_O)        0.152     7.004 r  sw_sync/data_q[16]_i_8/O
                         net (fo=1, routed)           0.427     7.431    sw_sync/p_0_in__3
    SLICE_X60Y85         LUT6 (Prop_lut6_I0_O)        0.348     7.779 r  sw_sync/data_q[16]_i_6/O
                         net (fo=1, routed)           0.426     8.205    sw_sync/data_q[16]_i_6_n_0
    SLICE_X62Y85         LUT6 (Prop_lut6_I0_O)        0.124     8.329 r  sw_sync/data_q[16]_i_5/O
                         net (fo=1, routed)           0.411     8.740    sw_sync/adder_sa/cw_1
    SLICE_X61Y85         LUT5 (Prop_lut5_I0_O)        0.124     8.864 r  sw_sync/data_q[16]_i_4/O
                         net (fo=1, routed)           0.526     9.390    sw_sync/adder_sa/SCA2/Cw_1
    SLICE_X60Y85         LUT5 (Prop_lut5_I0_O)        0.124     9.514 r  sw_sync/data_q[16]_i_3/O
                         net (fo=1, routed)           0.570    10.084    sw_sync/adder_sa/cw_2
    SLICE_X63Y88         LUT5 (Prop_lut5_I0_O)        0.124    10.208 r  sw_sync/data_q[16]_i_2/O
                         net (fo=2, routed)           0.473    10.682    sw_sync/adder_sa/SCA3/Cw_1
    SLICE_X63Y88         LUT5 (Prop_lut5_I2_O)        0.124    10.806 r  sw_sync/data_q[15]_i_1/O
                         net (fo=1, routed)           0.000    10.806    reg_unit/D[13]
    SLICE_X63Y88         FDRE                                         r  reg_unit/data_q_reg[15]/D
  -------------------------------------------------------------------    -------------------

                         (clock clk rise edge)       10.000    10.000 r  
    N15                                               0.000    10.000 r  clk (IN)
                         net (fo=0)                   0.000    10.000    clk
    N15                  IBUF (Prop_ibuf_I_O)         1.370    11.370 r  clk_IBUF_inst/O
                         net (fo=1, routed)           1.868    13.238    clk_IBUF
    BUFGCTRL_X0Y0        BUFG (Prop_bufg_I_O)         0.091    13.329 r  clk_IBUF_BUFG_inst/O
                         net (fo=90, routed)          1.506    14.835    reg_unit/clk_IBUF_BUFG
    SLICE_X63Y88         FDRE                                         r  reg_unit/data_q_reg[15]/C
                         clock pessimism              0.271    15.106    
                         clock uncertainty           -0.035    15.070    
    SLICE_X63Y88         FDRE (Setup_fdre_C_D)        0.031    15.101    reg_unit/data_q_reg[15]
  -------------------------------------------------------------------
                         required time                         15.101    
                         arrival time                         -10.806    
  -------------------------------------------------------------------
                         slack                                  4.296    

Slack (MET) :             4.345ns  (required time - arrival time)
  Source:                 sw_sync/data_q_reg[5]/C
                            (rising edge-triggered cell FDRE clocked by clk  {rise@0.000ns fall@5.000ns period=10.000ns})
  Destination:            reg_unit/data_q_reg[16]/D
                            (rising edge-triggered cell FDRE clocked by clk  {rise@0.000ns fall@5.000ns period=10.000ns})
  Path Group:             clk
  Path Type:              Setup (Max at Slow Process Corner)
  Requirement:            10.000ns  (clk rise@10.000ns - clk rise@0.000ns)
  Data Path Delay:        5.676ns  (logic 1.571ns (27.679%)  route 4.105ns (72.321%))
  Logic Levels:           7  (LUT2=1 LUT5=4 LUT6=2)
  Clock Path Skew:        -0.019ns (DCD - SCD + CPR)
    Destination Clock Delay (DCD):    4.835ns = ( 14.835 - 10.000 ) 
    Source Clock Delay      (SCD):    5.125ns
    Clock Pessimism Removal (CPR):    0.271ns
  Clock Uncertainty:      0.035ns  ((TSJ^2 + TIJ^2)^1/2 + DJ) / 2 + PE
    Total System Jitter     (TSJ):    0.071ns
    Total Input Jitter      (TIJ):    0.000ns
    Discrete Jitter          (DJ):    0.000ns
    Phase Error              (PE):    0.000ns

    Location             Delay type                Incr(ns)  Path(ns)    Netlist Resource(s)
  -------------------------------------------------------------------    -------------------
                         (clock clk rise edge)        0.000     0.000 r  
    N15                                               0.000     0.000 r  clk (IN)
                         net (fo=0)                   0.000     0.000    clk
    N15                  IBUF (Prop_ibuf_I_O)         1.440     1.440 r  clk_IBUF_inst/O
                         net (fo=1, routed)           1.972     3.412    clk_IBUF
    BUFGCTRL_X0Y0        BUFG (Prop_bufg_I_O)         0.096     3.508 r  clk_IBUF_BUFG_inst/O
                         net (fo=90, routed)          1.617     5.125    sw_sync/clk_IBUF_BUFG
    SLICE_X65Y82         FDRE                                         r  sw_sync/data_q_reg[5]/C
  -------------------------------------------------------------------    -------------------
    SLICE_X65Y82         FDRE (Prop_fdre_C_Q)         0.456     5.581 r  sw_sync/data_q_reg[5]/Q
                         net (fo=12, routed)          1.271     6.852    sw_sync/data_q_reg[5]_0[4]
    SLICE_X60Y86         LUT2 (Prop_lut2_I0_O)        0.152     7.004 r  sw_sync/data_q[16]_i_8/O
                         net (fo=1, routed)           0.427     7.431    sw_sync/p_0_in__3
    SLICE_X60Y85         LUT6 (Prop_lut6_I0_O)        0.348     7.779 r  sw_sync/data_q[16]_i_6/O
                         net (fo=1, routed)           0.426     8.205    sw_sync/data_q[16]_i_6_n_0
    SLICE_X62Y85         LUT6 (Prop_lut6_I0_O)        0.124     8.329 r  sw_sync/data_q[16]_i_5/O
                         net (fo=1, routed)           0.411     8.740    sw_sync/adder_sa/cw_1
    SLICE_X61Y85         LUT5 (Prop_lut5_I0_O)        0.124     8.864 r  sw_sync/data_q[16]_i_4/O
                         net (fo=1, routed)           0.526     9.390    sw_sync/adder_sa/SCA2/Cw_1
    SLICE_X60Y85         LUT5 (Prop_lut5_I0_O)        0.124     9.514 r  sw_sync/data_q[16]_i_3/O
                         net (fo=1, routed)           0.570    10.084    sw_sync/adder_sa/cw_2
    SLICE_X63Y88         LUT5 (Prop_lut5_I0_O)        0.124    10.208 r  sw_sync/data_q[16]_i_2/O
                         net (fo=2, routed)           0.473    10.682    sw_sync/adder_sa/SCA3/Cw_1
    SLICE_X63Y88         LUT5 (Prop_lut5_I0_O)        0.119    10.801 r  sw_sync/data_q[16]_i_1/O
                         net (fo=1, routed)           0.000    10.801    reg_unit/D[14]
    SLICE_X63Y88         FDRE                                         r  reg_unit/data_q_reg[16]/D
  -------------------------------------------------------------------    -------------------

                         (clock clk rise edge)       10.000    10.000 r  
    N15                                               0.000    10.000 r  clk (IN)
                         net (fo=0)                   0.000    10.000    clk
    N15                  IBUF (Prop_ibuf_I_O)         1.370    11.370 r  clk_IBUF_inst/O
                         net (fo=1, routed)           1.868    13.238    clk_IBUF
    BUFGCTRL_X0Y0        BUFG (Prop_bufg_I_O)         0.091    13.329 r  clk_IBUF_BUFG_inst/O
                         net (fo=90, routed)          1.506    14.835    reg_unit/clk_IBUF_BUFG
    SLICE_X63Y88         FDRE                                         r  reg_unit/data_q_reg[16]/C
                         clock pessimism              0.271    15.106    
                         clock uncertainty           -0.035    15.070    
    SLICE_X63Y88         FDRE (Setup_fdre_C_D)        0.075    15.145    reg_unit/data_q_reg[16]
  -------------------------------------------------------------------
                         required time                         15.145    
                         arrival time                         -10.801    
  -------------------------------------------------------------------
                         slack                                  4.345    

Slack (MET) :             4.938ns  (required time - arrival time)
  Source:                 sw_sync/data_q_reg[1]/C
                            (rising edge-triggered cell FDRE clocked by clk  {rise@0.000ns fall@5.000ns period=10.000ns})
  Destination:            reg_unit/data_q_reg[11]/D
                            (rising edge-triggered cell FDRE clocked by clk  {rise@0.000ns fall@5.000ns period=10.000ns})
  Path Group:             clk
  Path Type:              Setup (Max at Slow Process Corner)
  Requirement:            10.000ns  (clk rise@10.000ns - clk rise@0.000ns)
  Data Path Delay:        5.022ns  (logic 1.617ns (32.197%)  route 3.405ns (67.803%))
  Logic Levels:           6  (LUT3=1 LUT5=4 LUT6=1)
  Clock Path Skew:        -0.034ns (DCD - SCD + CPR)
    Destination Clock Delay (DCD):    4.832ns = ( 14.832 - 10.000 ) 
    Source Clock Delay      (SCD):    5.123ns
    Clock Pessimism Removal (CPR):    0.257ns
  Clock Uncertainty:      0.035ns  ((TSJ^2 + TIJ^2)^1/2 + DJ) / 2 + PE
    Total System Jitter     (TSJ):    0.071ns
    Total Input Jitter      (TIJ):    0.000ns
    Discrete Jitter          (DJ):    0.000ns
    Phase Error              (PE):    0.000ns

    Location             Delay type                Incr(ns)  Path(ns)    Netlist Resource(s)
  -------------------------------------------------------------------    -------------------
                         (clock clk rise edge)        0.000     0.000 r  
    N15                                               0.000     0.000 r  clk (IN)
                         net (fo=0)                   0.000     0.000    clk
    N15                  IBUF (Prop_ibuf_I_O)         1.440     1.440 r  clk_IBUF_inst/O
                         net (fo=1, routed)           1.972     3.412    clk_IBUF
    BUFGCTRL_X0Y0        BUFG (Prop_bufg_I_O)         0.096     3.508 r  clk_IBUF_BUFG_inst/O
                         net (fo=90, routed)          1.615     5.123    sw_sync/clk_IBUF_BUFG
    SLICE_X65Y81         FDRE                                         r  sw_sync/data_q_reg[1]/C
  -------------------------------------------------------------------    -------------------
    SLICE_X65Y81         FDRE (Prop_fdre_C_Q)         0.456     5.579 r  sw_sync/data_q_reg[1]/Q
                         net (fo=10, routed)          1.307     6.886    sw_sync/data_q_reg[5]_0[1]
    SLICE_X61Y85         LUT6 (Prop_lut6_I3_O)        0.124     7.010 r  sw_sync/data_q[4]_i_2/O
                         net (fo=5, routed)           0.659     7.669    sw_sync/Cw_2
    SLICE_X60Y84         LUT5 (Prop_lut5_I0_O)        0.117     7.786 r  sw_sync/data_q[6]_i_2/O
                         net (fo=3, routed)           0.302     8.088    sw_sync/adder_sa/SCA1/Cw_0
    SLICE_X60Y84         LUT5 (Prop_lut5_I0_O)        0.341     8.429 r  sw_sync/data_q[8]_i_2/O
                         net (fo=3, routed)           0.293     8.721    sw_sync/adder_sa/SCA1/Cw_2
    SLICE_X60Y84         LUT5 (Prop_lut5_I0_O)        0.331     9.052 r  sw_sync/data_q[10]_i_2/O
                         net (fo=3, routed)           0.427     9.479    sw_sync/adder_sa/SCA2/Cw_0
    SLICE_X60Y85         LUT5 (Prop_lut5_I0_O)        0.124     9.603 r  sw_sync/data_q[12]_i_2/O
                         net (fo=3, routed)           0.418    10.021    sw_sync/adder_sa/SCA2/Cw_2
    SLICE_X61Y86         LUT3 (Prop_lut3_I0_O)        0.124    10.145 r  sw_sync/data_q[11]_i_1/O
                         net (fo=1, routed)           0.000    10.145    reg_unit/D[9]
    SLICE_X61Y86         FDRE                                         r  reg_unit/data_q_reg[11]/D
  -------------------------------------------------------------------    -------------------

                         (clock clk rise edge)       10.000    10.000 r  
    N15                                               0.000    10.000 r  clk (IN)
                         net (fo=0)                   0.000    10.000    clk
    N15                  IBUF (Prop_ibuf_I_O)         1.370    11.370 r  clk_IBUF_inst/O
                         net (fo=1, routed)           1.868    13.238    clk_IBUF
    BUFGCTRL_X0Y0        BUFG (Prop_bufg_I_O)         0.091    13.329 r  clk_IBUF_BUFG_inst/O
                         net (fo=90, routed)          1.503    14.832    reg_unit/clk_IBUF_BUFG
    SLICE_X61Y86         FDRE                                         r  reg_unit/data_q_reg[11]/C
                         clock pessimism              0.257    15.089    
                         clock uncertainty           -0.035    15.053    
    SLICE_X61Y86         FDRE (Setup_fdre_C_D)        0.029    15.082    reg_unit/data_q_reg[11]
  -------------------------------------------------------------------
                         required time                         15.082    
                         arrival time                         -10.145    
  -------------------------------------------------------------------
                         slack                                  4.938    

Slack (MET) :             5.288ns  (required time - arrival time)
  Source:                 sw_sync/data_q_reg[1]/C
                            (rising edge-triggered cell FDRE clocked by clk  {rise@0.000ns fall@5.000ns period=10.000ns})
  Destination:            reg_unit/data_q_reg[9]/D
                            (rising edge-triggered cell FDRE clocked by clk  {rise@0.000ns fall@5.000ns period=10.000ns})
  Path Group:             clk
  Path Type:              Setup (Max at Slow Process Corner)
  Requirement:            10.000ns  (clk rise@10.000ns - clk rise@0.000ns)
  Data Path Delay:        4.724ns  (logic 1.493ns (31.605%)  route 3.231ns (68.395%))
  Logic Levels:           5  (LUT3=1 LUT5=3 LUT6=1)
  Clock Path Skew:        -0.034ns (DCD - SCD + CPR)
    Destination Clock Delay (DCD):    4.832ns = ( 14.832 - 10.000 ) 
    Source Clock Delay      (SCD):    5.123ns
    Clock Pessimism Removal (CPR):    0.257ns
  Clock Uncertainty:      0.035ns  ((TSJ^2 + TIJ^2)^1/2 + DJ) / 2 + PE
    Total System Jitter     (TSJ):    0.071ns
    Total Input Jitter      (TIJ):    0.000ns
    Discrete Jitter          (DJ):    0.000ns
    Phase Error              (PE):    0.000ns

    Location             Delay type                Incr(ns)  Path(ns)    Netlist Resource(s)
  -------------------------------------------------------------------    -------------------
                         (clock clk rise edge)        0.000     0.000 r  
    N15                                               0.000     0.000 r  clk (IN)
                         net (fo=0)                   0.000     0.000    clk
    N15                  IBUF (Prop_ibuf_I_O)         1.440     1.440 r  clk_IBUF_inst/O
                         net (fo=1, routed)           1.972     3.412    clk_IBUF
    BUFGCTRL_X0Y0        BUFG (Prop_bufg_I_O)         0.096     3.508 r  clk_IBUF_BUFG_inst/O
                         net (fo=90, routed)          1.615     5.123    sw_sync/clk_IBUF_BUFG
    SLICE_X65Y81         FDRE                                         r  sw_sync/data_q_reg[1]/C
  -------------------------------------------------------------------    -------------------
    SLICE_X65Y81         FDRE (Prop_fdre_C_Q)         0.456     5.579 r  sw_sync/data_q_reg[1]/Q
                         net (fo=10, routed)          1.307     6.886    sw_sync/data_q_reg[5]_0[1]
    SLICE_X61Y85         LUT6 (Prop_lut6_I3_O)        0.124     7.010 r  sw_sync/data_q[4]_i_2/O
                         net (fo=5, routed)           0.659     7.669    sw_sync/Cw_2
    SLICE_X60Y84         LUT5 (Prop_lut5_I0_O)        0.117     7.786 r  sw_sync/data_q[6]_i_2/O
                         net (fo=3, routed)           0.302     8.088    sw_sync/adder_sa/SCA1/Cw_0
    SLICE_X60Y84         LUT5 (Prop_lut5_I0_O)        0.341     8.429 r  sw_sync/data_q[8]_i_2/O
                         net (fo=3, routed)           0.293     8.721    sw_sync/adder_sa/SCA1/Cw_2
    SLICE_X60Y84         LUT5 (Prop_lut5_I0_O)        0.331     9.052 r  sw_sync/data_q[10]_i_2/O
                         net (fo=3, routed)           0.671     9.723    sw_sync/adder_sa/SCA2/Cw_0
    SLICE_X60Y85         LUT3 (Prop_lut3_I0_O)        0.124     9.847 r  sw_sync/data_q[9]_i_1/O
                         net (fo=1, routed)           0.000     9.847    reg_unit/D[7]
    SLICE_X60Y85         FDRE                                         r  reg_unit/data_q_reg[9]/D
  -------------------------------------------------------------------    -------------------

                         (clock clk rise edge)       10.000    10.000 r  
    N15                                               0.000    10.000 r  clk (IN)
                         net (fo=0)                   0.000    10.000    clk
    N15                  IBUF (Prop_ibuf_I_O)         1.370    11.370 r  clk_IBUF_inst/O
                         net (fo=1, routed)           1.868    13.238    clk_IBUF
    BUFGCTRL_X0Y0        BUFG (Prop_bufg_I_O)         0.091    13.329 r  clk_IBUF_BUFG_inst/O
                         net (fo=90, routed)          1.503    14.832    reg_unit/clk_IBUF_BUFG
    SLICE_X60Y85         FDRE                                         r  reg_unit/data_q_reg[9]/C
                         clock pessimism              0.257    15.089    
                         clock uncertainty           -0.035    15.053    
    SLICE_X60Y85         FDRE (Setup_fdre_C_D)        0.081    15.134    reg_unit/data_q_reg[9]
  -------------------------------------------------------------------
                         required time                         15.134    
                         arrival time                          -9.847    
  -------------------------------------------------------------------
                         slack                                  5.288    

Slack (MET) :             5.394ns  (required time - arrival time)
  Source:                 sw_sync/data_q_reg[1]/C
                            (rising edge-triggered cell FDRE clocked by clk  {rise@0.000ns fall@5.000ns period=10.000ns})
  Destination:            reg_unit/data_q_reg[8]/D
                            (rising edge-triggered cell FDRE clocked by clk  {rise@0.000ns fall@5.000ns period=10.000ns})
  Path Group:             clk
  Path Type:              Setup (Max at Slow Process Corner)
  Requirement:            10.000ns  (clk rise@10.000ns - clk rise@0.000ns)
  Data Path Delay:        4.304ns  (logic 1.361ns (31.624%)  route 2.943ns (68.376%))
  Logic Levels:           4  (LUT5=3 LUT6=1)
  Clock Path Skew:        -0.035ns (DCD - SCD + CPR)
    Destination Clock Delay (DCD):    4.831ns = ( 14.831 - 10.000 ) 
    Source Clock Delay      (SCD):    5.123ns
    Clock Pessimism Removal (CPR):    0.257ns
  Clock Uncertainty:      0.035ns  ((TSJ^2 + TIJ^2)^1/2 + DJ) / 2 + PE
    Total System Jitter     (TSJ):    0.071ns
    Total Input Jitter      (TIJ):    0.000ns
    Discrete Jitter          (DJ):    0.000ns
    Phase Error              (PE):    0.000ns

    Location             Delay type                Incr(ns)  Path(ns)    Netlist Resource(s)
  -------------------------------------------------------------------    -------------------
                         (clock clk rise edge)        0.000     0.000 r  
    N15                                               0.000     0.000 r  clk (IN)
                         net (fo=0)                   0.000     0.000    clk
    N15                  IBUF (Prop_ibuf_I_O)         1.440     1.440 r  clk_IBUF_inst/O
                         net (fo=1, routed)           1.972     3.412    clk_IBUF
    BUFGCTRL_X0Y0        BUFG (Prop_bufg_I_O)         0.096     3.508 r  clk_IBUF_BUFG_inst/O
                         net (fo=90, routed)          1.615     5.123    sw_sync/clk_IBUF_BUFG
    SLICE_X65Y81         FDRE                                         r  sw_sync/data_q_reg[1]/C
  -------------------------------------------------------------------    -------------------
    SLICE_X65Y81         FDRE (Prop_fdre_C_Q)         0.456     5.579 r  sw_sync/data_q_reg[1]/Q
                         net (fo=10, routed)          1.307     6.886    sw_sync/data_q_reg[5]_0[1]
    SLICE_X61Y85         LUT6 (Prop_lut6_I3_O)        0.124     7.010 r  sw_sync/data_q[4]_i_2/O
                         net (fo=5, routed)           0.659     7.669    sw_sync/Cw_2
    SLICE_X60Y84         LUT5 (Prop_lut5_I0_O)        0.117     7.786 r  sw_sync/data_q[6]_i_2/O
                         net (fo=3, routed)           0.302     8.088    sw_sync/adder_sa/SCA1/Cw_0
    SLICE_X60Y84         LUT5 (Prop_lut5_I0_O)        0.341     8.429 r  sw_sync/data_q[8]_i_2/O
                         net (fo=3, routed)           0.293     8.721    sw_sync/adder_sa/SCA1/Cw_2
    SLICE_X60Y84         LUT5 (Prop_lut5_I2_O)        0.323     9.044 r  sw_sync/data_q[8]_i_1/O
                         net (fo=1, routed)           0.382     9.427    reg_unit/D[6]
    SLICE_X60Y84         FDRE                                         r  reg_unit/data_q_reg[8]/D
  -------------------------------------------------------------------    -------------------

                         (clock clk rise edge)       10.000    10.000 r  
    N15                                               0.000    10.000 r  clk (IN)
                         net (fo=0)                   0.000    10.000    clk
    N15                  IBUF (Prop_ibuf_I_O)         1.370    11.370 r  clk_IBUF_inst/O
                         net (fo=1, routed)           1.868    13.238    clk_IBUF
    BUFGCTRL_X0Y0        BUFG (Prop_bufg_I_O)         0.091    13.329 r  clk_IBUF_BUFG_inst/O
                         net (fo=90, routed)          1.502    14.831    reg_unit/clk_IBUF_BUFG
    SLICE_X60Y84         FDRE                                         r  reg_unit/data_q_reg[8]/C
                         clock pessimism              0.257    15.088    
                         clock uncertainty           -0.035    15.052    
    SLICE_X60Y84         FDRE (Setup_fdre_C_D)       -0.232    14.820    reg_unit/data_q_reg[8]
  -------------------------------------------------------------------
                         required time                         14.820    
                         arrival time                          -9.427    
  -------------------------------------------------------------------
                         slack                                  5.394    

Slack (MET) :             5.488ns  (required time - arrival time)
  Source:                 sw_sync/data_q_reg[1]/C
                            (rising edge-triggered cell FDRE clocked by clk  {rise@0.000ns fall@5.000ns period=10.000ns})
  Destination:            reg_unit/data_q_reg[5]/D
                            (rising edge-triggered cell FDRE clocked by clk  {rise@0.000ns fall@5.000ns period=10.000ns})
  Path Group:             clk
  Path Type:              Setup (Max at Slow Process Corner)
  Requirement:            10.000ns  (clk rise@10.000ns - clk rise@0.000ns)
  Data Path Delay:        4.411ns  (logic 1.045ns (23.689%)  route 3.366ns (76.311%))
  Logic Levels:           3  (LUT3=1 LUT5=1 LUT6=1)
  Clock Path Skew:        -0.034ns (DCD - SCD + CPR)
    Destination Clock Delay (DCD):    4.832ns = ( 14.832 - 10.000 ) 
    Source Clock Delay      (SCD):    5.123ns
    Clock Pessimism Removal (CPR):    0.257ns
  Clock Uncertainty:      0.035ns  ((TSJ^2 + TIJ^2)^1/2 + DJ) / 2 + PE
    Total System Jitter     (TSJ):    0.071ns
    Total Input Jitter      (TIJ):    0.000ns
    Discrete Jitter          (DJ):    0.000ns
    Phase Error              (PE):    0.000ns

    Location             Delay type                Incr(ns)  Path(ns)    Netlist Resource(s)
  -------------------------------------------------------------------    -------------------
                         (clock clk rise edge)        0.000     0.000 r  
    N15                                               0.000     0.000 r  clk (IN)
                         net (fo=0)                   0.000     0.000    clk
    N15                  IBUF (Prop_ibuf_I_O)         1.440     1.440 r  clk_IBUF_inst/O
                         net (fo=1, routed)           1.972     3.412    clk_IBUF
    BUFGCTRL_X0Y0        BUFG (Prop_bufg_I_O)         0.096     3.508 r  clk_IBUF_BUFG_inst/O
                         net (fo=90, routed)          1.615     5.123    sw_sync/clk_IBUF_BUFG
    SLICE_X65Y81         FDRE                                         r  sw_sync/data_q_reg[1]/C
  -------------------------------------------------------------------    -------------------
    SLICE_X65Y81         FDRE (Prop_fdre_C_Q)         0.456     5.579 r  sw_sync/data_q_reg[1]/Q
                         net (fo=10, routed)          1.307     6.886    sw_sync/data_q_reg[5]_0[1]
    SLICE_X61Y85         LUT6 (Prop_lut6_I3_O)        0.124     7.010 r  sw_sync/data_q[4]_i_2/O
                         net (fo=5, routed)           0.659     7.669    sw_sync/Cw_2
    SLICE_X60Y84         LUT5 (Prop_lut5_I0_O)        0.117     7.786 r  sw_sync/data_q[6]_i_2/O
                         net (fo=3, routed)           0.832     8.618    sw_sync/adder_sa/SCA1/Cw_0
    SLICE_X60Y86         LUT3 (Prop_lut3_I0_O)        0.348     8.966 r  sw_sync/data_q[5]_i_1/O
                         net (fo=1, routed)           0.568     9.534    reg_unit/D[3]
    SLICE_X60Y86         FDRE                                         r  reg_unit/data_q_reg[5]/D
  -------------------------------------------------------------------    -------------------

                         (clock clk rise edge)       10.000    10.000 r  
    N15                                               0.000    10.000 r  clk (IN)
                         net (fo=0)                   0.000    10.000    clk
    N15                  IBUF (Prop_ibuf_I_O)         1.370    11.370 r  clk_IBUF_inst/O
                         net (fo=1, routed)           1.868    13.238    clk_IBUF
    BUFGCTRL_X0Y0        BUFG (Prop_bufg_I_O)         0.091    13.329 r  clk_IBUF_BUFG_inst/O
                         net (fo=90, routed)          1.503    14.832    reg_unit/clk_IBUF_BUFG
    SLICE_X60Y86         FDRE                                         r  reg_unit/data_q_reg[5]/C
                         clock pessimism              0.257    15.089    
                         clock uncertainty           -0.035    15.053    
    SLICE_X60Y86         FDRE (Setup_fdre_C_D)       -0.031    15.022    reg_unit/data_q_reg[5]
  -------------------------------------------------------------------
                         required time                         15.022    
                         arrival time                          -9.534    
  -------------------------------------------------------------------
                         slack                                  5.488    

Slack (MET) :             5.551ns  (required time - arrival time)
  Source:                 sw_sync/data_q_reg[1]/C
                            (rising edge-triggered cell FDRE clocked by clk  {rise@0.000ns fall@5.000ns period=10.000ns})
  Destination:            reg_unit/data_q_reg[10]/D
                            (rising edge-triggered cell FDRE clocked by clk  {rise@0.000ns fall@5.000ns period=10.000ns})
  Path Group:             clk
  Path Type:              Setup (Max at Slow Process Corner)
  Requirement:            10.000ns  (clk rise@10.000ns - clk rise@0.000ns)
  Data Path Delay:        4.472ns  (logic 1.485ns (33.207%)  route 2.987ns (66.793%))
  Logic Levels:           5  (LUT5=4 LUT6=1)
  Clock Path Skew:        -0.034ns (DCD - SCD + CPR)
    Destination Clock Delay (DCD):    4.832ns = ( 14.832 - 10.000 ) 
    Source Clock Delay      (SCD):    5.123ns
    Clock Pessimism Removal (CPR):    0.257ns
  Clock Uncertainty:      0.035ns  ((TSJ^2 + TIJ^2)^1/2 + DJ) / 2 + PE
    Total System Jitter     (TSJ):    0.071ns
    Total Input Jitter      (TIJ):    0.000ns
    Discrete Jitter          (DJ):    0.000ns
    Phase Error              (PE):    0.000ns

    Location             Delay type                Incr(ns)  Path(ns)    Netlist Resource(s)
  -------------------------------------------------------------------    -------------------
                         (clock clk rise edge)        0.000     0.000 r  
    N15                                               0.000     0.000 r  clk (IN)
                         net (fo=0)                   0.000     0.000    clk
    N15                  IBUF (Prop_ibuf_I_O)         1.440     1.440 r  clk_IBUF_inst/O
                         net (fo=1, routed)           1.972     3.412    clk_IBUF
    BUFGCTRL_X0Y0        BUFG (Prop_bufg_I_O)         0.096     3.508 r  clk_IBUF_BUFG_inst/O
                         net (fo=90, routed)          1.615     5.123    sw_sync/clk_IBUF_BUFG
    SLICE_X65Y81         FDRE                                         r  sw_sync/data_q_reg[1]/C
  -------------------------------------------------------------------    -------------------
    SLICE_X65Y81         FDRE (Prop_fdre_C_Q)         0.456     5.579 r  sw_sync/data_q_reg[1]/Q
                         net (fo=10, routed)          1.307     6.886    sw_sync/data_q_reg[5]_0[1]
    SLICE_X61Y85         LUT6 (Prop_lut6_I3_O)        0.124     7.010 r  sw_sync/data_q[4]_i_2/O
                         net (fo=5, routed)           0.659     7.669    sw_sync/Cw_2
    SLICE_X60Y84         LUT5 (Prop_lut5_I0_O)        0.117     7.786 r  sw_sync/data_q[6]_i_2/O
                         net (fo=3, routed)           0.302     8.088    sw_sync/adder_sa/SCA1/Cw_0
    SLICE_X60Y84         LUT5 (Prop_lut5_I0_O)        0.341     8.429 r  sw_sync/data_q[8]_i_2/O
                         net (fo=3, routed)           0.293     8.721    sw_sync/adder_sa/SCA1/Cw_2
    SLICE_X60Y84         LUT5 (Prop_lut5_I0_O)        0.331     9.052 r  sw_sync/data_q[10]_i_2/O
                         net (fo=3, routed)           0.427     9.479    sw_sync/adder_sa/SCA2/Cw_0
    SLICE_X60Y85         LUT5 (Prop_lut5_I2_O)        0.116     9.595 r  sw_sync/data_q[10]_i_1/O
                         net (fo=1, routed)           0.000     9.595    reg_unit/D[8]
    SLICE_X60Y85         FDRE                                         r  reg_unit/data_q_reg[10]/D
  -------------------------------------------------------------------    -------------------

                         (clock clk rise edge)       10.000    10.000 r  
    N15                                               0.000    10.000 r  clk (IN)
                         net (fo=0)                   0.000    10.000    clk
    N15                  IBUF (Prop_ibuf_I_O)         1.370    11.370 r  clk_IBUF_inst/O
                         net (fo=1, routed)           1.868    13.238    clk_IBUF
    BUFGCTRL_X0Y0        BUFG (Prop_bufg_I_O)         0.091    13.329 r  clk_IBUF_BUFG_inst/O
                         net (fo=90, routed)          1.503    14.832    reg_unit/clk_IBUF_BUFG
    SLICE_X60Y85         FDRE                                         r  reg_unit/data_q_reg[10]/C
                         clock pessimism              0.257    15.089    
                         clock uncertainty           -0.035    15.053    
    SLICE_X60Y85         FDRE (Setup_fdre_C_D)        0.092    15.145    reg_unit/data_q_reg[10]
  -------------------------------------------------------------------
                         required time                         15.145    
                         arrival time                          -9.595    
  -------------------------------------------------------------------
                         slack                                  5.551    





Min Delay Paths
--------------------------------------------------------------------------------------
Slack (MET) :             0.144ns  (arrival time - required time)
  Source:                 button_sync[0]/q_reg/C
                            (rising edge-triggered cell FDRE clocked by clk  {rise@0.000ns fall@5.000ns period=10.000ns})
  Destination:            run_once/prev_in_reg/D
                            (rising edge-triggered cell FDRE clocked by clk  {rise@0.000ns fall@5.000ns period=10.000ns})
  Path Group:             clk
  Path Type:              Hold (Min at Fast Process Corner)
  Requirement:            0.000ns  (clk rise@0.000ns - clk rise@0.000ns)
  Data Path Delay:        0.219ns  (logic 0.141ns (64.352%)  route 0.078ns (35.648%))
  Logic Levels:           0  
  Clock Path Skew:        0.000ns (DCD - SCD - CPR)
    Destination Clock Delay (DCD):    1.969ns
    Source Clock Delay      (SCD):    1.456ns
    Clock Pessimism Removal (CPR):    0.513ns

    Location             Delay type                Incr(ns)  Path(ns)    Netlist Resource(s)
  -------------------------------------------------------------------    -------------------
                         (clock clk rise edge)        0.000     0.000 r  
    N15                                               0.000     0.000 r  clk (IN)
                         net (fo=0)                   0.000     0.000    clk
    N15                  IBUF (Prop_ibuf_I_O)         0.209     0.209 r  clk_IBUF_inst/O
                         net (fo=1, routed)           0.634     0.843    clk_IBUF
    BUFGCTRL_X0Y0        BUFG (Prop_bufg_I_O)         0.026     0.869 r  clk_IBUF_BUFG_inst/O
                         net (fo=90, routed)          0.588     1.456    button_sync[0]/clk_IBUF_BUFG
    SLICE_X61Y84         FDRE                                         r  button_sync[0]/q_reg/C
  -------------------------------------------------------------------    -------------------
    SLICE_X61Y84         FDRE (Prop_fdre_C_Q)         0.141     1.597 r  button_sync[0]/q_reg/Q
                         net (fo=3, routed)           0.078     1.675    run_once/prev_in_reg_0
    SLICE_X61Y84         FDRE                                         r  run_once/prev_in_reg/D
  -------------------------------------------------------------------    -------------------

                         (clock clk rise edge)        0.000     0.000 r  
    N15                                               0.000     0.000 r  clk (IN)
                         net (fo=0)                   0.000     0.000    clk
    N15                  IBUF (Prop_ibuf_I_O)         0.396     0.396 r  clk_IBUF_inst/O
                         net (fo=1, routed)           0.689     1.085    clk_IBUF
    BUFGCTRL_X0Y0        BUFG (Prop_bufg_I_O)         0.029     1.114 r  clk_IBUF_BUFG_inst/O
                         net (fo=90, routed)          0.855     1.969    run_once/clk_IBUF_BUFG
    SLICE_X61Y84         FDRE                                         r  run_once/prev_in_reg/C
                         clock pessimism             -0.513     1.456    
    SLICE_X61Y84         FDRE (Hold_fdre_C_D)         0.075     1.531    run_once/prev_in_reg
  -------------------------------------------------------------------
                         required time                         -1.531    
                         arrival time                           1.675    
  -------------------------------------------------------------------
                         slack                                  0.144    

Slack (MET) :             0.188ns  (arrival time - required time)
  Source:                 run_once/prev_in_reg/C
                            (rising edge-triggered cell FDRE clocked by clk  {rise@0.000ns fall@5.000ns period=10.000ns})
  Destination:            run_once/out_reg/D
                            (rising edge-triggered cell FDRE clocked by clk  {rise@0.000ns fall@5.000ns period=10.000ns})
  Path Group:             clk
  Path Type:              Hold (Min at Fast Process Corner)
  Requirement:            0.000ns  (clk rise@0.000ns - clk rise@0.000ns)
  Data Path Delay:        0.280ns  (logic 0.227ns (80.953%)  route 0.053ns (19.047%))
  Logic Levels:           1  (LUT2=1)
  Clock Path Skew:        0.000ns (DCD - SCD - CPR)
    Destination Clock Delay (DCD):    1.969ns
    Source Clock Delay      (SCD):    1.456ns
    Clock Pessimism Removal (CPR):    0.513ns

    Location             Delay type                Incr(ns)  Path(ns)    Netlist Resource(s)
  -------------------------------------------------------------------    -------------------
                         (clock clk rise edge)        0.000     0.000 r  
    N15                                               0.000     0.000 r  clk (IN)
                         net (fo=0)                   0.000     0.000    clk
    N15                  IBUF (Prop_ibuf_I_O)         0.209     0.209 r  clk_IBUF_inst/O
                         net (fo=1, routed)           0.634     0.843    clk_IBUF
    BUFGCTRL_X0Y0        BUFG (Prop_bufg_I_O)         0.026     0.869 r  clk_IBUF_BUFG_inst/O
                         net (fo=90, routed)          0.588     1.456    run_once/clk_IBUF_BUFG
    SLICE_X61Y84         FDRE                                         r  run_once/prev_in_reg/C
  -------------------------------------------------------------------    -------------------
    SLICE_X61Y84         FDRE (Prop_fdre_C_Q)         0.128     1.584 r  run_once/prev_in_reg/Q
                         net (fo=1, routed)           0.053     1.638    run_once/prev_in
    SLICE_X61Y84         LUT2 (Prop_lut2_I0_O)        0.099     1.737 r  run_once/out_i_1/O
                         net (fo=1, routed)           0.000     1.737    run_once/out_d
    SLICE_X61Y84         FDRE                                         r  run_once/out_reg/D
  -------------------------------------------------------------------    -------------------

                         (clock clk rise edge)        0.000     0.000 r  
    N15                                               0.000     0.000 r  clk (IN)
                         net (fo=0)                   0.000     0.000    clk
    N15                  IBUF (Prop_ibuf_I_O)         0.396     0.396 r  clk_IBUF_inst/O
                         net (fo=1, routed)           0.689     1.085    clk_IBUF
    BUFGCTRL_X0Y0        BUFG (Prop_bufg_I_O)         0.029     1.114 r  clk_IBUF_BUFG_inst/O
                         net (fo=90, routed)          0.855     1.969    run_once/clk_IBUF_BUFG
    SLICE_X61Y84         FDRE                                         r  run_once/out_reg/C
                         clock pessimism             -0.513     1.456    
    SLICE_X61Y84         FDRE (Hold_fdre_C_D)         0.092     1.548    run_once/out_reg
  -------------------------------------------------------------------
                         required time                         -1.548    
                         arrival time                           1.737    
  -------------------------------------------------------------------
                         slack                                  0.188    

Slack (MET) :             0.200ns  (arrival time - required time)
  Source:                 button_sync[1]/ff2_reg/C
                            (rising edge-triggered cell FDRE clocked by clk  {rise@0.000ns fall@5.000ns period=10.000ns})
  Destination:            button_sync[1]/q_reg/D
                            (rising edge-triggered cell FDRE clocked by clk  {rise@0.000ns fall@5.000ns period=10.000ns})
  Path Group:             clk
  Path Type:              Hold (Min at Fast Process Corner)
  Requirement:            0.000ns  (clk rise@0.000ns - clk rise@0.000ns)
  Data Path Delay:        0.320ns  (logic 0.246ns (76.992%)  route 0.074ns (23.008%))
  Logic Levels:           1  (LUT4=1)
  Clock Path Skew:        0.000ns (DCD - SCD - CPR)
    Destination Clock Delay (DCD):    1.967ns
    Source Clock Delay      (SCD):    1.453ns
    Clock Pessimism Removal (CPR):    0.514ns

    Location             Delay type                Incr(ns)  Path(ns)    Netlist Resource(s)
  -------------------------------------------------------------------    -------------------
                         (clock clk rise edge)        0.000     0.000 r  
    N15                                               0.000     0.000 r  clk (IN)
                         net (fo=0)                   0.000     0.000    clk
    N15                  IBUF (Prop_ibuf_I_O)         0.209     0.209 r  clk_IBUF_inst/O
                         net (fo=1, routed)           0.634     0.843    clk_IBUF
    BUFGCTRL_X0Y0        BUFG (Prop_bufg_I_O)         0.026     0.869 r  clk_IBUF_BUFG_inst/O
                         net (fo=90, routed)          0.585     1.453    button_sync[1]/clk_IBUF_BUFG
    SLICE_X64Y80         FDRE                                         r  button_sync[1]/ff2_reg/C
  -------------------------------------------------------------------    -------------------
    SLICE_X64Y80         FDRE (Prop_fdre_C_Q)         0.148     1.601 r  button_sync[1]/ff2_reg/Q
                         net (fo=2, routed)           0.074     1.675    button_sync[1]/ff2
    SLICE_X64Y80         LUT4 (Prop_lut4_I2_O)        0.098     1.773 r  button_sync[1]/q_i_1__0/O
                         net (fo=1, routed)           0.000     1.773    button_sync[1]/q_i_1__0_n_0
    SLICE_X64Y80         FDRE                                         r  button_sync[1]/q_reg/D
  -------------------------------------------------------------------    -------------------

                         (clock clk rise edge)        0.000     0.000 r  
    N15                                               0.000     0.000 r  clk (IN)
                         net (fo=0)                   0.000     0.000    clk
    N15                  IBUF (Prop_ibuf_I_O)         0.396     0.396 r  clk_IBUF_inst/O
                         net (fo=1, routed)           0.689     1.085    clk_IBUF
    BUFGCTRL_X0Y0        BUFG (Prop_bufg_I_O)         0.029     1.114 r  clk_IBUF_BUFG_inst/O
                         net (fo=90, routed)          0.853     1.967    button_sync[1]/clk_IBUF_BUFG
    SLICE_X64Y80         FDRE                                         r  button_sync[1]/q_reg/C
                         clock pessimism             -0.514     1.453    
    SLICE_X64Y80         FDRE (Hold_fdre_C_D)         0.120     1.573    button_sync[1]/q_reg
  -------------------------------------------------------------------
                         required time                         -1.573    
                         arrival time                           1.773    
  -------------------------------------------------------------------
                         slack                                  0.200    

Slack (MET) :             0.229ns  (arrival time - required time)
  Source:                 button_sync[0]/ff2_reg/C
                            (rising edge-triggered cell FDRE clocked by clk  {rise@0.000ns fall@5.000ns period=10.000ns})
  Destination:            button_sync[0]/q_reg/D
                            (rising edge-triggered cell FDRE clocked by clk  {rise@0.000ns fall@5.000ns period=10.000ns})
  Path Group:             clk
  Path Type:              Hold (Min at Fast Process Corner)
  Requirement:            0.000ns  (clk rise@0.000ns - clk rise@0.000ns)
  Data Path Delay:        0.335ns  (logic 0.186ns (55.477%)  route 0.149ns (44.523%))
  Logic Levels:           1  (LUT4=1)
  Clock Path Skew:        0.015ns (DCD - SCD - CPR)
    Destination Clock Delay (DCD):    1.969ns
    Source Clock Delay      (SCD):    1.455ns
    Clock Pessimism Removal (CPR):    0.499ns

    Location             Delay type                Incr(ns)  Path(ns)    Netlist Resource(s)
  -------------------------------------------------------------------    -------------------
                         (clock clk rise edge)        0.000     0.000 r  
    N15                                               0.000     0.000 r  clk (IN)
                         net (fo=0)                   0.000     0.000    clk
    N15                  IBUF (Prop_ibuf_I_O)         0.209     0.209 r  clk_IBUF_inst/O
                         net (fo=1, routed)           0.634     0.843    clk_IBUF
    BUFGCTRL_X0Y0        BUFG (Prop_bufg_I_O)         0.026     0.869 r  clk_IBUF_BUFG_inst/O
                         net (fo=90, routed)          0.587     1.455    button_sync[0]/clk_IBUF_BUFG
    SLICE_X61Y83         FDRE                                         r  button_sync[0]/ff2_reg/C
  -------------------------------------------------------------------    -------------------
    SLICE_X61Y83         FDRE (Prop_fdre_C_Q)         0.141     1.596 r  button_sync[0]/ff2_reg/Q
                         net (fo=2, routed)           0.149     1.746    button_sync[0]/ff2
    SLICE_X61Y84         LUT4 (Prop_lut4_I2_O)        0.045     1.791 r  button_sync[0]/q_i_1/O
                         net (fo=1, routed)           0.000     1.791    button_sync[0]/q_i_1_n_0
    SLICE_X61Y84         FDRE                                         r  button_sync[0]/q_reg/D
  -------------------------------------------------------------------    -------------------

                         (clock clk rise edge)        0.000     0.000 r  
    N15                                               0.000     0.000 r  clk (IN)
                         net (fo=0)                   0.000     0.000    clk
    N15                  IBUF (Prop_ibuf_I_O)         0.396     0.396 r  clk_IBUF_inst/O
                         net (fo=1, routed)           0.689     1.085    clk_IBUF
    BUFGCTRL_X0Y0        BUFG (Prop_bufg_I_O)         0.029     1.114 r  clk_IBUF_BUFG_inst/O
                         net (fo=90, routed)          0.855     1.969    button_sync[0]/clk_IBUF_BUFG
    SLICE_X61Y84         FDRE                                         r  button_sync[0]/q_reg/C
                         clock pessimism             -0.499     1.470    
    SLICE_X61Y84         FDRE (Hold_fdre_C_D)         0.091     1.561    button_sync[0]/q_reg
  -------------------------------------------------------------------
                         required time                         -1.561    
                         arrival time                           1.791    
  -------------------------------------------------------------------
                         slack                                  0.229    

Slack (MET) :             0.240ns  (arrival time - required time)
  Source:                 button_sync[0]/ff1_reg/C
                            (rising edge-triggered cell FDRE clocked by clk  {rise@0.000ns fall@5.000ns period=10.000ns})
  Destination:            button_sync[0]/ff2_reg/D
                            (rising edge-triggered cell FDRE clocked by clk  {rise@0.000ns fall@5.000ns period=10.000ns})
  Path Group:             clk
  Path Type:              Hold (Min at Fast Process Corner)
  Requirement:            0.000ns  (clk rise@0.000ns - clk rise@0.000ns)
  Data Path Delay:        0.350ns  (logic 0.141ns (40.308%)  route 0.209ns (59.692%))
  Logic Levels:           0  
  Clock Path Skew:        0.040ns (DCD - SCD - CPR)
    Destination Clock Delay (DCD):    1.968ns
    Source Clock Delay      (SCD):    1.449ns
    Clock Pessimism Removal (CPR):    0.479ns

    Location             Delay type                Incr(ns)  Path(ns)    Netlist Resource(s)
  -------------------------------------------------------------------    -------------------
                         (clock clk rise edge)        0.000     0.000 r  
    N15                                               0.000     0.000 r  clk (IN)
                         net (fo=0)                   0.000     0.000    clk
    N15                  IBUF (Prop_ibuf_I_O)         0.209     0.209 r  clk_IBUF_inst/O
                         net (fo=1, routed)           0.634     0.843    clk_IBUF
    BUFGCTRL_X0Y0        BUFG (Prop_bufg_I_O)         0.026     0.869 r  clk_IBUF_BUFG_inst/O
                         net (fo=90, routed)          0.581     1.449    button_sync[0]/clk_IBUF_BUFG
    SLICE_X63Y76         FDRE                                         r  button_sync[0]/ff1_reg/C
  -------------------------------------------------------------------    -------------------
    SLICE_X63Y76         FDRE (Prop_fdre_C_Q)         0.141     1.590 r  button_sync[0]/ff1_reg/Q
                         net (fo=3, routed)           0.209     1.799    button_sync[0]/ff1
    SLICE_X61Y83         FDRE                                         r  button_sync[0]/ff2_reg/D
  -------------------------------------------------------------------    -------------------

                         (clock clk rise edge)        0.000     0.000 r  
    N15                                               0.000     0.000 r  clk (IN)
                         net (fo=0)                   0.000     0.000    clk
    N15                  IBUF (Prop_ibuf_I_O)         0.396     0.396 r  clk_IBUF_inst/O
                         net (fo=1, routed)           0.689     1.085    clk_IBUF
    BUFGCTRL_X0Y0        BUFG (Prop_bufg_I_O)         0.029     1.114 r  clk_IBUF_BUFG_inst/O
                         net (fo=90, routed)          0.855     1.968    button_sync[0]/clk_IBUF_BUFG
    SLICE_X61Y83         FDRE                                         r  button_sync[0]/ff2_reg/C
                         clock pessimism             -0.479     1.489    
    SLICE_X61Y83         FDRE (Hold_fdre_C_D)         0.070     1.559    button_sync[0]/ff2_reg
  -------------------------------------------------------------------
                         required time                         -1.559    
                         arrival time                           1.799    
  -------------------------------------------------------------------
                         slack                                  0.240    

Slack (MET) :             0.240ns  (arrival time - required time)
  Source:                 reg_unit/data_q_reg[2]/C
                            (rising edge-triggered cell FDRE clocked by clk  {rise@0.000ns fall@5.000ns period=10.000ns})
  Destination:            reg_unit/data_q_reg[2]/D
                            (rising edge-triggered cell FDRE clocked by clk  {rise@0.000ns fall@5.000ns period=10.000ns})
  Path Group:             clk
  Path Type:              Hold (Min at Fast Process Corner)
  Requirement:            0.000ns  (clk rise@0.000ns - clk rise@0.000ns)
  Data Path Delay:        0.332ns  (logic 0.186ns (56.002%)  route 0.146ns (43.998%))
  Logic Levels:           1  (LUT6=1)
  Clock Path Skew:        0.000ns (DCD - SCD - CPR)
    Destination Clock Delay (DCD):    1.970ns
    Source Clock Delay      (SCD):    1.456ns
    Clock Pessimism Removal (CPR):    0.514ns

    Location             Delay type                Incr(ns)  Path(ns)    Netlist Resource(s)
  -------------------------------------------------------------------    -------------------
                         (clock clk rise edge)        0.000     0.000 r  
    N15                                               0.000     0.000 r  clk (IN)
                         net (fo=0)                   0.000     0.000    clk
    N15                  IBUF (Prop_ibuf_I_O)         0.209     0.209 r  clk_IBUF_inst/O
                         net (fo=1, routed)           0.634     0.843    clk_IBUF
    BUFGCTRL_X0Y0        BUFG (Prop_bufg_I_O)         0.026     0.869 r  clk_IBUF_BUFG_inst/O
                         net (fo=90, routed)          0.588     1.456    reg_unit/clk_IBUF_BUFG
    SLICE_X61Y85         FDRE                                         r  reg_unit/data_q_reg[2]/C
  -------------------------------------------------------------------    -------------------
    SLICE_X61Y85         FDRE (Prop_fdre_C_Q)         0.141     1.597 r  reg_unit/data_q_reg[2]/Q
                         net (fo=9, routed)           0.146     1.744    sw_sync/Q[2]
    SLICE_X61Y85         LUT6 (Prop_lut6_I5_O)        0.045     1.789 r  sw_sync/data_q[2]_i_1/O
                         net (fo=1, routed)           0.000     1.789    reg_unit/D[0]
    SLICE_X61Y85         FDRE                                         r  reg_unit/data_q_reg[2]/D
  -------------------------------------------------------------------    -------------------

                         (clock clk rise edge)        0.000     0.000 r  
    N15                                               0.000     0.000 r  clk (IN)
                         net (fo=0)                   0.000     0.000    clk
    N15                  IBUF (Prop_ibuf_I_O)         0.396     0.396 r  clk_IBUF_inst/O
                         net (fo=1, routed)           0.689     1.085    clk_IBUF
    BUFGCTRL_X0Y0        BUFG (Prop_bufg_I_O)         0.029     1.114 r  clk_IBUF_BUFG_inst/O
                         net (fo=90, routed)          0.856     1.970    reg_unit/clk_IBUF_BUFG
    SLICE_X61Y85         FDRE                                         r  reg_unit/data_q_reg[2]/C
                         clock pessimism             -0.514     1.456    
    SLICE_X61Y85         FDRE (Hold_fdre_C_D)         0.092     1.548    reg_unit/data_q_reg[2]
  -------------------------------------------------------------------
                         required time                         -1.548    
                         arrival time                           1.789    
  -------------------------------------------------------------------
                         slack                                  0.240    

Slack (MET) :             0.248ns  (arrival time - required time)
  Source:                 reg_unit/data_q_reg[7]/C
                            (rising edge-triggered cell FDRE clocked by clk  {rise@0.000ns fall@5.000ns period=10.000ns})
  Destination:            reg_unit/data_q_reg[7]/D
                            (rising edge-triggered cell FDRE clocked by clk  {rise@0.000ns fall@5.000ns period=10.000ns})
  Path Group:             clk
  Path Type:              Hold (Min at Fast Process Corner)
  Requirement:            0.000ns  (clk rise@0.000ns - clk rise@0.000ns)
  Data Path Delay:        0.369ns  (logic 0.209ns (56.609%)  route 0.160ns (43.391%))
  Logic Levels:           1  (LUT3=1)
  Clock Path Skew:        0.000ns (DCD - SCD - CPR)
    Destination Clock Delay (DCD):    1.969ns
    Source Clock Delay      (SCD):    1.456ns
    Clock Pessimism Removal (CPR):    0.513ns

    Location             Delay type                Incr(ns)  Path(ns)    Netlist Resource(s)
  -------------------------------------------------------------------    -------------------
                         (clock clk rise edge)        0.000     0.000 r  
    N15                                               0.000     0.000 r  clk (IN)
                         net (fo=0)                   0.000     0.000    clk
    N15                  IBUF (Prop_ibuf_I_O)         0.209     0.209 r  clk_IBUF_inst/O
                         net (fo=1, routed)           0.634     0.843    clk_IBUF
    BUFGCTRL_X0Y0        BUFG (Prop_bufg_I_O)         0.026     0.869 r  clk_IBUF_BUFG_inst/O
                         net (fo=90, routed)          0.588     1.456    reg_unit/clk_IBUF_BUFG
    SLICE_X60Y84         FDRE                                         r  reg_unit/data_q_reg[7]/C
  -------------------------------------------------------------------    -------------------
    SLICE_X60Y84         FDRE (Prop_fdre_C_Q)         0.164     1.620 r  reg_unit/data_q_reg[7]/Q
                         net (fo=11, routed)          0.160     1.781    sw_sync/Q[7]
    SLICE_X60Y84         LUT3 (Prop_lut3_I2_O)        0.045     1.826 r  sw_sync/data_q[7]_i_1/O
                         net (fo=1, routed)           0.000     1.826    reg_unit/D[5]
    SLICE_X60Y84         FDRE                                         r  reg_unit/data_q_reg[7]/D
  -------------------------------------------------------------------    -------------------

                         (clock clk rise edge)        0.000     0.000 r  
    N15                                               0.000     0.000 r  clk (IN)
                         net (fo=0)                   0.000     0.000    clk
    N15                  IBUF (Prop_ibuf_I_O)         0.396     0.396 r  clk_IBUF_inst/O
                         net (fo=1, routed)           0.689     1.085    clk_IBUF
    BUFGCTRL_X0Y0        BUFG (Prop_bufg_I_O)         0.029     1.114 r  clk_IBUF_BUFG_inst/O
                         net (fo=90, routed)          0.855     1.969    reg_unit/clk_IBUF_BUFG
    SLICE_X60Y84         FDRE                                         r  reg_unit/data_q_reg[7]/C
                         clock pessimism             -0.513     1.456    
    SLICE_X60Y84         FDRE (Hold_fdre_C_D)         0.121     1.577    reg_unit/data_q_reg[7]
  -------------------------------------------------------------------
                         required time                         -1.577    
                         arrival time                           1.826    
  -------------------------------------------------------------------
                         slack                                  0.248    

Slack (MET) :             0.252ns  (arrival time - required time)
  Source:                 button_sync[0]/counter_reg[11]/C
                            (rising edge-triggered cell FDRE clocked by clk  {rise@0.000ns fall@5.000ns period=10.000ns})
  Destination:            button_sync[0]/counter_reg[11]/D
                            (rising edge-triggered cell FDRE clocked by clk  {rise@0.000ns fall@5.000ns period=10.000ns})
  Path Group:             clk
  Path Type:              Hold (Min at Fast Process Corner)
  Requirement:            0.000ns  (clk rise@0.000ns - clk rise@0.000ns)
  Data Path Delay:        0.357ns  (logic 0.249ns (69.714%)  route 0.108ns (30.286%))
  Logic Levels:           1  (CARRY4=1)
  Clock Path Skew:        0.000ns (DCD - SCD - CPR)
    Destination Clock Delay (DCD):    1.973ns
    Source Clock Delay      (SCD):    1.458ns
    Clock Pessimism Removal (CPR):    0.515ns

    Location             Delay type                Incr(ns)  Path(ns)    Netlist Resource(s)
  -------------------------------------------------------------------    -------------------
                         (clock clk rise edge)        0.000     0.000 r  
    N15                                               0.000     0.000 r  clk (IN)
                         net (fo=0)                   0.000     0.000    clk
    N15                  IBUF (Prop_ibuf_I_O)         0.209     0.209 r  clk_IBUF_inst/O
                         net (fo=1, routed)           0.634     0.843    clk_IBUF
    BUFGCTRL_X0Y0        BUFG (Prop_bufg_I_O)         0.026     0.869 r  clk_IBUF_BUFG_inst/O
                         net (fo=90, routed)          0.590     1.458    button_sync[0]/clk_IBUF_BUFG
    SLICE_X61Y89         FDRE                                         r  button_sync[0]/counter_reg[11]/C
  -------------------------------------------------------------------    -------------------
    SLICE_X61Y89         FDRE (Prop_fdre_C_Q)         0.141     1.599 r  button_sync[0]/counter_reg[11]/Q
                         net (fo=1, routed)           0.108     1.708    button_sync[0]/counter_reg_n_0_[11]
    SLICE_X61Y89         CARRY4 (Prop_carry4_S[3]_O[3])
                                                      0.108     1.816 r  button_sync[0]/counter_reg[8]_i_1__1/O[3]
                         net (fo=1, routed)           0.000     1.816    button_sync[0]/counter_reg[8]_i_1__1_n_4
    SLICE_X61Y89         FDRE                                         r  button_sync[0]/counter_reg[11]/D
  -------------------------------------------------------------------    -------------------

                         (clock clk rise edge)        0.000     0.000 r  
    N15                                               0.000     0.000 r  clk (IN)
                         net (fo=0)                   0.000     0.000    clk
    N15                  IBUF (Prop_ibuf_I_O)         0.396     0.396 r  clk_IBUF_inst/O
                         net (fo=1, routed)           0.689     1.085    clk_IBUF
    BUFGCTRL_X0Y0        BUFG (Prop_bufg_I_O)         0.029     1.114 r  clk_IBUF_BUFG_inst/O
                         net (fo=90, routed)          0.860     1.973    button_sync[0]/clk_IBUF_BUFG
    SLICE_X61Y89         FDRE                                         r  button_sync[0]/counter_reg[11]/C
                         clock pessimism             -0.515     1.458    
    SLICE_X61Y89         FDRE (Hold_fdre_C_D)         0.105     1.563    button_sync[0]/counter_reg[11]
  -------------------------------------------------------------------
                         required time                         -1.563    
                         arrival time                           1.816    
  -------------------------------------------------------------------
                         slack                                  0.252    

Slack (MET) :             0.252ns  (arrival time - required time)
  Source:                 button_sync[0]/counter_reg[3]/C
                            (rising edge-triggered cell FDRE clocked by clk  {rise@0.000ns fall@5.000ns period=10.000ns})
  Destination:            button_sync[0]/counter_reg[3]/D
                            (rising edge-triggered cell FDRE clocked by clk  {rise@0.000ns fall@5.000ns period=10.000ns})
  Path Group:             clk
  Path Type:              Hold (Min at Fast Process Corner)
  Requirement:            0.000ns  (clk rise@0.000ns - clk rise@0.000ns)
  Data Path Delay:        0.357ns  (logic 0.249ns (69.714%)  route 0.108ns (30.286%))
  Logic Levels:           1  (CARRY4=1)
  Clock Path Skew:        0.000ns (DCD - SCD - CPR)
    Destination Clock Delay (DCD):    1.971ns
    Source Clock Delay      (SCD):    1.457ns
    Clock Pessimism Removal (CPR):    0.514ns

    Location             Delay type                Incr(ns)  Path(ns)    Netlist Resource(s)
  -------------------------------------------------------------------    -------------------
                         (clock clk rise edge)        0.000     0.000 r  
    N15                                               0.000     0.000 r  clk (IN)
                         net (fo=0)                   0.000     0.000    clk
    N15                  IBUF (Prop_ibuf_I_O)         0.209     0.209 r  clk_IBUF_inst/O
                         net (fo=1, routed)           0.634     0.843    clk_IBUF
    BUFGCTRL_X0Y0        BUFG (Prop_bufg_I_O)         0.026     0.869 r  clk_IBUF_BUFG_inst/O
                         net (fo=90, routed)          0.589     1.457    button_sync[0]/clk_IBUF_BUFG
    SLICE_X61Y87         FDRE                                         r  button_sync[0]/counter_reg[3]/C
  -------------------------------------------------------------------    -------------------
    SLICE_X61Y87         FDRE (Prop_fdre_C_Q)         0.141     1.598 r  button_sync[0]/counter_reg[3]/Q
                         net (fo=1, routed)           0.108     1.707    button_sync[0]/counter_reg_n_0_[3]
    SLICE_X61Y87         CARRY4 (Prop_carry4_S[3]_O[3])
                                                      0.108     1.815 r  button_sync[0]/counter_reg[0]_i_3__0/O[3]
                         net (fo=1, routed)           0.000     1.815    button_sync[0]/counter_reg[0]_i_3__0_n_4
    SLICE_X61Y87         FDRE                                         r  button_sync[0]/counter_reg[3]/D
  -------------------------------------------------------------------    -------------------

                         (clock clk rise edge)        0.000     0.000 r  
    N15                                               0.000     0.000 r  clk (IN)
                         net (fo=0)                   0.000     0.000    clk
    N15                  IBUF (Prop_ibuf_I_O)         0.396     0.396 r  clk_IBUF_inst/O
                         net (fo=1, routed)           0.689     1.085    clk_IBUF
    BUFGCTRL_X0Y0        BUFG (Prop_bufg_I_O)         0.029     1.114 r  clk_IBUF_BUFG_inst/O
                         net (fo=90, routed)          0.858     1.971    button_sync[0]/clk_IBUF_BUFG
    SLICE_X61Y87         FDRE                                         r  button_sync[0]/counter_reg[3]/C
                         clock pessimism             -0.514     1.457    
    SLICE_X61Y87         FDRE (Hold_fdre_C_D)         0.105     1.562    button_sync[0]/counter_reg[3]
  -------------------------------------------------------------------
                         required time                         -1.562    
                         arrival time                           1.815    
  -------------------------------------------------------------------
                         slack                                  0.252    

Slack (MET) :             0.252ns  (arrival time - required time)
  Source:                 button_sync[0]/counter_reg[7]/C
                            (rising edge-triggered cell FDRE clocked by clk  {rise@0.000ns fall@5.000ns period=10.000ns})
  Destination:            button_sync[0]/counter_reg[7]/D
                            (rising edge-triggered cell FDRE clocked by clk  {rise@0.000ns fall@5.000ns period=10.000ns})
  Path Group:             clk
  Path Type:              Hold (Min at Fast Process Corner)
  Requirement:            0.000ns  (clk rise@0.000ns - clk rise@0.000ns)
  Data Path Delay:        0.357ns  (logic 0.249ns (69.714%)  route 0.108ns (30.286%))
  Logic Levels:           1  (CARRY4=1)
  Clock Path Skew:        0.000ns (DCD - SCD - CPR)
    Destination Clock Delay (DCD):    1.973ns
    Source Clock Delay      (SCD):    1.458ns
    Clock Pessimism Removal (CPR):    0.515ns

    Location             Delay type                Incr(ns)  Path(ns)    Netlist Resource(s)
  -------------------------------------------------------------------    -------------------
                         (clock clk rise edge)        0.000     0.000 r  
    N15                                               0.000     0.000 r  clk (IN)
                         net (fo=0)                   0.000     0.000    clk
    N15                  IBUF (Prop_ibuf_I_O)         0.209     0.209 r  clk_IBUF_inst/O
                         net (fo=1, routed)           0.634     0.843    clk_IBUF
    BUFGCTRL_X0Y0        BUFG (Prop_bufg_I_O)         0.026     0.869 r  clk_IBUF_BUFG_inst/O
                         net (fo=90, routed)          0.590     1.458    button_sync[0]/clk_IBUF_BUFG
    SLICE_X61Y88         FDRE                                         r  button_sync[0]/counter_reg[7]/C
  -------------------------------------------------------------------    -------------------
    SLICE_X61Y88         FDRE (Prop_fdre_C_Q)         0.141     1.599 r  button_sync[0]/counter_reg[7]/Q
                         net (fo=1, routed)           0.108     1.708    button_sync[0]/counter_reg_n_0_[7]
    SLICE_X61Y88         CARRY4 (Prop_carry4_S[3]_O[3])
                                                      0.108     1.816 r  button_sync[0]/counter_reg[4]_i_1__1/O[3]
                         net (fo=1, routed)           0.000     1.816    button_sync[0]/counter_reg[4]_i_1__1_n_4
    SLICE_X61Y88         FDRE                                         r  button_sync[0]/counter_reg[7]/D
  -------------------------------------------------------------------    -------------------

                         (clock clk rise edge)        0.000     0.000 r  
    N15                                               0.000     0.000 r  clk (IN)
                         net (fo=0)                   0.000     0.000    clk
    N15                  IBUF (Prop_ibuf_I_O)         0.396     0.396 r  clk_IBUF_inst/O
                         net (fo=1, routed)           0.689     1.085    clk_IBUF
    BUFGCTRL_X0Y0        BUFG (Prop_bufg_I_O)         0.029     1.114 r  clk_IBUF_BUFG_inst/O
                         net (fo=90, routed)          0.860     1.973    button_sync[0]/clk_IBUF_BUFG
    SLICE_X61Y88         FDRE                                         r  button_sync[0]/counter_reg[7]/C
                         clock pessimism             -0.515     1.458    
    SLICE_X61Y88         FDRE (Hold_fdre_C_D)         0.105     1.563    button_sync[0]/counter_reg[7]
  -------------------------------------------------------------------
                         required time                         -1.563    
                         arrival time                           1.816    
  -------------------------------------------------------------------
                         slack                                  0.252    





Pulse Width Checks
--------------------------------------------------------------------------------------
Clock Name:         clk
Waveform(ns):       { 0.000 5.000 }
Period(ns):         10.000
Sources:            { clk }

Check Type        Corner  Lib Pin  Reference Pin  Required(ns)  Actual(ns)  Slack(ns)  Location       Pin
Min Period        n/a     BUFG/I   n/a            2.155         10.000      7.845      BUFGCTRL_X0Y0  clk_IBUF_BUFG_inst/I
Min Period        n/a     FDRE/C   n/a            1.000         10.000      9.000      SLICE_X61Y87   button_sync[0]/counter_reg[0]/C
Min Period        n/a     FDRE/C   n/a            1.000         10.000      9.000      SLICE_X61Y89   button_sync[0]/counter_reg[10]/C
Min Period        n/a     FDRE/C   n/a            1.000         10.000      9.000      SLICE_X61Y89   button_sync[0]/counter_reg[11]/C
Min Period        n/a     FDRE/C   n/a            1.000         10.000      9.000      SLICE_X61Y90   button_sync[0]/counter_reg[12]/C
Min Period        n/a     FDRE/C   n/a            1.000         10.000      9.000      SLICE_X61Y90   button_sync[0]/counter_reg[13]/C
Min Period        n/a     FDRE/C   n/a            1.000         10.000      9.000      SLICE_X61Y90   button_sync[0]/counter_reg[14]/C
Min Period        n/a     FDRE/C   n/a            1.000         10.000      9.000      SLICE_X61Y90   button_sync[0]/counter_reg[15]/C
Min Period        n/a     FDRE/C   n/a            1.000         10.000      9.000      SLICE_X61Y87   button_sync[0]/counter_reg[1]/C
Min Period        n/a     FDRE/C   n/a            1.000         10.000      9.000      SLICE_X61Y87   button_sync[0]/counter_reg[2]/C
Low Pulse Width   Slow    FDRE/C   n/a            0.500         5.000       4.500      SLICE_X61Y87   button_sync[0]/counter_reg[0]/C
Low Pulse Width   Fast    FDRE/C   n/a            0.500         5.000       4.500      SLICE_X61Y87   button_sync[0]/counter_reg[0]/C
Low Pulse Width   Slow    FDRE/C   n/a            0.500         5.000       4.500      SLICE_X61Y89   button_sync[0]/counter_reg[10]/C
Low Pulse Width   Fast    FDRE/C   n/a            0.500         5.000       4.500      SLICE_X61Y89   button_sync[0]/counter_reg[10]/C
Low Pulse Width   Slow    FDRE/C   n/a            0.500         5.000       4.500      SLICE_X61Y89   button_sync[0]/counter_reg[11]/C
Low Pulse Width   Fast    FDRE/C   n/a            0.500         5.000       4.500      SLICE_X61Y89   button_sync[0]/counter_reg[11]/C
Low Pulse Width   Slow    FDRE/C   n/a            0.500         5.000       4.500      SLICE_X61Y90   button_sync[0]/counter_reg[12]/C
Low Pulse Width   Fast    FDRE/C   n/a            0.500         5.000       4.500      SLICE_X61Y90   button_sync[0]/counter_reg[12]/C
Low Pulse Width   Slow    FDRE/C   n/a            0.500         5.000       4.500      SLICE_X61Y90   button_sync[0]/counter_reg[13]/C
Low Pulse Width   Fast    FDRE/C   n/a            0.500         5.000       4.500      SLICE_X61Y90   button_sync[0]/counter_reg[13]/C
High Pulse Width  Slow    FDRE/C   n/a            0.500         5.000       4.500      SLICE_X61Y87   button_sync[0]/counter_reg[0]/C
High Pulse Width  Fast    FDRE/C   n/a            0.500         5.000       4.500      SLICE_X61Y87   button_sync[0]/counter_reg[0]/C
High Pulse Width  Slow    FDRE/C   n/a            0.500         5.000       4.500      SLICE_X61Y89   button_sync[0]/counter_reg[10]/C
High Pulse Width  Fast    FDRE/C   n/a            0.500         5.000       4.500      SLICE_X61Y89   button_sync[0]/counter_reg[10]/C
High Pulse Width  Slow    FDRE/C   n/a            0.500         5.000       4.500      SLICE_X61Y89   button_sync[0]/counter_reg[11]/C
High Pulse Width  Fast    FDRE/C   n/a            0.500         5.000       4.500      SLICE_X61Y89   button_sync[0]/counter_reg[11]/C
High Pulse Width  Slow    FDRE/C   n/a            0.500         5.000       4.500      SLICE_X61Y90   button_sync[0]/counter_reg[12]/C
High Pulse Width  Fast    FDRE/C   n/a            0.500         5.000       4.500      SLICE_X61Y90   button_sync[0]/counter_reg[12]/C
High Pulse Width  Slow    FDRE/C   n/a            0.500         5.000       4.500      SLICE_X61Y90   button_sync[0]/counter_reg[13]/C
High Pulse Width  Fast    FDRE/C   n/a            0.500         5.000       4.500      SLICE_X61Y90   button_sync[0]/counter_reg[13]/C



--------------------------------------------------------------------------------------
Path Group:  (none)
From Clock:  clk
  To Clock:  

Max Delay            23 Endpoints
Min Delay            23 Endpoints
--------------------------------------------------------------------------------------


Max Delay Paths
--------------------------------------------------------------------------------------
Slack:                    inf
  Source:                 reg_unit/data_q_reg[14]/C
                            (rising edge-triggered cell FDRE clocked by clk  {rise@0.000ns fall@5.000ns period=10.000ns})
  Destination:            hex_seg_b[3]
                            (output port)
  Path Group:             (none)
  Path Type:              Max at Slow Process Corner
  Data Path Delay:        9.246ns  (logic 4.100ns (44.336%)  route 5.147ns (55.664%))
  Logic Levels:           4  (LUT4=2 LUT6=1 OBUF=1)
  Clock Uncertainty:      0.025ns  ((TSJ^2 + TIJ^2)^1/2 + DJ) / 2 + PE
    Total System Jitter     (TSJ):    0.050ns
    Total Input Jitter      (TIJ):    0.000ns
    Discrete Jitter          (DJ):    0.000ns
    Phase Error              (PE):    0.000ns

    Location             Delay type                Incr(ns)  Path(ns)    Netlist Resource(s)
  -------------------------------------------------------------------    -------------------
                         (clock clk rise edge)        0.000     0.000 r  
    N15                                               0.000     0.000 r  clk (IN)
                         net (fo=0)                   0.000     0.000    clk
    N15                  IBUF (Prop_ibuf_I_O)         1.440     1.440 r  clk_IBUF_inst/O
                         net (fo=1, routed)           1.972     3.412    clk_IBUF
    BUFGCTRL_X0Y0        BUFG (Prop_bufg_I_O)         0.096     3.508 r  clk_IBUF_BUFG_inst/O
                         net (fo=90, routed)          1.623     5.131    reg_unit/clk_IBUF_BUFG
    SLICE_X63Y88         FDRE                                         r  reg_unit/data_q_reg[14]/C
  -------------------------------------------------------------------    -------------------
    SLICE_X63Y88         FDRE (Prop_fdre_C_Q)         0.419     5.550 r  reg_unit/data_q_reg[14]/Q
                         net (fo=10, routed)          0.911     6.461    reg_unit/Q[14]
    SLICE_X62Y88         LUT4 (Prop_lut4_I1_O)        0.327     6.788 f  reg_unit/hex_seg_b_OBUF[3]_inst_i_4/O
                         net (fo=1, routed)           0.570     7.358    reg_unit/hex_seg_b_OBUF[3]_inst_i_4_n_0
    SLICE_X62Y87         LUT6 (Prop_lut6_I5_O)        0.332     7.690 r  reg_unit/hex_seg_b_OBUF[3]_inst_i_2/O
                         net (fo=1, routed)           0.800     8.490    reg_unit/hex_seg_b_OBUF[3]_inst_i_2_n_0
    SLICE_X62Y85         LUT4 (Prop_lut4_I1_O)        0.124     8.614 r  reg_unit/hex_seg_b_OBUF[3]_inst_i_1/O
                         net (fo=1, routed)           2.866    11.480    hex_seg_b_OBUF[3]
    H4                   OBUF (Prop_obuf_I_O)         2.898    14.377 r  hex_seg_b_OBUF[3]_inst/O
                         net (fo=0)                   0.000    14.377    hex_seg_b[3]
    H4                                                                r  hex_seg_b[3] (OUT)
  -------------------------------------------------------------------    -------------------

Slack:                    inf
  Source:                 reg_unit/data_q_reg[10]/C
                            (rising edge-triggered cell FDRE clocked by clk  {rise@0.000ns fall@5.000ns period=10.000ns})
  Destination:            hex_seg_b[5]
                            (output port)
  Path Group:             (none)
  Path Type:              Max at Slow Process Corner
  Data Path Delay:        8.885ns  (logic 4.021ns (45.260%)  route 4.863ns (54.740%))
  Logic Levels:           4  (LUT4=2 LUT6=1 OBUF=1)
  Clock Uncertainty:      0.025ns  ((TSJ^2 + TIJ^2)^1/2 + DJ) / 2 + PE
    Total System Jitter     (TSJ):    0.050ns
    Total Input Jitter      (TIJ):    0.000ns
    Discrete Jitter          (DJ):    0.000ns
    Phase Error              (PE):    0.000ns

    Location             Delay type                Incr(ns)  Path(ns)    Netlist Resource(s)
  -------------------------------------------------------------------    -------------------
                         (clock clk rise edge)        0.000     0.000 r  
    N15                                               0.000     0.000 r  clk (IN)
                         net (fo=0)                   0.000     0.000    clk
    N15                  IBUF (Prop_ibuf_I_O)         1.440     1.440 r  clk_IBUF_inst/O
                         net (fo=1, routed)           1.972     3.412    clk_IBUF
    BUFGCTRL_X0Y0        BUFG (Prop_bufg_I_O)         0.096     3.508 r  clk_IBUF_BUFG_inst/O
                         net (fo=90, routed)          1.620     5.128    reg_unit/clk_IBUF_BUFG
    SLICE_X60Y85         FDRE                                         r  reg_unit/data_q_reg[10]/C
  -------------------------------------------------------------------    -------------------
    SLICE_X60Y85         FDRE (Prop_fdre_C_Q)         0.518     5.646 r  reg_unit/data_q_reg[10]/Q
                         net (fo=10, routed)          1.147     6.793    reg_unit/Q[10]
    SLICE_X60Y86         LUT4 (Prop_lut4_I1_O)        0.150     6.943 f  reg_unit/hex_seg_b_OBUF[5]_inst_i_5/O
                         net (fo=1, routed)           0.859     7.803    reg_unit/hex_seg_b_OBUF[5]_inst_i_5_n_0
    SLICE_X61Y86         LUT6 (Prop_lut6_I5_O)        0.328     8.131 r  reg_unit/hex_seg_b_OBUF[5]_inst_i_3/O
                         net (fo=1, routed)           0.301     8.431    reg_unit/hex_seg_b_OBUF[5]_inst_i_3_n_0
    SLICE_X63Y86         LUT4 (Prop_lut4_I3_O)        0.124     8.555 r  reg_unit/hex_seg_b_OBUF[5]_inst_i_1/O
                         net (fo=1, routed)           2.556    11.111    hex_seg_b_OBUF[5]
    H3                   OBUF (Prop_obuf_I_O)         2.901    14.012 r  hex_seg_b_OBUF[5]_inst/O
                         net (fo=0)                   0.000    14.012    hex_seg_b[5]
    H3                                                                r  hex_seg_b[5] (OUT)
  -------------------------------------------------------------------    -------------------

Slack:                    inf
  Source:                 reg_unit/data_q_reg[14]/C
                            (rising edge-triggered cell FDRE clocked by clk  {rise@0.000ns fall@5.000ns period=10.000ns})
  Destination:            hex_seg_b[0]
                            (output port)
  Path Group:             (none)
  Path Type:              Max at Slow Process Corner
  Data Path Delay:        8.803ns  (logic 4.114ns (46.737%)  route 4.689ns (53.263%))
  Logic Levels:           4  (LUT4=2 LUT6=1 OBUF=1)
  Clock Uncertainty:      0.025ns  ((TSJ^2 + TIJ^2)^1/2 + DJ) / 2 + PE
    Total System Jitter     (TSJ):    0.050ns
    Total Input Jitter      (TIJ):    0.000ns
    Discrete Jitter          (DJ):    0.000ns
    Phase Error              (PE):    0.000ns

    Location             Delay type                Incr(ns)  Path(ns)    Netlist Resource(s)
  -------------------------------------------------------------------    -------------------
                         (clock clk rise edge)        0.000     0.000 r  
    N15                                               0.000     0.000 r  clk (IN)
                         net (fo=0)                   0.000     0.000    clk
    N15                  IBUF (Prop_ibuf_I_O)         1.440     1.440 r  clk_IBUF_inst/O
                         net (fo=1, routed)           1.972     3.412    clk_IBUF
    BUFGCTRL_X0Y0        BUFG (Prop_bufg_I_O)         0.096     3.508 r  clk_IBUF_BUFG_inst/O
                         net (fo=90, routed)          1.623     5.131    reg_unit/clk_IBUF_BUFG
    SLICE_X63Y88         FDRE                                         r  reg_unit/data_q_reg[14]/C
  -------------------------------------------------------------------    -------------------
    SLICE_X63Y88         FDRE (Prop_fdre_C_Q)         0.419     5.550 r  reg_unit/data_q_reg[14]/Q
                         net (fo=10, routed)          0.918     6.468    reg_unit/Q[14]
    SLICE_X62Y88         LUT4 (Prop_lut4_I1_O)        0.327     6.795 f  reg_unit/hex_seg_b_OBUF[0]_inst_i_4/O
                         net (fo=1, routed)           0.828     7.623    reg_unit/hex_seg_b_OBUF[0]_inst_i_4_n_0
    SLICE_X62Y87         LUT6 (Prop_lut6_I5_O)        0.326     7.949 r  reg_unit/hex_seg_b_OBUF[0]_inst_i_2/O
                         net (fo=1, routed)           0.649     8.598    reg_unit/hex_seg_b_OBUF[0]_inst_i_2_n_0
    SLICE_X61Y86         LUT4 (Prop_lut4_I1_O)        0.124     8.722 r  reg_unit/hex_seg_b_OBUF[0]_inst_i_1/O
                         net (fo=1, routed)           2.294    11.016    hex_seg_b_OBUF[0]
    F3                   OBUF (Prop_obuf_I_O)         2.918    13.934 r  hex_seg_b_OBUF[0]_inst/O
                         net (fo=0)                   0.000    13.934    hex_seg_b[0]
    F3                                                                r  hex_seg_b[0] (OUT)
  -------------------------------------------------------------------    -------------------

Slack:                    inf
  Source:                 sw_sync/data_q_reg[12]/C
                            (rising edge-triggered cell FDRE clocked by clk  {rise@0.000ns fall@5.000ns period=10.000ns})
  Destination:            hex_seg_a[0]
                            (output port)
  Path Group:             (none)
  Path Type:              Max at Slow Process Corner
  Data Path Delay:        8.641ns  (logic 3.728ns (43.137%)  route 4.914ns (56.863%))
  Logic Levels:           4  (LUT4=2 LUT6=1 OBUF=1)
  Clock Uncertainty:      0.025ns  ((TSJ^2 + TIJ^2)^1/2 + DJ) / 2 + PE
    Total System Jitter     (TSJ):    0.050ns
    Total Input Jitter      (TIJ):    0.000ns
    Discrete Jitter          (DJ):    0.000ns
    Phase Error              (PE):    0.000ns

    Location             Delay type                Incr(ns)  Path(ns)    Netlist Resource(s)
  -------------------------------------------------------------------    -------------------
                         (clock clk rise edge)        0.000     0.000 r  
    N15                                               0.000     0.000 r  clk (IN)
                         net (fo=0)                   0.000     0.000    clk
    N15                  IBUF (Prop_ibuf_I_O)         1.440     1.440 r  clk_IBUF_inst/O
                         net (fo=1, routed)           1.972     3.412    clk_IBUF
    BUFGCTRL_X0Y0        BUFG (Prop_bufg_I_O)         0.096     3.508 r  clk_IBUF_BUFG_inst/O
                         net (fo=90, routed)          1.625     5.133    sw_sync/clk_IBUF_BUFG
    SLICE_X65Y91         FDRE                                         r  sw_sync/data_q_reg[12]/C
  -------------------------------------------------------------------    -------------------
    SLICE_X65Y91         FDRE (Prop_fdre_C_Q)         0.456     5.589 r  sw_sync/data_q_reg[12]/Q
                         net (fo=10, routed)          1.261     6.850    sw_sync/sw_s[12]
    SLICE_X65Y88         LUT4 (Prop_lut4_I3_O)        0.124     6.974 f  sw_sync/hex_seg_a_OBUF[0]_inst_i_4/O
                         net (fo=1, routed)           0.847     7.821    sw_sync/hex_seg_a_OBUF[0]_inst_i_4_n_0
    SLICE_X63Y83         LUT6 (Prop_lut6_I5_O)        0.124     7.945 r  sw_sync/hex_seg_a_OBUF[0]_inst_i_2/O
                         net (fo=1, routed)           0.812     8.757    sw_sync/hex_seg_a_OBUF[0]_inst_i_2_n_0
    SLICE_X63Y84         LUT4 (Prop_lut4_I1_O)        0.124     8.881 r  sw_sync/hex_seg_a_OBUF[0]_inst_i_1/O
                         net (fo=1, routed)           1.994    10.875    hex_seg_a_OBUF[0]
    E6                   OBUF (Prop_obuf_I_O)         2.900    13.774 r  hex_seg_a_OBUF[0]_inst/O
                         net (fo=0)                   0.000    13.774    hex_seg_a[0]
    E6                                                                r  hex_seg_a[0] (OUT)
  -------------------------------------------------------------------    -------------------

Slack:                    inf
  Source:                 reg_unit/data_q_reg[14]/C
                            (rising edge-triggered cell FDRE clocked by clk  {rise@0.000ns fall@5.000ns period=10.000ns})
  Destination:            hex_seg_b[1]
                            (output port)
  Path Group:             (none)
  Path Type:              Max at Slow Process Corner
  Data Path Delay:        8.583ns  (logic 3.866ns (45.036%)  route 4.718ns (54.964%))
  Logic Levels:           4  (LUT4=2 LUT6=1 OBUF=1)
  Clock Uncertainty:      0.025ns  ((TSJ^2 + TIJ^2)^1/2 + DJ) / 2 + PE
    Total System Jitter     (TSJ):    0.050ns
    Total Input Jitter      (TIJ):    0.000ns
    Discrete Jitter          (DJ):    0.000ns
    Phase Error              (PE):    0.000ns

    Location             Delay type                Incr(ns)  Path(ns)    Netlist Resource(s)
  -------------------------------------------------------------------    -------------------
                         (clock clk rise edge)        0.000     0.000 r  
    N15                                               0.000     0.000 r  clk (IN)
                         net (fo=0)                   0.000     0.000    clk
    N15                  IBUF (Prop_ibuf_I_O)         1.440     1.440 r  clk_IBUF_inst/O
                         net (fo=1, routed)           1.972     3.412    clk_IBUF
    BUFGCTRL_X0Y0        BUFG (Prop_bufg_I_O)         0.096     3.508 r  clk_IBUF_BUFG_inst/O
                         net (fo=90, routed)          1.623     5.131    reg_unit/clk_IBUF_BUFG
    SLICE_X63Y88         FDRE                                         r  reg_unit/data_q_reg[14]/C
  -------------------------------------------------------------------    -------------------
    SLICE_X63Y88         FDRE (Prop_fdre_C_Q)         0.419     5.550 r  reg_unit/data_q_reg[14]/Q
                         net (fo=10, routed)          0.918     6.468    reg_unit/Q[14]
    SLICE_X62Y88         LUT4 (Prop_lut4_I3_O)        0.299     6.767 f  reg_unit/hex_seg_b_OBUF[1]_inst_i_4/O
                         net (fo=1, routed)           0.574     7.341    reg_unit/hex_seg_b_OBUF[1]_inst_i_4_n_0
    SLICE_X62Y87         LUT6 (Prop_lut6_I5_O)        0.124     7.465 r  reg_unit/hex_seg_b_OBUF[1]_inst_i_2/O
                         net (fo=1, routed)           0.875     8.340    reg_unit/hex_seg_b_OBUF[1]_inst_i_2_n_0
    SLICE_X61Y86         LUT4 (Prop_lut4_I1_O)        0.124     8.464 r  reg_unit/hex_seg_b_OBUF[1]_inst_i_1/O
                         net (fo=1, routed)           2.351    10.815    hex_seg_b_OBUF[1]
    G5                   OBUF (Prop_obuf_I_O)         2.900    13.714 r  hex_seg_b_OBUF[1]_inst/O
                         net (fo=0)                   0.000    13.714    hex_seg_b[1]
    G5                                                                r  hex_seg_b[1] (OUT)
  -------------------------------------------------------------------    -------------------

Slack:                    inf
  Source:                 button_sync[1]/q_reg/C
                            (rising edge-triggered cell FDRE clocked by clk  {rise@0.000ns fall@5.000ns period=10.000ns})
  Destination:            hex_seg_b[2]
                            (output port)
  Path Group:             (none)
  Path Type:              Max at Slow Process Corner
  Data Path Delay:        8.497ns  (logic 3.520ns (41.429%)  route 4.977ns (58.571%))
  Logic Levels:           2  (LUT4=1 OBUF=1)
  Clock Uncertainty:      0.025ns  ((TSJ^2 + TIJ^2)^1/2 + DJ) / 2 + PE
    Total System Jitter     (TSJ):    0.050ns
    Total Input Jitter      (TIJ):    0.000ns
    Discrete Jitter          (DJ):    0.000ns
    Phase Error              (PE):    0.000ns

    Location             Delay type                Incr(ns)  Path(ns)    Netlist Resource(s)
  -------------------------------------------------------------------    -------------------
                         (clock clk rise edge)        0.000     0.000 r  
    N15                                               0.000     0.000 r  clk (IN)
                         net (fo=0)                   0.000     0.000    clk
    N15                  IBUF (Prop_ibuf_I_O)         1.440     1.440 r  clk_IBUF_inst/O
                         net (fo=1, routed)           1.972     3.412    clk_IBUF
    BUFGCTRL_X0Y0        BUFG (Prop_bufg_I_O)         0.096     3.508 r  clk_IBUF_BUFG_inst/O
                         net (fo=90, routed)          1.614     5.122    button_sync[1]/clk_IBUF_BUFG
    SLICE_X64Y80         FDRE                                         r  button_sync[1]/q_reg/C
  -------------------------------------------------------------------    -------------------
    SLICE_X64Y80         FDRE (Prop_fdre_C_Q)         0.518     5.640 r  button_sync[1]/q_reg/Q
                         net (fo=53, routed)          2.320     7.960    reg_unit/reset_s
    SLICE_X62Y86         LUT4 (Prop_lut4_I0_O)        0.124     8.084 r  reg_unit/hex_seg_b_OBUF[2]_inst_i_1/O
                         net (fo=1, routed)           2.657    10.741    hex_seg_b_OBUF[2]
    J3                   OBUF (Prop_obuf_I_O)         2.878    13.619 r  hex_seg_b_OBUF[2]_inst/O
                         net (fo=0)                   0.000    13.619    hex_seg_b[2]
    J3                                                                r  hex_seg_b[2] (OUT)
  -------------------------------------------------------------------    -------------------

Slack:                    inf
  Source:                 sw_sync/data_q_reg[11]/C
                            (rising edge-triggered cell FDRE clocked by clk  {rise@0.000ns fall@5.000ns period=10.000ns})
  Destination:            hex_seg_a[3]
                            (output port)
  Path Group:             (none)
  Path Type:              Max at Slow Process Corner
  Data Path Delay:        8.464ns  (logic 4.026ns (47.561%)  route 4.439ns (52.439%))
  Logic Levels:           4  (LUT4=2 LUT6=1 OBUF=1)
  Clock Uncertainty:      0.025ns  ((TSJ^2 + TIJ^2)^1/2 + DJ) / 2 + PE
    Total System Jitter     (TSJ):    0.050ns
    Total Input Jitter      (TIJ):    0.000ns
    Discrete Jitter          (DJ):    0.000ns
    Phase Error              (PE):    0.000ns

    Location             Delay type                Incr(ns)  Path(ns)    Netlist Resource(s)
  -------------------------------------------------------------------    -------------------
                         (clock clk rise edge)        0.000     0.000 r  
    N15                                               0.000     0.000 r  clk (IN)
                         net (fo=0)                   0.000     0.000    clk
    N15                  IBUF (Prop_ibuf_I_O)         1.440     1.440 r  clk_IBUF_inst/O
                         net (fo=1, routed)           1.972     3.412    clk_IBUF
    BUFGCTRL_X0Y0        BUFG (Prop_bufg_I_O)         0.096     3.508 r  clk_IBUF_BUFG_inst/O
                         net (fo=90, routed)          1.625     5.133    sw_sync/clk_IBUF_BUFG
    SLICE_X64Y91         FDRE                                         r  sw_sync/data_q_reg[11]/C
  -------------------------------------------------------------------    -------------------
    SLICE_X64Y91         FDRE (Prop_fdre_C_Q)         0.518     5.651 r  sw_sync/data_q_reg[11]/Q
                         net (fo=11, routed)          1.493     7.144    sw_sync/sw_s[11]
    SLICE_X63Y85         LUT4 (Prop_lut4_I0_O)        0.150     7.294 f  sw_sync/hex_seg_a_OBUF[3]_inst_i_5/O
                         net (fo=1, routed)           0.433     7.727    sw_sync/hex_seg_a_OBUF[3]_inst_i_5_n_0
    SLICE_X63Y85         LUT6 (Prop_lut6_I5_O)        0.326     8.053 r  sw_sync/hex_seg_a_OBUF[3]_inst_i_3/O
                         net (fo=1, routed)           0.599     8.652    sw_sync/hex_seg_a_OBUF[3]_inst_i_3_n_0
    SLICE_X64Y86         LUT4 (Prop_lut4_I3_O)        0.124     8.776 r  sw_sync/hex_seg_a_OBUF[3]_inst_i_1/O
                         net (fo=1, routed)           1.914    10.689    hex_seg_a_OBUF[3]
    C5                   OBUF (Prop_obuf_I_O)         2.908    13.597 r  hex_seg_a_OBUF[3]_inst/O
                         net (fo=0)                   0.000    13.597    hex_seg_a[3]
    C5                                                                r  hex_seg_a[3] (OUT)
  -------------------------------------------------------------------    -------------------

Slack:                    inf
  Source:                 sw_sync/data_q_reg[11]/C
                            (rising edge-triggered cell FDRE clocked by clk  {rise@0.000ns fall@5.000ns period=10.000ns})
  Destination:            hex_seg_a[5]
                            (output port)
  Path Group:             (none)
  Path Type:              Max at Slow Process Corner
  Data Path Delay:        8.464ns  (logic 4.029ns (47.599%)  route 4.435ns (52.401%))
  Logic Levels:           4  (LUT4=2 LUT6=1 OBUF=1)
  Clock Uncertainty:      0.025ns  ((TSJ^2 + TIJ^2)^1/2 + DJ) / 2 + PE
    Total System Jitter     (TSJ):    0.050ns
    Total Input Jitter      (TIJ):    0.000ns
    Discrete Jitter          (DJ):    0.000ns
    Phase Error              (PE):    0.000ns

    Location             Delay type                Incr(ns)  Path(ns)    Netlist Resource(s)
  -------------------------------------------------------------------    -------------------
                         (clock clk rise edge)        0.000     0.000 r  
    N15                                               0.000     0.000 r  clk (IN)
                         net (fo=0)                   0.000     0.000    clk
    N15                  IBUF (Prop_ibuf_I_O)         1.440     1.440 r  clk_IBUF_inst/O
                         net (fo=1, routed)           1.972     3.412    clk_IBUF
    BUFGCTRL_X0Y0        BUFG (Prop_bufg_I_O)         0.096     3.508 r  clk_IBUF_BUFG_inst/O
                         net (fo=90, routed)          1.625     5.133    sw_sync/clk_IBUF_BUFG
    SLICE_X64Y91         FDRE                                         r  sw_sync/data_q_reg[11]/C
  -------------------------------------------------------------------    -------------------
    SLICE_X64Y91         FDRE (Prop_fdre_C_Q)         0.518     5.651 r  sw_sync/data_q_reg[11]/Q
                         net (fo=11, routed)          1.491     7.142    sw_sync/sw_s[11]
    SLICE_X63Y85         LUT4 (Prop_lut4_I0_O)        0.150     7.292 f  sw_sync/hex_seg_a_OBUF[5]_inst_i_5/O
                         net (fo=1, routed)           0.266     7.557    sw_sync/hex_seg_a_OBUF[5]_inst_i_5_n_0
    SLICE_X63Y85         LUT6 (Prop_lut6_I5_O)        0.332     7.889 r  sw_sync/hex_seg_a_OBUF[5]_inst_i_3/O
                         net (fo=1, routed)           0.823     8.712    sw_sync/hex_seg_a_OBUF[5]_inst_i_3_n_0
    SLICE_X64Y86         LUT4 (Prop_lut4_I3_O)        0.124     8.836 r  sw_sync/hex_seg_a_OBUF[5]_inst_i_1/O
                         net (fo=1, routed)           1.855    10.692    hex_seg_a_OBUF[5]
    D6                   OBUF (Prop_obuf_I_O)         2.905    13.596 r  hex_seg_a_OBUF[5]_inst/O
                         net (fo=0)                   0.000    13.596    hex_seg_a[5]
    D6                                                                r  hex_seg_a[5] (OUT)
  -------------------------------------------------------------------    -------------------

Slack:                    inf
  Source:                 sw_sync/data_q_reg[11]/C
                            (rising edge-triggered cell FDRE clocked by clk  {rise@0.000ns fall@5.000ns period=10.000ns})
  Destination:            hex_seg_a[4]
                            (output port)
  Path Group:             (none)
  Path Type:              Max at Slow Process Corner
  Data Path Delay:        8.155ns  (logic 3.806ns (46.664%)  route 4.350ns (53.336%))
  Logic Levels:           4  (LUT4=2 LUT6=1 OBUF=1)
  Clock Uncertainty:      0.025ns  ((TSJ^2 + TIJ^2)^1/2 + DJ) / 2 + PE
    Total System Jitter     (TSJ):    0.050ns
    Total Input Jitter      (TIJ):    0.000ns
    Discrete Jitter          (DJ):    0.000ns
    Phase Error              (PE):    0.000ns

    Location             Delay type                Incr(ns)  Path(ns)    Netlist Resource(s)
  -------------------------------------------------------------------    -------------------
                         (clock clk rise edge)        0.000     0.000 r  
    N15                                               0.000     0.000 r  clk (IN)
                         net (fo=0)                   0.000     0.000    clk
    N15                  IBUF (Prop_ibuf_I_O)         1.440     1.440 r  clk_IBUF_inst/O
                         net (fo=1, routed)           1.972     3.412    clk_IBUF
    BUFGCTRL_X0Y0        BUFG (Prop_bufg_I_O)         0.096     3.508 r  clk_IBUF_BUFG_inst/O
                         net (fo=90, routed)          1.625     5.133    sw_sync/clk_IBUF_BUFG
    SLICE_X64Y91         FDRE                                         r  sw_sync/data_q_reg[11]/C
  -------------------------------------------------------------------    -------------------
    SLICE_X64Y91         FDRE (Prop_fdre_C_Q)         0.518     5.651 f  sw_sync/data_q_reg[11]/Q
                         net (fo=11, routed)          1.491     7.142    sw_sync/sw_s[11]
    SLICE_X63Y85         LUT4 (Prop_lut4_I0_O)        0.124     7.266 f  sw_sync/hex_seg_a_OBUF[4]_inst_i_5/O
                         net (fo=1, routed)           0.562     7.828    sw_sync/hex_seg_a_OBUF[4]_inst_i_5_n_0
    SLICE_X65Y85         LUT6 (Prop_lut6_I5_O)        0.124     7.952 r  sw_sync/hex_seg_a_OBUF[4]_inst_i_3/O
                         net (fo=1, routed)           0.294     8.246    sw_sync/hex_seg_a_OBUF[4]_inst_i_3_n_0
    SLICE_X65Y86         LUT4 (Prop_lut4_I3_O)        0.124     8.370 r  sw_sync/hex_seg_a_OBUF[4]_inst_i_1/O
                         net (fo=1, routed)           2.002    10.373    hex_seg_a_OBUF[4]
    D7                   OBUF (Prop_obuf_I_O)         2.916    13.288 r  hex_seg_a_OBUF[4]_inst/O
                         net (fo=0)                   0.000    13.288    hex_seg_a[4]
    D7                                                                r  hex_seg_a[4] (OUT)
  -------------------------------------------------------------------    -------------------

Slack:                    inf
  Source:                 reg_unit/data_q_reg[10]/C
                            (rising edge-triggered cell FDRE clocked by clk  {rise@0.000ns fall@5.000ns period=10.000ns})
  Destination:            hex_seg_b[6]
                            (output port)
  Path Group:             (none)
  Path Type:              Max at Slow Process Corner
  Data Path Delay:        8.136ns  (logic 3.796ns (46.652%)  route 4.340ns (53.348%))
  Logic Levels:           4  (LUT4=2 LUT6=1 OBUF=1)
  Clock Uncertainty:      0.025ns  ((TSJ^2 + TIJ^2)^1/2 + DJ) / 2 + PE
    Total System Jitter     (TSJ):    0.050ns
    Total Input Jitter      (TIJ):    0.000ns
    Discrete Jitter          (DJ):    0.000ns
    Phase Error              (PE):    0.000ns

    Location             Delay type                Incr(ns)  Path(ns)    Netlist Resource(s)
  -------------------------------------------------------------------    -------------------
                         (clock clk rise edge)        0.000     0.000 r  
    N15                                               0.000     0.000 r  clk (IN)
                         net (fo=0)                   0.000     0.000    clk
    N15                  IBUF (Prop_ibuf_I_O)         1.440     1.440 r  clk_IBUF_inst/O
                         net (fo=1, routed)           1.972     3.412    clk_IBUF
    BUFGCTRL_X0Y0        BUFG (Prop_bufg_I_O)         0.096     3.508 r  clk_IBUF_BUFG_inst/O
                         net (fo=90, routed)          1.620     5.128    reg_unit/clk_IBUF_BUFG
    SLICE_X60Y85         FDRE                                         r  reg_unit/data_q_reg[10]/C
  -------------------------------------------------------------------    -------------------
    SLICE_X60Y85         FDRE (Prop_fdre_C_Q)         0.518     5.646 r  reg_unit/data_q_reg[10]/Q
                         net (fo=10, routed)          0.858     6.504    reg_unit/Q[10]
    SLICE_X58Y85         LUT4 (Prop_lut4_I2_O)        0.124     6.628 f  reg_unit/hex_seg_b_OBUF[6]_inst_i_5/O
                         net (fo=1, routed)           0.890     7.518    reg_unit/hex_seg_b_OBUF[6]_inst_i_5_n_0
    SLICE_X58Y85         LUT6 (Prop_lut6_I5_O)        0.124     7.642 r  reg_unit/hex_seg_b_OBUF[6]_inst_i_3/O
                         net (fo=1, routed)           0.784     8.426    reg_unit/hex_seg_b_OBUF[6]_inst_i_3_n_0
    SLICE_X63Y87         LUT4 (Prop_lut4_I3_O)        0.124     8.550 r  reg_unit/hex_seg_b_OBUF[6]_inst_i_1/O
                         net (fo=1, routed)           1.809    10.358    hex_seg_b_OBUF[6]
    E5                   OBUF (Prop_obuf_I_O)         2.906    13.264 r  hex_seg_b_OBUF[6]_inst/O
                         net (fo=0)                   0.000    13.264    hex_seg_b[6]
    E5                                                                r  hex_seg_b[6] (OUT)
  -------------------------------------------------------------------    -------------------





Min Delay Paths
--------------------------------------------------------------------------------------
Slack:                    inf
  Source:                 hex_a/counter_reg[16]/C
                            (rising edge-triggered cell FDRE clocked by clk  {rise@0.000ns fall@5.000ns period=10.000ns})
  Destination:            hex_grid_a[2]
                            (output port)
  Path Group:             (none)
  Path Type:              Min at Fast Process Corner
  Data Path Delay:        1.978ns  (logic 1.361ns (68.839%)  route 0.616ns (31.161%))
  Logic Levels:           2  (LUT3=1 OBUF=1)
  Clock Uncertainty:      0.025ns  ((TSJ^2 + TIJ^2)^1/2 + DJ) / 2 + PE
    Total System Jitter     (TSJ):    0.050ns
    Total Input Jitter      (TIJ):    0.000ns
    Discrete Jitter          (DJ):    0.000ns
    Phase Error              (PE):    0.000ns

    Location             Delay type                Incr(ns)  Path(ns)    Netlist Resource(s)
  -------------------------------------------------------------------    -------------------
                         (clock clk rise edge)        0.000     0.000 r  
    N15                                               0.000     0.000 r  clk (IN)
                         net (fo=0)                   0.000     0.000    clk
    N15                  IBUF (Prop_ibuf_I_O)         0.209     0.209 r  clk_IBUF_inst/O
                         net (fo=1, routed)           0.634     0.843    clk_IBUF
    BUFGCTRL_X0Y0        BUFG (Prop_bufg_I_O)         0.026     0.869 r  clk_IBUF_BUFG_inst/O
                         net (fo=90, routed)          0.589     1.457    hex_a/clk_IBUF_BUFG
    SLICE_X62Y84         FDRE                                         r  hex_a/counter_reg[16]/C
  -------------------------------------------------------------------    -------------------
    SLICE_X62Y84         FDRE (Prop_fdre_C_Q)         0.141     1.598 f  hex_a/counter_reg[16]/Q
                         net (fo=33, routed)          0.247     1.845    hex_a/p_0_in[1]
    SLICE_X65Y81         LUT3 (Prop_lut3_I0_O)        0.045     1.890 r  hex_a/hex_grid_a_OBUF[2]_inst_i_1/O
                         net (fo=2, routed)           0.370     2.260    hex_grid_b_OBUF[2]
    C3                   OBUF (Prop_obuf_I_O)         1.175     3.435 r  hex_grid_a_OBUF[2]_inst/O
                         net (fo=0)                   0.000     3.435    hex_grid_a[2]
    C3                                                                r  hex_grid_a[2] (OUT)
  -------------------------------------------------------------------    -------------------

Slack:                    inf
  Source:                 hex_a/counter_reg[16]/C
                            (rising edge-triggered cell FDRE clocked by clk  {rise@0.000ns fall@5.000ns period=10.000ns})
  Destination:            hex_seg_a[6]
                            (output port)
  Path Group:             (none)
  Path Type:              Min at Fast Process Corner
  Data Path Delay:        1.982ns  (logic 1.409ns (71.108%)  route 0.573ns (28.892%))
  Logic Levels:           3  (LUT4=1 LUT6=1 OBUF=1)
  Clock Uncertainty:      0.025ns  ((TSJ^2 + TIJ^2)^1/2 + DJ) / 2 + PE
    Total System Jitter     (TSJ):    0.050ns
    Total Input Jitter      (TIJ):    0.000ns
    Discrete Jitter          (DJ):    0.000ns
    Phase Error              (PE):    0.000ns

    Location             Delay type                Incr(ns)  Path(ns)    Netlist Resource(s)
  -------------------------------------------------------------------    -------------------
                         (clock clk rise edge)        0.000     0.000 r  
    N15                                               0.000     0.000 r  clk (IN)
                         net (fo=0)                   0.000     0.000    clk
    N15                  IBUF (Prop_ibuf_I_O)         0.209     0.209 r  clk_IBUF_inst/O
                         net (fo=1, routed)           0.634     0.843    clk_IBUF
    BUFGCTRL_X0Y0        BUFG (Prop_bufg_I_O)         0.026     0.869 r  clk_IBUF_BUFG_inst/O
                         net (fo=90, routed)          0.589     1.457    hex_a/clk_IBUF_BUFG
    SLICE_X62Y84         FDRE                                         r  hex_a/counter_reg[16]/C
  -------------------------------------------------------------------    -------------------
    SLICE_X62Y84         FDRE (Prop_fdre_C_Q)         0.141     1.598 r  hex_a/counter_reg[16]/Q
                         net (fo=33, routed)          0.195     1.793    sw_sync/p_0_in[1]
    SLICE_X64Y85         LUT6 (Prop_lut6_I4_O)        0.045     1.838 r  sw_sync/hex_seg_a_OBUF[6]_inst_i_3/O
                         net (fo=1, routed)           0.054     1.892    sw_sync/hex_seg_a_OBUF[6]_inst_i_3_n_0
    SLICE_X64Y85         LUT4 (Prop_lut4_I3_O)        0.045     1.937 r  sw_sync/hex_seg_a_OBUF[6]_inst_i_1/O
                         net (fo=1, routed)           0.324     2.261    hex_seg_a_OBUF[6]
    C4                   OBUF (Prop_obuf_I_O)         1.178     3.439 r  hex_seg_a_OBUF[6]_inst/O
                         net (fo=0)                   0.000     3.439    hex_seg_a[6]
    C4                                                                r  hex_seg_a[6] (OUT)
  -------------------------------------------------------------------    -------------------

Slack:                    inf
  Source:                 sw_sync/data_q_reg[2]/C
                            (rising edge-triggered cell FDRE clocked by clk  {rise@0.000ns fall@5.000ns period=10.000ns})
  Destination:            hex_seg_a[2]
                            (output port)
  Path Group:             (none)
  Path Type:              Min at Fast Process Corner
  Data Path Delay:        2.043ns  (logic 1.404ns (68.737%)  route 0.639ns (31.263%))
  Logic Levels:           3  (LUT4=1 LUT6=1 OBUF=1)
  Clock Uncertainty:      0.025ns  ((TSJ^2 + TIJ^2)^1/2 + DJ) / 2 + PE
    Total System Jitter     (TSJ):    0.050ns
    Total Input Jitter      (TIJ):    0.000ns
    Discrete Jitter          (DJ):    0.000ns
    Phase Error              (PE):    0.000ns

    Location             Delay type                Incr(ns)  Path(ns)    Netlist Resource(s)
  -------------------------------------------------------------------    -------------------
                         (clock clk rise edge)        0.000     0.000 r  
    N15                                               0.000     0.000 r  clk (IN)
                         net (fo=0)                   0.000     0.000    clk
    N15                  IBUF (Prop_ibuf_I_O)         0.209     0.209 r  clk_IBUF_inst/O
                         net (fo=1, routed)           0.634     0.843    clk_IBUF
    BUFGCTRL_X0Y0        BUFG (Prop_bufg_I_O)         0.026     0.869 r  clk_IBUF_BUFG_inst/O
                         net (fo=90, routed)          0.586     1.454    sw_sync/clk_IBUF_BUFG
    SLICE_X65Y81         FDRE                                         r  sw_sync/data_q_reg[2]/C
  -------------------------------------------------------------------    -------------------
    SLICE_X65Y81         FDRE (Prop_fdre_C_Q)         0.141     1.595 r  sw_sync/data_q_reg[2]/Q
                         net (fo=9, routed)           0.209     1.805    sw_sync/sw_s[2]
    SLICE_X65Y85         LUT6 (Prop_lut6_I2_O)        0.045     1.850 r  sw_sync/hex_seg_a_OBUF[2]_inst_i_3/O
                         net (fo=1, routed)           0.105     1.955    sw_sync/hex_seg_a_OBUF[2]_inst_i_3_n_0
    SLICE_X65Y86         LUT4 (Prop_lut4_I3_O)        0.045     2.000 r  sw_sync/hex_seg_a_OBUF[2]_inst_i_1/O
                         net (fo=1, routed)           0.324     2.324    hex_seg_a_OBUF[2]
    D5                   OBUF (Prop_obuf_I_O)         1.173     3.497 r  hex_seg_a_OBUF[2]_inst/O
                         net (fo=0)                   0.000     3.497    hex_seg_a[2]
    D5                                                                r  hex_seg_a[2] (OUT)
  -------------------------------------------------------------------    -------------------

Slack:                    inf
  Source:                 hex_a/counter_reg[15]/C
                            (rising edge-triggered cell FDRE clocked by clk  {rise@0.000ns fall@5.000ns period=10.000ns})
  Destination:            hex_seg_b[6]
                            (output port)
  Path Group:             (none)
  Path Type:              Min at Fast Process Corner
  Data Path Delay:        2.097ns  (logic 1.356ns (64.639%)  route 0.742ns (35.361%))
  Logic Levels:           2  (LUT4=1 OBUF=1)
  Clock Uncertainty:      0.025ns  ((TSJ^2 + TIJ^2)^1/2 + DJ) / 2 + PE
    Total System Jitter     (TSJ):    0.050ns
    Total Input Jitter      (TIJ):    0.000ns
    Discrete Jitter          (DJ):    0.000ns
    Phase Error              (PE):    0.000ns

    Location             Delay type                Incr(ns)  Path(ns)    Netlist Resource(s)
  -------------------------------------------------------------------    -------------------
                         (clock clk rise edge)        0.000     0.000 r  
    N15                                               0.000     0.000 r  clk (IN)
                         net (fo=0)                   0.000     0.000    clk
    N15                  IBUF (Prop_ibuf_I_O)         0.209     0.209 r  clk_IBUF_inst/O
                         net (fo=1, routed)           0.634     0.843    clk_IBUF
    BUFGCTRL_X0Y0        BUFG (Prop_bufg_I_O)         0.026     0.869 r  clk_IBUF_BUFG_inst/O
                         net (fo=90, routed)          0.588     1.456    hex_a/clk_IBUF_BUFG
    SLICE_X62Y83         FDRE                                         r  hex_a/counter_reg[15]/C
  -------------------------------------------------------------------    -------------------
    SLICE_X62Y83         FDRE (Prop_fdre_C_Q)         0.141     1.597 r  hex_a/counter_reg[15]/Q
                         net (fo=19, routed)          0.367     1.964    reg_unit/p_0_in[0]
    SLICE_X63Y87         LUT4 (Prop_lut4_I2_O)        0.045     2.009 r  reg_unit/hex_seg_b_OBUF[6]_inst_i_1/O
                         net (fo=1, routed)           0.375     2.384    hex_seg_b_OBUF[6]
    E5                   OBUF (Prop_obuf_I_O)         1.170     3.553 r  hex_seg_b_OBUF[6]_inst/O
                         net (fo=0)                   0.000     3.553    hex_seg_b[6]
    E5                                                                r  hex_seg_b[6] (OUT)
  -------------------------------------------------------------------    -------------------

Slack:                    inf
  Source:                 hex_a/counter_reg[16]/C
                            (rising edge-triggered cell FDRE clocked by clk  {rise@0.000ns fall@5.000ns period=10.000ns})
  Destination:            hex_grid_a[3]
                            (output port)
  Path Group:             (none)
  Path Type:              Min at Fast Process Corner
  Data Path Delay:        2.097ns  (logic 1.437ns (68.536%)  route 0.660ns (31.464%))
  Logic Levels:           2  (LUT3=1 OBUF=1)
  Clock Uncertainty:      0.025ns  ((TSJ^2 + TIJ^2)^1/2 + DJ) / 2 + PE
    Total System Jitter     (TSJ):    0.050ns
    Total Input Jitter      (TIJ):    0.000ns
    Discrete Jitter          (DJ):    0.000ns
    Phase Error              (PE):    0.000ns

    Location             Delay type                Incr(ns)  Path(ns)    Netlist Resource(s)
  -------------------------------------------------------------------    -------------------
                         (clock clk rise edge)        0.000     0.000 r  
    N15                                               0.000     0.000 r  clk (IN)
                         net (fo=0)                   0.000     0.000    clk
    N15                  IBUF (Prop_ibuf_I_O)         0.209     0.209 r  clk_IBUF_inst/O
                         net (fo=1, routed)           0.634     0.843    clk_IBUF
    BUFGCTRL_X0Y0        BUFG (Prop_bufg_I_O)         0.026     0.869 r  clk_IBUF_BUFG_inst/O
                         net (fo=90, routed)          0.589     1.457    hex_a/clk_IBUF_BUFG
    SLICE_X62Y84         FDRE                                         r  hex_a/counter_reg[16]/C
  -------------------------------------------------------------------    -------------------
    SLICE_X62Y84         FDRE (Prop_fdre_C_Q)         0.141     1.598 f  hex_a/counter_reg[16]/Q
                         net (fo=33, routed)          0.247     1.845    hex_a/p_0_in[1]
    SLICE_X65Y81         LUT3 (Prop_lut3_I2_O)        0.049     1.894 r  hex_a/hex_grid_a_OBUF[3]_inst_i_1/O
                         net (fo=2, routed)           0.413     2.307    hex_grid_b_OBUF[3]
    B3                   OBUF (Prop_obuf_I_O)         1.247     3.555 r  hex_grid_a_OBUF[3]_inst/O
                         net (fo=0)                   0.000     3.555    hex_grid_a[3]
    B3                                                                r  hex_grid_a[3] (OUT)
  -------------------------------------------------------------------    -------------------

Slack:                    inf
  Source:                 hex_a/counter_reg[15]/C
                            (rising edge-triggered cell FDRE clocked by clk  {rise@0.000ns fall@5.000ns period=10.000ns})
  Destination:            hex_seg_a[0]
                            (output port)
  Path Group:             (none)
  Path Type:              Min at Fast Process Corner
  Data Path Delay:        2.124ns  (logic 1.350ns (63.552%)  route 0.774ns (36.448%))
  Logic Levels:           2  (LUT4=1 OBUF=1)
  Clock Uncertainty:      0.025ns  ((TSJ^2 + TIJ^2)^1/2 + DJ) / 2 + PE
    Total System Jitter     (TSJ):    0.050ns
    Total Input Jitter      (TIJ):    0.000ns
    Discrete Jitter          (DJ):    0.000ns
    Phase Error              (PE):    0.000ns

    Location             Delay type                Incr(ns)  Path(ns)    Netlist Resource(s)
  -------------------------------------------------------------------    -------------------
                         (clock clk rise edge)        0.000     0.000 r  
    N15                                               0.000     0.000 r  clk (IN)
                         net (fo=0)                   0.000     0.000    clk
    N15                  IBUF (Prop_ibuf_I_O)         0.209     0.209 r  clk_IBUF_inst/O
                         net (fo=1, routed)           0.634     0.843    clk_IBUF
    BUFGCTRL_X0Y0        BUFG (Prop_bufg_I_O)         0.026     0.869 r  clk_IBUF_BUFG_inst/O
                         net (fo=90, routed)          0.588     1.456    hex_a/clk_IBUF_BUFG
    SLICE_X62Y83         FDRE                                         r  hex_a/counter_reg[15]/C
  -------------------------------------------------------------------    -------------------
    SLICE_X62Y83         FDRE (Prop_fdre_C_Q)         0.141     1.597 r  hex_a/counter_reg[15]/Q
                         net (fo=19, routed)          0.313     1.911    sw_sync/p_0_in[0]
    SLICE_X63Y84         LUT4 (Prop_lut4_I2_O)        0.045     1.956 r  sw_sync/hex_seg_a_OBUF[0]_inst_i_1/O
                         net (fo=1, routed)           0.461     2.416    hex_seg_a_OBUF[0]
    E6                   OBUF (Prop_obuf_I_O)         1.164     3.580 r  hex_seg_a_OBUF[0]_inst/O
                         net (fo=0)                   0.000     3.580    hex_seg_a[0]
    E6                                                                r  hex_seg_a[0] (OUT)
  -------------------------------------------------------------------    -------------------

Slack:                    inf
  Source:                 hex_a/counter_reg[15]/C
                            (rising edge-triggered cell FDRE clocked by clk  {rise@0.000ns fall@5.000ns period=10.000ns})
  Destination:            hex_seg_a[1]
                            (output port)
  Path Group:             (none)
  Path Type:              Min at Fast Process Corner
  Data Path Delay:        2.144ns  (logic 1.367ns (63.765%)  route 0.777ns (36.235%))
  Logic Levels:           2  (LUT4=1 OBUF=1)
  Clock Uncertainty:      0.025ns  ((TSJ^2 + TIJ^2)^1/2 + DJ) / 2 + PE
    Total System Jitter     (TSJ):    0.050ns
    Total Input Jitter      (TIJ):    0.000ns
    Discrete Jitter          (DJ):    0.000ns
    Phase Error              (PE):    0.000ns

    Location             Delay type                Incr(ns)  Path(ns)    Netlist Resource(s)
  -------------------------------------------------------------------    -------------------
                         (clock clk rise edge)        0.000     0.000 r  
    N15                                               0.000     0.000 r  clk (IN)
                         net (fo=0)                   0.000     0.000    clk
    N15                  IBUF (Prop_ibuf_I_O)         0.209     0.209 r  clk_IBUF_inst/O
                         net (fo=1, routed)           0.634     0.843    clk_IBUF
    BUFGCTRL_X0Y0        BUFG (Prop_bufg_I_O)         0.026     0.869 r  clk_IBUF_BUFG_inst/O
                         net (fo=90, routed)          0.588     1.456    hex_a/clk_IBUF_BUFG
    SLICE_X62Y83         FDRE                                         r  hex_a/counter_reg[15]/C
  -------------------------------------------------------------------    -------------------
    SLICE_X62Y83         FDRE (Prop_fdre_C_Q)         0.141     1.597 r  hex_a/counter_reg[15]/Q
                         net (fo=19, routed)          0.451     2.048    sw_sync/p_0_in[0]
    SLICE_X65Y85         LUT4 (Prop_lut4_I2_O)        0.045     2.093 r  sw_sync/hex_seg_a_OBUF[1]_inst_i_1/O
                         net (fo=1, routed)           0.326     2.419    hex_seg_a_OBUF[1]
    B4                   OBUF (Prop_obuf_I_O)         1.181     3.601 r  hex_seg_a_OBUF[1]_inst/O
                         net (fo=0)                   0.000     3.601    hex_seg_a[1]
    B4                                                                r  hex_seg_a[1] (OUT)
  -------------------------------------------------------------------    -------------------

Slack:                    inf
  Source:                 hex_a/counter_reg[16]/C
                            (rising edge-triggered cell FDRE clocked by clk  {rise@0.000ns fall@5.000ns period=10.000ns})
  Destination:            hex_grid_b[1]
                            (output port)
  Path Group:             (none)
  Path Type:              Min at Fast Process Corner
  Data Path Delay:        2.165ns  (logic 1.371ns (63.314%)  route 0.794ns (36.686%))
  Logic Levels:           2  (LUT3=1 OBUF=1)
  Clock Uncertainty:      0.025ns  ((TSJ^2 + TIJ^2)^1/2 + DJ) / 2 + PE
    Total System Jitter     (TSJ):    0.050ns
    Total Input Jitter      (TIJ):    0.000ns
    Discrete Jitter          (DJ):    0.000ns
    Phase Error              (PE):    0.000ns

    Location             Delay type                Incr(ns)  Path(ns)    Netlist Resource(s)
  -------------------------------------------------------------------    -------------------
                         (clock clk rise edge)        0.000     0.000 r  
    N15                                               0.000     0.000 r  clk (IN)
                         net (fo=0)                   0.000     0.000    clk
    N15                  IBUF (Prop_ibuf_I_O)         0.209     0.209 r  clk_IBUF_inst/O
                         net (fo=1, routed)           0.634     0.843    clk_IBUF
    BUFGCTRL_X0Y0        BUFG (Prop_bufg_I_O)         0.026     0.869 r  clk_IBUF_BUFG_inst/O
                         net (fo=90, routed)          0.589     1.457    hex_a/clk_IBUF_BUFG
    SLICE_X62Y84         FDRE                                         r  hex_a/counter_reg[16]/C
  -------------------------------------------------------------------    -------------------
    SLICE_X62Y84         FDRE (Prop_fdre_C_Q)         0.141     1.598 r  hex_a/counter_reg[16]/Q
                         net (fo=33, routed)          0.246     1.844    hex_a/p_0_in[1]
    SLICE_X65Y81         LUT3 (Prop_lut3_I2_O)        0.045     1.889 r  hex_a/hex_grid_a_OBUF[1]_inst_i_1/O
                         net (fo=2, routed)           0.549     2.438    hex_grid_b_OBUF[1]
    E3                   OBUF (Prop_obuf_I_O)         1.185     3.623 r  hex_grid_b_OBUF[1]_inst/O
                         net (fo=0)                   0.000     3.623    hex_grid_b[1]
    E3                                                                r  hex_grid_b[1] (OUT)
  -------------------------------------------------------------------    -------------------

Slack:                    inf
  Source:                 reg_unit/data_q_reg[2]/C
                            (rising edge-triggered cell FDRE clocked by clk  {rise@0.000ns fall@5.000ns period=10.000ns})
  Destination:            hex_seg_b[4]
                            (output port)
  Path Group:             (none)
  Path Type:              Min at Fast Process Corner
  Data Path Delay:        2.185ns  (logic 1.410ns (64.499%)  route 0.776ns (35.501%))
  Logic Levels:           3  (LUT4=1 LUT6=1 OBUF=1)
  Clock Uncertainty:      0.025ns  ((TSJ^2 + TIJ^2)^1/2 + DJ) / 2 + PE
    Total System Jitter     (TSJ):    0.050ns
    Total Input Jitter      (TIJ):    0.000ns
    Discrete Jitter          (DJ):    0.000ns
    Phase Error              (PE):    0.000ns

    Location             Delay type                Incr(ns)  Path(ns)    Netlist Resource(s)
  -------------------------------------------------------------------    -------------------
                         (clock clk rise edge)        0.000     0.000 r  
    N15                                               0.000     0.000 r  clk (IN)
                         net (fo=0)                   0.000     0.000    clk
    N15                  IBUF (Prop_ibuf_I_O)         0.209     0.209 r  clk_IBUF_inst/O
                         net (fo=1, routed)           0.634     0.843    clk_IBUF
    BUFGCTRL_X0Y0        BUFG (Prop_bufg_I_O)         0.026     0.869 r  clk_IBUF_BUFG_inst/O
                         net (fo=90, routed)          0.588     1.456    reg_unit/clk_IBUF_BUFG
    SLICE_X61Y85         FDRE                                         r  reg_unit/data_q_reg[2]/C
  -------------------------------------------------------------------    -------------------
    SLICE_X61Y85         FDRE (Prop_fdre_C_Q)         0.141     1.597 r  reg_unit/data_q_reg[2]/Q
                         net (fo=9, routed)           0.140     1.737    reg_unit/Q[2]
    SLICE_X60Y86         LUT6 (Prop_lut6_I1_O)        0.045     1.782 r  reg_unit/hex_seg_b_OBUF[4]_inst_i_3/O
                         net (fo=1, routed)           0.094     1.876    reg_unit/hex_seg_b_OBUF[4]_inst_i_3_n_0
    SLICE_X59Y86         LUT4 (Prop_lut4_I3_O)        0.045     1.921 r  reg_unit/hex_seg_b_OBUF[4]_inst_i_1/O
                         net (fo=1, routed)           0.542     2.463    hex_seg_b_OBUF[4]
    F4                   OBUF (Prop_obuf_I_O)         1.179     3.642 r  hex_seg_b_OBUF[4]_inst/O
                         net (fo=0)                   0.000     3.642    hex_seg_b[4]
    F4                                                                r  hex_seg_b[4] (OUT)
  -------------------------------------------------------------------    -------------------

Slack:                    inf
  Source:                 hex_a/counter_reg[15]/C
                            (rising edge-triggered cell FDRE clocked by clk  {rise@0.000ns fall@5.000ns period=10.000ns})
  Destination:            hex_seg_a[5]
                            (output port)
  Path Group:             (none)
  Path Type:              Min at Fast Process Corner
  Data Path Delay:        2.189ns  (logic 1.355ns (61.883%)  route 0.834ns (38.117%))
  Logic Levels:           2  (LUT4=1 OBUF=1)
  Clock Uncertainty:      0.025ns  ((TSJ^2 + TIJ^2)^1/2 + DJ) / 2 + PE
    Total System Jitter     (TSJ):    0.050ns
    Total Input Jitter      (TIJ):    0.000ns
    Discrete Jitter          (DJ):    0.000ns
    Phase Error              (PE):    0.000ns

    Location             Delay type                Incr(ns)  Path(ns)    Netlist Resource(s)
  -------------------------------------------------------------------    -------------------
                         (clock clk rise edge)        0.000     0.000 r  
    N15                                               0.000     0.000 r  clk (IN)
                         net (fo=0)                   0.000     0.000    clk
    N15                  IBUF (Prop_ibuf_I_O)         0.209     0.209 r  clk_IBUF_inst/O
                         net (fo=1, routed)           0.634     0.843    clk_IBUF
    BUFGCTRL_X0Y0        BUFG (Prop_bufg_I_O)         0.026     0.869 r  clk_IBUF_BUFG_inst/O
                         net (fo=90, routed)          0.588     1.456    hex_a/clk_IBUF_BUFG
    SLICE_X62Y83         FDRE                                         r  hex_a/counter_reg[15]/C
  -------------------------------------------------------------------    -------------------
    SLICE_X62Y83         FDRE (Prop_fdre_C_Q)         0.141     1.597 r  hex_a/counter_reg[15]/Q
                         net (fo=19, routed)          0.421     2.018    sw_sync/p_0_in[0]
    SLICE_X64Y86         LUT4 (Prop_lut4_I2_O)        0.045     2.063 r  sw_sync/hex_seg_a_OBUF[5]_inst_i_1/O
                         net (fo=1, routed)           0.413     2.477    hex_seg_a_OBUF[5]
    D6                   OBUF (Prop_obuf_I_O)         1.169     3.645 r  hex_seg_a_OBUF[5]_inst/O
                         net (fo=0)                   0.000     3.645    hex_seg_a[5]
    D6                                                                r  hex_seg_a[5] (OUT)
  -------------------------------------------------------------------    -------------------





--------------------------------------------------------------------------------------
Path Group:  (none)
From Clock:  
  To Clock:  clk

Max Delay            18 Endpoints
Min Delay            18 Endpoints
--------------------------------------------------------------------------------------


Max Delay Paths
--------------------------------------------------------------------------------------
Slack:                    inf
  Source:                 reset
                            (input port)
  Destination:            button_sync[1]/ff1_reg/D
                            (rising edge-triggered cell FDRE clocked by clk  {rise@0.000ns fall@5.000ns period=10.000ns})
  Path Group:             (none)
  Path Type:              Setup (Max at Slow Process Corner)
  Data Path Delay:        3.050ns  (logic 1.322ns (43.336%)  route 1.728ns (56.664%))
  Logic Levels:           1  (IBUF=1)
  Clock Path Skew:        4.824ns (DCD - SCD + CPR)
    Destination Clock Delay (DCD):    4.824ns
    Source Clock Delay      (SCD):    0.000ns
    Clock Pessimism Removal (CPR):    0.000ns
  Clock Uncertainty:      0.025ns  ((TSJ^2 + TIJ^2)^1/2 + DJ) / 2 + PE
    Total System Jitter     (TSJ):    0.050ns
    Total Input Jitter      (TIJ):    0.000ns
    Discrete Jitter          (DJ):    0.000ns
    Phase Error              (PE):    0.000ns

    Location             Delay type                Incr(ns)  Path(ns)    Netlist Resource(s)
  -------------------------------------------------------------------    -------------------
    J1                                                0.000     0.000 r  reset (IN)
                         net (fo=0)                   0.000     0.000    reset
    J1                   IBUF (Prop_ibuf_I_O)         1.322     1.322 r  reset_IBUF_inst/O
                         net (fo=1, routed)           1.728     3.050    button_sync[1]/reset_IBUF
    SLICE_X64Y77         FDRE                                         r  button_sync[1]/ff1_reg/D
  -------------------------------------------------------------------    -------------------

                         (clock clk rise edge)        0.000     0.000 r  
    N15                                               0.000     0.000 r  clk (IN)
                         net (fo=0)                   0.000     0.000    clk
    N15                  IBUF (Prop_ibuf_I_O)         1.370     1.370 r  clk_IBUF_inst/O
                         net (fo=1, routed)           1.868     3.238    clk_IBUF
    BUFGCTRL_X0Y0        BUFG (Prop_bufg_I_O)         0.091     3.329 r  clk_IBUF_BUFG_inst/O
                         net (fo=90, routed)          1.495     4.824    button_sync[1]/clk_IBUF_BUFG
    SLICE_X64Y77         FDRE                                         r  button_sync[1]/ff1_reg/C

Slack:                    inf
  Source:                 sw_i[0]
                            (input port)
  Destination:            sw_sync/data_q_reg[0]/D
                            (rising edge-triggered cell FDRE clocked by clk  {rise@0.000ns fall@5.000ns period=10.000ns})
  Path Group:             (none)
  Path Type:              Setup (Max at Slow Process Corner)
  Data Path Delay:        2.911ns  (logic 1.325ns (45.526%)  route 1.586ns (54.474%))
  Logic Levels:           1  (IBUF=1)
  Clock Path Skew:        4.828ns (DCD - SCD + CPR)
    Destination Clock Delay (DCD):    4.828ns
    Source Clock Delay      (SCD):    0.000ns
    Clock Pessimism Removal (CPR):    0.000ns
  Clock Uncertainty:      0.025ns  ((TSJ^2 + TIJ^2)^1/2 + DJ) / 2 + PE
    Total System Jitter     (TSJ):    0.050ns
    Total Input Jitter      (TIJ):    0.000ns
    Discrete Jitter          (DJ):    0.000ns
    Phase Error              (PE):    0.000ns

    Location             Delay type                Incr(ns)  Path(ns)    Netlist Resource(s)
  -------------------------------------------------------------------    -------------------
    G1                                                0.000     0.000 r  sw_i[0] (IN)
                         net (fo=0)                   0.000     0.000    sw_i[0]
    G1                   IBUF (Prop_ibuf_I_O)         1.325     1.325 r  sw_i_IBUF[0]_inst/O
                         net (fo=1, routed)           1.586     2.911    sw_sync/sw_i_IBUF[0]
    SLICE_X65Y81         FDRE                                         r  sw_sync/data_q_reg[0]/D
  -------------------------------------------------------------------    -------------------

                         (clock clk rise edge)        0.000     0.000 r  
    N15                                               0.000     0.000 r  clk (IN)
                         net (fo=0)                   0.000     0.000    clk
    N15                  IBUF (Prop_ibuf_I_O)         1.370     1.370 r  clk_IBUF_inst/O
                         net (fo=1, routed)           1.868     3.238    clk_IBUF
    BUFGCTRL_X0Y0        BUFG (Prop_bufg_I_O)         0.091     3.329 r  clk_IBUF_BUFG_inst/O
                         net (fo=90, routed)          1.499     4.828    sw_sync/clk_IBUF_BUFG
    SLICE_X65Y81         FDRE                                         r  sw_sync/data_q_reg[0]/C

Slack:                    inf
  Source:                 run_i
                            (input port)
  Destination:            button_sync[0]/ff1_reg/D
                            (rising edge-triggered cell FDRE clocked by clk  {rise@0.000ns fall@5.000ns period=10.000ns})
  Path Group:             (none)
  Path Type:              Setup (Max at Slow Process Corner)
  Data Path Delay:        2.879ns  (logic 1.316ns (45.735%)  route 1.562ns (54.265%))
  Logic Levels:           1  (IBUF=1)
  Clock Path Skew:        4.823ns (DCD - SCD + CPR)
    Destination Clock Delay (DCD):    4.823ns
    Source Clock Delay      (SCD):    0.000ns
    Clock Pessimism Removal (CPR):    0.000ns
  Clock Uncertainty:      0.025ns  ((TSJ^2 + TIJ^2)^1/2 + DJ) / 2 + PE
    Total System Jitter     (TSJ):    0.050ns
    Total Input Jitter      (TIJ):    0.000ns
    Discrete Jitter          (DJ):    0.000ns
    Phase Error              (PE):    0.000ns

    Location             Delay type                Incr(ns)  Path(ns)    Netlist Resource(s)
  -------------------------------------------------------------------    -------------------
    J2                                                0.000     0.000 r  run_i (IN)
                         net (fo=0)                   0.000     0.000    run_i
    J2                   IBUF (Prop_ibuf_I_O)         1.316     1.316 r  run_i_IBUF_inst/O
                         net (fo=1, routed)           1.562     2.879    button_sync[0]/run_i_IBUF
    SLICE_X63Y76         FDRE                                         r  button_sync[0]/ff1_reg/D
  -------------------------------------------------------------------    -------------------

                         (clock clk rise edge)        0.000     0.000 r  
    N15                                               0.000     0.000 r  clk (IN)
                         net (fo=0)                   0.000     0.000    clk
    N15                  IBUF (Prop_ibuf_I_O)         1.370     1.370 r  clk_IBUF_inst/O
                         net (fo=1, routed)           1.868     3.238    clk_IBUF
    BUFGCTRL_X0Y0        BUFG (Prop_bufg_I_O)         0.091     3.329 r  clk_IBUF_BUFG_inst/O
                         net (fo=90, routed)          1.494     4.823    button_sync[0]/clk_IBUF_BUFG
    SLICE_X63Y76         FDRE                                         r  button_sync[0]/ff1_reg/C

Slack:                    inf
  Source:                 sw_i[5]
                            (input port)
  Destination:            sw_sync/data_q_reg[5]/D
                            (rising edge-triggered cell FDRE clocked by clk  {rise@0.000ns fall@5.000ns period=10.000ns})
  Path Group:             (none)
  Path Type:              Setup (Max at Slow Process Corner)
  Data Path Delay:        2.868ns  (logic 1.349ns (47.054%)  route 1.518ns (52.946%))
  Logic Levels:           1  (IBUF=1)
  Clock Path Skew:        4.830ns (DCD - SCD + CPR)
    Destination Clock Delay (DCD):    4.830ns
    Source Clock Delay      (SCD):    0.000ns
    Clock Pessimism Removal (CPR):    0.000ns
  Clock Uncertainty:      0.025ns  ((TSJ^2 + TIJ^2)^1/2 + DJ) / 2 + PE
    Total System Jitter     (TSJ):    0.050ns
    Total Input Jitter      (TIJ):    0.000ns
    Discrete Jitter          (DJ):    0.000ns
    Phase Error              (PE):    0.000ns

    Location             Delay type                Incr(ns)  Path(ns)    Netlist Resource(s)
  -------------------------------------------------------------------    -------------------
    D2                                                0.000     0.000 r  sw_i[5] (IN)
                         net (fo=0)                   0.000     0.000    sw_i[5]
    D2                   IBUF (Prop_ibuf_I_O)         1.349     1.349 r  sw_i_IBUF[5]_inst/O
                         net (fo=1, routed)           1.518     2.868    sw_sync/sw_i_IBUF[5]
    SLICE_X65Y82         FDRE                                         r  sw_sync/data_q_reg[5]/D
  -------------------------------------------------------------------    -------------------

                         (clock clk rise edge)        0.000     0.000 r  
    N15                                               0.000     0.000 r  clk (IN)
                         net (fo=0)                   0.000     0.000    clk
    N15                  IBUF (Prop_ibuf_I_O)         1.370     1.370 r  clk_IBUF_inst/O
                         net (fo=1, routed)           1.868     3.238    clk_IBUF
    BUFGCTRL_X0Y0        BUFG (Prop_bufg_I_O)         0.091     3.329 r  clk_IBUF_BUFG_inst/O
                         net (fo=90, routed)          1.501     4.830    sw_sync/clk_IBUF_BUFG
    SLICE_X65Y82         FDRE                                         r  sw_sync/data_q_reg[5]/C

Slack:                    inf
  Source:                 sw_i[2]
                            (input port)
  Destination:            sw_sync/data_q_reg[2]/D
                            (rising edge-triggered cell FDRE clocked by clk  {rise@0.000ns fall@5.000ns period=10.000ns})
  Path Group:             (none)
  Path Type:              Setup (Max at Slow Process Corner)
  Data Path Delay:        2.854ns  (logic 1.328ns (46.520%)  route 1.526ns (53.480%))
  Logic Levels:           1  (IBUF=1)
  Clock Path Skew:        4.828ns (DCD - SCD + CPR)
    Destination Clock Delay (DCD):    4.828ns
    Source Clock Delay      (SCD):    0.000ns
    Clock Pessimism Removal (CPR):    0.000ns
  Clock Uncertainty:      0.025ns  ((TSJ^2 + TIJ^2)^1/2 + DJ) / 2 + PE
    Total System Jitter     (TSJ):    0.050ns
    Total Input Jitter      (TIJ):    0.000ns
    Discrete Jitter          (DJ):    0.000ns
    Phase Error              (PE):    0.000ns

    Location             Delay type                Incr(ns)  Path(ns)    Netlist Resource(s)
  -------------------------------------------------------------------    -------------------
    F1                                                0.000     0.000 r  sw_i[2] (IN)
                         net (fo=0)                   0.000     0.000    sw_i[2]
    F1                   IBUF (Prop_ibuf_I_O)         1.328     1.328 r  sw_i_IBUF[2]_inst/O
                         net (fo=1, routed)           1.526     2.854    sw_sync/sw_i_IBUF[2]
    SLICE_X65Y81         FDRE                                         r  sw_sync/data_q_reg[2]/D
  -------------------------------------------------------------------    -------------------

                         (clock clk rise edge)        0.000     0.000 r  
    N15                                               0.000     0.000 r  clk (IN)
                         net (fo=0)                   0.000     0.000    clk
    N15                  IBUF (Prop_ibuf_I_O)         1.370     1.370 r  clk_IBUF_inst/O
                         net (fo=1, routed)           1.868     3.238    clk_IBUF
    BUFGCTRL_X0Y0        BUFG (Prop_bufg_I_O)         0.091     3.329 r  clk_IBUF_BUFG_inst/O
                         net (fo=90, routed)          1.499     4.828    sw_sync/clk_IBUF_BUFG
    SLICE_X65Y81         FDRE                                         r  sw_sync/data_q_reg[2]/C

Slack:                    inf
  Source:                 sw_i[3]
                            (input port)
  Destination:            sw_sync/data_q_reg[3]/D
                            (rising edge-triggered cell FDRE clocked by clk  {rise@0.000ns fall@5.000ns period=10.000ns})
  Path Group:             (none)
  Path Type:              Setup (Max at Slow Process Corner)
  Data Path Delay:        2.846ns  (logic 1.350ns (47.440%)  route 1.496ns (52.560%))
  Logic Levels:           1  (IBUF=1)
  Clock Path Skew:        4.830ns (DCD - SCD + CPR)
    Destination Clock Delay (DCD):    4.830ns
    Source Clock Delay      (SCD):    0.000ns
    Clock Pessimism Removal (CPR):    0.000ns
  Clock Uncertainty:      0.025ns  ((TSJ^2 + TIJ^2)^1/2 + DJ) / 2 + PE
    Total System Jitter     (TSJ):    0.050ns
    Total Input Jitter      (TIJ):    0.000ns
    Discrete Jitter          (DJ):    0.000ns
    Phase Error              (PE):    0.000ns

    Location             Delay type                Incr(ns)  Path(ns)    Netlist Resource(s)
  -------------------------------------------------------------------    -------------------
    E2                                                0.000     0.000 r  sw_i[3] (IN)
                         net (fo=0)                   0.000     0.000    sw_i[3]
    E2                   IBUF (Prop_ibuf_I_O)         1.350     1.350 r  sw_i_IBUF[3]_inst/O
                         net (fo=1, routed)           1.496     2.846    sw_sync/sw_i_IBUF[3]
    SLICE_X64Y82         FDRE                                         r  sw_sync/data_q_reg[3]/D
  -------------------------------------------------------------------    -------------------

                         (clock clk rise edge)        0.000     0.000 r  
    N15                                               0.000     0.000 r  clk (IN)
                         net (fo=0)                   0.000     0.000    clk
    N15                  IBUF (Prop_ibuf_I_O)         1.370     1.370 r  clk_IBUF_inst/O
                         net (fo=1, routed)           1.868     3.238    clk_IBUF
    BUFGCTRL_X0Y0        BUFG (Prop_bufg_I_O)         0.091     3.329 r  clk_IBUF_BUFG_inst/O
                         net (fo=90, routed)          1.501     4.830    sw_sync/clk_IBUF_BUFG
    SLICE_X64Y82         FDRE                                         r  sw_sync/data_q_reg[3]/C

Slack:                    inf
  Source:                 sw_i[1]
                            (input port)
  Destination:            sw_sync/data_q_reg[1]/D
                            (rising edge-triggered cell FDRE clocked by clk  {rise@0.000ns fall@5.000ns period=10.000ns})
  Path Group:             (none)
  Path Type:              Setup (Max at Slow Process Corner)
  Data Path Delay:        2.828ns  (logic 1.327ns (46.917%)  route 1.501ns (53.083%))
  Logic Levels:           1  (IBUF=1)
  Clock Path Skew:        4.828ns (DCD - SCD + CPR)
    Destination Clock Delay (DCD):    4.828ns
    Source Clock Delay      (SCD):    0.000ns
    Clock Pessimism Removal (CPR):    0.000ns
  Clock Uncertainty:      0.025ns  ((TSJ^2 + TIJ^2)^1/2 + DJ) / 2 + PE
    Total System Jitter     (TSJ):    0.050ns
    Total Input Jitter      (TIJ):    0.000ns
    Discrete Jitter          (DJ):    0.000ns
    Phase Error              (PE):    0.000ns

    Location             Delay type                Incr(ns)  Path(ns)    Netlist Resource(s)
  -------------------------------------------------------------------    -------------------
    F2                                                0.000     0.000 r  sw_i[1] (IN)
                         net (fo=0)                   0.000     0.000    sw_i[1]
    F2                   IBUF (Prop_ibuf_I_O)         1.327     1.327 r  sw_i_IBUF[1]_inst/O
                         net (fo=1, routed)           1.501     2.828    sw_sync/sw_i_IBUF[1]
    SLICE_X65Y81         FDRE                                         r  sw_sync/data_q_reg[1]/D
  -------------------------------------------------------------------    -------------------

                         (clock clk rise edge)        0.000     0.000 r  
    N15                                               0.000     0.000 r  clk (IN)
                         net (fo=0)                   0.000     0.000    clk
    N15                  IBUF (Prop_ibuf_I_O)         1.370     1.370 r  clk_IBUF_inst/O
                         net (fo=1, routed)           1.868     3.238    clk_IBUF
    BUFGCTRL_X0Y0        BUFG (Prop_bufg_I_O)         0.091     3.329 r  clk_IBUF_BUFG_inst/O
                         net (fo=90, routed)          1.499     4.828    sw_sync/clk_IBUF_BUFG
    SLICE_X65Y81         FDRE                                         r  sw_sync/data_q_reg[1]/C

Slack:                    inf
  Source:                 sw_i[4]
                            (input port)
  Destination:            sw_sync/data_q_reg[4]/D
                            (rising edge-triggered cell FDRE clocked by clk  {rise@0.000ns fall@5.000ns period=10.000ns})
  Path Group:             (none)
  Path Type:              Setup (Max at Slow Process Corner)
  Data Path Delay:        2.640ns  (logic 1.325ns (50.167%)  route 1.316ns (49.833%))
  Logic Levels:           1  (IBUF=1)
  Clock Path Skew:        4.830ns (DCD - SCD + CPR)
    Destination Clock Delay (DCD):    4.830ns
    Source Clock Delay      (SCD):    0.000ns
    Clock Pessimism Removal (CPR):    0.000ns
  Clock Uncertainty:      0.025ns  ((TSJ^2 + TIJ^2)^1/2 + DJ) / 2 + PE
    Total System Jitter     (TSJ):    0.050ns
    Total Input Jitter      (TIJ):    0.000ns
    Discrete Jitter          (DJ):    0.000ns
    Phase Error              (PE):    0.000ns

    Location             Delay type                Incr(ns)  Path(ns)    Netlist Resource(s)
  -------------------------------------------------------------------    -------------------
    E1                                                0.000     0.000 r  sw_i[4] (IN)
                         net (fo=0)                   0.000     0.000    sw_i[4]
    E1                   IBUF (Prop_ibuf_I_O)         1.325     1.325 r  sw_i_IBUF[4]_inst/O
                         net (fo=1, routed)           1.316     2.640    sw_sync/sw_i_IBUF[4]
    SLICE_X65Y82         FDRE                                         r  sw_sync/data_q_reg[4]/D
  -------------------------------------------------------------------    -------------------

                         (clock clk rise edge)        0.000     0.000 r  
    N15                                               0.000     0.000 r  clk (IN)
                         net (fo=0)                   0.000     0.000    clk
    N15                  IBUF (Prop_ibuf_I_O)         1.370     1.370 r  clk_IBUF_inst/O
                         net (fo=1, routed)           1.868     3.238    clk_IBUF
    BUFGCTRL_X0Y0        BUFG (Prop_bufg_I_O)         0.091     3.329 r  clk_IBUF_BUFG_inst/O
                         net (fo=90, routed)          1.501     4.830    sw_sync/clk_IBUF_BUFG
    SLICE_X65Y82         FDRE                                         r  sw_sync/data_q_reg[4]/C

Slack:                    inf
  Source:                 sw_i[15]
                            (input port)
  Destination:            sw_sync/data_q_reg[15]/D
                            (rising edge-triggered cell FDRE clocked by clk  {rise@0.000ns fall@5.000ns period=10.000ns})
  Path Group:             (none)
  Path Type:              Setup (Max at Slow Process Corner)
  Data Path Delay:        2.636ns  (logic 1.340ns (50.807%)  route 1.297ns (49.193%))
  Logic Levels:           1  (IBUF=1)
  Clock Path Skew:        4.835ns (DCD - SCD + CPR)
    Destination Clock Delay (DCD):    4.835ns
    Source Clock Delay      (SCD):    0.000ns
    Clock Pessimism Removal (CPR):    0.000ns
  Clock Uncertainty:      0.025ns  ((TSJ^2 + TIJ^2)^1/2 + DJ) / 2 + PE
    Total System Jitter     (TSJ):    0.050ns
    Total Input Jitter      (TIJ):    0.000ns
    Discrete Jitter          (DJ):    0.000ns
    Phase Error              (PE):    0.000ns

    Location             Delay type                Incr(ns)  Path(ns)    Netlist Resource(s)
  -------------------------------------------------------------------    -------------------
    A8                                                0.000     0.000 r  sw_i[15] (IN)
                         net (fo=0)                   0.000     0.000    sw_i[15]
    A8                   IBUF (Prop_ibuf_I_O)         1.340     1.340 r  sw_i_IBUF[15]_inst/O
                         net (fo=1, routed)           1.297     2.636    sw_sync/sw_i_IBUF[15]
    SLICE_X65Y88         FDRE                                         r  sw_sync/data_q_reg[15]/D
  -------------------------------------------------------------------    -------------------

                         (clock clk rise edge)        0.000     0.000 r  
    N15                                               0.000     0.000 r  clk (IN)
                         net (fo=0)                   0.000     0.000    clk
    N15                  IBUF (Prop_ibuf_I_O)         1.370     1.370 r  clk_IBUF_inst/O
                         net (fo=1, routed)           1.868     3.238    clk_IBUF
    BUFGCTRL_X0Y0        BUFG (Prop_bufg_I_O)         0.091     3.329 r  clk_IBUF_BUFG_inst/O
                         net (fo=90, routed)          1.506     4.835    sw_sync/clk_IBUF_BUFG
    SLICE_X65Y88         FDRE                                         r  sw_sync/data_q_reg[15]/C

Slack:                    inf
  Source:                 sw_i[6]
                            (input port)
  Destination:            sw_sync/data_q_reg[6]/D
                            (rising edge-triggered cell FDRE clocked by clk  {rise@0.000ns fall@5.000ns period=10.000ns})
  Path Group:             (none)
  Path Type:              Setup (Max at Slow Process Corner)
  Data Path Delay:        2.631ns  (logic 1.326ns (50.384%)  route 1.305ns (49.616%))
  Logic Levels:           1  (IBUF=1)
  Clock Path Skew:        4.830ns (DCD - SCD + CPR)
    Destination Clock Delay (DCD):    4.830ns
    Source Clock Delay      (SCD):    0.000ns
    Clock Pessimism Removal (CPR):    0.000ns
  Clock Uncertainty:      0.025ns  ((TSJ^2 + TIJ^2)^1/2 + DJ) / 2 + PE
    Total System Jitter     (TSJ):    0.050ns
    Total Input Jitter      (TIJ):    0.000ns
    Discrete Jitter          (DJ):    0.000ns
    Phase Error              (PE):    0.000ns

    Location             Delay type                Incr(ns)  Path(ns)    Netlist Resource(s)
  -------------------------------------------------------------------    -------------------
    D1                                                0.000     0.000 r  sw_i[6] (IN)
                         net (fo=0)                   0.000     0.000    sw_i[6]
    D1                   IBUF (Prop_ibuf_I_O)         1.326     1.326 r  sw_i_IBUF[6]_inst/O
                         net (fo=1, routed)           1.305     2.631    sw_sync/sw_i_IBUF[6]
    SLICE_X65Y82         FDRE                                         r  sw_sync/data_q_reg[6]/D
  -------------------------------------------------------------------    -------------------

                         (clock clk rise edge)        0.000     0.000 r  
    N15                                               0.000     0.000 r  clk (IN)
                         net (fo=0)                   0.000     0.000    clk
    N15                  IBUF (Prop_ibuf_I_O)         1.370     1.370 r  clk_IBUF_inst/O
                         net (fo=1, routed)           1.868     3.238    clk_IBUF
    BUFGCTRL_X0Y0        BUFG (Prop_bufg_I_O)         0.091     3.329 r  clk_IBUF_BUFG_inst/O
                         net (fo=90, routed)          1.501     4.830    sw_sync/clk_IBUF_BUFG
    SLICE_X65Y82         FDRE                                         r  sw_sync/data_q_reg[6]/C





Min Delay Paths
--------------------------------------------------------------------------------------
Slack:                    inf
  Source:                 sw_i[11]
                            (input port)
  Destination:            sw_sync/data_q_reg[11]/D
                            (rising edge-triggered cell FDRE clocked by clk  {rise@0.000ns fall@5.000ns period=10.000ns})
  Path Group:             (none)
  Path Type:              Hold (Min at Fast Process Corner)
  Data Path Delay:        0.716ns  (logic 0.420ns (58.697%)  route 0.296ns (41.303%))
  Logic Levels:           1  (IBUF=1)
  Clock Path Skew:        1.976ns (DCD - SCD - CPR)
    Destination Clock Delay (DCD):    1.976ns
    Source Clock Delay      (SCD):    0.000ns
    Clock Pessimism Removal (CPR):    -0.000ns

    Location             Delay type                Incr(ns)  Path(ns)    Netlist Resource(s)
  -------------------------------------------------------------------    -------------------
    A6                                                0.000     0.000 r  sw_i[11] (IN)
                         net (fo=0)                   0.000     0.000    sw_i[11]
    A6                   IBUF (Prop_ibuf_I_O)         0.420     0.420 r  sw_i_IBUF[11]_inst/O
                         net (fo=1, routed)           0.296     0.716    sw_sync/sw_i_IBUF[11]
    SLICE_X64Y91         FDRE                                         r  sw_sync/data_q_reg[11]/D
  -------------------------------------------------------------------    -------------------

                         (clock clk rise edge)        0.000     0.000 r  
    N15                                               0.000     0.000 r  clk (IN)
                         net (fo=0)                   0.000     0.000    clk
    N15                  IBUF (Prop_ibuf_I_O)         0.396     0.396 r  clk_IBUF_inst/O
                         net (fo=1, routed)           0.689     1.085    clk_IBUF
    BUFGCTRL_X0Y0        BUFG (Prop_bufg_I_O)         0.029     1.114 r  clk_IBUF_BUFG_inst/O
                         net (fo=90, routed)          0.862     1.976    sw_sync/clk_IBUF_BUFG
    SLICE_X64Y91         FDRE                                         r  sw_sync/data_q_reg[11]/C

Slack:                    inf
  Source:                 sw_i[9]
                            (input port)
  Destination:            sw_sync/data_q_reg[9]/D
                            (rising edge-triggered cell FDRE clocked by clk  {rise@0.000ns fall@5.000ns period=10.000ns})
  Path Group:             (none)
  Path Type:              Hold (Min at Fast Process Corner)
  Data Path Delay:        0.720ns  (logic 0.424ns (58.937%)  route 0.296ns (41.063%))
  Logic Levels:           1  (IBUF=1)
  Clock Path Skew:        1.968ns (DCD - SCD - CPR)
    Destination Clock Delay (DCD):    1.968ns
    Source Clock Delay      (SCD):    0.000ns
    Clock Pessimism Removal (CPR):    -0.000ns

    Location             Delay type                Incr(ns)  Path(ns)    Netlist Resource(s)
  -------------------------------------------------------------------    -------------------
    A4                                                0.000     0.000 r  sw_i[9] (IN)
                         net (fo=0)                   0.000     0.000    sw_i[9]
    A4                   IBUF (Prop_ibuf_I_O)         0.424     0.424 r  sw_i_IBUF[9]_inst/O
                         net (fo=1, routed)           0.296     0.720    sw_sync/sw_i_IBUF[9]
    SLICE_X64Y81         FDRE                                         r  sw_sync/data_q_reg[9]/D
  -------------------------------------------------------------------    -------------------

                         (clock clk rise edge)        0.000     0.000 r  
    N15                                               0.000     0.000 r  clk (IN)
                         net (fo=0)                   0.000     0.000    clk
    N15                  IBUF (Prop_ibuf_I_O)         0.396     0.396 r  clk_IBUF_inst/O
                         net (fo=1, routed)           0.689     1.085    clk_IBUF
    BUFGCTRL_X0Y0        BUFG (Prop_bufg_I_O)         0.029     1.114 r  clk_IBUF_BUFG_inst/O
                         net (fo=90, routed)          0.854     1.968    sw_sync/clk_IBUF_BUFG
    SLICE_X64Y81         FDRE                                         r  sw_sync/data_q_reg[9]/C

Slack:                    inf
  Source:                 sw_i[10]
                            (input port)
  Destination:            sw_sync/data_q_reg[10]/D
                            (rising edge-triggered cell FDRE clocked by clk  {rise@0.000ns fall@5.000ns period=10.000ns})
  Path Group:             (none)
  Path Type:              Hold (Min at Fast Process Corner)
  Data Path Delay:        0.721ns  (logic 0.425ns (58.970%)  route 0.296ns (41.030%))
  Logic Levels:           1  (IBUF=1)
  Clock Path Skew:        1.969ns (DCD - SCD - CPR)
    Destination Clock Delay (DCD):    1.969ns
    Source Clock Delay      (SCD):    0.000ns
    Clock Pessimism Removal (CPR):    -0.000ns

    Location             Delay type                Incr(ns)  Path(ns)    Netlist Resource(s)
  -------------------------------------------------------------------    -------------------
    A5                                                0.000     0.000 r  sw_i[10] (IN)
                         net (fo=0)                   0.000     0.000    sw_i[10]
    A5                   IBUF (Prop_ibuf_I_O)         0.425     0.425 r  sw_i_IBUF[10]_inst/O
                         net (fo=1, routed)           0.296     0.721    sw_sync/sw_i_IBUF[10]
    SLICE_X64Y82         FDRE                                         r  sw_sync/data_q_reg[10]/D
  -------------------------------------------------------------------    -------------------

                         (clock clk rise edge)        0.000     0.000 r  
    N15                                               0.000     0.000 r  clk (IN)
                         net (fo=0)                   0.000     0.000    clk
    N15                  IBUF (Prop_ibuf_I_O)         0.396     0.396 r  clk_IBUF_inst/O
                         net (fo=1, routed)           0.689     1.085    clk_IBUF
    BUFGCTRL_X0Y0        BUFG (Prop_bufg_I_O)         0.029     1.114 r  clk_IBUF_BUFG_inst/O
                         net (fo=90, routed)          0.855     1.969    sw_sync/clk_IBUF_BUFG
    SLICE_X64Y82         FDRE                                         r  sw_sync/data_q_reg[10]/C

Slack:                    inf
  Source:                 sw_i[12]
                            (input port)
  Destination:            sw_sync/data_q_reg[12]/D
                            (rising edge-triggered cell FDRE clocked by clk  {rise@0.000ns fall@5.000ns period=10.000ns})
  Path Group:             (none)
  Path Type:              Hold (Min at Fast Process Corner)
  Data Path Delay:        0.740ns  (logic 0.410ns (55.328%)  route 0.331ns (44.672%))
  Logic Levels:           1  (IBUF=1)
  Clock Path Skew:        1.976ns (DCD - SCD - CPR)
    Destination Clock Delay (DCD):    1.976ns
    Source Clock Delay      (SCD):    0.000ns
    Clock Pessimism Removal (CPR):    -0.000ns

    Location             Delay type                Incr(ns)  Path(ns)    Netlist Resource(s)
  -------------------------------------------------------------------    -------------------
    C7                                                0.000     0.000 r  sw_i[12] (IN)
                         net (fo=0)                   0.000     0.000    sw_i[12]
    C7                   IBUF (Prop_ibuf_I_O)         0.410     0.410 r  sw_i_IBUF[12]_inst/O
                         net (fo=1, routed)           0.331     0.740    sw_sync/sw_i_IBUF[12]
    SLICE_X65Y91         FDRE                                         r  sw_sync/data_q_reg[12]/D
  -------------------------------------------------------------------    -------------------

                         (clock clk rise edge)        0.000     0.000 r  
    N15                                               0.000     0.000 r  clk (IN)
                         net (fo=0)                   0.000     0.000    clk
    N15                  IBUF (Prop_ibuf_I_O)         0.396     0.396 r  clk_IBUF_inst/O
                         net (fo=1, routed)           0.689     1.085    clk_IBUF
    BUFGCTRL_X0Y0        BUFG (Prop_bufg_I_O)         0.029     1.114 r  clk_IBUF_BUFG_inst/O
                         net (fo=90, routed)          0.862     1.976    sw_sync/clk_IBUF_BUFG
    SLICE_X65Y91         FDRE                                         r  sw_sync/data_q_reg[12]/C

Slack:                    inf
  Source:                 sw_i[7]
                            (input port)
  Destination:            sw_sync/data_q_reg[7]/D
                            (rising edge-triggered cell FDRE clocked by clk  {rise@0.000ns fall@5.000ns period=10.000ns})
  Path Group:             (none)
  Path Type:              Hold (Min at Fast Process Corner)
  Data Path Delay:        0.786ns  (logic 0.413ns (52.580%)  route 0.372ns (47.420%))
  Logic Levels:           1  (IBUF=1)
  Clock Path Skew:        1.969ns (DCD - SCD - CPR)
    Destination Clock Delay (DCD):    1.969ns
    Source Clock Delay      (SCD):    0.000ns
    Clock Pessimism Removal (CPR):    -0.000ns

    Location             Delay type                Incr(ns)  Path(ns)    Netlist Resource(s)
  -------------------------------------------------------------------    -------------------
    C2                                                0.000     0.000 r  sw_i[7] (IN)
                         net (fo=0)                   0.000     0.000    sw_i[7]
    C2                   IBUF (Prop_ibuf_I_O)         0.413     0.413 r  sw_i_IBUF[7]_inst/O
                         net (fo=1, routed)           0.372     0.786    sw_sync/sw_i_IBUF[7]
    SLICE_X65Y82         FDRE                                         r  sw_sync/data_q_reg[7]/D
  -------------------------------------------------------------------    -------------------

                         (clock clk rise edge)        0.000     0.000 r  
    N15                                               0.000     0.000 r  clk (IN)
                         net (fo=0)                   0.000     0.000    clk
    N15                  IBUF (Prop_ibuf_I_O)         0.396     0.396 r  clk_IBUF_inst/O
                         net (fo=1, routed)           0.689     1.085    clk_IBUF
    BUFGCTRL_X0Y0        BUFG (Prop_bufg_I_O)         0.029     1.114 r  clk_IBUF_BUFG_inst/O
                         net (fo=90, routed)          0.855     1.969    sw_sync/clk_IBUF_BUFG
    SLICE_X65Y82         FDRE                                         r  sw_sync/data_q_reg[7]/C

Slack:                    inf
  Source:                 sw_i[13]
                            (input port)
  Destination:            sw_sync/data_q_reg[13]/D
                            (rising edge-triggered cell FDRE clocked by clk  {rise@0.000ns fall@5.000ns period=10.000ns})
  Path Group:             (none)
  Path Type:              Hold (Min at Fast Process Corner)
  Data Path Delay:        0.788ns  (logic 0.417ns (52.928%)  route 0.371ns (47.072%))
  Logic Levels:           1  (IBUF=1)
  Clock Path Skew:        1.976ns (DCD - SCD - CPR)
    Destination Clock Delay (DCD):    1.976ns
    Source Clock Delay      (SCD):    0.000ns
    Clock Pessimism Removal (CPR):    -0.000ns

    Location             Delay type                Incr(ns)  Path(ns)    Netlist Resource(s)
  -------------------------------------------------------------------    -------------------
    A7                                                0.000     0.000 r  sw_i[13] (IN)
                         net (fo=0)                   0.000     0.000    sw_i[13]
    A7                   IBUF (Prop_ibuf_I_O)         0.417     0.417 r  sw_i_IBUF[13]_inst/O
                         net (fo=1, routed)           0.371     0.788    sw_sync/sw_i_IBUF[13]
    SLICE_X65Y92         FDRE                                         r  sw_sync/data_q_reg[13]/D
  -------------------------------------------------------------------    -------------------

                         (clock clk rise edge)        0.000     0.000 r  
    N15                                               0.000     0.000 r  clk (IN)
                         net (fo=0)                   0.000     0.000    clk
    N15                  IBUF (Prop_ibuf_I_O)         0.396     0.396 r  clk_IBUF_inst/O
                         net (fo=1, routed)           0.689     1.085    clk_IBUF
    BUFGCTRL_X0Y0        BUFG (Prop_bufg_I_O)         0.029     1.114 r  clk_IBUF_BUFG_inst/O
                         net (fo=90, routed)          0.862     1.976    sw_sync/clk_IBUF_BUFG
    SLICE_X65Y92         FDRE                                         r  sw_sync/data_q_reg[13]/C

Slack:                    inf
  Source:                 sw_i[8]
                            (input port)
  Destination:            sw_sync/data_q_reg[8]/D
                            (rising edge-triggered cell FDRE clocked by clk  {rise@0.000ns fall@5.000ns period=10.000ns})
  Path Group:             (none)
  Path Type:              Hold (Min at Fast Process Corner)
  Data Path Delay:        0.842ns  (logic 0.415ns (49.312%)  route 0.427ns (50.688%))
  Logic Levels:           1  (IBUF=1)
  Clock Path Skew:        1.969ns (DCD - SCD - CPR)
    Destination Clock Delay (DCD):    1.969ns
    Source Clock Delay      (SCD):    0.000ns
    Clock Pessimism Removal (CPR):    -0.000ns

    Location             Delay type                Incr(ns)  Path(ns)    Netlist Resource(s)
  -------------------------------------------------------------------    -------------------
    B2                                                0.000     0.000 r  sw_i[8] (IN)
                         net (fo=0)                   0.000     0.000    sw_i[8]
    B2                   IBUF (Prop_ibuf_I_O)         0.415     0.415 r  sw_i_IBUF[8]_inst/O
                         net (fo=1, routed)           0.427     0.842    sw_sync/sw_i_IBUF[8]
    SLICE_X64Y82         FDRE                                         r  sw_sync/data_q_reg[8]/D
  -------------------------------------------------------------------    -------------------

                         (clock clk rise edge)        0.000     0.000 r  
    N15                                               0.000     0.000 r  clk (IN)
                         net (fo=0)                   0.000     0.000    clk
    N15                  IBUF (Prop_ibuf_I_O)         0.396     0.396 r  clk_IBUF_inst/O
                         net (fo=1, routed)           0.689     1.085    clk_IBUF
    BUFGCTRL_X0Y0        BUFG (Prop_bufg_I_O)         0.029     1.114 r  clk_IBUF_BUFG_inst/O
                         net (fo=90, routed)          0.855     1.969    sw_sync/clk_IBUF_BUFG
    SLICE_X64Y82         FDRE                                         r  sw_sync/data_q_reg[8]/C

Slack:                    inf
  Source:                 sw_i[14]
                            (input port)
  Destination:            sw_sync/data_q_reg[14]/D
                            (rising edge-triggered cell FDRE clocked by clk  {rise@0.000ns fall@5.000ns period=10.000ns})
  Path Group:             (none)
  Path Type:              Hold (Min at Fast Process Corner)
  Data Path Delay:        0.850ns  (logic 0.422ns (49.655%)  route 0.428ns (50.345%))
  Logic Levels:           1  (IBUF=1)
  Clock Path Skew:        1.975ns (DCD - SCD - CPR)
    Destination Clock Delay (DCD):    1.975ns
    Source Clock Delay      (SCD):    0.000ns
    Clock Pessimism Removal (CPR):    -0.000ns

    Location             Delay type                Incr(ns)  Path(ns)    Netlist Resource(s)
  -------------------------------------------------------------------    -------------------
    B7                                                0.000     0.000 r  sw_i[14] (IN)
                         net (fo=0)                   0.000     0.000    sw_i[14]
    B7                   IBUF (Prop_ibuf_I_O)         0.422     0.422 r  sw_i_IBUF[14]_inst/O
                         net (fo=1, routed)           0.428     0.850    sw_sync/sw_i_IBUF[14]
    SLICE_X65Y88         FDRE                                         r  sw_sync/data_q_reg[14]/D
  -------------------------------------------------------------------    -------------------

                         (clock clk rise edge)        0.000     0.000 r  
    N15                                               0.000     0.000 r  clk (IN)
                         net (fo=0)                   0.000     0.000    clk
    N15                  IBUF (Prop_ibuf_I_O)         0.396     0.396 r  clk_IBUF_inst/O
                         net (fo=1, routed)           0.689     1.085    clk_IBUF
    BUFGCTRL_X0Y0        BUFG (Prop_bufg_I_O)         0.029     1.114 r  clk_IBUF_BUFG_inst/O
                         net (fo=90, routed)          0.861     1.975    sw_sync/clk_IBUF_BUFG
    SLICE_X65Y88         FDRE                                         r  sw_sync/data_q_reg[14]/C

Slack:                    inf
  Source:                 sw_i[15]
                            (input port)
  Destination:            sw_sync/data_q_reg[15]/D
                            (rising edge-triggered cell FDRE clocked by clk  {rise@0.000ns fall@5.000ns period=10.000ns})
  Path Group:             (none)
  Path Type:              Hold (Min at Fast Process Corner)
  Data Path Delay:        0.930ns  (logic 0.416ns (44.754%)  route 0.514ns (55.246%))
  Logic Levels:           1  (IBUF=1)
  Clock Path Skew:        1.975ns (DCD - SCD - CPR)
    Destination Clock Delay (DCD):    1.975ns
    Source Clock Delay      (SCD):    0.000ns
    Clock Pessimism Removal (CPR):    -0.000ns

    Location             Delay type                Incr(ns)  Path(ns)    Netlist Resource(s)
  -------------------------------------------------------------------    -------------------
    A8                                                0.000     0.000 r  sw_i[15] (IN)
                         net (fo=0)                   0.000     0.000    sw_i[15]
    A8                   IBUF (Prop_ibuf_I_O)         0.416     0.416 r  sw_i_IBUF[15]_inst/O
                         net (fo=1, routed)           0.514     0.930    sw_sync/sw_i_IBUF[15]
    SLICE_X65Y88         FDRE                                         r  sw_sync/data_q_reg[15]/D
  -------------------------------------------------------------------    -------------------

                         (clock clk rise edge)        0.000     0.000 r  
    N15                                               0.000     0.000 r  clk (IN)
                         net (fo=0)                   0.000     0.000    clk
    N15                  IBUF (Prop_ibuf_I_O)         0.396     0.396 r  clk_IBUF_inst/O
                         net (fo=1, routed)           0.689     1.085    clk_IBUF
    BUFGCTRL_X0Y0        BUFG (Prop_bufg_I_O)         0.029     1.114 r  clk_IBUF_BUFG_inst/O
                         net (fo=90, routed)          0.861     1.975    sw_sync/clk_IBUF_BUFG
    SLICE_X65Y88         FDRE                                         r  sw_sync/data_q_reg[15]/C

Slack:                    inf
  Source:                 sw_i[6]
                            (input port)
  Destination:            sw_sync/data_q_reg[6]/D
                            (rising edge-triggered cell FDRE clocked by clk  {rise@0.000ns fall@5.000ns period=10.000ns})
  Path Group:             (none)
  Path Type:              Hold (Min at Fast Process Corner)
  Data Path Delay:        0.937ns  (logic 0.403ns (42.966%)  route 0.534ns (57.034%))
  Logic Levels:           1  (IBUF=1)
  Clock Path Skew:        1.969ns (DCD - SCD - CPR)
    Destination Clock Delay (DCD):    1.969ns
    Source Clock Delay      (SCD):    0.000ns
    Clock Pessimism Removal (CPR):    -0.000ns

    Location             Delay type                Incr(ns)  Path(ns)    Netlist Resource(s)
  -------------------------------------------------------------------    -------------------
    D1                                                0.000     0.000 r  sw_i[6] (IN)
                         net (fo=0)                   0.000     0.000    sw_i[6]
    D1                   IBUF (Prop_ibuf_I_O)         0.403     0.403 r  sw_i_IBUF[6]_inst/O
                         net (fo=1, routed)           0.534     0.937    sw_sync/sw_i_IBUF[6]
    SLICE_X65Y82         FDRE                                         r  sw_sync/data_q_reg[6]/D
  -------------------------------------------------------------------    -------------------

                         (clock clk rise edge)        0.000     0.000 r  
    N15                                               0.000     0.000 r  clk (IN)
                         net (fo=0)                   0.000     0.000    clk
    N15                  IBUF (Prop_ibuf_I_O)         0.396     0.396 r  clk_IBUF_inst/O
                         net (fo=1, routed)           0.689     1.085    clk_IBUF
    BUFGCTRL_X0Y0        BUFG (Prop_bufg_I_O)         0.029     1.114 r  clk_IBUF_BUFG_inst/O
                         net (fo=90, routed)          0.855     1.969    sw_sync/clk_IBUF_BUFG
    SLICE_X65Y82         FDRE                                         r  sw_sync/data_q_reg[6]/C





